Time,State,CPU_Pct,GPU_Pct,cmd_vel_x,cmd_vel_z
0.62,IDLE,60.2,0.0,0.0000,0.0000
1.12,IDLE,68.3,0.0,0.0000,0.0000
1.62,IDLE,59.6,0.0,0.0000,0.0000
2.12,IDLE,55.7,0.0,0.0000,0.0000
2.62,IDLE,56.4,0.0,0.0000,0.0000
3.12,IDLE,55.4,0.0,0.0000,0.0000
3.62,IDLE,60.3,0.0,0.0000,0.0000
4.12,IDLE,58.0,0.0,0.0000,0.0000
4.62,IDLE,56.1,0.0,0.0000,0.0000
5.12,IDLE,59.6,0.0,0.0000,0.0000
5.62,IDLE,57.0,0.0,0.0000,0.0000
6.12,IDLE,57.6,0.0,0.0000,0.0000
6.62,IDLE,56.1,0.0,0.0000,0.0000
7.12,IDLE,58.9,0.0,0.0000,0.0000
7.62,IDLE,61.5,0.0,0.0000,0.0000
8.12,IDLE,60.5,0.0,0.0000,0.0000
8.62,IDLE,55.9,0.0,0.0000,0.0000
9.13,IDLE,57.6,0.0,0.0000,0.0000
9.62,IDLE,64.8,0.0,0.0000,0.0000
10.12,IDLE,56.7,0.0,0.0000,0.0000
10.62,IDLE,61.3,0.0,0.0000,0.0000
11.12,IDLE,61.4,0.0,0.0000,0.0000
11.62,IDLE,62.8,0.0,0.0000,0.0000
12.12,IDLE,58.6,0.0,0.0000,0.0000
12.62,IDLE,61.1,0.0,0.0000,0.0000
13.12,IDLE,63.5,0.0,0.0000,0.0000
13.62,IDLE,57.2,0.0,0.0000,0.0000
14.12,IDLE,61.1,0.0,0.0000,0.0000
14.62,IDLE,61.3,0.0,0.0000,0.0000
15.12,IDLE,61.3,0.0,0.0000,0.0000
15.62,IDLE,56.6,0.0,0.0000,0.0000
16.12,IDLE,58.9,0.0,0.0000,0.0000
16.62,IDLE,56.9,0.0,0.0000,0.0000
17.12,IDLE,58.8,0.0,0.0000,0.0000
17.62,IDLE,60.3,0.0,0.0000,0.0000
18.12,IDLE,57.1,0.0,0.0000,0.0000
18.62,IDLE,54.2,0.0,0.0000,0.0000
19.12,IDLE,56.8,0.0,0.0000,0.0000
19.62,IDLE,61.7,0.0,0.0000,0.0000
20.12,IDLE,57.7,0.0,0.0000,0.0000
20.62,IDLE,58.0,0.0,0.0000,0.0000
21.12,IDLE,59.7,0.0,0.0000,0.0000
21.62,IDLE,59.7,0.0,0.0000,0.0000
22.12,IDLE,56.6,0.0,0.0000,0.0000
22.62,IDLE,54.7,0.0,0.0000,0.0000
23.12,IDLE,59.3,0.0,0.0000,0.0000
23.63,IDLE,59.5,0.0,0.0000,0.0000
24.12,IDLE,60.7,0.0,0.0000,0.0000
24.62,IDLE,57.5,0.0,0.0000,0.0000
25.12,IDLE,56.3,0.0,0.0000,0.0000
25.62,IDLE,63.6,0.0,0.0000,0.0000
26.12,IDLE,61.3,0.0,0.0000,0.0000
26.62,IDLE,58.7,0.0,0.0000,0.0000
27.12,IDLE,60.3,0.0,0.0000,0.0000
27.62,IDLE,60.1,0.0,0.0000,0.0000
28.12,IDLE,57.4,0.0,0.3000,2.3915
28.62,IDLE,58.9,0.0,0.3000,0.0000
29.12,IDLE,59.0,0.0,0.3000,0.0000
29.62,IDLE,57.4,0.0,0.3000,0.0000
30.12,IDLE,56.6,0.0,0.3000,-2.3915
30.62,IDLE,59.4,0.0,0.3000,-2.3915
31.12,IDLE,58.0,0.0,0.3000,-2.3915
31.62,IDLE,61.3,0.0,0.3000,-2.3915
32.12,IDLE,62.3,0.0,0.3000,-2.3915
32.62,IDLE,59.1,0.0,0.3000,0.0000
33.13,IDLE,56.4,0.0,0.3000,0.0000
33.62,IDLE,62.1,0.0,0.3000,-2.3915
34.12,IDLE,61.0,0.0,0.3000,-2.3915
34.62,IDLE,60.1,0.0,0.3000,-2.3915
35.12,IDLE,62.5,0.0,0.3000,-2.3915
35.62,IDLE,62.1,0.0,0.3000,-2.3915
36.12,IDLE,60.5,0.0,0.3000,-2.3915
36.62,IDLE,63.3,0.0,0.0000,0.0000
37.12,IDLE,61.4,0.0,0.0000,0.0000
37.62,IDLE,56.5,0.0,0.0000,0.0000
38.12,IDLE,62.5,0.0,0.0000,0.0000
38.62,IDLE,60.5,0.0,0.0000,0.0000
39.12,IDLE,58.6,0.0,0.0000,0.0000
39.62,IDLE,60.0,0.0,0.0000,0.0000
40.12,IDLE,60.2,0.0,0.0000,0.0000
40.62,IDLE,57.5,0.0,0.0000,0.0000
41.12,IDLE,58.2,0.0,0.0000,0.0000
41.62,IDLE,62.5,0.0,0.0000,0.0000
0.37,COMMUTING,56.6,0.0,0.0848,0.4400
0.87,COMMUTING,61.6,0.0,0.2500,1.3805
1.37,COMMUTING,57.8,0.0,0.2500,0.8872
1.87,COMMUTING,63.7,0.0,0.1982,0.5848
2.37,COMMUTING,62.9,0.0,0.1614,0.6239
2.87,COMMUTING,61.3,0.0,0.1318,0.6522
3.37,COMMUTING,59.2,0.0,0.1120,0.6369
3.87,VISUAL_HOMING,62.5,0.0,0.0976,0.4414
4.37,VISUAL_HOMING,63.3,0.0,0.2500,0.6551
4.87,VISUAL_HOMING,59.6,0.0,0.2500,0.7549
5.37,VISUAL_SERVO_DOCK,67.4,0.0,0.0497,0.1263
5.87,VISUAL_SERVO_DOCK,64.4,0.0,0.0000,0.0000
6.37,VISUAL_SERVO_DOCK,60.3,0.0,0.0500,1.0000
6.87,VISUAL_SERVO_DOCK,65.3,0.0,0.0500,1.0000
7.37,VISUAL_SERVO_DOCK,64.7,0.0,0.0500,1.0000
7.87,VISUAL_SERVO_DOCK,58.9,0.0,0.0500,0.5099
8.37,VISUAL_SERVO_DOCK,61.1,0.0,0.0500,-0.5000
8.87,VISUAL_SERVO_DOCK,62.2,0.0,0.0500,-1.0000
9.37,VISUAL_SERVO_DOCK,61.7,0.0,0.0500,-1.0000
9.87,VISUAL_SERVO_DOCK,65.0,0.0,0.0500,-1.0000
10.37,VISUAL_SERVO_DOCK,60.9,0.0,0.0500,-1.0000
10.87,VISUAL_SERVO_DOCK,61.2,0.0,0.0500,-0.5970
11.38,VISUAL_SERVO_DOCK,65.1,0.0,0.0500,0.7727
11.87,VISUAL_SERVO_DOCK,62.9,0.0,0.0500,1.0000
12.37,VISUAL_SERVO_DOCK,63.9,0.0,0.0500,1.0000
12.87,VISUAL_SERVO_DOCK,60.9,0.0,0.0500,1.0000
13.37,VISUAL_SERVO_DOCK,62.1,0.0,0.0500,1.0000
13.87,VISUAL_SERVO_DOCK,62.5,0.0,0.0500,1.0000
14.37,VISUAL_SERVO_DOCK,63.1,0.0,0.0500,1.0000
14.87,VISUAL_SERVO_DOCK,59.9,0.0,0.0500,1.0000
15.38,VISUAL_SERVO_DOCK,59.8,0.0,0.0500,1.0000
15.87,VISUAL_SERVO_DOCK,62.2,0.0,0.0500,1.0000
16.37,ABORTED,60.0,0.0,0.0000,0.0000
16.87,ABORTED,60.9,0.0,0.0000,0.0000
17.37,ABORTED,59.3,0.0,0.0000,0.0000
17.87,ABORTED,63.2,0.0,0.0000,0.0000
18.38,ABORTED,59.2,0.0,0.0000,0.0000
18.87,ABORTED,58.6,0.0,0.0000,0.0000
19.37,ABORTED,59.0,0.0,0.0000,0.0000
19.87,ABORTED,58.9,0.0,0.0000,0.0000
20.37,ABORTED,59.1,0.0,0.0000,0.0000
20.87,ABORTED,58.2,0.0,0.0000,0.0000
21.37,ABORTED,59.5,0.0,0.0000,0.0000
21.87,ABORTED,59.2,0.0,0.0000,0.0000
22.37,ABORTED,60.2,0.0,0.0000,0.0000
22.87,ABORTED,55.5,0.0,0.0000,0.0000
23.37,ABORTED,59.5,0.0,0.0000,0.0000
23.87,ABORTED,61.5,0.0,0.0000,0.0000
24.37,ABORTED,59.4,0.0,0.0000,0.0000
24.87,ABORTED,59.3,0.0,0.0000,0.0000
25.37,ABORTED,56.5,0.0,0.0000,0.0000
25.87,ABORTED,65.0,0.0,0.0000,0.0000
26.37,ABORTED,59.8,0.0,0.0000,0.0000
26.87,ABORTED,58.8,0.0,0.0000,0.0000
27.37,ABORTED,61.1,0.0,0.0000,0.0000
27.87,ABORTED,62.8,0.0,0.0000,0.0000
28.37,ABORTED,62.2,0.0,0.0000,0.0000
28.87,ABORTED,60.7,0.0,0.0000,0.0000
29.38,ABORTED,58.2,0.0,0.0000,0.0000
29.87,ABORTED,60.8,0.0,0.0000,0.0000
30.37,ABORTED,62.8,0.0,0.0000,0.0000
30.87,ABORTED,61.5,0.0,0.0000,0.0000
31.37,ABORTED,60.5,0.0,0.0000,0.0000
31.87,ABORTED,63.4,0.0,0.0000,0.0000
32.37,ABORTED,62.9,0.0,0.0000,0.0000
32.87,ABORTED,59.2,0.0,0.0000,0.0000
33.37,ABORTED,62.3,0.0,0.0000,0.0000
33.87,ABORTED,64.1,0.0,0.0000,0.0000
34.37,ABORTED,60.9,0.0,0.0000,0.0000
34.87,ABORTED,59.5,0.0,0.0000,0.0000
35.37,ABORTED,57.0,0.0,0.0000,0.0000
35.87,ABORTED,61.1,0.0,0.0000,0.0000
36.37,ABORTED,61.1,0.0,0.0000,0.0000
36.87,ABORTED,58.7,0.0,0.0000,0.0000
37.37,ABORTED,59.8,0.0,0.0000,0.0000
37.87,ABORTED,60.9,0.0,0.0000,0.0000
38.38,ABORTED,63.1,0.0,0.0000,0.0000
38.87,ABORTED,58.8,0.0,0.0000,0.0000
39.37,ABORTED,62.6,0.0,0.0000,0.0000
39.87,ABORTED,62.5,0.0,0.0000,0.0000
40.37,ABORTED,64.4,0.0,0.0000,0.0000
40.87,ABORTED,57.9,0.0,0.0000,0.0000
41.37,ABORTED,59.7,0.0,0.0000,0.0000
41.87,ABORTED,62.9,0.0,0.0000,0.0000
42.37,ABORTED,59.6,0.0,0.0000,0.0000
42.87,ABORTED,57.6,0.0,0.0000,0.0000
43.37,ABORTED,60.0,0.0,0.0000,0.0000
43.87,ABORTED,60.7,0.0,0.0000,0.0000
44.37,ABORTED,59.5,0.0,0.0000,0.0000
44.87,ABORTED,60.9,0.0,0.0000,0.0000
45.37,ABORTED,60.7,0.0,0.0000,0.0000
45.88,ABORTED,60.9,0.0,0.0000,0.0000
46.37,ABORTED,62.3,0.0,0.0000,0.0000
46.87,ABORTED,60.4,0.0,0.0000,0.0000
47.37,ABORTED,60.2,0.0,0.0000,0.0000
47.87,ABORTED,61.1,0.0,0.0000,0.0000
48.37,ABORTED,60.5,0.0,0.0000,0.0000
48.87,ABORTED,61.1,0.0,0.0000,0.0000
49.37,ABORTED,61.3,0.0,0.0000,0.0000
49.87,ABORTED,62.6,0.0,0.0000,0.0000
50.38,ABORTED,61.6,0.0,0.0000,0.0000
50.87,ABORTED,61.4,0.0,0.0000,0.0000
51.37,ABORTED,62.9,0.0,0.0000,0.0000
51.87,IDLE,61.4,0.0,0.0000,0.0000
52.38,IDLE,60.2,0.0,0.0000,0.0000
52.87,IDLE,59.7,0.0,0.0000,0.0000
53.37,IDLE,61.0,0.0,0.0000,0.0000
53.87,IDLE,58.5,0.0,0.0000,0.0000
54.37,IDLE,63.0,0.0,0.0000,0.0000
54.87,IDLE,62.2,0.0,0.0000,0.0000
55.37,IDLE,62.0,0.0,0.0000,0.0000
55.87,IDLE,68.9,0.0,0.0000,0.0000
56.37,IDLE,62.3,0.0,0.0000,0.0000
56.87,IDLE,61.0,0.0,0.0000,0.0000
57.37,IDLE,63.2,0.0,0.0000,0.0000
57.87,IDLE,62.8,0.0,0.0000,0.0000
58.37,IDLE,59.8,0.0,0.0000,0.0000
58.87,IDLE,59.5,0.0,0.0000,0.0000
59.37,IDLE,61.5,0.0,0.0000,0.0000
59.87,IDLE,56.0,0.0,0.0000,0.0000
60.37,IDLE,60.8,0.0,0.0000,0.0000
60.88,IDLE,61.8,0.0,0.0000,0.0000
61.37,IDLE,58.3,0.0,0.0000,0.0000
61.87,IDLE,61.0,0.0,0.0000,0.0000
62.37,IDLE,61.7,0.0,0.0000,0.0000
62.87,IDLE,59.9,0.0,0.0000,0.0000
63.37,IDLE,59.4,0.0,0.0000,0.0000
0.29,COMMUTING,59.5,0.0,0.0708,0.2200
0.79,COMMUTING,61.2,0.0,0.2500,0.6930
1.29,COMMUTING,61.9,0.0,0.3000,0.1663
1.79,COMMUTING,59.3,0.0,0.2500,0.4104
2.29,COMMUTING,61.2,0.0,0.2500,0.7118
2.79,COMMUTING,61.4,0.0,0.0850,0.6662
3.29,COMMUTING,61.9,0.0,0.1458,1.1303
3.79,COMMUTING,62.0,0.0,0.2500,1.2471
4.29,COMMUTING,61.6,0.0,0.0000,0.7874
4.79,COMMUTING,62.4,0.0,0.2500,1.5620
5.29,COMMUTING,62.9,0.0,0.2500,1.0068
5.79,COMMUTING,61.6,0.0,0.0688,1.0589
6.29,COMMUTING,61.9,0.0,0.2500,1.3602
6.79,COMMUTING,61.6,0.0,0.2500,0.8855
7.29,COMMUTING,60.3,0.0,0.0000,0.6183
7.79,COMMUTING,59.5,0.0,0.0000,0.5159
8.29,COMMUTING,64.8,0.0,0.1887,1.3414
8.79,COMMUTING,62.1,0.0,0.2051,1.0486
9.29,COMMUTING,58.0,0.0,0.1735,0.6239
9.79,COMMUTING,59.7,0.0,0.1411,0.6434
10.29,COMMUTING,62.7,0.0,0.1201,0.6323
10.79,COMMUTING,60.9,0.0,0.0947,0.5327
11.29,COMMUTING,61.1,0.0,0.0747,0.4735
11.79,COMMUTING,62.4,0.0,0.0665,0.5323
12.29,VISUAL_SERVO_DOCK,62.2,0.0,0.0574,0.5571
12.79,VISUAL_SERVO_DOCK,59.7,0.0,0.0500,1.0000
13.29,VISUAL_SERVO_DOCK,62.9,0.0,0.0000,0.0000
13.79,VISUAL_SERVO_DOCK,65.3,0.0,0.0500,0.9904
14.29,VISUAL_SERVO_DOCK,61.3,0.0,0.0500,0.9661
14.79,VISUAL_SERVO_DOCK,65.1,0.0,0.0500,0.8280
15.29,VISUAL_SERVO_DOCK,62.5,0.0,0.0500,0.5939
15.79,VISUAL_SERVO_DOCK,66.7,0.0,0.0500,0.5000
16.29,VISUAL_SERVO_DOCK,60.4,0.0,0.0500,0.0000
16.79,VISUAL_SERVO_DOCK,64.8,0.0,0.0500,-0.5000
17.29,VISUAL_SERVO_DOCK,61.8,0.0,0.0500,-0.7099
17.79,VISUAL_SERVO_DOCK,62.9,0.0,0.0500,-0.7491
18.29,VISUAL_SERVO_DOCK,64.8,0.0,0.0500,-0.7153
18.79,VISUAL_SERVO_DOCK,64.8,0.0,0.0500,-0.5346
19.29,VISUAL_SERVO_DOCK,61.0,0.0,0.0500,-0.5000
19.79,VISUAL_SERVO_DOCK,62.5,0.0,0.0500,0.0000
20.29,VISUAL_SERVO_DOCK,65.2,0.0,0.0500,0.5000
20.79,VISUAL_SERVO_DOCK,61.9,0.0,0.0500,0.5048
21.29,VISUAL_SERVO_DOCK,63.8,0.0,0.0500,0.5280
21.79,VISUAL_SERVO_DOCK,65.4,0.0,0.0500,0.5000
22.29,VISUAL_SERVO_DOCK,63.6,0.0,0.0500,0.5000
22.79,VISUAL_SERVO_DOCK,65.9,0.0,0.0500,-0.5000
23.29,VISUAL_SERVO_DOCK,62.7,0.0,0.0500,-0.5000
23.79,VISUAL_SERVO_DOCK,62.8,0.0,0.0500,-0.5001
24.29,VISUAL_SERVO_DOCK,65.7,0.0,0.0500,-0.5000
24.79,VISUAL_SERVO_DOCK,64.2,0.0,0.0500,-0.5000
25.29,VISUAL_SERVO_DOCK,61.7,0.0,0.0500,0.0000
25.79,VISUAL_SERVO_DOCK,64.6,0.0,0.0500,0.5000
26.29,VISUAL_SERVO_DOCK,64.4,0.0,0.0500,0.5000
26.79,VISUAL_SERVO_DOCK,62.5,0.0,0.0500,0.5000
27.29,VISUAL_SERVO_DOCK,62.3,0.0,0.0500,0.5000
27.79,VISUAL_SERVO_DOCK,63.0,0.0,0.0500,0.5000
28.29,VISUAL_SERVO_DOCK,61.7,0.0,0.0500,0.5000
28.79,VISUAL_SERVO_DOCK,58.3,0.0,0.0500,0.5000
29.29,VISUAL_SERVO_DOCK,61.5,0.0,0.0500,0.5000
29.79,ABORTED,63.1,0.0,0.0000,0.0000
30.29,ABORTED,60.3,0.0,0.0000,0.0000
30.79,ABORTED,61.6,0.0,0.0000,0.0000
31.29,ABORTED,61.4,0.0,0.0000,0.0000
31.79,ABORTED,60.7,0.0,0.0000,0.0000
32.29,ABORTED,61.6,0.0,0.0000,0.0000
32.79,ABORTED,60.1,0.0,0.0000,0.0000
33.29,ABORTED,61.5,0.0,0.0000,0.0000
33.79,ABORTED,58.5,0.0,0.0000,0.0000
34.29,ABORTED,63.9,0.0,-0.3000,2.3915
34.79,ABORTED,60.8,0.0,-0.3000,2.3915
35.29,ABORTED,59.3,0.0,0.0000,0.0000
35.79,ABORTED,59.3,0.0,0.0000,0.0000
36.29,ABORTED,57.8,0.0,0.3000,-2.3915
36.80,ABORTED,61.4,0.0,0.0000,0.0000
37.29,ABORTED,60.8,0.0,0.0000,0.0000
37.79,ABORTED,58.3,0.0,0.3000,2.3915
38.29,ABORTED,61.3,0.0,0.3000,2.3915
38.79,ABORTED,61.7,0.0,0.3000,0.0000
39.29,ABORTED,57.3,0.0,0.3000,0.0000
39.79,ABORTED,61.8,0.0,0.0000,0.0000
40.29,ABORTED,64.7,0.0,0.0000,0.0000
40.79,ABORTED,59.2,0.0,0.0000,0.0000
41.29,ABORTED,59.5,0.0,0.0000,0.0000
41.79,ABORTED,60.3,0.0,0.0000,0.0000
42.29,ABORTED,63.6,0.0,0.0000,0.0000
42.79,ABORTED,60.5,0.0,0.0000,0.0000
43.29,ABORTED,58.6,0.0,0.0000,0.0000
43.79,ABORTED,60.6,0.0,0.0000,0.0000
44.29,ABORTED,60.7,0.0,0.0000,0.0000
44.79,ABORTED,61.8,0.0,0.0000,0.0000
45.29,ABORTED,58.4,0.0,0.0000,0.0000
45.79,ABORTED,59.2,0.0,0.0000,0.0000
46.29,ABORTED,56.8,0.0,0.0000,0.0000
46.79,ABORTED,62.7,0.0,0.0000,0.0000
47.29,ABORTED,58.3,0.0,0.0000,0.0000
47.79,ABORTED,62.5,0.0,0.0000,0.0000
48.29,ABORTED,62.2,0.0,0.0000,0.0000
48.79,ABORTED,57.8,0.0,0.0000,0.0000
49.29,ABORTED,61.1,0.0,0.0000,0.0000
49.79,ABORTED,64.5,0.0,0.0000,0.0000
50.29,ABORTED,62.5,0.0,0.0000,0.0000
50.79,ABORTED,62.9,0.0,0.0000,0.0000
51.29,ABORTED,60.6,0.0,0.0000,0.0000
51.79,ABORTED,61.4,0.0,0.0000,0.0000
52.29,ABORTED,63.3,0.0,0.0000,0.0000
52.79,ABORTED,59.3,0.0,0.0000,0.0000
53.29,ABORTED,62.7,0.0,0.0000,0.0000
53.79,ABORTED,62.2,0.0,0.0000,0.0000
54.29,ABORTED,60.2,0.0,0.0000,0.0000
54.79,ABORTED,61.8,0.0,0.0000,0.0000
55.29,ABORTED,57.4,0.0,0.0000,0.0000
55.79,ABORTED,58.6,0.0,0.0000,0.0000
56.29,ABORTED,62.1,0.0,0.0000,0.0000
56.79,ABORTED,60.9,0.0,0.0000,0.0000
57.29,ABORTED,59.1,0.0,0.0000,0.0000
57.79,ABORTED,59.7,0.0,0.0000,0.0000
58.29,ABORTED,63.4,0.0,0.0000,0.0000
58.79,ABORTED,61.0,0.0,0.0000,0.0000
59.29,ABORTED,57.8,0.0,0.0000,0.0000
59.79,ABORTED,58.9,0.0,0.0000,0.0000
60.29,ABORTED,56.9,0.0,0.0000,0.0000
60.79,ABORTED,59.1,0.0,0.0000,0.0000
61.29,ABORTED,58.8,0.0,0.0000,0.0000
61.79,ABORTED,59.1,0.0,0.0000,0.0000
62.29,ABORTED,57.5,0.0,0.0000,0.0000
62.79,ABORTED,63.9,0.0,0.0000,0.0000
63.29,ABORTED,57.6,0.0,0.0000,0.0000
63.79,ABORTED,60.8,0.0,0.0000,0.0000
64.29,ABORTED,62.1,0.0,0.0000,0.0000
64.79,ABORTED,57.0,0.0,0.0000,0.0000
65.29,ABORTED,57.0,0.0,0.0000,0.0000
65.79,ABORTED,58.9,0.0,0.0000,0.0000
66.29,ABORTED,64.1,0.0,0.0000,0.0000
66.79,ABORTED,59.3,0.0,0.0000,0.0000
67.29,ABORTED,59.8,0.0,0.0000,0.0000
67.79,ABORTED,59.2,0.0,0.0000,0.0000
68.29,ABORTED,57.4,0.0,0.0000,0.0000
68.79,ABORTED,58.9,0.0,0.0000,0.0000
69.29,ABORTED,60.5,0.0,0.0000,0.0000
69.79,ABORTED,60.6,0.0,0.0000,0.0000
70.29,ABORTED,60.8,0.0,0.0000,0.0000
70.79,ABORTED,60.5,0.0,0.0000,0.0000
71.29,ABORTED,57.6,0.0,0.0000,0.0000
71.79,ABORTED,58.3,0.0,0.0000,0.0000
72.30,ABORTED,63.3,0.0,0.0000,0.0000
72.79,ABORTED,60.5,0.0,0.0000,0.0000
73.29,ABORTED,59.8,0.0,0.0000,0.0000
73.79,ABORTED,61.4,0.0,0.0000,0.0000
74.29,ABORTED,63.1,0.0,0.0000,0.0000
74.79,ABORTED,56.2,0.0,0.0000,0.0000
75.29,ABORTED,57.6,0.0,0.0000,0.0000
75.79,ABORTED,59.0,0.0,0.0000,0.0000
76.29,ABORTED,59.3,0.0,0.0000,0.0000
76.79,ABORTED,57.4,0.0,0.0000,0.0000
77.29,ABORTED,59.1,0.0,0.0000,0.0000
77.79,ABORTED,56.8,0.0,0.0000,0.0000
78.29,ABORTED,57.3,0.0,0.0000,0.0000
78.79,ABORTED,59.7,0.0,0.0000,0.0000
79.29,ABORTED,57.1,0.0,0.0000,0.0000
79.79,ABORTED,60.1,0.0,0.0000,0.0000
80.29,ABORTED,60.5,0.0,0.0000,0.0000
80.79,ABORTED,57.9,0.0,0.0000,0.0000
81.29,ABORTED,60.8,0.0,0.0000,0.0000
81.79,ABORTED,57.4,0.0,0.0000,0.0000
82.29,ABORTED,58.4,0.0,0.0000,0.0000
82.79,ABORTED,59.6,0.0,0.0000,0.0000
83.29,ABORTED,55.3,0.0,0.0000,0.0000
83.79,ABORTED,61.2,0.0,0.0000,0.0000
84.30,ABORTED,57.2,0.0,0.0000,0.0000
84.79,ABORTED,58.9,0.0,0.0000,0.0000
85.29,ABORTED,57.0,0.0,0.0000,0.0000
85.79,ABORTED,57.1,0.0,0.0000,0.0000
86.29,ABORTED,56.6,0.0,0.0000,0.0000
86.79,ABORTED,58.4,0.0,0.0000,0.0000
87.29,ABORTED,59.7,0.0,0.0000,0.0000
87.79,ABORTED,55.6,0.0,0.0000,0.0000
88.29,ABORTED,62.9,0.0,0.0000,0.0000
88.79,ABORTED,57.0,0.0,0.0000,0.0000
89.29,ABORTED,57.1,0.0,0.0000,0.0000
89.79,ABORTED,59.2,0.0,0.0000,0.0000
90.29,ABORTED,60.9,0.0,0.0000,0.0000
90.79,ABORTED,61.4,0.0,0.0000,0.0000
91.29,ABORTED,55.7,0.0,0.0000,0.0000
91.79,ABORTED,58.7,0.0,0.0000,0.0000
92.29,ABORTED,55.8,0.0,0.0000,0.0000
92.79,ABORTED,58.2,0.0,0.0000,0.0000
93.29,ABORTED,61.3,0.0,0.0000,0.0000
93.79,ABORTED,58.2,0.0,0.0000,0.0000
94.29,ABORTED,59.1,0.0,0.0000,0.0000
94.79,ABORTED,62.4,0.0,0.0000,0.0000
95.29,ABORTED,58.5,0.0,0.0000,0.0000
95.79,ABORTED,59.8,0.0,0.0000,0.0000
96.29,ABORTED,60.8,0.0,0.0000,0.0000
96.79,ABORTED,56.3,0.0,0.0000,0.0000
97.29,ABORTED,58.3,0.0,0.0000,0.0000
97.79,ABORTED,55.7,0.0,0.0000,0.0000
98.29,ABORTED,59.9,0.0,0.0000,0.0000
98.79,ABORTED,60.7,0.0,0.0000,0.0000
99.29,ABORTED,56.3,0.0,0.0000,0.0000
99.79,ABORTED,60.7,0.0,0.0000,0.0000
100.29,ABORTED,56.2,0.0,0.0000,0.0000
100.79,ABORTED,57.4,0.0,0.0000,0.0000
101.29,ABORTED,55.2,0.0,0.0000,0.0000
101.79,ABORTED,56.3,0.0,0.0000,0.0000
102.29,ABORTED,59.1,0.0,0.0000,0.0000
102.79,ABORTED,59.4,0.0,0.0000,0.0000
103.29,ABORTED,55.2,0.0,0.0000,0.0000
103.79,ABORTED,59.5,0.0,0.0000,0.0000
104.29,ABORTED,60.8,0.0,0.0000,0.0000
104.79,ABORTED,61.5,0.0,0.0000,0.0000
105.29,ABORTED,57.3,0.0,0.0000,0.0000
105.79,ABORTED,56.3,0.0,0.0000,0.0000
106.29,ABORTED,61.7,0.0,0.0000,0.0000
106.79,ABORTED,58.2,0.0,0.0000,0.0000
107.29,ABORTED,60.5,0.0,0.0000,0.0000
107.79,ABORTED,60.5,0.0,0.0000,0.0000
108.29,ABORTED,59.8,0.0,0.0000,0.0000
108.79,ABORTED,58.0,0.0,0.0000,0.0000
109.29,ABORTED,66.1,0.0,0.0000,0.0000
109.79,ABORTED,55.9,0.0,0.0000,0.0000
110.29,ABORTED,65.7,0.0,0.0000,0.0000
110.79,ABORTED,58.2,0.0,0.0000,0.0000
111.29,ABORTED,55.1,0.0,0.0000,0.0000
111.79,ABORTED,57.1,0.0,0.0000,0.0000
112.29,ABORTED,62.3,0.0,0.0000,0.0000
112.79,ABORTED,57.5,0.0,0.0000,0.0000
113.29,ABORTED,55.2,0.0,0.0000,0.0000
113.79,ABORTED,56.7,0.0,0.0000,0.0000
114.29,ABORTED,58.4,0.0,0.0000,0.0000
114.79,ABORTED,57.5,0.0,0.0000,0.0000
115.29,ABORTED,60.1,0.0,0.0000,0.0000
115.79,ABORTED,58.8,0.0,0.0000,0.0000
116.29,ABORTED,57.8,0.0,0.0000,0.0000
116.79,ABORTED,59.0,0.0,0.0000,0.0000
117.29,ABORTED,60.3,0.0,0.0000,0.0000
117.79,ABORTED,56.6,0.0,0.0000,0.0000
118.29,ABORTED,62.8,0.0,0.0000,0.0000
118.79,ABORTED,60.8,0.0,0.0000,0.0000
119.29,ABORTED,60.3,0.0,0.0000,0.0000
119.79,ABORTED,66.0,0.0,0.0000,0.0000
120.29,ABORTED,57.7,0.0,0.0000,0.0000
120.79,ABORTED,64.1,0.0,0.0000,0.0000
121.29,ABORTED,58.5,0.0,0.0000,0.0000
121.79,ABORTED,57.1,0.0,0.0000,0.0000
122.29,ABORTED,61.1,0.0,0.0000,0.0000
122.79,ABORTED,61.4,0.0,0.0000,0.0000
123.29,ABORTED,57.1,0.0,0.0000,0.0000
123.79,ABORTED,61.6,0.0,0.0000,0.0000
124.29,ABORTED,57.7,0.0,0.0000,0.0000
124.79,ABORTED,56.3,0.0,0.0000,0.0000
125.29,ABORTED,57.0,0.0,0.0000,0.0000
125.79,ABORTED,58.4,0.0,0.0000,0.0000
126.29,ABORTED,59.8,0.0,0.0000,0.0000
126.79,ABORTED,64.0,0.0,0.0000,0.0000
127.29,ABORTED,60.9,0.0,0.0000,0.0000
127.79,ABORTED,54.5,0.0,0.0000,0.0000
128.29,ABORTED,60.8,0.0,0.0000,0.0000
128.79,ABORTED,63.0,0.0,0.0000,0.0000
129.29,ABORTED,57.4,0.0,0.0000,0.0000
129.79,ABORTED,59.2,0.0,0.0000,0.0000
130.29,ABORTED,60.8,0.0,0.0000,0.0000
0.05,COMMUTING,61.1,0.0,0.0000,0.0000
0.55,COMMUTING,58.6,0.0,0.2302,0.6600
1.05,COMMUTING,60.6,0.0,0.2500,1.0179
1.55,COMMUTING,61.1,0.0,0.0000,0.6650
2.06,COMMUTING,59.7,0.0,0.0000,0.5373
2.55,COMMUTING,61.6,0.0,0.0850,0.8607
3.05,COMMUTING,61.5,0.0,0.2500,1.6175
3.55,COMMUTING,61.0,0.0,0.0000,1.0463
4.05,COMMUTING,61.1,0.0,0.2500,1.1690
4.55,COMMUTING,61.9,0.0,0.2500,0.9065
5.05,COMMUTING,59.9,0.0,0.2500,0.9931
5.55,COMMUTING,61.8,0.0,0.1012,0.8382
6.05,COMMUTING,61.9,0.0,0.0000,0.8015
6.56,COMMUTING,60.1,0.0,0.1433,1.0040
7.05,COMMUTING,62.9,0.0,0.2500,0.8804
7.55,COMMUTING,64.1,0.0,0.2500,0.8164
8.05,COMMUTING,59.1,0.0,0.2500,0.8318
8.55,COMMUTING,60.9,0.0,0.0000,0.6542
9.05,COMMUTING,60.9,0.0,0.0000,0.7255
9.55,COMMUTING,62.6,0.0,0.1228,0.9610
10.06,VISUAL_SERVO_DOCK,60.1,0.0,0.3000,0.8883
10.55,VISUAL_SERVO_DOCK,65.3,0.0,0.0000,0.0000
11.06,VISUAL_SERVO_DOCK,64.5,0.0,0.0000,0.0000
11.55,VISUAL_SERVO_DOCK,63.6,0.0,0.3000,0.5522
12.05,VISUAL_SERVO_DOCK,62.0,0.0,0.3000,0.5544
12.55,VISUAL_SERVO_DOCK,64.6,0.0,0.3000,0.5755
13.05,VISUAL_SERVO_DOCK,64.9,0.0,0.3000,0.5232
13.55,VISUAL_SERVO_DOCK,65.7,0.0,0.3000,0.5000
14.05,VISUAL_SERVO_DOCK,61.7,0.0,0.3000,0.5000
14.55,VISUAL_SERVO_DOCK,61.7,0.0,0.3000,0.5000
15.05,VISUAL_SERVO_DOCK,63.6,0.0,0.3000,0.5000
15.55,ABORTED,61.5,0.0,0.0000,0.0000
16.05,ABORTED,63.9,0.0,0.0000,0.0000
16.56,ABORTED,54.7,0.0,0.0000,0.0000
17.05,ABORTED,61.9,0.0,0.0000,0.0000
17.55,ABORTED,62.3,0.0,0.0000,0.0000
18.05,ABORTED,62.5,0.0,0.0000,0.0000
18.55,ABORTED,60.8,0.0,0.0000,0.0000
19.05,ABORTED,61.9,0.0,0.0000,0.0000
19.55,ABORTED,59.3,0.0,0.0000,0.0000
20.05,ABORTED,61.3,0.0,0.0000,0.0000
20.55,ABORTED,63.5,0.0,0.0000,0.0000
21.06,ABORTED,63.7,0.0,0.0000,0.0000
21.56,ABORTED,66.1,0.0,0.0000,0.0000
22.06,ABORTED,61.8,0.0,0.0000,0.0000
22.55,ABORTED,63.0,0.0,0.0000,0.0000
23.05,ABORTED,60.4,0.0,0.0000,0.0000
23.55,ABORTED,65.7,0.0,0.0000,0.0000
24.05,ABORTED,59.3,0.0,0.0000,0.0000
24.55,ABORTED,61.2,0.0,0.0000,0.0000
25.05,ABORTED,64.7,0.0,0.0000,0.0000
25.55,ABORTED,63.0,0.0,0.0000,0.0000
26.05,ABORTED,65.4,0.0,0.0000,0.0000
26.55,ABORTED,61.9,0.0,0.0000,0.0000
27.06,ABORTED,64.4,0.0,0.0000,0.0000
27.56,ABORTED,63.8,0.0,0.0000,0.0000
28.05,ABORTED,63.2,0.0,0.0000,0.0000
28.56,ABORTED,63.2,0.0,0.0000,0.0000
29.05,ABORTED,60.5,0.0,0.0000,0.0000
29.55,ABORTED,64.8,0.0,0.0000,0.0000
30.06,ABORTED,63.1,0.0,0.0000,0.0000
30.56,ABORTED,60.9,0.0,0.0000,0.0000
31.05,ABORTED,62.1,0.0,0.0000,0.0000
31.55,ABORTED,66.7,0.0,0.0000,0.0000
32.05,ABORTED,63.4,0.0,0.0000,0.0000
32.55,ABORTED,63.1,0.0,0.0000,0.0000
33.05,ABORTED,64.3,0.0,0.0000,0.0000
33.55,ABORTED,62.7,0.0,0.0000,0.0000
34.05,ABORTED,62.6,0.0,0.0000,0.0000
34.55,ABORTED,60.3,0.0,0.0000,0.0000
35.05,ABORTED,63.6,0.0,0.0000,0.0000
35.56,ABORTED,60.1,0.0,0.0000,0.0000
36.05,ABORTED,65.6,0.0,0.0000,0.0000
36.55,ABORTED,63.1,0.0,0.0000,0.0000
37.05,ABORTED,62.2,0.0,0.0000,0.0000
37.55,ABORTED,62.9,0.0,0.0000,0.0000
38.05,ABORTED,65.0,0.0,0.0000,0.0000
38.55,ABORTED,66.0,0.0,0.0000,0.0000
39.05,ABORTED,59.3,0.0,0.0000,0.0000
39.55,ABORTED,63.2,0.0,0.0000,0.0000
40.05,ABORTED,62.7,0.0,0.0000,0.0000
40.56,ABORTED,61.8,0.0,0.0000,0.0000
41.05,ABORTED,60.5,0.0,0.0000,0.0000
41.55,ABORTED,63.2,0.0,0.0000,0.0000
42.06,ABORTED,61.9,0.0,0.0000,0.0000
42.55,ABORTED,61.3,0.0,0.0000,0.0000
43.05,ABORTED,62.5,0.0,0.0000,0.0000
43.56,ABORTED,64.0,0.0,0.0000,0.0000
44.06,ABORTED,62.7,0.0,0.0000,0.0000
44.55,ABORTED,62.2,0.0,0.0000,0.0000
45.05,ABORTED,63.3,0.0,0.0000,0.0000
45.55,ABORTED,61.0,0.0,0.0000,0.0000
46.05,ABORTED,66.2,0.0,0.0000,0.0000
46.55,ABORTED,60.8,0.0,0.0000,0.0000
47.05,ABORTED,62.7,0.0,0.0000,0.0000
47.55,ABORTED,66.7,0.0,0.0000,0.0000
48.05,ABORTED,64.7,0.0,0.0000,0.0000
48.55,ABORTED,60.6,0.0,0.0000,0.0000
49.05,ABORTED,62.5,0.0,0.0000,0.0000
49.55,ABORTED,61.1,0.0,0.0000,0.0000
50.06,ABORTED,61.7,0.0,0.0000,0.0000
50.55,ABORTED,64.5,0.0,0.0000,0.0000
51.05,ABORTED,61.5,0.0,0.0000,0.0000
51.55,ABORTED,59.7,0.0,0.0000,0.0000
52.06,ABORTED,66.2,0.0,0.0000,0.0000
52.55,ABORTED,60.1,0.0,0.0000,0.0000
53.05,ABORTED,63.3,0.0,0.0000,0.0000
53.55,ABORTED,64.4,0.0,0.0000,0.0000
54.05,ABORTED,63.9,0.0,0.0000,0.0000
54.55,ABORTED,59.2,0.0,0.0000,0.0000
55.05,ABORTED,63.3,0.0,0.0000,0.0000
55.55,ABORTED,65.9,0.0,0.0000,0.0000
56.05,ABORTED,58.7,0.0,0.0000,0.0000
56.55,ABORTED,62.4,0.0,0.0000,0.0000
57.05,ABORTED,62.3,0.0,0.0000,0.0000
57.55,ABORTED,61.9,0.0,0.0000,0.0000
58.05,ABORTED,62.4,0.0,0.0000,0.0000
58.55,ABORTED,62.3,0.0,0.0000,0.0000
59.05,ABORTED,63.7,0.0,0.0000,0.0000
59.55,ABORTED,60.7,0.0,0.0000,0.0000
60.05,ABORTED,65.2,0.0,0.0000,0.0000
60.55,ABORTED,63.9,0.0,0.0000,0.0000
61.05,ABORTED,64.5,0.0,0.0000,0.0000
61.55,IDLE,65.4,0.0,0.0000,0.0000
62.05,IDLE,62.4,0.0,0.0000,-2.3915
62.55,IDLE,62.0,0.0,0.0000,-2.3915
63.05,IDLE,60.5,0.0,0.0000,-2.3915
63.55,IDLE,63.9,0.0,0.0000,0.0000
64.05,IDLE,64.5,0.0,0.0000,0.0000
64.55,IDLE,59.7,0.0,-0.3000,2.3915
65.05,IDLE,61.0,0.0,-0.3000,2.3915
65.55,IDLE,63.8,0.0,0.0000,0.0000
66.05,IDLE,61.2,0.0,0.0000,0.0000
66.55,IDLE,59.9,0.0,0.0000,0.0000
67.05,IDLE,60.5,0.0,0.0000,0.0000
67.55,IDLE,62.2,0.0,-0.3000,2.3915
68.05,IDLE,63.5,0.0,-0.3000,2.3915
68.55,IDLE,59.1,0.0,0.0000,0.0000
69.05,IDLE,63.8,0.0,0.0000,0.0000
69.56,IDLE,62.9,0.0,0.0000,2.3915
70.05,IDLE,62.0,0.0,0.0000,2.3915
70.55,IDLE,62.2,0.0,0.3000,0.0000
71.05,IDLE,62.0,0.0,0.3000,0.0000
71.55,IDLE,65.2,0.0,0.3000,0.0000
72.05,IDLE,59.5,0.0,0.3000,-2.3915
72.55,IDLE,59.0,0.0,0.3000,-2.3915
73.05,IDLE,65.1,0.0,0.3000,-2.3915
73.55,IDLE,61.4,0.0,0.0000,0.0000
74.05,IDLE,57.7,0.0,0.0000,0.0000
74.55,IDLE,60.7,0.0,0.0000,0.0000
75.06,IDLE,59.1,0.0,0.0000,0.0000
75.57,IDLE,60.1,0.0,0.0000,0.0000
76.05,IDLE,62.5,0.0,0.0000,0.0000
76.55,IDLE,60.8,0.0,0.0000,0.0000
77.05,IDLE,61.4,0.0,0.0000,0.0000
77.55,IDLE,63.2,0.0,0.0000,0.0000
78.05,IDLE,62.6,0.0,0.0000,0.0000
78.55,IDLE,61.0,0.0,0.0000,0.0000
79.05,IDLE,68.8,0.0,0.0000,0.0000
79.55,IDLE,69.7,0.0,0.0000,0.0000
80.05,IDLE,60.0,0.0,0.0000,0.0000
80.55,IDLE,61.1,0.0,0.0000,0.0000
81.05,IDLE,59.3,0.0,0.0000,0.0000
81.55,IDLE,61.2,0.0,0.0000,0.0000
82.05,IDLE,59.4,0.0,0.0000,0.0000
82.55,IDLE,64.1,0.0,0.0000,0.0000
83.05,IDLE,61.4,0.0,0.0000,0.0000
83.55,IDLE,59.8,0.0,0.0000,0.0000
84.05,IDLE,59.7,0.0,0.0000,0.0000
84.55,IDLE,62.3,0.0,0.0000,0.0000
85.05,IDLE,66.1,0.0,0.0000,0.0000
85.55,IDLE,63.0,0.0,0.0000,0.0000
86.05,IDLE,59.4,0.0,0.0000,0.0000
86.56,IDLE,62.9,0.0,0.0000,0.0000
87.05,IDLE,62.5,0.0,0.0000,0.0000
87.55,IDLE,60.8,0.0,0.0000,0.0000
88.05,IDLE,59.8,0.0,0.0000,0.0000
88.55,IDLE,62.0,0.0,0.0000,0.0000
89.05,IDLE,60.6,0.0,0.0000,0.0000
89.55,IDLE,61.0,0.0,0.0000,0.0000
90.05,IDLE,58.9,0.0,0.0000,0.0000
90.55,IDLE,59.9,0.0,0.0000,0.0000
91.05,IDLE,58.7,0.0,0.0000,0.0000
91.56,IDLE,56.9,0.0,0.0000,0.0000
92.05,IDLE,62.5,0.0,0.0000,0.0000
92.55,IDLE,56.7,0.0,0.0000,0.0000
93.05,IDLE,59.7,0.0,0.0000,0.0000
93.55,IDLE,63.9,0.0,0.0000,0.0000
94.05,IDLE,59.1,0.0,0.0000,0.0000
94.55,IDLE,59.4,0.0,0.0000,0.0000
95.05,IDLE,62.2,0.0,0.0000,0.0000
95.55,IDLE,61.4,0.0,0.0000,0.0000
96.05,IDLE,60.7,0.0,0.0000,0.0000
96.55,IDLE,58.9,0.0,0.0000,0.0000
97.05,IDLE,62.0,0.0,0.0000,0.0000
97.56,IDLE,57.7,0.0,0.0000,0.0000
98.05,IDLE,60.2,0.0,0.0000,0.0000
98.55,IDLE,61.6,0.0,0.0000,0.0000
99.05,IDLE,60.7,0.0,0.0000,0.0000
99.56,IDLE,60.5,0.0,0.0000,0.0000
100.05,IDLE,63.9,0.0,0.0000,0.0000
100.56,IDLE,60.9,0.0,0.0000,0.0000
101.05,IDLE,59.5,0.0,0.0000,0.0000
101.55,IDLE,62.9,0.0,0.0000,0.0000
102.05,IDLE,58.8,0.0,0.0000,0.0000
102.55,IDLE,56.8,0.0,0.0000,0.0000
103.05,IDLE,58.4,0.0,0.0000,0.0000
103.56,IDLE,62.5,0.0,0.0000,0.0000
104.05,IDLE,60.5,0.0,0.0000,0.0000
104.55,IDLE,61.7,0.0,0.0000,0.0000
105.06,IDLE,62.5,0.0,0.0000,0.0000
105.56,IDLE,60.9,0.0,0.0000,0.0000
106.05,IDLE,61.0,0.0,0.0000,0.0000
106.55,IDLE,59.5,0.0,0.0000,0.0000
107.05,IDLE,57.5,0.0,0.0000,0.0000
107.55,IDLE,57.2,0.0,0.0000,0.0000
108.06,IDLE,58.4,0.0,0.0000,0.0000
108.56,IDLE,60.9,0.0,0.0000,0.0000
109.05,IDLE,60.3,0.0,0.0000,0.0000
109.55,IDLE,63.7,0.0,0.0000,0.0000
110.05,IDLE,62.2,0.0,0.0000,0.0000
110.55,IDLE,62.1,0.0,0.0000,0.0000
111.05,IDLE,59.3,0.0,0.0000,0.0000
111.56,IDLE,61.7,0.0,0.0000,0.0000
0.11,COMMUTING,58.7,0.0,0.0000,0.0000
0.61,COMMUTING,61.0,0.0,0.2163,-0.8800
1.11,COMMUTING,60.4,0.0,0.2500,-1.1170
1.61,COMMUTING,63.5,0.0,0.0773,-1.1293
2.11,COMMUTING,64.1,0.0,0.2500,-1.4430
2.61,VISUAL_SERVO_DOCK,62.8,0.0,0.1301,-0.4771
3.11,VISUAL_SERVO_DOCK,60.3,0.0,0.0000,0.0000
3.61,VISUAL_SERVO_DOCK,65.1,0.0,0.2000,-0.5000
4.11,VISUAL_SERVO_DOCK,62.3,0.0,0.2000,-0.5000
4.61,VISUAL_SERVO_DOCK,66.0,0.0,0.2000,-0.5000
5.11,VISUAL_SERVO_DOCK,61.1,0.0,0.2000,-0.5000
5.61,VISUAL_SERVO_DOCK,67.8,0.0,0.2000,-0.5000
6.11,VISUAL_SERVO_DOCK,61.5,0.0,0.2000,0.0000
6.61,VISUAL_SERVO_DOCK,61.1,0.0,0.2000,0.5000
7.11,VISUAL_SERVO_DOCK,61.8,0.0,0.2000,0.5000
7.61,VISUAL_SERVO_DOCK,61.3,0.0,0.2000,0.5000
8.11,VISUAL_SERVO_DOCK,61.0,0.0,0.2000,0.5000
8.61,ABORTED,61.9,0.0,0.0000,0.0000
9.11,ABORTED,58.8,0.0,0.0000,0.0000
9.61,ABORTED,60.2,0.0,0.0000,0.0000
10.11,ABORTED,61.6,0.0,0.0000,0.0000
10.61,ABORTED,60.3,0.0,0.0000,0.0000
11.11,ABORTED,59.6,0.0,0.0000,0.0000
11.61,ABORTED,60.6,0.0,0.0000,0.0000
12.11,ABORTED,62.1,0.0,0.0000,0.0000
12.61,ABORTED,61.6,0.0,0.0000,0.0000
13.11,ABORTED,58.0,0.0,0.0000,0.0000
13.61,ABORTED,59.0,0.0,0.0000,0.0000
14.11,ABORTED,64.3,0.0,0.0000,0.0000
14.61,ABORTED,62.2,0.0,0.0000,0.0000
15.11,ABORTED,61.1,0.0,0.0000,0.0000
15.61,ABORTED,62.7,0.0,0.0000,0.0000
16.11,ABORTED,62.2,0.0,0.0000,0.0000
16.61,ABORTED,58.8,0.0,0.0000,0.0000
17.11,ABORTED,61.9,0.0,0.0000,0.0000
17.61,ABORTED,62.6,0.0,0.0000,0.0000
18.11,ABORTED,59.2,0.0,0.0000,0.0000
18.61,ABORTED,60.9,0.0,0.0000,0.0000
19.11,ABORTED,60.6,0.0,0.0000,0.0000
19.61,ABORTED,59.6,0.0,0.0000,0.0000
20.11,ABORTED,61.0,0.0,0.0000,0.0000
20.61,ABORTED,62.4,0.0,0.0000,0.0000
21.11,ABORTED,61.2,0.0,0.0000,0.0000
21.61,ABORTED,60.3,0.0,0.0000,0.0000
22.11,ABORTED,59.8,0.0,0.0000,0.0000
22.62,ABORTED,62.8,0.0,0.0000,0.0000
23.11,ABORTED,58.4,0.0,0.0000,0.0000
23.61,ABORTED,63.3,0.0,0.0000,0.0000
24.11,ABORTED,60.9,0.0,0.0000,0.0000
24.62,ABORTED,59.4,0.0,0.0000,0.0000
25.11,ABORTED,61.0,0.0,0.0000,0.0000
25.61,ABORTED,58.8,0.0,0.0000,0.0000
26.11,ABORTED,59.4,0.0,0.0000,0.0000
26.61,ABORTED,58.5,0.0,0.0000,0.0000
27.11,ABORTED,60.1,0.0,0.0000,0.0000
27.62,ABORTED,57.3,0.0,0.0000,0.0000
28.11,ABORTED,60.5,0.0,0.0000,0.0000
28.61,ABORTED,58.8,0.0,0.0000,0.0000
29.11,ABORTED,57.4,0.0,0.0000,0.0000
29.61,ABORTED,63.1,0.0,0.0000,0.0000
30.11,ABORTED,56.7,0.0,0.0000,0.0000
30.61,ABORTED,57.2,0.0,0.0000,0.0000
31.11,ABORTED,59.3,0.0,0.0000,0.0000
31.61,ABORTED,63.5,0.0,0.0000,0.0000
32.11,ABORTED,58.5,0.0,0.0000,0.0000
32.61,ABORTED,56.4,0.0,0.0000,0.0000
33.11,ABORTED,57.3,0.0,0.0000,0.0000
33.61,ABORTED,63.4,0.0,0.0000,0.0000
34.11,ABORTED,58.3,0.0,0.0000,0.0000
34.61,ABORTED,61.4,0.0,0.0000,0.0000
35.11,ABORTED,61.3,0.0,0.0000,0.0000
35.62,ABORTED,62.5,0.0,0.0000,0.0000
36.11,ABORTED,60.5,0.0,0.0000,0.0000
36.61,ABORTED,59.8,0.0,0.0000,0.0000
37.11,ABORTED,59.6,0.0,0.0000,0.0000
37.61,ABORTED,63.9,0.0,0.0000,0.0000
38.11,ABORTED,59.1,0.0,0.0000,0.0000
38.61,ABORTED,57.8,0.0,0.0000,0.0000
39.11,ABORTED,58.3,0.0,0.0000,0.0000
39.61,ABORTED,60.9,0.0,0.0000,0.0000
40.11,ABORTED,59.9,0.0,0.0000,0.0000
40.61,ABORTED,56.0,0.0,0.0000,0.0000
41.11,ABORTED,59.2,0.0,0.0000,0.0000
41.61,ABORTED,61.8,0.0,0.0000,0.0000
42.11,ABORTED,60.7,0.0,0.0000,0.0000
42.61,ABORTED,55.5,0.0,0.0000,0.0000
43.12,ABORTED,58.9,0.0,0.0000,0.0000
43.62,ABORTED,58.2,0.0,0.0000,0.0000
44.11,ABORTED,62.4,0.0,0.0000,0.0000
44.61,ABORTED,60.2,0.0,0.0000,0.0000
45.11,ABORTED,57.7,0.0,0.0000,0.0000
45.62,ABORTED,63.0,0.0,0.0000,0.0000
46.11,ABORTED,57.6,0.0,0.0000,0.0000
46.62,ABORTED,58.1,0.0,0.0000,0.0000
47.11,ABORTED,59.1,0.0,0.0000,0.0000
47.62,ABORTED,62.1,0.0,0.0000,0.0000
48.11,ABORTED,59.4,0.0,0.0000,0.0000
48.61,ABORTED,55.8,0.0,0.0000,0.0000
49.11,ABORTED,63.6,0.0,0.0000,0.0000
49.61,ABORTED,60.6,0.0,0.0000,0.0000
50.11,ABORTED,56.0,0.0,0.0000,0.0000
50.61,ABORTED,57.7,0.0,0.0000,0.0000
51.11,ABORTED,60.6,0.0,0.0000,0.0000
51.61,ABORTED,58.1,0.0,0.0000,0.0000
52.11,ABORTED,60.1,0.0,0.0000,0.0000
52.61,ABORTED,56.5,0.0,0.0000,0.0000
53.11,ABORTED,60.9,0.0,0.0000,0.0000
53.61,ABORTED,59.4,0.0,0.0000,0.0000
54.11,ABORTED,60.4,0.0,0.0000,0.0000
54.61,ABORTED,58.3,0.0,0.0000,0.0000
55.11,ABORTED,59.4,0.0,0.0000,0.0000
55.61,ABORTED,59.5,0.0,0.0000,0.0000
56.11,ABORTED,59.9,0.0,0.0000,0.0000
56.62,ABORTED,61.8,0.0,0.0000,0.0000
57.11,ABORTED,59.7,0.0,0.0000,0.0000
57.61,ABORTED,60.1,0.0,0.0000,0.0000
58.11,ABORTED,59.9,0.0,0.0000,0.0000
58.61,ABORTED,58.4,0.0,0.0000,0.0000
59.11,ABORTED,60.6,0.0,0.0000,0.0000
59.61,ABORTED,62.1,0.0,0.0000,0.0000
60.11,ABORTED,62.3,0.0,0.0000,0.0000
60.61,ABORTED,59.0,0.0,0.0000,0.0000
61.11,ABORTED,60.6,0.0,0.0000,0.0000
61.61,ABORTED,61.2,0.0,0.0000,0.0000
62.11,ABORTED,61.3,0.0,0.0000,0.0000
62.61,ABORTED,62.4,0.0,0.0000,0.0000
63.12,ABORTED,58.5,0.0,0.0000,0.0000
63.62,ABORTED,62.8,0.0,0.0000,0.0000
64.11,ABORTED,61.3,0.0,0.0000,0.0000
64.61,ABORTED,59.4,0.0,0.0000,0.0000
65.11,ABORTED,57.3,0.0,0.0000,0.0000
65.61,ABORTED,59.7,0.0,0.0000,0.0000
66.11,ABORTED,57.0,0.0,0.0000,0.0000
66.61,ABORTED,60.8,0.0,0.0000,0.0000
67.11,ABORTED,59.9,0.0,0.0000,0.0000
67.62,ABORTED,59.9,0.0,0.0000,0.0000
68.11,ABORTED,61.1,0.0,0.0000,0.0000
68.61,ABORTED,59.4,0.0,0.0000,0.0000
69.11,ABORTED,63.0,0.0,0.0000,0.0000
69.61,ABORTED,62.1,0.0,0.0000,0.0000
70.11,ABORTED,60.3,0.0,0.0000,0.0000
70.61,ABORTED,63.1,0.0,0.0000,0.0000
71.11,ABORTED,57.5,0.0,0.0000,0.0000
71.61,ABORTED,64.7,0.0,0.0000,0.0000
72.11,ABORTED,60.8,0.0,0.0000,0.0000
72.61,ABORTED,57.5,0.0,0.0000,0.0000
73.11,ABORTED,61.3,0.0,0.0000,0.0000
73.61,ABORTED,63.4,0.0,0.0000,0.0000
74.11,ABORTED,59.0,0.0,0.0000,0.0000
74.61,ABORTED,62.8,0.0,0.0000,0.0000
75.11,ABORTED,59.1,0.0,0.0000,0.0000
75.61,ABORTED,61.8,0.0,0.0000,0.0000
76.11,ABORTED,59.9,0.0,0.0000,0.0000
76.61,ABORTED,57.7,0.0,0.0000,0.0000
77.11,ABORTED,61.3,0.0,0.0000,0.0000
77.62,ABORTED,63.7,0.0,0.0000,0.0000
78.11,ABORTED,58.4,0.0,0.0000,0.0000
78.61,ABORTED,59.6,0.0,0.0000,0.0000
79.11,ABORTED,60.2,0.0,0.0000,0.0000
79.61,ABORTED,65.0,0.0,0.0000,0.0000
80.11,ABORTED,60.1,0.0,0.0000,0.0000
80.61,ABORTED,63.0,0.0,0.0000,0.0000
81.11,ABORTED,63.5,0.0,0.0000,0.0000
81.61,ABORTED,61.0,0.0,0.0000,0.0000
82.11,ABORTED,58.0,0.0,0.0000,0.0000
82.61,ABORTED,62.1,0.0,0.0000,0.0000
83.11,ABORTED,59.9,0.0,0.0000,0.0000
83.61,ABORTED,56.4,0.0,0.0000,0.0000
84.11,ABORTED,66.6,0.0,0.0000,0.0000
84.61,ABORTED,57.3,0.0,0.0000,0.0000
85.11,ABORTED,59.5,0.0,0.0000,0.0000
85.61,ABORTED,63.6,0.0,0.0000,0.0000
86.11,ABORTED,60.9,0.0,0.0000,0.0000
86.61,ABORTED,60.9,0.0,0.0000,0.0000
87.11,ABORTED,59.9,0.0,0.0000,0.0000
87.62,ABORTED,64.1,0.0,0.0000,0.0000
88.11,ABORTED,58.9,0.0,0.0000,0.0000
88.61,ABORTED,61.1,0.0,0.0000,0.0000
89.11,ABORTED,61.3,0.0,0.0000,0.0000
89.61,ABORTED,65.1,0.0,0.0000,0.0000
90.11,ABORTED,59.4,0.0,0.0000,0.0000
90.61,ABORTED,62.3,0.0,0.0000,0.0000
91.11,ABORTED,64.7,0.0,0.0000,0.0000
91.62,ABORTED,66.9,0.0,0.0000,0.0000
92.11,ABORTED,60.1,0.0,0.0000,0.0000
92.61,ABORTED,59.2,0.0,0.0000,0.0000
93.11,ABORTED,60.8,0.0,0.0000,0.0000
93.61,ABORTED,61.6,0.0,0.0000,0.0000
94.11,ABORTED,61.1,0.0,0.0000,0.0000
94.61,ABORTED,59.3,0.0,0.0000,0.0000
95.11,ABORTED,62.6,0.0,0.0000,0.0000
95.61,ABORTED,64.2,0.0,0.0000,0.0000
96.11,ABORTED,62.3,0.0,0.0000,0.0000
96.61,ABORTED,61.5,0.0,0.0000,0.0000
97.11,ABORTED,64.4,0.0,0.0000,0.0000
97.61,ABORTED,62.5,0.0,0.0000,0.0000
98.11,ABORTED,59.7,0.0,0.0000,0.0000
98.61,ABORTED,62.9,0.0,0.0000,0.0000
99.11,ABORTED,63.5,0.0,0.0000,0.0000
99.61,ABORTED,62.1,0.0,0.0000,0.0000
100.11,ABORTED,63.6,0.0,0.0000,0.0000
100.61,ABORTED,64.1,0.0,0.0000,0.0000
101.11,ABORTED,62.9,0.0,0.0000,0.0000
101.61,ABORTED,67.4,0.0,0.0000,0.0000
102.11,ABORTED,61.9,0.0,0.0000,0.0000
102.61,ABORTED,60.2,0.0,0.0000,0.0000
103.11,ABORTED,60.9,0.0,0.0000,0.0000
103.62,ABORTED,66.4,0.0,0.0000,0.0000
104.11,ABORTED,64.1,0.0,0.0000,0.0000
104.61,ABORTED,70.6,0.0,0.0000,0.0000
105.11,ABORTED,61.3,0.0,0.0000,0.0000
105.61,ABORTED,65.6,0.0,0.0000,0.0000
106.11,ABORTED,58.8,0.0,0.0000,0.0000
106.61,ABORTED,65.0,0.0,0.0000,0.0000
107.11,ABORTED,64.1,0.0,0.0000,0.0000
107.62,ABORTED,62.4,0.0,0.0000,0.0000
108.11,ABORTED,63.4,0.0,0.0000,0.0000
108.61,ABORTED,61.0,0.0,0.0000,0.0000
109.11,ABORTED,62.4,0.0,-0.3000,2.3915
109.61,ABORTED,65.3,0.0,-0.3000,2.3915
110.11,ABORTED,62.0,0.0,-0.3000,2.3915
110.61,ABORTED,63.2,0.0,-0.3000,2.3915
111.11,ABORTED,61.9,0.0,-0.3000,2.3915
111.62,ABORTED,62.6,0.0,0.0000,0.0000
112.11,ABORTED,61.6,0.0,0.0000,0.0000
112.61,ABORTED,57.4,0.0,0.3000,-2.3915
113.11,ABORTED,62.7,0.0,0.0000,0.0000
113.61,ABORTED,60.2,0.0,0.0000,0.0000
114.11,ABORTED,58.2,0.0,0.0000,2.3915
114.62,ABORTED,60.8,0.0,0.0000,2.3915
115.12,ABORTED,65.8,0.0,0.3000,-2.3915
115.62,ABORTED,63.1,0.0,0.0000,0.0000
116.11,ABORTED,60.9,0.0,0.0000,0.0000
116.61,ABORTED,58.2,0.0,0.0000,0.0000
117.12,ABORTED,60.9,0.0,0.0000,0.0000
117.61,ABORTED,64.6,0.0,0.0000,0.0000
118.11,ABORTED,62.2,0.0,0.0000,0.0000
118.61,ABORTED,60.2,0.0,0.0000,2.3915
119.11,ABORTED,64.4,0.0,0.0000,2.3915
119.61,ABORTED,66.9,0.0,0.3000,0.0000
120.11,ABORTED,62.3,0.0,0.3000,0.0000
120.62,ABORTED,64.3,0.0,0.3000,-2.3915
121.11,ABORTED,62.0,0.0,0.3000,-2.3915
121.61,ABORTED,64.6,0.0,0.3000,-2.3915
122.11,ABORTED,62.7,0.0,0.3000,-2.3915
122.61,ABORTED,62.2,0.0,0.0000,0.0000
123.11,ABORTED,61.4,0.0,0.0000,0.0000
123.61,ABORTED,59.2,0.0,0.0000,0.0000
124.11,ABORTED,65.6,0.0,0.0000,0.0000
124.61,ABORTED,62.2,0.0,0.0000,0.0000
125.11,ABORTED,57.4,0.0,0.0000,0.0000
125.62,ABORTED,64.1,0.0,0.0000,0.0000
126.11,ABORTED,60.1,0.0,0.0000,0.0000
126.61,ABORTED,61.4,0.0,0.0000,0.0000
127.11,ABORTED,56.8,0.0,0.0000,0.0000
127.62,ABORTED,64.1,0.0,0.0000,0.0000
128.11,ABORTED,62.5,0.0,0.0000,0.0000
128.62,ABORTED,63.5,0.0,0.0000,0.0000
129.11,ABORTED,58.4,0.0,0.0000,0.0000
129.61,ABORTED,60.9,0.0,0.0000,0.0000
130.11,ABORTED,58.7,0.0,0.0000,0.0000
130.61,ABORTED,61.7,0.0,0.0000,0.0000
131.11,ABORTED,59.1,0.0,0.0000,0.0000
131.61,ABORTED,58.1,0.0,0.0000,0.0000
132.11,ABORTED,60.9,0.0,0.0000,0.0000
132.61,ABORTED,59.9,0.0,0.0000,0.0000
133.11,ABORTED,61.7,0.0,0.0000,0.0000
133.61,ABORTED,63.0,0.0,0.0000,0.0000
134.11,ABORTED,60.0,0.0,0.0000,0.0000
134.62,ABORTED,60.3,0.0,0.0000,0.0000
135.11,ABORTED,59.5,0.0,0.3000,2.3915
135.61,ABORTED,63.4,0.0,0.3000,2.3915
136.12,ABORTED,60.2,0.0,0.3000,-2.3915
136.61,ABORTED,59.3,0.0,0.3000,-2.3915
137.11,ABORTED,61.8,0.0,0.3000,-2.3915
137.61,ABORTED,61.7,0.0,0.3000,-2.3915
138.11,ABORTED,58.7,0.0,0.3000,-2.3915
138.62,ABORTED,62.4,0.0,0.3000,-2.3915
139.12,ABORTED,60.1,0.0,0.3000,-2.3915
139.61,ABORTED,60.5,0.0,0.3000,-2.3915
140.12,ABORTED,60.5,0.0,0.0000,0.0000
140.61,ABORTED,60.5,0.0,0.3000,0.0000
141.11,ABORTED,59.9,0.0,0.3000,2.3915
141.61,ABORTED,62.2,0.0,0.3000,2.3915
142.11,ABORTED,57.8,0.0,0.3000,2.3915
142.62,ABORTED,59.7,0.0,0.3000,2.3915
143.11,ABORTED,60.2,0.0,0.3000,2.3915
143.61,ABORTED,63.4,0.0,0.3000,2.3915
144.11,ABORTED,58.9,0.0,0.0000,0.0000
144.62,ABORTED,61.4,0.0,0.0000,0.0000
145.11,ABORTED,60.3,0.0,0.0000,0.0000
145.61,ABORTED,60.7,0.0,0.0000,0.0000
146.11,ABORTED,60.0,0.0,0.0000,0.0000
146.61,ABORTED,57.2,0.0,0.0000,0.0000
147.11,ABORTED,62.7,0.0,0.0000,0.0000
147.62,ABORTED,61.5,0.0,0.0000,0.0000
148.11,ABORTED,61.2,0.0,0.0000,0.0000
148.62,ABORTED,61.5,0.0,0.0000,0.0000
149.12,ABORTED,57.6,0.0,0.0000,0.0000
149.61,ABORTED,66.0,0.0,0.0000,0.0000
150.12,ABORTED,60.3,0.0,0.0000,0.0000
150.61,ABORTED,61.7,0.0,0.0000,0.0000
0.31,VISUAL_HOMING,59.8,0.0,0.0504,-0.2200
0.81,VISUAL_HOMING,66.4,0.0,0.2383,-1.3200
1.31,VISUAL_HOMING,63.5,0.0,0.2500,-0.7181
1.81,VISUAL_HOMING,63.3,0.0,0.2500,-0.4696
2.30,VISUAL_HOMING,67.2,0.0,0.2945,-0.3333
2.81,VISUAL_SERVO_DOCK,63.0,0.0,0.0196,-0.0070
3.31,VISUAL_SERVO_DOCK,62.3,0.0,0.0000,0.0000
3.81,VISUAL_SERVO_DOCK,67.0,0.0,0.2000,0.0000
4.30,VISUAL_SERVO_DOCK,62.9,0.0,0.2000,0.5000
4.81,VISUAL_SERVO_DOCK,61.7,0.0,0.2000,0.5000
5.31,VISUAL_SERVO_DOCK,62.1,0.0,0.2000,0.5000
5.81,VISUAL_SERVO_DOCK,63.9,0.0,0.2000,0.5000
6.31,VISUAL_SERVO_DOCK,58.6,0.0,0.2000,0.5000
6.81,VISUAL_SERVO_DOCK,63.6,0.0,0.2000,0.5000
7.31,VISUAL_SERVO_DOCK,65.1,0.0,0.2000,0.5000
7.80,VISUAL_SERVO_DOCK,60.9,0.0,0.2000,0.5000
8.31,ABORTED,60.8,0.0,0.0000,0.0000
8.81,ABORTED,65.4,0.0,0.0000,0.0000
9.31,ABORTED,60.0,0.0,0.0000,0.0000
9.80,ABORTED,61.8,0.0,0.0000,0.0000
10.31,ABORTED,63.0,0.0,0.0000,0.0000
10.80,ABORTED,62.0,0.0,0.0000,0.0000
11.31,ABORTED,59.5,0.0,0.0000,0.0000
11.81,ABORTED,60.1,0.0,0.0000,0.0000
12.31,ABORTED,60.7,0.0,0.0000,0.0000
12.81,ABORTED,60.7,0.0,0.0000,0.0000
13.30,ABORTED,60.4,0.0,0.0000,0.0000
13.80,ABORTED,60.9,0.0,0.0000,0.0000
14.31,ABORTED,63.4,0.0,0.0000,0.0000
14.80,ABORTED,61.5,0.0,0.0000,0.0000
15.31,ABORTED,63.1,0.0,0.0000,0.0000
15.81,ABORTED,59.5,0.0,0.0000,0.0000
16.31,ABORTED,59.9,0.0,0.0000,0.0000
16.81,ABORTED,63.8,0.0,0.0000,0.0000
17.31,ABORTED,61.1,0.0,0.0000,0.0000
17.81,ABORTED,56.5,0.0,0.0000,0.0000
18.31,ABORTED,60.3,0.0,0.0000,0.0000
18.80,ABORTED,63.6,0.0,0.0000,0.0000
19.31,ABORTED,60.5,0.0,0.0000,0.0000
19.80,ABORTED,60.5,0.0,0.0000,0.0000
20.31,ABORTED,63.7,0.0,0.0000,0.0000
20.81,ABORTED,60.1,0.0,0.0000,0.0000
21.31,ABORTED,61.0,0.0,0.0000,0.0000
21.80,ABORTED,58.8,0.0,0.0000,0.0000
22.31,ABORTED,60.1,0.0,0.0000,0.0000
22.81,ABORTED,62.9,0.0,0.0000,0.0000
23.31,ABORTED,60.7,0.0,0.0000,0.0000
23.81,ABORTED,62.2,0.0,0.0000,0.0000
24.31,ABORTED,61.6,0.0,0.0000,0.0000
24.81,ABORTED,63.4,0.0,0.0000,0.0000
25.30,ABORTED,70.9,0.0,0.0000,0.0000
25.81,ABORTED,59.4,0.0,0.0000,0.0000
26.31,ABORTED,65.9,0.0,0.0000,0.0000
26.81,ABORTED,58.9,0.0,0.0000,0.0000
27.31,ABORTED,58.9,0.0,0.0000,0.0000
27.80,ABORTED,61.0,0.0,0.0000,0.0000
28.31,ABORTED,59.2,0.0,0.0000,0.0000
28.81,ABORTED,63.4,0.0,0.0000,0.0000
29.30,ABORTED,60.6,0.0,0.0000,0.0000
29.81,ABORTED,60.2,0.0,0.0000,0.0000
30.31,ABORTED,65.7,0.0,0.0000,0.0000
30.81,ABORTED,64.2,0.0,0.0000,0.0000
31.31,ABORTED,60.3,0.0,0.0000,0.0000
31.81,ABORTED,58.5,0.0,0.0000,0.0000
32.30,ABORTED,61.5,0.0,0.0000,0.0000
32.81,ABORTED,63.4,0.0,0.0000,0.0000
33.31,ABORTED,61.1,0.0,0.0000,0.0000
33.81,ABORTED,61.8,0.0,0.0000,0.0000
34.31,ABORTED,56.2,0.0,0.0000,0.0000
34.80,ABORTED,61.5,0.0,0.0000,2.3915
35.31,ABORTED,57.8,0.0,0.0000,2.3915
35.81,ABORTED,61.6,0.0,0.0000,2.3915
36.31,ABORTED,63.6,0.0,0.3000,0.0000
36.81,ABORTED,58.4,0.0,0.3000,0.0000
37.31,ABORTED,61.0,0.0,0.3000,0.0000
37.81,ABORTED,58.8,0.0,0.3000,0.0000
38.30,ABORTED,62.0,0.0,0.3000,0.0000
38.81,ABORTED,61.9,0.0,0.3000,-2.3915
39.31,ABORTED,62.0,0.0,0.3000,-2.3915
39.81,ABORTED,61.2,0.0,0.3000,-2.3915
40.31,ABORTED,60.3,0.0,0.3000,-2.3915
40.81,ABORTED,64.1,0.0,0.3000,-2.3915
41.31,ABORTED,61.0,0.0,0.3000,-2.3915
41.81,ABORTED,61.1,0.0,0.0000,0.0000
42.31,ABORTED,61.8,0.0,0.0000,0.0000
42.81,ABORTED,59.0,0.0,0.0000,0.0000
43.31,ABORTED,58.0,0.0,0.0000,0.0000
43.81,ABORTED,61.7,0.0,0.0000,0.0000
44.31,ABORTED,58.6,0.0,0.0000,0.0000
44.80,ABORTED,62.7,0.0,0.0000,0.0000
45.31,ABORTED,62.3,0.0,0.0000,0.0000
45.81,ABORTED,59.2,0.0,0.0000,0.0000
46.31,ABORTED,59.0,0.0,0.0000,0.0000
46.81,ABORTED,59.7,0.0,0.0000,0.0000
47.31,ABORTED,60.3,0.0,0.0000,0.0000
47.81,ABORTED,58.8,0.0,0.0000,0.0000
48.31,ABORTED,59.3,0.0,0.0000,0.0000
48.81,ABORTED,59.0,0.0,0.0000,0.0000
49.31,ABORTED,59.1,0.0,0.0000,0.0000
49.81,ABORTED,57.1,0.0,0.0000,0.0000
50.31,ABORTED,58.0,0.0,0.0000,0.0000
50.80,ABORTED,59.3,0.0,0.0000,0.0000
51.31,ABORTED,58.7,0.0,0.0000,0.0000
51.81,ABORTED,59.1,0.0,0.0000,0.0000
52.31,ABORTED,57.2,0.0,0.0000,0.0000
52.81,ABORTED,58.1,0.0,0.0000,0.0000
53.31,ABORTED,62.0,0.0,0.0000,0.0000
53.81,ABORTED,60.1,0.0,0.0000,0.0000
54.31,ABORTED,58.9,0.0,0.0000,0.0000
54.81,ABORTED,60.1,0.0,0.0000,0.0000
55.31,ABORTED,55.5,0.0,0.0000,0.0000
55.81,ABORTED,59.6,0.0,0.0000,0.0000
56.31,ABORTED,56.3,0.0,0.0000,0.0000
56.80,ABORTED,62.2,0.0,0.0000,0.0000
57.31,ABORTED,59.0,0.0,0.0000,0.0000
57.80,ABORTED,60.2,0.0,0.0000,0.0000
58.30,ABORTED,61.0,0.0,0.0000,0.0000
58.81,ABORTED,59.1,0.0,0.0000,0.0000
59.31,ABORTED,60.1,0.0,0.0000,0.0000
59.81,ABORTED,58.1,0.0,0.0000,0.0000
60.31,ABORTED,59.5,0.0,0.0000,0.0000
60.81,ABORTED,56.5,0.0,0.0000,0.0000
61.31,ABORTED,62.8,0.0,0.0000,0.0000
61.81,ABORTED,56.8,0.0,0.0000,0.0000
62.31,ABORTED,58.8,0.0,0.0000,0.0000
62.81,ABORTED,65.1,0.0,0.0000,0.0000
63.31,ABORTED,54.8,0.0,0.0000,0.0000
63.80,ABORTED,56.9,0.0,0.0000,0.0000
64.30,ABORTED,58.5,0.0,0.0000,0.0000
0.16,COMMUTING,60.1,0.0,0.0000,0.0000
0.66,COMMUTING,59.4,0.0,0.1621,-1.1000
1.16,COMMUTING,59.8,0.0,0.0000,-0.7545
1.66,COMMUTING,62.0,0.0,0.0245,-0.7678
2.16,COMMUTING,61.5,0.0,0.2500,-1.5554
2.66,COMMUTING,58.8,0.0,0.2500,-0.6172
3.16,COMMUTING,61.0,0.0,0.2558,-0.3333
3.66,COMMUTING,57.3,0.0,0.1127,-0.1225
4.16,COMMUTING,61.0,0.0,0.0000,0.2154
4.66,COMMUTING,59.7,0.0,0.0000,0.3323
5.16,COMMUTING,63.2,0.0,0.0000,0.3502
5.66,COMMUTING,59.1,0.0,0.0000,0.3384
6.16,COMMUTING,60.0,0.0,0.0000,0.3649
6.66,COMMUTING,61.1,0.0,0.0000,0.3404
7.16,COMMUTING,57.7,0.0,0.0000,0.3529
7.66,COMMUTING,58.9,0.0,0.0000,0.3992
8.16,COMMUTING,61.4,0.0,0.0000,0.3823
8.66,COMMUTING,57.6,0.0,0.0000,0.3723
9.16,COMMUTING,58.9,0.0,0.0000,0.4262
9.66,COMMUTING,58.7,0.0,0.0000,0.3633
10.16,COMMUTING,58.0,0.0,0.0000,0.4442
10.66,COMMUTING,57.0,0.0,0.0000,0.4770
11.16,COMMUTING,58.6,0.0,0.0000,0.4535
11.66,COMMUTING,61.8,0.0,0.0000,0.4681
12.16,COMMUTING,61.0,0.0,0.0000,0.4629
12.66,COMMUTING,58.9,0.0,0.0000,0.3947
13.16,COMMUTING,59.4,0.0,0.0000,0.5101
13.66,COMMUTING,59.2,0.0,0.0000,0.4371
14.16,COMMUTING,60.6,0.0,0.0000,0.5838
14.66,COMMUTING,57.4,0.0,0.0000,0.5529
15.16,COMMUTING,58.2,0.0,0.0000,0.5381
15.66,COMMUTING,54.4,0.0,0.0000,0.5059
16.17,COMMUTING,64.5,0.0,0.0000,0.5135
16.66,COMMUTING,57.1,0.0,0.0000,0.4503
17.16,VISUAL_SERVO_DOCK,60.5,0.0,0.1463,0.9912
17.66,VISUAL_SERVO_DOCK,59.2,0.0,0.0000,0.0000
18.16,VISUAL_SERVO_DOCK,62.8,0.0,0.0000,0.0000
18.66,VISUAL_SERVO_DOCK,60.5,0.0,0.2000,0.6737
19.16,VISUAL_SERVO_DOCK,59.7,0.0,0.2000,0.6132
19.66,VISUAL_SERVO_DOCK,62.2,0.0,0.2000,0.5088
20.16,VISUAL_SERVO_DOCK,64.7,0.0,0.2000,0.5000
20.66,VISUAL_SERVO_DOCK,58.9,0.0,0.2000,0.5000
21.16,VISUAL_SERVO_DOCK,59.9,0.0,0.2000,0.0000
21.67,VISUAL_SERVO_DOCK,61.5,0.0,0.2000,0.0000
22.16,VISUAL_SERVO_DOCK,63.3,0.0,0.2000,0.0000
22.66,VISUAL_SERVO_DOCK,60.1,0.0,0.2000,0.0000
23.16,ABORTED,58.0,0.0,0.0000,0.0000
23.66,ABORTED,62.6,0.0,0.0000,0.0000
24.16,ABORTED,62.0,0.0,0.0000,0.0000
24.66,ABORTED,63.0,0.0,0.0000,0.0000
25.16,ABORTED,58.4,0.0,0.0000,0.0000
25.66,ABORTED,59.4,0.0,0.0000,0.0000
26.16,ABORTED,59.7,0.0,0.0000,0.0000
26.66,ABORTED,60.1,0.0,0.0000,0.0000
27.16,ABORTED,62.5,0.0,0.0000,0.0000
27.66,ABORTED,62.7,0.0,0.0000,0.0000
28.16,ABORTED,60.0,0.0,0.0000,0.0000
28.66,ABORTED,61.3,0.0,0.0000,0.0000
29.16,ABORTED,58.2,0.0,0.0000,0.0000
29.66,ABORTED,58.5,0.0,0.0000,0.0000
30.16,ABORTED,62.7,0.0,0.0000,0.0000
30.66,ABORTED,57.5,0.0,0.0000,0.0000
31.16,ABORTED,56.8,0.0,0.0000,0.0000
31.66,ABORTED,58.1,0.0,0.0000,0.0000
32.16,ABORTED,61.9,0.0,0.0000,0.0000
32.66,ABORTED,63.4,0.0,0.0000,0.0000
33.17,ABORTED,59.4,0.0,0.0000,0.0000
33.66,ABORTED,60.6,0.0,0.0000,0.0000
34.16,ABORTED,60.3,0.0,0.0000,0.0000
34.66,ABORTED,61.0,0.0,0.0000,0.0000
35.16,ABORTED,61.0,0.0,0.0000,0.0000
35.66,ABORTED,61.0,0.0,0.0000,0.0000
36.16,ABORTED,60.5,0.0,0.0000,0.0000
36.66,ABORTED,60.8,0.0,0.0000,0.0000
37.16,ABORTED,59.0,0.0,0.0000,0.0000
37.66,ABORTED,58.3,0.0,0.0000,0.0000
38.16,ABORTED,63.1,0.0,0.0000,0.0000
38.66,ABORTED,61.1,0.0,0.0000,0.0000
39.16,ABORTED,62.3,0.0,0.0000,0.0000
39.66,ABORTED,58.5,0.0,0.0000,0.0000
40.16,ABORTED,63.2,0.0,0.0000,0.0000
40.66,ABORTED,62.0,0.0,0.0000,0.0000
41.16,ABORTED,60.1,0.0,0.0000,0.0000
41.66,ABORTED,63.2,0.0,0.0000,0.0000
42.16,ABORTED,58.8,0.0,0.0000,0.0000
42.66,ABORTED,61.3,0.0,0.0000,0.0000
43.16,ABORTED,59.6,0.0,0.0000,0.0000
43.66,ABORTED,60.3,0.0,0.0000,0.0000
44.16,ABORTED,60.1,0.0,0.0000,0.0000
44.66,ABORTED,65.1,0.0,0.0000,0.0000
45.17,ABORTED,57.9,0.0,0.0000,0.0000
45.67,ABORTED,56.4,0.0,0.0000,0.0000
46.16,ABORTED,62.0,0.0,0.0000,0.0000
46.66,ABORTED,61.6,0.0,0.0000,0.0000
47.16,ABORTED,59.9,0.0,0.0000,0.0000
47.66,ABORTED,61.4,0.0,0.0000,0.0000
48.16,ABORTED,63.9,0.0,0.0000,0.0000
48.66,ABORTED,61.6,0.0,0.0000,0.0000
49.16,ABORTED,59.5,0.0,0.0000,0.0000
49.66,ABORTED,57.9,0.0,0.0000,0.0000
50.17,ABORTED,64.6,0.0,0.0000,2.3915
50.66,ABORTED,60.8,0.0,0.0000,2.3915
51.17,ABORTED,60.9,0.0,0.0000,2.3915
51.66,ABORTED,62.2,0.0,0.0000,2.3915
52.16,ABORTED,61.9,0.0,0.3000,0.0000
52.66,ABORTED,63.1,0.0,0.3000,0.0000
53.16,ABORTED,64.0,0.0,0.3000,0.0000
53.66,ABORTED,61.5,0.0,0.3000,0.0000
54.16,ABORTED,63.1,0.0,0.3000,2.3915
54.66,ABORTED,56.7,0.0,0.3000,2.3915
55.16,ABORTED,58.8,0.0,0.3000,0.0000
55.66,ABORTED,59.6,0.0,0.3000,0.0000
56.17,ABORTED,64.1,0.0,0.3000,-2.3915
56.66,ABORTED,58.5,0.0,0.3000,-2.3915
57.17,ABORTED,61.7,0.0,0.3000,-2.3915
57.66,ABORTED,62.3,0.0,0.3000,-2.3915
58.16,ABORTED,64.1,0.0,0.3000,-2.3915
58.66,ABORTED,61.8,0.0,0.3000,0.0000
59.16,ABORTED,61.9,0.0,0.3000,-2.3915
59.66,ABORTED,62.8,0.0,0.3000,-2.3915
60.16,ABORTED,59.8,0.0,0.3000,0.0000
60.66,ABORTED,62.8,0.0,0.0000,0.0000
61.16,ABORTED,60.8,0.0,0.0000,0.0000
61.66,ABORTED,62.7,0.0,0.0000,0.0000
62.16,ABORTED,63.2,0.0,0.0000,0.0000
62.66,ABORTED,61.2,0.0,0.0000,0.0000
63.17,ABORTED,60.2,0.0,0.0000,0.0000
63.66,ABORTED,64.8,0.0,0.0000,0.0000
64.16,ABORTED,61.7,0.0,0.0000,0.0000
64.67,ABORTED,64.5,0.0,0.0000,0.0000
65.16,ABORTED,60.0,0.0,0.0000,0.0000
65.66,ABORTED,64.1,0.0,0.0000,0.0000
66.16,ABORTED,63.0,0.0,0.0000,0.0000
66.66,ABORTED,60.7,0.0,0.0000,0.0000
67.16,ABORTED,60.8,0.0,0.0000,0.0000
67.66,ABORTED,64.7,0.0,0.0000,0.0000
68.16,ABORTED,62.8,0.0,0.0000,0.0000
68.66,ABORTED,62.0,0.0,0.0000,0.0000
69.17,ABORTED,63.6,0.0,0.0000,0.0000
69.66,ABORTED,67.2,0.0,0.0000,0.0000
70.16,ABORTED,64.4,0.0,0.0000,0.0000
70.66,ABORTED,66.1,0.0,0.0000,0.0000
71.17,ABORTED,62.3,0.0,0.0000,0.0000
71.66,ABORTED,61.9,0.0,0.0000,0.0000
72.17,ABORTED,63.9,0.0,0.0000,0.0000
72.66,ABORTED,60.1,0.0,0.0000,0.0000
73.16,ABORTED,62.5,0.0,0.0000,0.0000
73.66,ABORTED,65.0,0.0,0.0000,0.0000
74.16,ABORTED,61.4,0.0,0.0000,0.0000
74.66,ABORTED,59.9,0.0,0.0000,0.0000
75.16,ABORTED,62.6,0.0,0.0000,0.0000
75.66,ABORTED,65.4,0.0,0.0000,0.0000
76.16,ABORTED,63.5,0.0,0.0000,0.0000
76.66,ABORTED,61.7,0.0,0.0000,0.0000
77.16,ABORTED,60.4,0.0,0.0000,0.0000
77.66,ABORTED,63.4,0.0,0.0000,0.0000
78.17,ABORTED,62.8,0.0,0.0000,0.0000
78.66,ABORTED,63.9,0.0,0.0000,0.0000
79.17,ABORTED,64.8,0.0,0.0000,0.0000
79.66,ABORTED,60.6,0.0,0.0000,0.0000
80.16,ABORTED,66.0,0.0,0.0000,0.0000
80.66,ABORTED,64.0,0.0,0.0000,0.0000
81.17,ABORTED,60.8,0.0,0.0000,0.0000
81.66,ABORTED,64.1,0.0,0.0000,0.0000
82.16,ABORTED,64.3,0.0,0.0000,0.0000
82.66,ABORTED,61.5,0.0,0.0000,0.0000
83.16,ABORTED,61.6,0.0,0.0000,0.0000
83.66,ABORTED,62.9,0.0,0.0000,0.0000
84.16,ABORTED,63.3,0.0,0.0000,0.0000
84.66,ABORTED,63.9,0.0,0.0000,0.0000
85.16,ABORTED,63.9,0.0,0.0000,0.0000
85.66,ABORTED,59.5,0.0,0.0000,0.0000
86.16,ABORTED,63.6,0.0,0.0000,0.0000
86.66,ABORTED,65.3,0.0,0.0000,0.0000
87.16,ABORTED,62.0,0.0,0.0000,0.0000
87.66,ABORTED,62.9,0.0,0.0000,0.0000
88.16,ABORTED,65.2,0.0,0.0000,0.0000
88.66,ABORTED,60.9,0.0,0.0000,0.0000
89.17,ABORTED,59.7,0.0,0.0000,0.0000
89.66,ABORTED,64.3,0.0,0.0000,0.0000
90.16,ABORTED,60.8,0.0,0.0000,0.0000
90.67,ABORTED,61.6,0.0,0.0000,0.0000
91.16,ABORTED,63.1,0.0,0.0000,0.0000
91.66,ABORTED,63.4,0.0,0.0000,0.0000
92.16,ABORTED,64.1,0.0,0.0000,0.0000
92.66,ABORTED,61.2,0.0,0.0000,0.0000
93.16,ABORTED,61.5,0.0,0.0000,0.0000
93.66,ABORTED,63.9,0.0,0.3000,2.3915
94.16,ABORTED,65.9,0.0,0.3000,2.3915
94.66,ABORTED,60.3,0.0,0.3000,2.3915
95.16,ABORTED,60.8,0.0,0.3000,0.0000
95.66,ABORTED,59.9,0.0,0.3000,2.3915
96.16,ABORTED,62.8,0.0,0.3000,2.3915
96.66,ABORTED,60.2,0.0,0.3000,2.3915
97.16,ABORTED,62.5,0.0,0.3000,2.3915
97.66,ABORTED,58.9,0.0,0.3000,2.3915
98.16,ABORTED,61.7,0.0,0.3000,2.3915
98.66,ABORTED,60.4,0.0,0.0000,0.0000
99.16,ABORTED,63.0,0.0,0.0000,0.0000
99.66,ABORTED,62.9,0.0,0.0000,0.0000
100.16,ABORTED,63.3,0.0,0.0000,0.0000
100.66,ABORTED,64.5,0.0,0.0000,0.0000
101.16,ABORTED,61.6,0.0,0.0000,0.0000
101.66,ABORTED,60.9,0.0,0.0000,0.0000
102.16,ABORTED,63.6,0.0,0.0000,0.0000
102.66,ABORTED,64.5,0.0,0.0000,0.0000
103.16,ABORTED,62.0,0.0,0.0000,0.0000
103.66,ABORTED,63.0,0.0,0.0000,0.0000
104.17,ABORTED,64.0,0.0,0.0000,0.0000
104.66,ABORTED,61.2,0.0,0.0000,0.0000
105.17,ABORTED,62.8,0.0,0.0000,0.0000
105.66,ABORTED,64.3,0.0,0.0000,0.0000
106.16,ABORTED,61.9,0.0,0.0000,0.0000
106.66,ABORTED,62.6,0.0,0.0000,0.0000
107.17,ABORTED,60.5,0.0,0.0000,0.0000
107.66,ABORTED,62.8,0.0,0.0000,0.0000
108.16,ABORTED,59.9,0.0,0.0000,0.0000
108.66,ABORTED,60.9,0.0,0.0000,0.0000
109.16,ABORTED,63.1,0.0,0.0000,0.0000
109.66,ABORTED,61.7,0.0,0.0000,0.0000
110.16,ABORTED,61.5,0.0,0.0000,0.0000
110.66,ABORTED,61.9,0.0,0.0000,0.0000
111.16,ABORTED,58.3,0.0,0.0000,0.0000
111.66,ABORTED,58.0,0.0,0.0000,0.0000
112.16,ABORTED,63.6,0.0,0.0000,0.0000
112.66,ABORTED,59.6,0.0,0.0000,0.0000
113.16,ABORTED,63.1,0.0,0.0000,0.0000
113.66,ABORTED,61.3,0.0,0.0000,0.0000
114.16,ABORTED,60.3,0.0,0.0000,0.0000
114.66,ABORTED,61.3,0.0,0.0000,0.0000
115.16,ABORTED,58.0,0.0,0.0000,0.0000
115.66,ABORTED,60.5,0.0,0.0000,0.0000
116.16,ABORTED,61.5,0.0,0.0000,0.0000
116.66,ABORTED,59.5,0.0,0.0000,0.0000
117.16,ABORTED,60.4,0.0,0.0000,0.0000
117.66,ABORTED,65.2,0.0,0.0000,0.0000
118.16,ABORTED,63.1,0.0,0.0000,0.0000
118.66,ABORTED,59.9,0.0,0.0000,0.0000
119.16,ABORTED,55.8,0.0,0.0000,0.0000
119.66,ABORTED,61.7,0.0,0.0000,0.0000
120.16,ABORTED,63.5,0.0,0.0000,0.0000
120.66,ABORTED,64.2,0.0,0.0000,0.0000
121.16,ABORTED,59.0,0.0,0.0000,0.0000
121.66,ABORTED,61.2,0.0,0.0000,0.0000
122.16,ABORTED,65.4,0.0,0.0000,0.0000
122.66,ABORTED,62.4,0.0,0.0000,0.0000
123.16,ABORTED,62.5,0.0,0.0000,0.0000
123.66,ABORTED,61.2,0.0,0.0000,0.0000
124.16,ABORTED,60.8,0.0,0.0000,0.0000
124.66,ABORTED,66.8,0.0,0.0000,0.0000
125.16,ABORTED,59.0,0.0,0.0000,0.0000
125.66,ABORTED,58.2,0.0,0.0000,0.0000
126.16,ABORTED,60.6,0.0,0.0000,0.0000
126.66,ABORTED,63.6,0.0,0.0000,0.0000
127.16,ABORTED,63.8,0.0,0.0000,0.0000
127.66,ABORTED,60.7,0.0,0.0000,0.0000
128.16,ABORTED,65.1,0.0,0.0000,0.0000
128.66,ABORTED,60.9,0.0,0.0000,0.0000
129.16,ABORTED,62.8,0.0,0.0000,0.0000
129.66,ABORTED,61.8,0.0,0.0000,0.0000
130.16,ABORTED,63.5,0.0,0.0000,0.0000
130.66,ABORTED,64.1,0.0,0.0000,0.0000
131.16,ABORTED,64.5,0.0,0.0000,0.0000
131.66,ABORTED,63.2,0.0,0.0000,0.0000
0.24,VISUAL_HOMING,63.5,0.0,0.0000,0.0000
0.74,VISUAL_HOMING,64.3,0.0,0.2500,-0.5974
1.24,VISUAL_HOMING,63.7,0.0,0.2500,-0.3502
1.74,VISUAL_HOMING,63.1,0.0,0.2554,-0.3333
2.24,VISUAL_SERVO_DOCK,65.0,0.0,0.0000,0.0000
2.74,VISUAL_SERVO_DOCK,63.1,0.0,0.0000,0.0000
3.24,VISUAL_SERVO_DOCK,66.0,0.0,0.2000,0.0000
3.74,VISUAL_SERVO_DOCK,61.8,0.0,0.2000,0.0000
4.24,VISUAL_SERVO_DOCK,67.0,0.0,0.2000,0.0000
4.74,VISUAL_SERVO_DOCK,63.2,0.0,0.2000,0.0000
5.24,VISUAL_SERVO_DOCK,62.7,0.0,0.2000,0.0000
5.74,VISUAL_SERVO_DOCK,59.3,0.0,0.2000,0.0000
6.24,VISUAL_SERVO_DOCK,57.4,0.0,0.2000,0.0000
6.74,VISUAL_SERVO_DOCK,60.1,0.0,0.2000,0.0000
7.24,VISUAL_SERVO_DOCK,57.4,0.0,0.2000,0.0000
7.74,VISUAL_SERVO_DOCK,64.8,0.0,0.2000,0.0000
8.24,DOCKED,63.1,0.0,0.0000,0.0000
8.74,DOCKED,62.5,0.0,0.0000,0.0000
9.24,DOCKED,59.6,0.0,0.0000,0.0000
9.74,DOCKED,60.9,0.0,0.0000,0.0000
10.24,DOCKED,61.5,0.0,0.0000,0.0000
10.74,DOCKED,60.8,0.0,0.0000,0.0000
11.24,DOCKED,61.8,0.0,0.0000,0.0000
11.74,DOCKED,60.5,0.0,0.0000,0.0000
12.24,DOCKED,66.0,0.0,0.0000,0.0000
12.74,DOCKED,62.8,0.0,0.0000,0.0000
13.24,DOCKED,61.3,0.0,0.0000,0.0000
13.74,DOCKED,62.5,0.0,0.0000,0.0000
14.24,DOCKED,61.3,0.0,0.0000,0.0000
14.74,DOCKED,60.1,0.0,0.0000,0.0000
15.24,DOCKED,63.2,0.0,0.0000,0.0000
15.74,DOCKED,61.0,0.0,0.0000,0.0000
16.24,DOCKED,60.3,0.0,0.0000,0.0000
16.74,DOCKED,59.6,0.0,0.0000,0.0000
17.24,DOCKED,60.7,0.0,0.0000,0.0000
17.74,DOCKED,60.7,0.0,0.0000,0.0000
18.23,DOCKED,63.2,0.0,0.0000,0.0000
18.74,DOCKED,60.8,0.0,0.0000,0.0000
19.24,DOCKED,63.1,0.0,0.0000,0.0000
19.74,DOCKED,59.3,0.0,0.0000,0.0000
20.24,DOCKED,62.5,0.0,0.0000,0.0000
20.74,DOCKED,59.9,0.0,0.0000,0.0000
21.24,DOCKED,58.1,0.0,0.0000,0.0000
21.74,DOCKED,59.0,0.0,0.0000,0.0000
22.24,DOCKED,55.3,0.0,0.0000,0.0000
22.74,DOCKED,57.7,0.0,0.0000,0.0000
23.24,DOCKED,59.7,0.0,0.0000,0.0000
23.74,DOCKED,59.2,0.0,0.0000,0.0000
24.24,DOCKED,59.0,0.0,0.0000,0.0000
24.74,DOCKED,60.3,0.0,0.0000,0.0000
25.24,DOCKED,59.7,0.0,0.0000,0.0000
25.74,DOCKED,59.7,0.0,0.0000,0.0000
26.24,DOCKED,61.6,0.0,0.0000,0.0000
26.74,DOCKED,57.3,0.0,0.0000,0.0000
27.24,DOCKED,57.9,0.0,0.0000,0.0000
27.74,DOCKED,58.1,0.0,0.0000,0.0000
28.24,DOCKED,60.7,0.0,0.0000,0.0000
28.74,DOCKED,57.9,0.0,0.0000,0.0000
29.24,DOCKED,58.2,0.0,0.0000,0.0000
29.74,DOCKED,59.1,0.0,0.0000,0.0000
30.24,DOCKED,60.5,0.0,0.0000,0.0000
30.74,DOCKED,58.4,0.0,0.0000,0.0000
31.24,DOCKED,60.4,0.0,0.0000,0.0000
31.74,DOCKED,58.0,0.0,0.0000,0.0000
32.24,DOCKED,60.1,0.0,0.0000,0.0000
32.74,DOCKED,61.3,0.0,0.0000,0.0000
33.24,DOCKED,56.1,0.0,0.0000,0.0000
33.74,DOCKED,59.0,0.0,0.0000,0.0000
34.23,DOCKED,61.3,0.0,0.0000,0.0000
34.74,DOCKED,59.3,0.0,0.0000,0.0000
35.24,DOCKED,57.6,0.0,0.0000,0.0000
35.74,DOCKED,57.9,0.0,0.0000,0.0000
36.24,DOCKED,60.9,0.0,0.0000,0.0000
36.74,DOCKED,61.0,0.0,0.0000,0.0000
37.24,DOCKED,58.5,0.0,0.0000,0.0000
37.74,DOCKED,58.3,0.0,0.0000,0.0000
38.24,DOCKED,57.3,0.0,0.0000,0.0000
38.74,DOCKED,57.6,0.0,0.0000,0.0000
39.24,DOCKED,58.2,0.0,0.0000,0.0000
39.74,DOCKED,58.2,0.0,0.0000,0.0000
40.24,DOCKED,57.3,0.0,0.0000,0.0000
40.74,DOCKED,61.4,0.0,0.0000,0.0000
41.24,DOCKED,59.5,0.0,0.0000,0.0000
41.74,DOCKED,56.4,0.0,0.0000,0.0000
42.24,DOCKED,62.3,0.0,0.0000,0.0000
42.74,DOCKED,58.9,0.0,0.0000,0.0000
43.24,DOCKED,58.3,0.0,0.0000,0.0000
43.74,DOCKED,57.2,0.0,0.0000,0.0000
44.24,DOCKED,58.9,0.0,0.0000,0.0000
44.74,DOCKED,58.5,0.0,0.0000,0.0000
45.23,DOCKED,57.2,0.0,0.0000,0.0000
45.74,DOCKED,55.1,0.0,0.0000,0.0000
46.24,DOCKED,55.4,0.0,0.0000,0.0000
46.74,DOCKED,56.7,0.0,0.0000,0.0000
47.24,DOCKED,57.2,0.0,0.0000,0.0000
47.74,DOCKED,55.4,0.0,0.0000,0.0000
48.23,DOCKED,59.7,0.0,0.0000,0.0000
48.74,DOCKED,59.2,0.0,0.0000,0.0000
49.24,DOCKED,56.9,0.0,0.0000,0.0000
49.74,DOCKED,56.1,0.0,0.0000,0.0000
50.23,DOCKED,62.3,0.0,0.0000,0.0000
50.74,DOCKED,57.7,0.0,0.0000,0.0000
51.23,DOCKED,54.0,0.0,0.0000,0.0000
51.74,DOCKED,56.7,0.0,0.0000,0.0000
52.24,DOCKED,58.9,0.0,0.0000,0.0000
52.74,DOCKED,57.7,0.0,0.0000,0.0000
53.24,DOCKED,54.7,0.0,0.0000,0.0000
53.74,DOCKED,59.8,0.0,0.0000,0.0000
54.24,DOCKED,58.6,0.0,0.0000,0.0000
54.74,DOCKED,58.4,0.0,0.0000,0.0000
55.24,DOCKED,58.1,0.0,0.0000,0.0000
55.74,DOCKED,58.5,0.0,0.0000,0.0000
56.24,DOCKED,56.9,0.0,0.0000,0.0000
56.74,DOCKED,60.6,0.0,0.0000,0.0000
57.24,DOCKED,53.9,0.0,0.0000,0.0000
57.74,DOCKED,58.6,0.0,0.0000,0.0000
58.23,DOCKED,62.1,0.0,0.0000,0.0000
58.74,DOCKED,58.9,0.0,0.0000,0.0000
59.23,DOCKED,56.1,0.0,0.0000,0.0000
59.74,DOCKED,58.0,0.0,0.0000,0.0000
60.24,DOCKED,58.9,0.0,0.0000,0.0000
60.74,DOCKED,58.6,0.0,0.0000,0.0000
61.24,DOCKED,57.1,0.0,0.0000,0.0000
61.74,DOCKED,58.2,0.0,0.0000,0.0000
62.23,DOCKED,58.5,0.0,0.0000,0.0000
62.74,DOCKED,58.2,0.0,0.0000,0.0000
63.24,DOCKED,58.4,0.0,0.0000,0.0000
63.74,DOCKED,59.6,0.0,0.0000,0.0000
64.23,DOCKED,58.7,0.0,0.0000,0.0000
64.74,DOCKED,58.2,0.0,0.0000,0.0000
65.24,DOCKED,60.6,0.0,0.0000,0.0000
65.74,DOCKED,57.1,0.0,0.0000,0.0000
66.24,DOCKED,65.7,0.0,0.0000,0.0000
66.74,DOCKED,59.6,0.0,0.0000,0.0000
67.24,DOCKED,57.6,0.0,0.0000,0.0000
67.74,DOCKED,61.0,0.0,0.0000,0.0000
68.24,DOCKED,61.7,0.0,0.0000,0.0000
68.74,DOCKED,60.1,0.0,0.0000,0.0000
69.23,DOCKED,61.1,0.0,0.0000,0.0000
69.74,DOCKED,59.8,0.0,0.0000,0.0000
70.24,DOCKED,62.5,0.0,0.0000,0.0000
70.74,DOCKED,60.8,0.0,0.0000,0.0000
71.24,DOCKED,61.4,0.0,0.0000,0.0000
71.74,DOCKED,60.6,0.0,0.0000,0.0000
72.23,DOCKED,58.1,0.0,0.0000,0.0000
72.74,DOCKED,59.0,0.0,0.0000,0.0000
73.23,DOCKED,60.6,0.0,0.0000,0.0000
73.74,DOCKED,59.4,0.0,0.0000,0.0000
74.24,DOCKED,65.1,0.0,0.0000,0.0000
74.74,DOCKED,60.3,0.0,0.0000,0.0000
75.24,DOCKED,58.6,0.0,0.0000,0.0000
75.74,DOCKED,59.2,0.0,0.0000,0.0000
76.24,DOCKED,64.3,0.0,0.0000,0.0000
76.74,DOCKED,57.6,0.0,0.0000,0.0000
77.23,DOCKED,59.5,0.0,0.0000,0.0000
77.74,DOCKED,60.1,0.0,0.0000,0.0000
78.23,DOCKED,59.8,0.0,0.0000,0.0000
78.74,DOCKED,60.3,0.0,0.0000,0.0000
79.24,DOCKED,61.0,0.0,0.0000,0.0000
79.74,DOCKED,61.8,0.0,0.0000,0.0000
80.24,DOCKED,60.4,0.0,0.0000,0.0000
80.74,DOCKED,62.5,0.0,0.0000,0.0000
81.23,DOCKED,59.3,0.0,0.0000,0.0000
81.74,DOCKED,60.3,0.0,0.0000,0.0000
82.24,DOCKED,62.9,0.0,0.0000,0.0000
82.73,DOCKED,58.7,0.0,0.0000,0.0000
83.24,DOCKED,59.3,0.0,0.0000,0.0000
83.74,DOCKED,59.9,0.0,0.0000,0.0000
84.24,DOCKED,60.0,0.0,0.0000,0.0000
84.74,DOCKED,60.7,0.0,0.0000,0.0000
85.24,DOCKED,59.0,0.0,0.0000,0.0000
85.74,DOCKED,58.7,0.0,0.0000,0.0000
86.23,DOCKED,58.9,0.0,0.0000,0.0000
86.74,DOCKED,58.5,0.0,0.0000,0.0000
87.24,DOCKED,61.8,0.0,0.0000,0.0000
87.73,DOCKED,60.4,0.0,0.0000,0.0000
88.24,DOCKED,60.7,0.0,0.0000,0.0000
88.74,DOCKED,57.3,0.0,0.0000,0.0000
89.24,DOCKED,60.0,0.0,0.0000,0.0000
89.74,DOCKED,60.6,0.0,0.0000,0.0000
90.24,DOCKED,62.0,0.0,0.0000,0.0000
90.74,DOCKED,61.1,0.0,0.0000,0.0000
91.24,DOCKED,59.3,0.0,0.0000,0.0000
91.74,DOCKED,59.5,0.0,0.0000,0.0000
92.24,DOCKED,62.6,0.0,0.0000,0.0000
92.74,DOCKED,60.1,0.0,0.0000,0.0000
93.23,DOCKED,57.5,0.0,0.0000,0.0000
93.74,DOCKED,55.7,0.0,0.0000,0.0000
94.23,DOCKED,60.3,0.0,0.0000,0.0000
94.74,DOCKED,60.0,0.0,0.0000,0.0000
95.24,DOCKED,58.6,0.0,0.0000,0.0000
95.74,DOCKED,60.0,0.0,0.0000,0.0000
96.24,DOCKED,60.5,0.0,0.0000,0.0000
96.74,DOCKED,60.7,0.0,0.0000,0.0000
97.23,DOCKED,57.7,0.0,0.0000,0.0000
97.74,DOCKED,60.1,0.0,0.0000,0.0000
98.23,DOCKED,61.3,0.0,0.0000,0.0000
98.74,DOCKED,59.0,0.0,0.0000,0.0000
99.24,DOCKED,58.6,0.0,0.0000,0.0000
99.74,DOCKED,57.9,0.0,0.0000,0.0000
100.25,DOCKED,63.2,0.0,0.0000,0.0000
100.74,DOCKED,59.3,0.0,0.0000,0.0000
101.24,DOCKED,56.5,0.0,0.0000,0.0000
101.74,DOCKED,60.6,0.0,0.0000,0.0000
102.23,DOCKED,58.9,0.0,0.0000,0.0000
102.74,DOCKED,59.8,0.0,0.0000,0.0000
103.24,DOCKED,57.2,0.0,0.0000,0.0000
103.74,DOCKED,62.0,0.0,0.0000,0.0000
104.24,DOCKED,57.7,0.0,0.0000,0.0000
104.73,DOCKED,61.6,0.0,0.0000,0.0000
105.23,DOCKED,56.6,0.0,0.0000,0.0000
105.74,DOCKED,58.9,0.0,0.0000,0.0000
106.24,DOCKED,62.1,0.0,0.0000,0.0000
106.74,DOCKED,56.6,0.0,0.0000,0.0000
107.24,DOCKED,60.5,0.0,0.0000,0.0000
107.74,DOCKED,57.4,0.0,0.0000,0.0000
108.23,DOCKED,60.3,0.0,0.0000,0.0000
108.74,DOCKED,62.7,0.0,0.0000,0.0000
109.24,DOCKED,56.9,0.0,0.0000,0.0000
109.74,DOCKED,59.5,0.0,0.0000,0.0000
110.24,DOCKED,56.4,0.0,0.0000,0.0000
110.74,DOCKED,57.9,0.0,0.0000,0.0000
111.23,DOCKED,60.0,0.0,0.0000,0.0000
111.74,DOCKED,58.2,0.0,0.0000,0.0000
112.24,DOCKED,59.3,0.0,0.0000,0.0000
112.74,DOCKED,58.8,0.0,0.0000,0.0000
113.24,DOCKED,58.1,0.0,0.0000,0.0000
113.74,DOCKED,56.7,0.0,0.0000,0.0000
114.24,DOCKED,59.9,0.0,0.0000,0.0000
114.74,DOCKED,56.5,0.0,0.0000,0.0000
115.24,DOCKED,57.0,0.0,0.0000,0.0000
115.74,DOCKED,55.2,0.0,0.0000,0.0000
116.24,DOCKED,60.0,0.0,0.0000,0.0000
116.74,DOCKED,57.5,0.0,0.0000,0.0000
117.24,DOCKED,56.6,0.0,0.0000,0.0000
117.74,DOCKED,57.0,0.0,0.0000,0.0000
118.24,DOCKED,60.1,0.0,0.0000,0.0000
118.74,DOCKED,56.0,0.0,0.0000,0.0000
119.24,DOCKED,56.3,0.0,0.0000,0.0000
119.74,DOCKED,56.6,0.0,0.0000,0.0000
120.24,DOCKED,56.4,0.0,0.0000,0.0000
120.74,DOCKED,58.8,0.0,0.0000,0.0000
121.24,DOCKED,54.3,0.0,0.0000,0.0000
121.74,DOCKED,56.5,0.0,0.0000,0.0000
122.23,DOCKED,60.7,0.0,0.0000,0.0000
122.74,DOCKED,57.5,0.0,0.0000,0.0000
123.24,DOCKED,56.5,0.0,0.0000,0.0000
123.74,DOCKED,55.1,0.0,0.0000,0.0000
124.24,DOCKED,58.9,0.0,0.0000,0.0000
124.74,DOCKED,58.8,0.0,0.0000,0.0000
125.23,DOCKED,57.0,0.0,0.0000,0.0000
125.74,DOCKED,56.9,0.0,0.0000,0.0000
126.24,DOCKED,59.2,0.0,0.0000,0.0000
126.74,DOCKED,56.6,0.0,0.0000,0.0000
127.24,DOCKED,58.4,0.0,0.0000,0.0000
127.74,DOCKED,58.0,0.0,0.0000,0.0000
128.23,DOCKED,56.9,0.0,0.0000,0.0000
128.74,DOCKED,57.1,0.0,0.0000,0.0000
129.23,DOCKED,59.4,0.0,0.0000,0.0000
129.74,DOCKED,54.3,0.0,0.0000,0.0000
130.24,DOCKED,62.2,0.0,0.0000,0.0000
130.74,DOCKED,57.6,0.0,0.0000,0.0000
131.24,DOCKED,57.8,0.0,0.0000,0.0000
131.74,DOCKED,56.6,0.0,0.0000,0.0000
132.24,DOCKED,59.1,0.0,0.0000,0.0000
132.74,DOCKED,61.6,0.0,0.0000,0.0000
133.24,DOCKED,59.1,0.0,0.0000,0.0000
133.74,DOCKED,57.7,0.0,0.0000,0.0000
134.24,DOCKED,58.1,0.0,0.0000,0.0000
134.74,DOCKED,57.0,0.0,0.0000,0.0000
135.24,DOCKED,59.9,0.0,0.0000,0.0000
135.74,DOCKED,58.7,0.0,0.0000,0.0000
136.24,DOCKED,61.3,0.0,0.0000,0.0000
136.74,DOCKED,59.5,0.0,0.0000,0.0000
137.24,DOCKED,59.3,0.0,0.0000,0.0000
137.74,DOCKED,58.6,0.0,0.0000,0.0000
138.24,DOCKED,62.2,0.0,0.0000,0.0000
138.74,DOCKED,61.6,0.0,0.0000,0.0000
139.23,DOCKED,59.5,0.0,0.0000,0.0000
139.74,DOCKED,59.3,0.0,0.0000,0.0000
140.24,DOCKED,61.9,0.0,0.0000,0.0000
140.74,DOCKED,59.5,0.0,0.0000,0.0000
141.24,DOCKED,61.4,0.0,0.0000,0.0000
141.74,DOCKED,59.3,0.0,0.0000,0.0000
142.24,DOCKED,61.8,0.0,0.0000,0.0000
142.74,DOCKED,59.9,0.0,0.0000,0.0000
143.24,DOCKED,61.0,0.0,0.0000,0.0000
143.74,DOCKED,61.0,0.0,0.0000,0.0000
144.24,DOCKED,61.3,0.0,0.0000,0.0000
144.74,DOCKED,61.6,0.0,0.0000,0.0000
145.24,DOCKED,61.6,0.0,0.0000,0.0000
145.74,DOCKED,58.8,0.0,0.0000,0.0000
146.24,DOCKED,64.6,0.0,0.0000,0.0000
146.74,DOCKED,58.7,0.0,0.0000,0.0000
147.24,DOCKED,60.1,0.0,0.0000,0.0000
147.74,DOCKED,60.6,0.0,0.0000,0.0000
148.24,DOCKED,61.6,0.0,0.0000,0.0000
148.74,DOCKED,62.8,0.0,0.0000,0.0000
149.24,DOCKED,59.5,0.0,0.0000,0.0000
149.74,DOCKED,61.4,0.0,0.0000,0.0000
150.24,DOCKED,61.9,0.0,0.0000,0.0000
150.74,DOCKED,59.6,0.0,0.0000,0.0000
151.24,DOCKED,62.4,0.0,0.0000,0.0000
151.74,DOCKED,59.9,0.0,0.0000,0.0000
152.24,DOCKED,59.2,0.0,0.0000,0.0000
152.74,DOCKED,62.7,0.0,0.0000,0.0000
153.24,DOCKED,61.7,0.0,0.0000,0.0000
153.74,DOCKED,60.5,0.0,0.0000,0.0000
154.24,DOCKED,64.2,0.0,0.0000,0.0000
154.74,DOCKED,61.9,0.0,0.0000,0.0000
155.23,DOCKED,57.7,0.0,0.0000,0.0000
155.74,DOCKED,60.9,0.0,0.0000,0.0000
156.24,DOCKED,63.0,0.0,0.0000,0.0000
156.73,DOCKED,60.6,0.0,0.0000,0.0000
157.23,DOCKED,60.3,0.0,0.0000,0.0000
157.74,DOCKED,59.4,0.0,0.0000,0.0000
158.24,DOCKED,57.9,0.0,0.0000,0.0000
158.74,DOCKED,59.3,0.0,0.0000,0.0000
159.24,DOCKED,57.5,0.0,0.0000,0.0000
159.74,DOCKED,60.2,0.0,0.0000,0.0000
160.24,DOCKED,56.3,0.0,0.0000,0.0000
160.74,DOCKED,63.0,0.0,0.0000,0.0000
161.24,DOCKED,59.7,0.0,0.0000,0.0000
161.74,DOCKED,58.2,0.0,0.0000,0.0000
162.24,DOCKED,62.9,0.0,0.0000,0.0000
162.74,DOCKED,60.0,0.0,0.0000,0.0000
163.24,DOCKED,56.4,0.0,0.0000,0.0000
163.74,DOCKED,56.8,0.0,0.0000,0.0000
164.24,DOCKED,60.4,0.0,0.0000,0.0000
164.74,DOCKED,59.5,0.0,0.0000,0.0000
165.24,DOCKED,59.0,0.0,0.0000,0.0000
165.74,DOCKED,57.9,0.0,0.0000,0.0000
166.24,DOCKED,57.9,0.0,0.0000,0.0000
166.73,DOCKED,60.3,0.0,0.0000,0.0000
167.24,DOCKED,61.3,0.0,0.0000,0.0000
167.74,DOCKED,59.3,0.0,0.0000,0.0000
168.24,DOCKED,60.5,0.0,0.0000,0.0000
168.74,DOCKED,59.9,0.0,0.0000,0.0000
169.24,DOCKED,56.7,0.0,0.0000,0.0000
169.74,DOCKED,59.8,0.0,0.0000,0.0000
170.23,DOCKED,61.0,0.0,0.0000,0.0000
170.74,DOCKED,60.4,0.0,0.0000,0.0000
171.24,DOCKED,57.4,0.0,0.0000,0.0000
171.74,DOCKED,60.1,0.0,0.0000,0.0000
172.24,DOCKED,60.7,0.0,0.0000,0.0000
172.74,DOCKED,58.8,0.0,0.0000,0.0000
173.24,DOCKED,59.3,0.0,0.0000,0.0000
173.74,DOCKED,55.3,0.0,0.0000,0.0000
174.24,DOCKED,59.5,0.0,0.0000,0.0000
174.74,DOCKED,58.1,0.0,0.0000,0.0000
175.24,DOCKED,58.2,0.0,0.0000,0.0000
175.74,DOCKED,58.6,0.0,0.0000,0.0000
176.24,DOCKED,60.2,0.0,0.0000,0.0000
176.74,DOCKED,59.9,0.0,0.0000,0.0000
177.24,DOCKED,55.2,0.0,0.0000,0.0000
177.74,DOCKED,56.5,0.0,0.0000,0.0000
178.24,DOCKED,63.5,0.0,0.0000,0.0000
178.74,DOCKED,56.8,0.0,0.0000,0.0000
179.24,DOCKED,59.0,0.0,0.0000,0.0000
179.74,DOCKED,57.5,0.0,0.0000,0.0000
180.24,DOCKED,60.2,0.0,0.0000,0.0000
180.74,DOCKED,59.3,0.0,0.0000,0.0000
181.24,DOCKED,57.9,0.0,0.0000,0.0000
181.74,DOCKED,58.5,0.0,0.0000,0.0000
182.24,DOCKED,57.5,0.0,0.0000,0.0000
182.74,DOCKED,58.2,0.0,0.0000,0.0000
183.24,DOCKED,60.7,0.0,0.0000,0.0000
183.74,DOCKED,56.2,0.0,0.0000,0.0000
184.24,DOCKED,58.0,0.0,0.0000,0.0000
184.74,DOCKED,58.8,0.0,0.0000,0.0000
185.24,DOCKED,56.9,0.0,0.0000,0.0000
185.74,DOCKED,57.7,0.0,0.0000,0.0000
186.24,DOCKED,59.2,0.0,0.0000,0.0000
186.74,DOCKED,57.9,0.0,0.0000,0.0000
187.24,DOCKED,56.4,0.0,0.0000,0.0000
187.74,DOCKED,56.6,0.0,0.0000,0.0000
188.24,DOCKED,57.5,0.0,0.0000,0.0000
188.73,DOCKED,58.8,0.0,0.0000,0.0000
189.24,DOCKED,57.5,0.0,0.0000,0.0000
189.74,DOCKED,59.2,0.0,0.0000,0.0000
190.24,DOCKED,56.0,0.0,0.0000,0.0000
190.74,DOCKED,55.6,0.0,0.0000,0.0000
191.24,DOCKED,57.4,0.0,0.0000,0.0000
191.74,DOCKED,55.9,0.0,0.0000,0.0000
192.24,DOCKED,54.6,0.0,0.0000,0.0000
192.74,DOCKED,60.0,0.0,0.0000,0.0000
193.23,DOCKED,53.8,0.0,0.0000,0.0000
193.74,DOCKED,58.0,0.0,0.0000,0.0000
194.23,DOCKED,59.6,0.0,0.0000,0.0000
194.74,DOCKED,55.9,0.0,0.0000,0.0000
195.24,DOCKED,56.4,0.0,0.0000,0.0000
195.74,DOCKED,54.8,0.0,0.0000,0.0000
196.24,DOCKED,58.7,0.0,0.0000,0.0000
196.74,DOCKED,59.2,0.0,0.0000,0.0000
197.24,DOCKED,55.5,0.0,0.0000,0.0000
197.74,DOCKED,57.3,0.0,0.0000,0.0000
198.24,DOCKED,55.8,0.0,0.0000,0.0000
198.74,DOCKED,57.3,0.0,0.0000,0.0000
199.24,DOCKED,58.1,0.0,0.0000,0.0000
199.74,DOCKED,55.4,0.0,0.0000,0.0000
200.24,DOCKED,56.9,0.0,0.0000,0.0000
200.74,DOCKED,58.3,0.0,0.0000,0.0000
201.24,DOCKED,55.5,0.0,0.0000,0.0000
201.74,DOCKED,56.4,0.0,0.0000,0.0000
202.24,DOCKED,60.4,0.0,0.0000,0.0000
202.74,DOCKED,58.8,0.0,0.0000,0.0000
203.24,DOCKED,56.2,0.0,0.0000,0.0000
203.74,DOCKED,55.7,0.0,0.0000,0.0000
204.24,DOCKED,60.3,0.0,0.0000,0.0000
204.74,DOCKED,58.5,0.0,0.0000,0.0000
205.24,DOCKED,56.8,0.0,0.0000,0.0000
205.74,DOCKED,58.3,0.0,0.0000,0.0000
206.24,DOCKED,54.8,0.0,0.0000,0.0000
206.74,DOCKED,55.8,0.0,0.0000,0.0000
207.24,DOCKED,59.0,0.0,0.0000,0.0000
207.74,DOCKED,56.8,0.0,0.0000,0.0000
208.24,DOCKED,59.4,0.0,0.0000,0.0000
208.74,DOCKED,59.5,0.0,0.0000,0.0000
209.24,DOCKED,58.2,0.0,0.0000,0.0000
209.74,DOCKED,57.1,0.0,0.0000,0.0000
210.24,DOCKED,60.7,0.0,0.0000,0.0000
210.74,DOCKED,58.0,0.0,0.0000,0.0000
211.24,DOCKED,60.3,0.0,0.0000,0.0000
211.74,DOCKED,53.8,0.0,0.0000,0.0000
212.24,DOCKED,60.3,0.0,0.0000,0.0000
212.74,DOCKED,60.4,0.0,0.0000,0.0000
213.24,DOCKED,57.1,0.0,0.0000,0.0000
213.74,DOCKED,57.4,0.0,0.0000,0.0000
214.24,DOCKED,60.3,0.0,0.0000,0.0000
214.74,DOCKED,57.8,0.0,0.0000,0.0000
215.23,DOCKED,58.2,0.0,0.0000,0.0000
215.74,DOCKED,59.2,0.0,0.0000,0.0000
216.24,DOCKED,59.3,0.0,0.0000,0.0000
216.74,DOCKED,58.0,0.0,0.0000,0.0000
217.24,DOCKED,59.8,0.0,0.0000,0.0000
217.74,DOCKED,59.8,0.0,0.0000,0.0000
218.24,DOCKED,61.2,0.0,0.0000,0.0000
218.74,DOCKED,58.5,0.0,0.0000,0.0000
219.24,DOCKED,60.3,0.0,0.0000,0.0000
219.74,DOCKED,59.0,0.0,0.0000,0.0000
220.24,DOCKED,63.3,0.0,0.0000,0.0000
220.74,DOCKED,60.7,0.0,0.0000,0.0000
221.24,DOCKED,61.0,0.0,0.0000,0.0000
221.74,DOCKED,58.7,0.0,0.0000,0.0000
222.24,DOCKED,61.0,0.0,0.0000,0.0000
222.74,DOCKED,60.0,0.0,0.0000,0.0000
223.24,DOCKED,61.7,0.0,0.0000,0.0000
223.74,DOCKED,60.9,0.0,0.0000,0.0000
224.24,DOCKED,58.2,0.0,0.0000,0.0000
224.73,DOCKED,62.6,0.0,0.0000,0.0000
225.24,DOCKED,58.2,0.0,0.0000,0.0000
225.74,DOCKED,59.5,0.0,0.0000,0.0000
226.24,DOCKED,61.9,0.0,0.0000,0.0000
226.74,DOCKED,60.1,0.0,0.0000,0.0000
227.24,DOCKED,60.5,0.0,0.0000,0.0000
227.74,DOCKED,57.7,0.0,0.0000,0.0000
228.24,DOCKED,63.2,0.0,0.0000,0.0000
228.74,DOCKED,61.7,0.0,0.0000,0.0000
229.24,DOCKED,62.3,0.0,0.0000,0.0000
229.74,DOCKED,59.1,0.0,0.0000,0.0000
230.24,DOCKED,61.2,0.0,0.0000,0.0000
230.74,DOCKED,60.1,0.0,0.0000,0.0000
231.24,DOCKED,60.7,0.0,0.0000,0.0000
231.74,DOCKED,59.6,0.0,0.0000,0.0000
232.24,DOCKED,59.2,0.0,0.0000,0.0000
232.74,DOCKED,63.7,0.0,0.0000,0.0000
233.24,DOCKED,59.3,0.0,0.0000,0.0000
233.74,DOCKED,60.6,0.0,0.0000,0.0000
234.24,DOCKED,64.9,0.0,0.0000,0.0000
234.74,DOCKED,61.9,0.0,0.0000,0.0000
235.24,DOCKED,58.3,0.0,0.0000,0.0000
235.74,DOCKED,58.3,0.0,0.0000,0.0000
236.24,DOCKED,61.7,0.0,0.0000,0.0000
236.74,DOCKED,62.6,0.0,0.0000,0.0000
237.24,DOCKED,57.5,0.0,0.0000,0.0000
237.74,DOCKED,61.1,0.0,0.0000,0.0000
238.24,DOCKED,58.2,0.0,0.0000,0.0000
238.74,DOCKED,58.4,0.0,0.0000,0.0000
239.24,DOCKED,58.0,0.0,0.0000,0.0000
239.74,DOCKED,60.3,0.0,0.0000,0.0000
240.24,DOCKED,56.9,0.0,0.0000,0.0000
240.74,DOCKED,58.9,0.0,0.0000,0.0000
241.24,DOCKED,59.9,0.0,0.0000,0.0000
241.74,DOCKED,56.2,0.0,0.0000,0.0000
242.24,DOCKED,60.3,0.0,0.0000,0.0000
242.74,DOCKED,58.7,0.0,0.0000,0.0000
243.24,DOCKED,57.6,0.0,0.0000,0.0000
243.74,DOCKED,59.5,0.0,0.0000,0.0000
244.24,DOCKED,61.9,0.0,0.0000,0.0000
244.74,DOCKED,58.3,0.0,0.0000,0.0000
245.24,DOCKED,59.0,0.0,0.0000,0.0000
245.74,DOCKED,57.6,0.0,0.0000,0.0000
246.24,DOCKED,58.5,0.0,0.0000,0.0000
246.74,DOCKED,60.2,0.0,0.0000,0.0000
247.24,DOCKED,57.0,0.0,0.0000,0.0000
247.74,DOCKED,59.3,0.0,0.0000,0.0000
248.24,DOCKED,57.7,0.0,0.0000,0.0000
248.74,DOCKED,59.5,0.0,0.0000,0.0000
249.24,DOCKED,57.5,0.0,0.0000,0.0000
249.74,DOCKED,57.8,0.0,0.0000,0.0000
250.24,DOCKED,62.5,0.0,0.0000,0.0000
250.74,DOCKED,60.1,0.0,0.0000,0.0000
251.24,DOCKED,55.6,0.0,0.0000,0.0000
251.74,DOCKED,58.3,0.0,0.0000,0.0000
252.24,DOCKED,61.8,0.0,0.0000,0.0000
252.74,DOCKED,60.3,0.0,0.0000,0.0000
253.24,DOCKED,57.0,0.0,0.0000,0.0000
253.74,DOCKED,58.9,0.0,0.0000,0.0000
254.24,DOCKED,58.6,0.0,0.0000,0.0000
254.74,DOCKED,56.9,0.0,0.0000,0.0000
255.24,DOCKED,61.1,0.0,0.0000,0.0000
255.74,DOCKED,56.5,0.0,0.0000,0.0000
256.24,DOCKED,60.1,0.0,0.0000,0.0000
256.74,DOCKED,57.4,0.0,0.0000,0.0000
257.24,DOCKED,59.2,0.0,0.0000,0.0000
257.74,DOCKED,57.7,0.0,0.0000,0.0000
258.24,DOCKED,61.2,0.0,0.0000,0.0000
258.74,DOCKED,57.1,0.0,0.0000,0.0000
259.24,DOCKED,58.5,0.0,0.0000,0.0000
259.74,DOCKED,57.5,0.0,0.0000,0.0000
260.24,DOCKED,60.7,0.0,0.0000,0.0000
260.74,DOCKED,61.6,0.0,0.0000,0.0000
261.24,DOCKED,58.7,0.0,0.0000,0.0000
261.74,DOCKED,60.1,0.0,0.0000,0.0000
262.24,DOCKED,60.0,0.0,0.0000,0.0000
262.74,DOCKED,58.2,0.0,0.0000,0.0000
263.23,DOCKED,58.2,0.0,0.0000,0.0000
263.74,DOCKED,58.1,0.0,0.0000,0.0000
264.24,DOCKED,58.4,0.0,0.0000,0.0000
264.74,DOCKED,60.2,0.0,0.0000,0.0000
265.24,DOCKED,59.6,0.0,0.0000,0.0000
265.74,DOCKED,58.7,0.0,0.0000,0.0000
266.24,DOCKED,62.0,0.0,0.0000,0.0000
266.74,DOCKED,57.2,0.0,0.0000,0.0000
267.24,DOCKED,58.4,0.0,0.0000,0.0000
267.74,DOCKED,57.7,0.0,0.0000,0.0000
268.23,DOCKED,61.5,0.0,0.0000,0.0000
268.74,DOCKED,60.0,0.0,0.0000,0.0000
269.24,DOCKED,57.6,0.0,0.0000,0.0000
269.74,DOCKED,57.6,0.0,0.0000,0.0000
270.24,DOCKED,58.2,0.0,0.0000,0.0000
270.74,DOCKED,58.7,0.0,0.0000,0.0000
271.24,DOCKED,57.1,0.0,0.0000,0.0000
271.74,DOCKED,56.2,0.0,0.0000,0.0000
272.24,DOCKED,58.2,0.0,0.0000,0.0000
272.74,DOCKED,60.2,0.0,0.0000,0.0000
273.24,DOCKED,57.3,0.0,0.0000,0.0000
273.74,DOCKED,54.7,0.0,0.0000,0.0000
274.24,DOCKED,61.0,0.0,0.0000,0.0000
274.74,DOCKED,57.9,0.0,0.0000,0.0000
275.24,DOCKED,58.7,0.0,0.0000,0.0000
275.74,DOCKED,56.6,0.0,0.0000,0.0000
276.24,DOCKED,61.6,0.0,0.0000,0.0000
276.74,DOCKED,58.3,0.0,0.0000,0.0000
277.24,DOCKED,57.6,0.0,0.0000,0.0000
277.74,DOCKED,58.0,0.0,0.0000,0.0000
278.24,DOCKED,57.9,0.0,0.0000,0.0000
278.74,DOCKED,56.9,0.0,0.0000,0.0000
279.24,DOCKED,57.0,0.0,0.0000,0.0000
279.74,DOCKED,58.9,0.0,0.0000,0.0000
280.24,DOCKED,58.2,0.0,0.0000,0.0000
280.74,DOCKED,60.1,0.0,0.0000,0.0000
281.23,DOCKED,56.7,0.0,0.0000,0.0000
281.74,DOCKED,56.5,0.0,0.0000,0.0000
282.24,DOCKED,60.6,0.0,0.0000,0.0000
282.74,DOCKED,58.2,0.0,0.0000,0.0000
283.24,DOCKED,58.1,0.0,0.0000,0.0000
283.74,DOCKED,57.7,0.0,0.0000,0.0000
284.24,DOCKED,59.3,0.0,0.0000,0.0000
284.74,DOCKED,58.0,0.0,0.0000,0.0000
285.24,DOCKED,58.2,0.0,0.0000,0.0000
285.74,DOCKED,57.8,0.0,0.0000,0.0000
286.24,DOCKED,58.0,0.0,0.0000,0.0000
286.74,DOCKED,56.3,0.0,0.0000,0.0000
287.24,DOCKED,57.3,0.0,0.0000,0.0000
287.74,DOCKED,57.6,0.0,0.0000,0.0000
288.23,DOCKED,57.8,0.0,0.0000,0.0000
288.74,DOCKED,56.7,0.0,0.0000,0.0000
289.24,DOCKED,58.1,0.0,0.0000,0.0000
289.74,DOCKED,58.3,0.0,0.0000,0.0000
290.24,DOCKED,60.8,0.0,0.0000,0.0000
290.74,DOCKED,58.0,0.0,0.0000,0.0000
291.24,DOCKED,58.0,0.0,0.0000,0.0000
291.74,DOCKED,59.2,0.0,0.0000,0.0000
292.24,DOCKED,60.1,0.0,0.0000,0.0000
292.74,DOCKED,60.8,0.0,0.0000,0.0000
293.24,DOCKED,60.3,0.0,0.0000,0.0000
293.74,DOCKED,58.8,0.0,0.0000,0.0000
294.24,DOCKED,58.3,0.0,0.0000,0.0000
294.73,DOCKED,61.1,0.0,0.0000,0.0000
295.23,DOCKED,59.9,0.0,0.0000,0.0000
295.74,DOCKED,58.3,0.0,0.0000,0.0000
296.24,DOCKED,58.0,0.0,0.0000,0.0000
296.74,DOCKED,60.5,0.0,0.0000,0.0000
297.24,DOCKED,57.9,0.0,0.0000,0.0000
297.74,DOCKED,58.0,0.0,0.0000,0.0000
298.24,DOCKED,60.9,0.0,0.0000,0.0000
298.74,DOCKED,57.7,0.0,0.0000,0.0000
299.23,DOCKED,59.0,0.0,0.0000,0.0000
299.74,DOCKED,56.9,0.0,0.0000,0.0000
300.24,DOCKED,62.6,0.0,0.0000,0.0000
300.74,DOCKED,60.3,0.0,0.0000,0.0000
301.24,DOCKED,59.3,0.0,0.0000,0.0000
301.74,DOCKED,60.0,0.0,0.0000,0.0000
302.24,DOCKED,57.9,0.0,0.0000,0.0000
302.74,DOCKED,59.4,0.0,0.0000,0.0000
303.24,DOCKED,57.4,0.0,0.0000,0.0000
303.74,DOCKED,58.0,0.0,0.0000,0.0000
304.24,DOCKED,59.6,0.0,0.0000,0.0000
304.74,DOCKED,62.8,0.0,0.0000,0.0000
305.23,DOCKED,59.1,0.0,0.0000,0.0000
305.74,DOCKED,57.0,0.0,0.0000,0.0000
306.23,DOCKED,62.6,0.0,0.0000,0.0000
306.74,DOCKED,61.1,0.0,0.0000,0.0000
307.24,DOCKED,57.0,0.0,0.0000,0.0000
307.74,DOCKED,60.5,0.0,0.0000,0.0000
308.24,DOCKED,62.0,0.0,0.0000,0.0000
308.74,DOCKED,62.0,0.0,0.0000,0.0000
309.24,DOCKED,60.9,0.0,0.0000,0.0000
309.74,DOCKED,58.8,0.0,0.0000,0.0000
310.23,DOCKED,60.3,0.0,0.0000,0.0000
310.74,DOCKED,59.5,0.0,0.0000,0.0000
311.24,DOCKED,60.8,0.0,0.0000,0.0000
311.74,DOCKED,62.5,0.0,0.0000,0.0000
312.24,DOCKED,60.2,0.0,0.0000,0.0000
312.74,DOCKED,61.9,0.0,0.0000,0.0000
313.24,DOCKED,65.3,0.0,0.0000,0.0000
313.73,DOCKED,69.0,0.0,0.0000,0.0000
314.24,DOCKED,62.9,0.0,0.0000,0.0000
314.74,DOCKED,62.5,0.0,0.0000,0.0000
315.24,DOCKED,59.2,0.0,0.0000,0.0000
315.74,DOCKED,61.7,0.0,0.0000,0.0000
316.24,DOCKED,62.9,0.0,0.0000,0.0000
316.74,DOCKED,58.6,0.0,0.0000,0.0000
317.24,DOCKED,59.9,0.0,0.0000,0.0000
317.74,DOCKED,58.3,0.0,0.0000,0.0000
318.24,DOCKED,59.1,0.0,0.0000,0.0000
318.74,DOCKED,61.6,0.0,0.0000,0.0000
319.23,DOCKED,62.6,0.0,0.0000,0.0000
319.73,DOCKED,66.6,0.0,0.0000,0.0000
320.24,DOCKED,61.5,0.0,0.0000,0.0000
320.73,DOCKED,67.1,0.0,0.0000,0.0000
321.23,DOCKED,59.5,0.0,0.0000,0.0000
321.74,DOCKED,61.0,0.0,0.0000,0.0000
322.24,DOCKED,64.3,0.0,0.0000,0.0000
322.74,DOCKED,58.4,0.0,0.0000,0.0000
323.24,DOCKED,61.7,0.0,0.0000,0.0000
323.74,DOCKED,60.5,0.0,0.0000,0.0000
324.24,DOCKED,61.2,0.0,0.0000,0.0000
324.74,DOCKED,60.3,0.0,0.0000,0.0000
325.23,DOCKED,59.1,0.0,0.0000,0.0000
325.74,DOCKED,59.4,0.0,0.0000,0.0000
326.23,DOCKED,57.5,0.0,0.0000,0.0000
326.74,DOCKED,59.3,0.0,0.0000,0.0000
327.23,DOCKED,60.5,0.0,0.0000,0.0000
327.74,DOCKED,60.1,0.0,0.0000,0.0000
328.23,DOCKED,60.5,0.0,0.0000,0.0000
328.74,DOCKED,61.4,0.0,0.0000,0.0000
329.24,DOCKED,57.9,0.0,0.0000,0.0000
329.74,DOCKED,56.1,0.0,0.0000,0.0000
330.24,DOCKED,62.5,0.0,0.0000,0.0000
330.74,DOCKED,60.3,0.0,0.0000,0.0000
331.24,DOCKED,59.5,0.0,0.0000,0.0000
331.74,DOCKED,56.7,0.0,0.0000,0.0000
332.24,DOCKED,62.0,0.0,0.0000,0.0000
332.73,DOCKED,60.1,0.0,0.0000,0.0000
333.24,DOCKED,60.1,0.0,0.0000,0.0000
333.74,DOCKED,57.9,0.0,0.0000,0.0000
334.24,DOCKED,59.9,0.0,0.0000,0.0000
334.74,DOCKED,58.9,0.0,0.0000,0.0000
335.24,DOCKED,59.4,0.0,0.0000,0.0000
335.74,DOCKED,56.2,0.0,0.0000,0.0000
336.24,DOCKED,60.8,0.0,0.0000,0.0000
336.74,DOCKED,62.0,0.0,0.0000,0.0000
337.24,DOCKED,60.0,0.0,0.0000,0.0000
337.74,DOCKED,58.5,0.0,0.0000,0.0000
338.23,DOCKED,60.2,0.0,0.0000,0.0000
338.74,DOCKED,60.4,0.0,0.0000,0.0000
339.24,DOCKED,57.0,0.0,0.0000,0.0000
339.74,DOCKED,57.0,0.0,0.0000,0.0000
340.24,DOCKED,61.1,0.0,0.0000,0.0000
340.74,DOCKED,63.1,0.0,0.0000,0.0000
341.24,DOCKED,58.9,0.0,0.0000,0.0000
341.74,DOCKED,57.7,0.0,0.0000,0.0000
342.23,DOCKED,61.2,0.0,0.0000,0.0000
342.74,DOCKED,55.8,0.0,0.0000,0.0000
343.24,DOCKED,58.6,0.0,0.0000,0.0000
343.74,DOCKED,59.0,0.0,0.0000,0.0000
344.23,DOCKED,58.6,0.0,0.0000,0.0000
344.73,DOCKED,65.8,0.0,0.0000,0.0000
345.23,DOCKED,60.1,0.0,0.0000,0.0000
345.74,DOCKED,61.7,0.0,0.0000,0.0000
346.23,DOCKED,61.7,0.0,0.0000,0.0000
346.74,DOCKED,56.8,0.0,0.0000,0.0000
347.23,DOCKED,60.4,0.0,0.0000,0.0000
347.74,DOCKED,59.1,0.0,0.0000,0.0000
348.24,DOCKED,61.1,0.0,0.0000,0.0000
348.74,DOCKED,59.6,0.0,0.0000,0.0000
349.24,DOCKED,59.0,0.0,0.0000,0.0000
349.74,DOCKED,59.6,0.0,0.0000,0.0000
350.23,DOCKED,58.4,0.0,0.0000,0.0000
350.74,DOCKED,56.5,0.0,0.0000,0.0000
351.24,DOCKED,58.0,0.0,0.0000,2.3915
351.73,DOCKED,58.8,0.0,0.0000,2.3915
352.23,DOCKED,59.2,0.0,0.0000,2.3915
352.74,DOCKED,64.2,0.0,0.3000,0.0000
353.24,DOCKED,59.0,0.0,0.3000,0.0000
353.74,DOCKED,58.6,0.0,0.0000,2.3915
354.23,DOCKED,63.6,0.0,0.3000,0.0000
354.74,DOCKED,58.9,0.0,0.0000,2.3915
355.23,DOCKED,59.5,0.0,0.3000,0.0000
355.73,DOCKED,59.8,0.0,0.3000,-2.3915
356.24,DOCKED,62.0,0.0,0.3000,-2.3915
356.74,DOCKED,60.8,0.0,0.3000,-2.3915
357.23,DOCKED,58.4,0.0,0.3000,-2.3915
357.74,DOCKED,59.9,0.0,0.3000,-2.3915
358.23,DOCKED,61.5,0.0,0.3000,-2.3915
358.74,DOCKED,58.3,0.0,0.0000,0.0000
359.24,DOCKED,60.0,0.0,0.0000,0.0000
359.74,DOCKED,58.4,0.0,0.0000,0.0000
360.24,DOCKED,65.0,0.0,0.0000,0.0000
360.74,DOCKED,62.2,0.0,0.0000,0.0000
361.24,DOCKED,62.1,0.0,0.0000,0.0000
361.74,DOCKED,58.6,0.0,0.0000,0.0000
362.24,DOCKED,64.9,0.0,0.0000,0.0000
362.74,DOCKED,58.2,0.0,0.0000,0.0000
363.23,DOCKED,61.9,0.0,0.0000,0.0000
363.74,DOCKED,59.0,0.0,0.0000,0.0000
364.24,DOCKED,62.8,0.0,0.0000,0.0000
364.74,DOCKED,63.6,0.0,0.0000,0.0000
0.38,VISUAL_SERVO_DOCK,61.1,0.0,0.2000,0.5000
0.88,VISUAL_SERVO_DOCK,58.9,0.0,0.2000,0.5000
1.38,VISUAL_SERVO_DOCK,63.8,0.0,0.2000,0.5000
1.88,VISUAL_SERVO_DOCK,58.5,0.0,0.2000,0.5000
2.38,VISUAL_SERVO_DOCK,62.1,0.0,0.2000,0.0000
2.88,VISUAL_SERVO_DOCK,57.3,0.0,0.2000,-0.5000
3.38,VISUAL_SERVO_DOCK,61.0,0.0,0.2000,-0.5000
3.88,VISUAL_SERVO_DOCK,58.0,0.0,0.2000,-0.5000
4.38,VISUAL_SERVO_DOCK,58.7,0.0,0.2000,-0.5000
4.88,ABORTED,56.8,0.0,0.0000,0.0000
5.38,ABORTED,61.9,0.0,0.0000,0.0000
5.88,ABORTED,55.2,0.0,0.0000,0.0000
6.38,ABORTED,59.0,0.0,0.0000,0.0000
6.88,ABORTED,55.0,0.0,0.0000,0.0000
7.38,ABORTED,61.3,0.0,0.0000,0.0000
7.88,ABORTED,59.2,0.0,0.0000,0.0000
8.38,ABORTED,56.0,0.0,-0.3000,0.0000
8.88,ABORTED,57.6,0.0,-0.3000,0.0000
9.38,ABORTED,59.6,0.0,-0.3000,0.0000
9.88,ABORTED,60.2,0.0,-0.3000,0.0000
10.38,ABORTED,60.4,0.0,-0.3000,0.0000
10.88,ABORTED,58.5,0.0,-0.3000,0.0000
11.38,ABORTED,61.9,0.0,0.3000,2.3915
11.88,ABORTED,61.3,0.0,0.3000,2.3915
12.38,ABORTED,61.8,0.0,0.3000,0.0000
12.88,ABORTED,57.7,0.0,0.3000,0.0000
13.38,ABORTED,59.6,0.0,0.3000,-2.3915
13.88,ABORTED,57.2,0.0,0.3000,-2.3915
14.38,ABORTED,60.0,0.0,0.3000,2.3915
14.88,ABORTED,56.1,0.0,0.3000,2.3915
15.38,ABORTED,63.4,0.0,0.3000,2.3915
15.89,ABORTED,59.7,0.0,0.3000,2.3915
16.38,ABORTED,60.8,0.0,0.3000,2.3915
16.88,ABORTED,60.5,0.0,0.3000,2.3915
17.38,ABORTED,60.1,0.0,0.3000,2.3915
17.88,ABORTED,59.8,0.0,0.0000,0.0000
18.38,ABORTED,57.4,0.0,0.0000,0.0000
18.88,ABORTED,61.5,0.0,0.0000,0.0000
19.38,ABORTED,63.5,0.0,0.0000,0.0000
19.88,ABORTED,57.8,0.0,0.0000,0.0000
20.38,ABORTED,59.8,0.0,0.0000,0.0000
20.88,ABORTED,63.4,0.0,0.0000,0.0000
21.38,ABORTED,65.2,0.0,0.0000,0.0000
21.88,ABORTED,60.0,0.0,0.0000,0.0000
22.38,ABORTED,61.5,0.0,0.0000,0.0000
22.88,ABORTED,61.9,0.0,0.0000,0.0000
23.38,ABORTED,63.3,0.0,0.0000,0.0000
23.88,ABORTED,59.3,0.0,0.0000,0.0000
24.38,ABORTED,63.8,0.0,0.0000,0.0000
24.88,ABORTED,64.1,0.0,0.0000,0.0000
25.38,ABORTED,64.3,0.0,0.0000,0.0000
25.88,ABORTED,60.7,0.0,0.0000,0.0000
26.38,ABORTED,61.5,0.0,0.0000,0.0000
26.88,ABORTED,64.6,0.0,0.0000,0.0000
27.38,ABORTED,59.4,0.0,0.0000,0.0000
27.88,ABORTED,61.7,0.0,0.0000,0.0000
0.25,VISUAL_HOMING,61.3,0.0,0.2000,-0.1899
0.75,VISUAL_HOMING,58.3,0.0,0.2544,-0.1151
1.25,VISUAL_HOMING,63.5,0.0,0.1866,-0.1030
1.75,VISUAL_HOMING,59.7,0.0,0.1233,0.0502
2.25,VISUAL_SERVO_DOCK,62.8,0.0,0.0000,0.0000
2.75,VISUAL_SERVO_DOCK,65.9,0.0,0.0000,0.0000
3.25,VISUAL_SERVO_DOCK,63.2,0.0,0.2000,0.5000
3.75,VISUAL_SERVO_DOCK,63.0,0.0,0.2000,0.5340
4.25,VISUAL_SERVO_DOCK,60.6,0.0,0.2000,0.6336
4.75,VISUAL_SERVO_DOCK,65.2,0.0,0.2000,0.6512
5.25,VISUAL_SERVO_DOCK,61.6,0.0,0.2000,0.0000
5.75,VISUAL_SERVO_DOCK,60.2,0.0,0.2000,0.0000
6.25,VISUAL_SERVO_DOCK,59.7,0.0,0.2000,0.0000
6.75,VISUAL_SERVO_DOCK,58.3,0.0,0.2000,0.0000
7.25,DOCKED,62.5,0.0,0.0000,0.0000
7.75,DOCKED,60.3,0.0,0.0000,0.0000
8.25,DOCKED,59.7,0.0,0.0000,0.0000
8.75,DOCKED,58.9,0.0,0.0000,0.0000
9.25,DOCKED,60.5,0.0,0.0000,0.0000
9.75,DOCKED,60.3,0.0,0.0000,0.0000
10.25,DOCKED,59.5,0.0,0.0000,0.0000
10.75,DOCKED,58.7,0.0,0.0000,0.0000
11.25,DOCKED,61.9,0.0,0.0000,0.0000
11.75,DOCKED,61.5,0.0,0.0000,0.0000
12.25,DOCKED,59.9,0.0,0.0000,0.0000
12.75,DOCKED,61.2,0.0,0.0000,0.0000
13.25,DOCKED,60.7,0.0,0.0000,0.0000
13.75,DOCKED,61.9,0.0,0.0000,0.0000
14.25,DOCKED,58.0,0.0,0.0000,0.0000
14.75,DOCKED,61.2,0.0,0.0000,0.0000
15.25,DOCKED,57.9,0.0,0.0000,0.0000
15.75,DOCKED,62.9,0.0,0.0000,0.0000
16.25,DOCKED,59.7,0.0,0.0000,0.0000
16.75,DOCKED,60.9,0.0,0.0000,0.0000
17.25,DOCKED,61.6,0.0,0.0000,0.0000
17.75,DOCKED,60.0,0.0,0.0000,0.0000
18.25,DOCKED,61.9,0.0,0.0000,0.0000
18.75,DOCKED,57.7,0.0,0.0000,0.0000
19.25,DOCKED,63.0,0.0,0.0000,0.0000
19.75,DOCKED,60.1,0.0,0.0000,0.0000
20.25,DOCKED,59.0,0.0,0.0000,0.0000
20.75,DOCKED,60.3,0.0,0.0000,0.0000
21.25,DOCKED,62.5,0.0,0.0000,0.0000
21.75,DOCKED,59.6,0.0,0.0000,0.0000
22.25,DOCKED,58.0,0.0,0.0000,0.0000
22.75,DOCKED,59.7,0.0,0.0000,0.0000
23.25,DOCKED,62.3,0.0,0.0000,0.0000
23.75,DOCKED,59.1,0.0,0.0000,0.0000
24.25,DOCKED,61.3,0.0,0.0000,0.0000
24.75,DOCKED,63.8,0.0,0.0000,0.0000
25.25,DOCKED,56.9,0.0,0.0000,0.0000
25.75,DOCKED,60.8,0.0,0.0000,0.0000
26.25,DOCKED,57.0,0.0,0.0000,0.0000
26.75,DOCKED,61.0,0.0,0.0000,0.0000
27.25,DOCKED,62.2,0.0,0.0000,0.0000
27.75,DOCKED,62.0,0.0,0.0000,0.0000
28.25,DOCKED,59.1,0.0,0.0000,0.0000
28.75,DOCKED,57.9,0.0,0.0000,0.0000
29.25,DOCKED,57.8,0.0,0.0000,0.0000
29.75,DOCKED,60.5,0.0,0.0000,0.0000
30.25,DOCKED,60.7,0.0,0.0000,0.0000
30.75,DOCKED,57.9,0.0,0.0000,0.0000
31.25,DOCKED,61.9,0.0,0.0000,0.0000
31.75,DOCKED,58.6,0.0,0.0000,0.0000
32.25,DOCKED,62.4,0.0,0.0000,0.0000
32.75,DOCKED,61.2,0.0,0.0000,0.0000
33.25,DOCKED,64.9,0.0,0.0000,0.0000
33.75,DOCKED,58.9,0.0,0.0000,0.0000
34.25,DOCKED,61.3,0.0,0.0000,0.0000
34.75,DOCKED,60.3,0.0,0.0000,0.0000
35.25,DOCKED,62.0,0.0,0.0000,0.0000
35.75,DOCKED,60.5,0.0,0.0000,0.0000
36.25,DOCKED,60.1,0.0,0.0000,0.0000
36.75,DOCKED,62.6,0.0,0.0000,0.0000
37.25,DOCKED,62.4,0.0,0.0000,0.0000
37.75,DOCKED,60.4,0.0,0.0000,0.0000
38.25,DOCKED,62.1,0.0,0.0000,0.0000
38.75,DOCKED,59.1,0.0,0.0000,0.0000
39.25,DOCKED,60.3,0.0,0.0000,0.0000
39.75,DOCKED,61.8,0.0,0.0000,0.0000
40.25,DOCKED,58.0,0.0,0.0000,0.0000
40.75,DOCKED,57.4,0.0,0.0000,0.0000
41.25,DOCKED,61.5,0.0,0.0000,0.0000
41.75,DOCKED,59.9,0.0,0.0000,0.0000
42.25,DOCKED,58.4,0.0,0.0000,0.0000
42.75,DOCKED,58.4,0.0,0.0000,0.0000
43.25,DOCKED,61.6,0.0,0.0000,0.0000
43.75,DOCKED,69.4,0.0,0.0000,0.0000
44.25,DOCKED,59.3,0.0,0.0000,0.0000
44.75,DOCKED,64.6,0.0,0.0000,0.0000
45.25,DOCKED,57.7,0.0,0.0000,0.0000
45.75,DOCKED,60.7,0.0,0.0000,0.0000
46.25,DOCKED,60.3,0.0,0.0000,0.0000
46.75,DOCKED,57.8,0.0,0.0000,0.0000
47.26,DOCKED,58.3,0.0,0.0000,0.0000
47.75,DOCKED,64.2,0.0,0.0000,0.0000
48.25,DOCKED,59.5,0.0,0.0000,0.0000
48.75,DOCKED,59.5,0.0,0.0000,0.0000
49.25,DOCKED,63.6,0.0,0.0000,0.0000
49.75,DOCKED,60.1,0.0,0.0000,0.0000
50.25,DOCKED,58.2,0.0,0.0000,0.0000
50.75,DOCKED,67.5,0.0,0.0000,0.0000
51.25,DOCKED,63.1,0.0,0.0000,0.0000
51.75,DOCKED,63.3,0.0,0.0000,0.0000
52.25,DOCKED,58.7,0.0,0.0000,0.0000
52.75,DOCKED,58.2,0.0,0.0000,0.0000
53.25,DOCKED,56.8,0.0,0.0000,0.0000
53.75,DOCKED,59.4,0.0,0.0000,0.0000
54.25,DOCKED,61.3,0.0,0.0000,0.0000
54.75,DOCKED,60.4,0.0,0.0000,0.0000
55.25,DOCKED,61.0,0.0,0.0000,0.0000
55.75,DOCKED,60.7,0.0,0.0000,2.3915
56.25,DOCKED,63.7,0.0,0.0000,2.3915
56.75,DOCKED,62.8,0.0,0.0000,2.3915
57.25,DOCKED,62.8,0.0,0.3000,-2.3915
57.75,DOCKED,59.6,0.0,0.3000,-2.3915
58.25,DOCKED,57.3,0.0,0.0000,2.3915
58.75,DOCKED,61.4,0.0,0.0000,2.3915
59.25,DOCKED,62.6,0.0,0.3000,0.0000
59.75,DOCKED,62.2,0.0,0.3000,2.3915
60.25,DOCKED,58.4,0.0,0.3000,2.3915
60.75,DOCKED,60.4,0.0,0.3000,2.3915
61.25,DOCKED,59.9,0.0,0.3000,2.3915
61.75,DOCKED,61.9,0.0,0.3000,2.3915
62.25,DOCKED,61.7,0.0,0.3000,2.3915
62.75,DOCKED,59.3,0.0,0.0000,0.0000
63.25,DOCKED,63.2,0.0,0.0000,0.0000
63.75,DOCKED,61.4,0.0,-0.3000,2.3915
64.25,DOCKED,58.8,0.0,-0.3000,2.3915
64.75,DOCKED,61.2,0.0,0.0000,0.0000
65.25,DOCKED,60.2,0.0,0.0000,0.0000
65.75,DOCKED,57.9,0.0,-0.3000,-2.3915
66.25,DOCKED,58.4,0.0,0.0000,0.0000
66.75,DOCKED,58.7,0.0,0.0000,0.0000
67.25,DOCKED,61.4,0.0,0.0000,0.0000
67.75,DOCKED,60.8,0.0,0.0000,0.0000
68.25,DOCKED,60.2,0.0,0.0000,0.0000
68.75,DOCKED,59.9,0.0,0.0000,0.0000
69.25,DOCKED,61.0,0.0,0.0000,0.0000
69.75,DOCKED,61.8,0.0,0.0000,0.0000
70.25,DOCKED,61.3,0.0,0.0000,0.0000
70.75,DOCKED,62.5,0.0,0.0000,0.0000
71.25,DOCKED,58.9,0.0,0.0000,0.0000
71.75,DOCKED,63.5,0.0,0.0000,0.0000
72.25,DOCKED,57.0,0.0,0.0000,0.0000
72.75,DOCKED,59.9,0.0,0.0000,0.0000
73.25,DOCKED,63.7,0.0,0.0000,0.0000
0.14,VISUAL_HOMING,62.4,0.0,0.2695,-0.2269
0.64,VISUAL_HOMING,61.6,0.0,0.2452,-0.2704
1.15,VISUAL_HOMING,56.2,0.0,0.1586,-0.2343
1.64,VISUAL_HOMING,63.3,0.0,0.1455,-0.2753
2.14,VISUAL_SERVO_DOCK,64.1,0.0,0.0325,-0.0789
2.64,VISUAL_SERVO_DOCK,61.2,0.0,0.0000,0.0000
3.14,VISUAL_SERVO_DOCK,56.9,0.0,0.2000,-0.5000
3.64,VISUAL_SERVO_DOCK,58.5,0.0,0.2000,-0.5000
4.14,VISUAL_SERVO_DOCK,64.4,0.0,0.2000,0.0000
4.65,VISUAL_SERVO_DOCK,58.9,0.0,0.2000,0.5000
5.14,VISUAL_SERVO_DOCK,61.5,0.0,0.2000,0.0000
5.64,VISUAL_SERVO_DOCK,60.6,0.0,0.2000,0.0000
6.14,VISUAL_SERVO_DOCK,57.5,0.0,0.2000,0.0000
6.64,VISUAL_SERVO_DOCK,55.7,0.0,0.2000,0.0000
7.14,DOCKED,58.8,0.0,0.0000,0.0000
7.65,DOCKED,58.2,0.0,0.0000,0.0000
8.14,DOCKED,54.4,0.0,0.0000,0.0000
8.65,DOCKED,56.8,0.0,0.0000,0.0000
9.14,DOCKED,57.0,0.0,0.0000,0.0000
9.65,DOCKED,57.4,0.0,0.0000,0.0000
10.14,DOCKED,59.2,0.0,0.0000,0.0000
10.65,DOCKED,58.3,0.0,0.0000,0.0000
11.14,DOCKED,58.7,0.0,0.0000,0.0000
11.64,DOCKED,59.5,0.0,0.0000,0.0000
12.14,DOCKED,54.9,0.0,0.0000,0.0000
12.65,DOCKED,58.6,0.0,0.0000,0.0000
13.14,DOCKED,56.0,0.0,0.0000,0.0000
13.64,DOCKED,58.6,0.0,0.0000,0.0000
14.14,DOCKED,60.1,0.0,0.0000,0.0000
14.64,DOCKED,62.7,0.0,0.0000,0.0000
15.15,DOCKED,59.7,0.0,0.0000,0.0000
15.64,DOCKED,60.5,0.0,0.0000,0.0000
16.14,DOCKED,61.7,0.0,0.0000,0.0000
16.64,DOCKED,57.3,0.0,0.0000,0.0000
17.14,DOCKED,59.0,0.0,0.0000,0.0000
17.64,DOCKED,61.2,0.0,0.0000,0.0000
18.15,DOCKED,61.9,0.0,0.0000,0.0000
18.64,DOCKED,56.6,0.0,0.0000,0.0000
19.14,DOCKED,61.3,0.0,0.0000,0.0000
19.64,DOCKED,57.1,0.0,0.0000,0.0000
20.14,DOCKED,57.0,0.0,0.0000,0.0000
20.64,DOCKED,58.4,0.0,-0.3000,2.3915
21.14,DOCKED,58.6,0.0,-0.3000,2.3915
21.64,DOCKED,61.0,0.0,-0.3000,2.3915
22.14,DOCKED,59.1,0.0,-0.3000,2.3915
22.64,DOCKED,60.9,0.0,-0.3000,2.3915
23.14,DOCKED,60.8,0.0,0.0000,0.0000
23.64,DOCKED,60.1,0.0,0.3000,0.0000
24.15,DOCKED,57.0,0.0,0.3000,2.3915
24.64,DOCKED,60.7,0.0,0.3000,2.3915
25.14,DOCKED,61.6,0.0,0.3000,0.0000
25.64,DOCKED,57.3,0.0,0.3000,-2.3915
26.14,DOCKED,61.7,0.0,0.3000,-2.3915
26.64,DOCKED,62.5,0.0,0.3000,-2.3915
27.15,DOCKED,60.9,0.0,0.3000,-2.3915
27.64,DOCKED,61.4,0.0,0.3000,0.0000
28.14,DOCKED,56.9,0.0,0.3000,-2.3915
28.65,DOCKED,61.4,0.0,0.0000,0.0000
29.15,DOCKED,61.0,0.0,0.0000,0.0000
29.64,DOCKED,63.8,0.0,0.3000,0.0000
30.15,DOCKED,61.6,0.0,0.0000,0.0000
30.64,DOCKED,62.6,0.0,0.0000,0.0000
31.15,DOCKED,60.9,0.0,0.0000,0.0000
31.65,DOCKED,66.1,0.0,0.0000,0.0000
32.15,DOCKED,59.7,0.0,0.0000,0.0000
32.64,DOCKED,65.3,0.0,0.0000,0.0000
33.14,DOCKED,62.7,0.0,0.0000,0.0000
33.65,DOCKED,61.4,0.0,0.0000,0.0000
34.15,DOCKED,66.2,0.0,0.0000,0.0000
34.64,DOCKED,63.2,0.0,0.0000,0.0000
0.29,VISUAL_HOMING,62.0,0.0,0.1321,-0.2200
0.79,VISUAL_HOMING,61.1,0.0,0.3000,-0.2950
1.29,VISUAL_HOMING,64.3,0.0,0.2353,-0.1841
1.79,VISUAL_SERVO_DOCK,63.6,0.0,0.0000,0.0000
2.29,VISUAL_SERVO_DOCK,61.3,0.0,0.0000,0.0000
2.79,VISUAL_SERVO_DOCK,64.1,0.0,0.2000,-1.0000
3.29,VISUAL_SERVO_DOCK,62.8,0.0,0.2000,-1.0000
3.79,VISUAL_SERVO_DOCK,61.0,0.0,0.2000,-0.9106
4.29,VISUAL_SERVO_DOCK,67.0,0.0,0.2000,-0.5000
4.79,VISUAL_SERVO_DOCK,63.5,0.0,0.2000,0.0000
5.29,VISUAL_SERVO_DOCK,64.3,0.0,0.2000,0.0000
5.79,VISUAL_SERVO_DOCK,59.7,0.0,0.2000,0.0000
6.29,VISUAL_SERVO_DOCK,59.9,0.0,0.2000,0.0000
6.79,DOCKED,66.6,0.0,0.0000,0.0000
7.29,DOCKED,61.2,0.0,0.0000,0.0000
7.79,DOCKED,59.7,0.0,0.0000,0.0000
8.29,DOCKED,60.3,0.0,0.0000,0.0000
8.79,DOCKED,58.4,0.0,0.0000,0.0000
9.29,DOCKED,60.1,0.0,0.0000,0.0000
9.79,DOCKED,59.2,0.0,0.0000,0.0000
10.29,DOCKED,62.6,0.0,0.0000,0.0000
10.79,DOCKED,61.3,0.0,0.0000,0.0000
11.29,DOCKED,61.4,0.0,0.0000,0.0000
11.79,DOCKED,59.1,0.0,0.0000,0.0000
12.29,DOCKED,57.1,0.0,0.0000,0.0000
12.79,DOCKED,61.9,0.0,0.0000,0.0000
13.29,DOCKED,59.4,0.0,0.0000,0.0000
13.79,DOCKED,58.6,0.0,0.0000,0.0000
14.29,DOCKED,58.9,0.0,0.0000,0.0000
14.79,DOCKED,60.9,0.0,0.0000,0.0000
15.29,DOCKED,60.1,0.0,0.0000,0.0000
15.79,DOCKED,58.2,0.0,0.0000,0.0000
16.29,DOCKED,59.2,0.0,0.0000,0.0000
16.79,DOCKED,58.7,0.0,0.0000,0.0000
17.29,DOCKED,57.3,0.0,0.0000,0.0000
17.79,DOCKED,57.4,0.0,0.0000,0.0000
18.29,DOCKED,62.2,0.0,0.0000,0.0000
18.79,DOCKED,67.8,0.0,0.0000,0.0000
19.29,DOCKED,60.1,0.0,0.0000,0.0000
19.79,DOCKED,61.3,0.0,0.0000,0.0000
20.29,DOCKED,57.9,0.0,0.0000,0.0000
20.79,DOCKED,62.8,0.0,0.0000,0.0000
21.29,DOCKED,59.4,0.0,0.0000,0.0000
21.79,DOCKED,61.5,0.0,0.0000,0.0000
22.29,DOCKED,64.5,0.0,0.0000,0.0000
22.79,DOCKED,60.4,0.0,0.0000,0.0000
23.29,DOCKED,61.1,0.0,0.0000,0.0000
23.79,DOCKED,55.9,0.0,0.0000,0.0000
24.29,DOCKED,58.2,0.0,0.0000,0.0000
24.79,DOCKED,58.5,0.0,0.0000,0.0000
25.29,DOCKED,58.6,0.0,0.0000,0.0000
25.79,DOCKED,61.7,0.0,0.0000,0.0000
26.29,DOCKED,58.1,0.0,0.0000,0.0000
26.79,DOCKED,57.9,0.0,0.0000,0.0000
27.29,DOCKED,62.6,0.0,0.0000,0.0000
27.79,DOCKED,64.2,0.0,0.0000,0.0000
28.29,DOCKED,61.3,0.0,0.0000,0.0000
28.79,DOCKED,63.9,0.0,0.0000,0.0000
29.29,DOCKED,59.4,0.0,0.0000,0.0000
29.79,DOCKED,58.0,0.0,0.0000,0.0000
30.29,DOCKED,59.2,0.0,-0.3000,2.3915
30.79,DOCKED,61.4,0.0,-0.3000,2.3915
31.29,DOCKED,63.9,0.0,-0.3000,2.3915
31.79,DOCKED,60.8,0.0,-0.3000,2.3915
32.29,DOCKED,62.2,0.0,-0.3000,2.3915
32.79,DOCKED,63.3,0.0,-0.3000,2.3915
33.29,DOCKED,63.2,0.0,-0.3000,2.3915
33.79,DOCKED,66.0,0.0,-0.3000,2.3915
34.29,DOCKED,65.6,0.0,-0.3000,2.3915
34.79,DOCKED,67.2,0.0,0.0000,0.0000
35.29,DOCKED,61.1,0.0,0.0000,0.0000
35.79,DOCKED,65.4,0.0,0.0000,0.0000
36.29,DOCKED,62.7,0.0,0.0000,0.0000
36.79,DOCKED,61.3,0.0,0.0000,0.0000
37.29,DOCKED,63.1,0.0,0.0000,0.0000
37.79,DOCKED,61.1,0.0,0.0000,0.0000
38.29,DOCKED,60.2,0.0,0.0000,0.0000
38.79,DOCKED,62.8,0.0,0.0000,0.0000
39.29,DOCKED,61.0,0.0,0.0000,0.0000
39.79,DOCKED,58.8,0.0,0.0000,0.0000
40.29,DOCKED,58.4,0.0,0.0000,0.0000
40.79,DOCKED,59.7,0.0,0.0000,0.0000
41.29,DOCKED,58.6,0.0,0.0000,0.0000
41.79,DOCKED,59.7,0.0,0.0000,0.0000
42.29,DOCKED,57.2,0.0,0.0000,0.0000
42.79,DOCKED,57.6,0.0,0.0000,0.0000
43.29,DOCKED,61.4,0.0,0.0000,0.0000
43.79,DOCKED,58.6,0.0,0.0000,0.0000
44.29,DOCKED,57.8,0.0,0.0000,0.0000
44.79,DOCKED,61.5,0.0,0.0000,0.0000
45.29,DOCKED,58.4,0.0,0.0000,0.0000
45.79,DOCKED,58.5,0.0,0.0000,0.0000
46.29,DOCKED,59.8,0.0,0.0000,0.0000
46.79,DOCKED,58.1,0.0,0.0000,0.0000
47.29,DOCKED,60.4,0.0,0.0000,0.0000
47.79,DOCKED,60.6,0.0,0.0000,0.0000
48.29,DOCKED,57.8,0.0,0.0000,0.0000
48.79,DOCKED,59.7,0.0,0.0000,0.0000
49.29,DOCKED,58.1,0.0,0.0000,0.0000
49.79,DOCKED,59.4,0.0,0.0000,0.0000
50.29,DOCKED,57.2,0.0,0.0000,0.0000
50.79,DOCKED,59.0,0.0,0.0000,0.0000
51.29,DOCKED,61.4,0.0,0.0000,0.0000
51.79,DOCKED,58.9,0.0,0.0000,0.0000
52.29,DOCKED,55.0,0.0,0.0000,0.0000
52.79,DOCKED,61.5,0.0,0.0000,0.0000
53.29,DOCKED,57.3,0.0,0.0000,0.0000
53.79,DOCKED,55.1,0.0,0.0000,0.0000
54.29,DOCKED,54.7,0.0,0.0000,0.0000
54.79,DOCKED,62.2,0.0,0.0000,0.0000
55.29,DOCKED,58.6,0.0,0.0000,0.0000
55.79,DOCKED,57.3,0.0,0.0000,0.0000
56.29,DOCKED,54.7,0.0,0.0000,0.0000
56.79,DOCKED,57.9,0.0,0.0000,0.0000
57.29,DOCKED,56.2,0.0,0.0000,0.0000
57.79,DOCKED,59.6,0.0,0.0000,0.0000
58.29,DOCKED,60.1,0.0,0.0000,0.0000
58.79,DOCKED,56.8,0.0,0.0000,0.0000
59.29,DOCKED,59.2,0.0,0.0000,0.0000
59.79,DOCKED,57.2,0.0,0.0000,0.0000
60.29,DOCKED,59.6,0.0,0.0000,0.0000
60.79,DOCKED,60.7,0.0,0.0000,0.0000
61.29,DOCKED,58.2,0.0,0.0000,0.0000
61.79,DOCKED,56.1,0.0,0.0000,0.0000
62.29,DOCKED,57.3,0.0,0.0000,0.0000
62.79,DOCKED,56.7,0.0,0.0000,0.0000
63.29,DOCKED,59.2,0.0,0.0000,0.0000
63.79,DOCKED,56.9,0.0,0.0000,0.0000
64.29,DOCKED,62.6,0.0,0.0000,0.0000
64.79,DOCKED,58.0,0.0,0.0000,0.0000
65.29,DOCKED,55.9,0.0,0.0000,0.0000
65.79,DOCKED,55.4,0.0,0.0000,0.0000
66.29,DOCKED,57.7,0.0,0.0000,0.0000
66.79,DOCKED,58.0,0.0,0.0000,0.0000
67.29,DOCKED,58.8,0.0,0.0000,0.0000
67.79,DOCKED,56.0,0.0,0.0000,0.0000
68.29,DOCKED,55.9,0.0,0.0000,0.0000
68.79,DOCKED,59.5,0.0,0.0000,0.0000
69.29,DOCKED,55.4,0.0,0.0000,0.0000
69.79,DOCKED,57.0,0.0,0.0000,0.0000
70.29,DOCKED,57.1,0.0,0.0000,0.0000
70.79,DOCKED,58.4,0.0,0.0000,0.0000
71.29,DOCKED,61.7,0.0,0.0000,0.0000
71.79,DOCKED,55.2,0.0,0.0000,0.0000
72.29,DOCKED,59.1,0.0,0.0000,0.0000
72.79,DOCKED,56.4,0.0,0.0000,0.0000
73.29,DOCKED,58.5,0.0,0.0000,0.0000
73.79,DOCKED,55.0,0.0,0.0000,0.0000
74.29,DOCKED,56.2,0.0,0.0000,0.0000
74.79,DOCKED,56.4,0.0,0.0000,0.0000
75.29,DOCKED,58.2,0.0,0.0000,0.0000
75.79,DOCKED,57.1,0.0,0.0000,0.0000
76.29,DOCKED,57.8,0.0,0.0000,0.0000
76.79,DOCKED,61.1,0.0,0.0000,0.0000
77.29,DOCKED,57.5,0.0,0.0000,0.0000
77.79,DOCKED,55.1,0.0,0.0000,0.0000
78.29,DOCKED,57.4,0.0,0.0000,0.0000
78.79,DOCKED,58.0,0.0,0.0000,0.0000
79.29,DOCKED,60.3,0.0,0.0000,0.0000
79.79,DOCKED,57.3,0.0,0.0000,0.0000
80.29,DOCKED,58.9,0.0,0.0000,0.0000
80.79,DOCKED,56.6,0.0,0.0000,0.0000
81.29,DOCKED,57.7,0.0,0.0000,0.0000
81.79,DOCKED,57.1,0.0,0.0000,0.0000
82.29,DOCKED,56.2,0.0,0.0000,0.0000
82.79,DOCKED,56.8,0.0,0.0000,0.0000
83.29,DOCKED,60.2,0.0,0.0000,0.0000
83.79,DOCKED,58.3,0.0,0.0000,0.0000
84.29,DOCKED,57.0,0.0,0.0000,0.0000
84.79,DOCKED,64.6,0.0,0.0000,0.0000
85.29,DOCKED,57.8,0.0,0.0000,0.0000
85.79,DOCKED,57.3,0.0,0.0000,0.0000
86.29,DOCKED,59.2,0.0,0.0000,0.0000
86.79,DOCKED,60.9,0.0,0.0000,0.0000
87.29,DOCKED,59.7,0.0,0.0000,0.0000
87.79,DOCKED,58.0,0.0,0.0000,0.0000
88.29,DOCKED,56.4,0.0,0.0000,0.0000
88.79,DOCKED,57.3,0.0,0.0000,0.0000
89.29,DOCKED,55.2,0.0,0.0000,0.0000
89.79,DOCKED,58.1,0.0,0.0000,0.0000
90.29,DOCKED,60.6,0.0,0.0000,0.0000
90.79,DOCKED,58.2,0.0,0.0000,0.0000
91.29,DOCKED,57.8,0.0,0.0000,0.0000
91.79,DOCKED,59.0,0.0,0.0000,0.0000
92.29,DOCKED,56.2,0.0,0.0000,0.0000
92.79,DOCKED,60.9,0.0,0.0000,0.0000
93.29,DOCKED,60.3,0.0,0.0000,0.0000
93.79,DOCKED,57.9,0.0,0.0000,0.0000
94.29,DOCKED,58.7,0.0,0.0000,0.0000
94.79,DOCKED,62.1,0.0,0.0000,0.0000
95.29,DOCKED,63.2,0.0,0.0000,0.0000
95.79,DOCKED,61.1,0.0,0.0000,0.0000
96.29,DOCKED,58.4,0.0,0.0000,0.0000
96.79,DOCKED,60.5,0.0,0.0000,0.0000
97.29,DOCKED,60.2,0.0,0.0000,0.0000
97.79,DOCKED,59.8,0.0,0.0000,0.0000
98.29,DOCKED,58.6,0.0,0.0000,0.0000
98.79,DOCKED,61.2,0.0,0.0000,0.0000
99.29,DOCKED,60.7,0.0,0.0000,0.0000
99.79,DOCKED,58.9,0.0,0.0000,0.0000
100.29,DOCKED,59.6,0.0,0.0000,0.0000
100.79,DOCKED,62.9,0.0,0.0000,0.0000
101.29,DOCKED,59.3,0.0,0.0000,0.0000
101.79,DOCKED,59.4,0.0,0.0000,0.0000
102.29,DOCKED,63.1,0.0,0.0000,0.0000
102.79,DOCKED,60.7,0.0,0.0000,0.0000
103.29,DOCKED,62.2,0.0,0.0000,0.0000
103.79,DOCKED,62.0,0.0,0.0000,0.0000
104.29,DOCKED,60.5,0.0,0.0000,0.0000
104.79,DOCKED,62.1,0.0,0.0000,0.0000
105.29,DOCKED,62.4,0.0,0.0000,0.0000
105.79,DOCKED,63.6,0.0,0.0000,0.0000
106.29,DOCKED,62.4,0.0,0.0000,0.0000
106.79,DOCKED,62.3,0.0,0.0000,0.0000
107.29,DOCKED,62.7,0.0,0.0000,0.0000
107.79,DOCKED,62.5,0.0,0.0000,0.0000
108.29,DOCKED,62.8,0.0,0.0000,0.0000
108.79,DOCKED,63.3,0.0,0.0000,0.0000
109.29,DOCKED,60.8,0.0,0.0000,0.0000
109.79,DOCKED,60.7,0.0,0.0000,0.0000
110.29,DOCKED,62.0,0.0,0.0000,0.0000
110.79,DOCKED,61.5,0.0,0.0000,0.0000
111.29,DOCKED,62.1,0.0,0.0000,0.0000
111.79,DOCKED,60.1,0.0,0.0000,0.0000
112.29,DOCKED,63.2,0.0,0.0000,0.0000
112.79,DOCKED,64.6,0.0,0.0000,0.0000
113.29,DOCKED,60.6,0.0,0.0000,0.0000
113.79,DOCKED,61.4,0.0,0.0000,0.0000
114.29,DOCKED,60.9,0.0,0.0000,0.0000
114.79,DOCKED,65.1,0.0,0.0000,0.0000
115.29,DOCKED,62.3,0.0,0.0000,0.0000
115.79,DOCKED,61.9,0.0,0.0000,0.0000
116.29,DOCKED,60.1,0.0,0.0000,0.0000
116.79,DOCKED,63.5,0.0,0.0000,0.0000
117.29,DOCKED,61.7,0.0,0.0000,0.0000
117.79,DOCKED,61.4,0.0,0.0000,0.0000
118.29,DOCKED,59.9,0.0,0.0000,0.0000
118.79,DOCKED,66.9,0.0,0.0000,0.0000
119.29,DOCKED,61.8,0.0,0.0000,0.0000
119.79,DOCKED,61.3,0.0,0.0000,0.0000
120.29,DOCKED,64.1,0.0,0.0000,0.0000
120.79,DOCKED,61.9,0.0,0.0000,0.0000
121.29,DOCKED,58.4,0.0,0.0000,0.0000
121.79,DOCKED,61.4,0.0,0.0000,0.0000
122.29,DOCKED,63.4,0.0,0.0000,0.0000
122.79,DOCKED,62.7,0.0,0.0000,0.0000
123.29,DOCKED,60.5,0.0,0.0000,0.0000
123.79,DOCKED,60.3,0.0,0.0000,0.0000
124.29,DOCKED,60.7,0.0,0.0000,0.0000
124.79,DOCKED,64.7,0.0,0.0000,0.0000
125.29,DOCKED,61.0,0.0,0.0000,0.0000
125.79,DOCKED,58.5,0.0,0.0000,0.0000
126.30,DOCKED,60.2,0.0,0.0000,0.0000
126.79,DOCKED,61.2,0.0,0.0000,0.0000
127.29,DOCKED,63.2,0.0,0.0000,0.0000
127.79,DOCKED,64.4,0.0,0.0000,0.0000
128.29,DOCKED,62.8,0.0,0.0000,0.0000
128.79,DOCKED,59.5,0.0,0.0000,0.0000
129.29,DOCKED,56.0,0.0,0.0000,0.0000
129.79,DOCKED,62.0,0.0,0.0000,0.0000
130.29,DOCKED,61.7,0.0,0.0000,0.0000
130.79,DOCKED,59.1,0.0,0.0000,0.0000
131.29,DOCKED,62.5,0.0,0.0000,0.0000
131.79,DOCKED,57.8,0.0,0.0000,0.0000
132.29,DOCKED,57.8,0.0,0.0000,0.0000
132.79,DOCKED,60.9,0.0,0.0000,0.0000
133.29,DOCKED,60.9,0.0,0.0000,0.0000
133.79,DOCKED,57.9,0.0,0.0000,0.0000
134.29,DOCKED,59.2,0.0,0.0000,0.0000
134.79,DOCKED,61.5,0.0,0.0000,0.0000
135.29,DOCKED,60.5,0.0,0.0000,0.0000
135.79,DOCKED,60.3,0.0,0.0000,0.0000
136.29,DOCKED,60.4,0.0,0.0000,0.0000
136.79,DOCKED,60.0,0.0,0.0000,0.0000
137.29,DOCKED,59.1,0.0,0.0000,0.0000
137.79,DOCKED,61.6,0.0,0.0000,0.0000
138.29,DOCKED,60.5,0.0,0.0000,0.0000
138.79,DOCKED,61.7,0.0,0.0000,0.0000
139.29,DOCKED,63.2,0.0,0.0000,0.0000
139.79,DOCKED,59.3,0.0,0.0000,0.0000
140.29,DOCKED,60.4,0.0,0.0000,0.0000
140.79,DOCKED,63.7,0.0,0.0000,0.0000
141.29,DOCKED,60.9,0.0,0.0000,0.0000
141.79,DOCKED,57.9,0.0,0.0000,0.0000
142.29,DOCKED,59.2,0.0,0.0000,0.0000
142.79,DOCKED,61.2,0.0,0.0000,0.0000
143.29,DOCKED,61.0,0.0,0.0000,0.0000
143.79,DOCKED,59.0,0.0,0.0000,0.0000
144.29,DOCKED,59.2,0.0,0.0000,0.0000
144.79,DOCKED,61.2,0.0,0.0000,0.0000
145.29,DOCKED,57.9,0.0,0.0000,0.0000
145.79,DOCKED,59.9,0.0,0.0000,0.0000
146.29,DOCKED,60.6,0.0,0.0000,0.0000
146.79,DOCKED,61.0,0.0,0.0000,0.0000
147.29,DOCKED,59.5,0.0,0.0000,0.0000
147.79,DOCKED,59.5,0.0,0.0000,0.0000
148.29,DOCKED,60.1,0.0,0.0000,0.0000
148.79,DOCKED,63.5,0.0,0.0000,0.0000
149.29,DOCKED,59.2,0.0,0.0000,0.0000
149.79,DOCKED,60.1,0.0,0.0000,0.0000
150.29,DOCKED,59.2,0.0,0.0000,0.0000
150.79,DOCKED,61.3,0.0,0.0000,0.0000
151.29,DOCKED,62.3,0.0,0.0000,0.0000
151.79,DOCKED,56.7,0.0,0.0000,0.0000
152.29,DOCKED,61.0,0.0,0.0000,0.0000
152.79,DOCKED,57.9,0.0,0.0000,0.0000
153.29,DOCKED,57.7,0.0,0.0000,0.0000
153.79,DOCKED,58.5,0.0,0.0000,0.0000
154.29,DOCKED,60.5,0.0,0.0000,0.0000
154.79,DOCKED,61.1,0.0,0.0000,0.0000
155.29,DOCKED,62.4,0.0,0.0000,0.0000
155.79,DOCKED,58.4,0.0,0.0000,0.0000
156.29,DOCKED,60.4,0.0,0.0000,0.0000
156.79,DOCKED,59.0,0.0,0.0000,0.0000
157.29,DOCKED,60.1,0.0,0.0000,0.0000
157.79,DOCKED,57.7,0.0,0.0000,0.0000
158.29,DOCKED,57.7,0.0,0.0000,0.0000
158.79,DOCKED,59.2,0.0,0.0000,0.0000
159.29,DOCKED,62.5,0.0,0.0000,0.0000
159.79,DOCKED,60.1,0.0,0.0000,0.0000
160.29,DOCKED,59.0,0.0,0.0000,0.0000
160.79,DOCKED,58.4,0.0,0.0000,0.0000
161.29,DOCKED,60.6,0.0,0.0000,0.0000
161.79,DOCKED,60.3,0.0,0.0000,0.0000
162.29,DOCKED,59.2,0.0,0.0000,0.0000
162.79,DOCKED,60.3,0.0,0.0000,0.0000
163.29,DOCKED,59.8,0.0,0.0000,0.0000
163.79,DOCKED,58.9,0.0,0.0000,0.0000
164.29,DOCKED,58.0,0.0,0.0000,0.0000
164.79,DOCKED,62.9,0.0,0.0000,0.0000
165.29,DOCKED,59.8,0.0,0.0000,0.0000
165.79,DOCKED,57.2,0.0,0.0000,0.0000
166.29,DOCKED,60.8,0.0,0.0000,0.0000
166.79,DOCKED,60.6,0.0,0.0000,0.0000
167.29,DOCKED,59.1,0.0,0.0000,0.0000
167.79,DOCKED,55.7,0.0,0.0000,0.0000
168.29,DOCKED,58.4,0.0,0.0000,0.0000
168.79,DOCKED,60.5,0.0,0.0000,0.0000
169.29,DOCKED,57.2,0.0,0.0000,0.0000
169.79,DOCKED,60.1,0.0,0.0000,0.0000
170.29,DOCKED,58.3,0.0,0.0000,0.0000
170.79,DOCKED,59.7,0.0,0.0000,0.0000
171.29,DOCKED,62.0,0.0,0.0000,0.0000
171.79,DOCKED,60.1,0.0,0.0000,0.0000
172.29,DOCKED,57.5,0.0,0.0000,0.0000
172.79,DOCKED,60.7,0.0,0.0000,0.0000
173.29,DOCKED,60.4,0.0,0.0000,0.0000
173.79,DOCKED,56.9,0.0,0.0000,0.0000
174.29,DOCKED,58.0,0.0,0.0000,0.0000
174.79,DOCKED,61.6,0.0,0.0000,0.0000
175.29,DOCKED,60.1,0.0,0.0000,0.0000
175.79,DOCKED,57.3,0.0,0.0000,0.0000
176.29,DOCKED,57.4,0.0,0.0000,0.0000
176.79,DOCKED,59.5,0.0,0.0000,0.0000
177.29,DOCKED,57.2,0.0,0.0000,0.0000
177.79,DOCKED,59.6,0.0,0.0000,0.0000
178.29,DOCKED,59.1,0.0,0.0000,0.0000
178.79,DOCKED,59.2,0.0,0.0000,0.0000
179.29,DOCKED,58.6,0.0,0.0000,0.0000
179.79,DOCKED,57.5,0.0,0.0000,0.0000
180.29,DOCKED,56.6,0.0,0.0000,0.0000
180.79,DOCKED,60.8,0.0,0.0000,0.0000
181.29,DOCKED,57.9,0.0,0.0000,0.0000
181.79,DOCKED,57.5,0.0,0.0000,0.0000
182.29,DOCKED,55.6,0.0,0.0000,0.0000
182.79,DOCKED,58.1,0.0,0.0000,0.0000
183.29,DOCKED,58.5,0.0,0.0000,0.0000
183.79,DOCKED,57.2,0.0,0.0000,0.0000
184.29,DOCKED,59.4,0.0,0.0000,0.0000
184.79,DOCKED,58.6,0.0,0.0000,0.0000
185.29,DOCKED,56.4,0.0,0.0000,0.0000
185.79,DOCKED,58.2,0.0,0.0000,0.0000
186.29,DOCKED,61.8,0.0,0.0000,0.0000
186.79,DOCKED,57.7,0.0,0.0000,0.0000
187.29,DOCKED,59.5,0.0,0.0000,0.0000
187.79,DOCKED,57.3,0.0,0.0000,0.0000
188.29,DOCKED,58.0,0.0,0.0000,0.0000
188.79,DOCKED,57.8,0.0,0.0000,0.0000
189.29,DOCKED,60.6,0.0,0.0000,0.0000
189.79,DOCKED,59.3,0.0,0.0000,0.0000
190.29,DOCKED,58.8,0.0,0.0000,0.0000
190.79,DOCKED,57.5,0.0,0.0000,0.0000
191.29,DOCKED,59.7,0.0,0.0000,0.0000
191.79,DOCKED,56.2,0.0,0.0000,0.0000
192.29,DOCKED,57.9,0.0,0.0000,0.0000
192.79,DOCKED,58.4,0.0,0.0000,0.0000
193.29,DOCKED,58.1,0.0,0.0000,0.0000
193.79,DOCKED,58.6,0.0,0.0000,0.0000
194.29,DOCKED,58.1,0.0,0.0000,0.0000
194.79,DOCKED,57.6,0.0,0.0000,0.0000
195.29,DOCKED,61.6,0.0,0.0000,0.0000
195.79,DOCKED,57.6,0.0,0.0000,0.0000
196.29,DOCKED,58.9,0.0,0.0000,0.0000
196.79,DOCKED,62.2,0.0,0.0000,0.0000
197.29,DOCKED,59.6,0.0,0.0000,0.0000
197.79,DOCKED,61.1,0.0,0.0000,0.0000
198.29,DOCKED,56.6,0.0,0.0000,0.0000
198.79,DOCKED,60.9,0.0,0.0000,0.0000
199.29,DOCKED,59.3,0.0,0.0000,0.0000
199.79,DOCKED,58.5,0.0,0.0000,0.0000
200.29,DOCKED,60.1,0.0,0.0000,0.0000
200.79,DOCKED,58.9,0.0,0.0000,0.0000
201.29,DOCKED,59.5,0.0,0.0000,0.0000
201.79,DOCKED,57.8,0.0,0.0000,0.0000
202.29,DOCKED,59.3,0.0,0.0000,0.0000
202.79,DOCKED,60.5,0.0,0.0000,0.0000
203.29,DOCKED,58.7,0.0,0.0000,0.0000
203.79,DOCKED,58.2,0.0,0.0000,0.0000
204.29,DOCKED,58.6,0.0,0.0000,0.0000
204.79,DOCKED,63.2,0.0,0.0000,0.0000
205.29,DOCKED,58.7,0.0,0.0000,0.0000
205.79,DOCKED,58.5,0.0,0.0000,0.0000
206.29,DOCKED,57.8,0.0,0.0000,0.0000
206.79,DOCKED,62.0,0.0,0.0000,0.0000
207.29,DOCKED,61.1,0.0,0.0000,0.0000
207.79,DOCKED,59.5,0.0,0.0000,0.0000
208.29,DOCKED,60.4,0.0,0.0000,0.0000
208.79,DOCKED,59.5,0.0,0.0000,0.0000
209.29,DOCKED,59.4,0.0,0.0000,0.0000
209.79,DOCKED,58.5,0.0,0.0000,0.0000
210.29,DOCKED,62.2,0.0,0.0000,0.0000
210.79,DOCKED,58.6,0.0,0.0000,0.0000
211.29,DOCKED,62.5,0.0,0.0000,0.0000
211.79,DOCKED,57.8,0.0,0.0000,0.0000
212.29,DOCKED,59.4,0.0,0.0000,0.0000
212.79,DOCKED,63.8,0.0,0.0000,0.0000
213.29,DOCKED,60.1,0.0,0.0000,0.0000
213.79,DOCKED,60.7,0.0,0.0000,0.0000
214.29,DOCKED,57.5,0.0,0.0000,0.0000
214.79,DOCKED,64.0,0.0,0.0000,0.0000
215.29,DOCKED,61.1,0.0,0.0000,0.0000
215.79,DOCKED,59.5,0.0,0.0000,0.0000
216.29,DOCKED,60.4,0.0,0.0000,0.0000
216.79,DOCKED,60.0,0.0,0.0000,0.0000
217.29,DOCKED,57.5,0.0,0.0000,0.0000
217.79,DOCKED,61.2,0.0,0.0000,0.0000
218.29,DOCKED,58.9,0.0,0.0000,0.0000
218.79,DOCKED,59.2,0.0,0.0000,0.0000
219.29,DOCKED,63.7,0.0,0.0000,0.0000
219.79,DOCKED,59.1,0.0,0.0000,0.0000
220.29,DOCKED,60.6,0.0,0.0000,0.0000
220.79,DOCKED,61.5,0.0,0.0000,0.0000
221.29,DOCKED,57.4,0.0,0.0000,0.0000
221.79,DOCKED,58.5,0.0,0.0000,0.0000
222.29,DOCKED,59.5,0.0,0.0000,0.0000
222.79,DOCKED,62.0,0.0,0.0000,0.0000
223.29,DOCKED,61.2,0.0,0.0000,0.0000
223.79,DOCKED,60.0,0.0,0.0000,0.0000
224.29,DOCKED,58.8,0.0,0.0000,0.0000
224.79,DOCKED,59.2,0.0,0.0000,0.0000
225.29,DOCKED,58.6,0.0,0.0000,0.0000
225.79,DOCKED,59.2,0.0,0.0000,0.0000
226.29,DOCKED,58.7,0.0,0.0000,0.0000
226.79,DOCKED,59.3,0.0,0.0000,0.0000
227.29,DOCKED,60.4,0.0,0.0000,0.0000
227.79,DOCKED,58.4,0.0,0.0000,0.0000
228.29,DOCKED,59.5,0.0,0.0000,0.0000
228.79,DOCKED,61.2,0.0,0.0000,0.0000
229.29,DOCKED,61.1,0.0,0.0000,0.0000
229.79,DOCKED,59.3,0.0,0.0000,0.0000
230.29,DOCKED,59.9,0.0,0.0000,0.0000
230.79,DOCKED,60.9,0.0,0.0000,0.0000
231.29,DOCKED,61.5,0.0,0.0000,0.0000
231.79,DOCKED,60.2,0.0,0.0000,0.0000
232.29,DOCKED,58.7,0.0,0.0000,0.0000
232.79,DOCKED,58.0,0.0,0.0000,0.0000
233.29,DOCKED,60.1,0.0,0.0000,0.0000
233.79,DOCKED,60.7,0.0,0.0000,0.0000
234.29,DOCKED,60.1,0.0,0.0000,0.0000
234.79,DOCKED,59.2,0.0,0.0000,0.0000
235.29,DOCKED,62.6,0.0,0.0000,0.0000
235.79,DOCKED,61.3,0.0,0.0000,0.0000
236.29,DOCKED,58.8,0.0,0.0000,0.0000
236.79,DOCKED,62.9,0.0,0.0000,0.0000
237.29,DOCKED,59.8,0.0,0.0000,0.0000
237.79,DOCKED,60.1,0.0,0.0000,0.0000
238.29,DOCKED,61.0,0.0,0.0000,0.0000
238.79,DOCKED,59.8,0.0,0.0000,0.0000
239.29,DOCKED,62.8,0.0,0.0000,0.0000
239.79,DOCKED,58.7,0.0,0.0000,0.0000
240.29,DOCKED,61.7,0.0,0.0000,0.0000
240.79,DOCKED,59.9,0.0,0.0000,0.0000
241.29,DOCKED,56.0,0.0,0.0000,0.0000
241.79,DOCKED,64.2,0.0,0.0000,0.0000
242.29,DOCKED,61.9,0.0,0.0000,0.0000
242.79,DOCKED,58.2,0.0,0.0000,0.0000
243.29,DOCKED,62.1,0.0,0.0000,0.0000
243.79,DOCKED,59.9,0.0,0.0000,0.0000
244.29,DOCKED,57.7,0.0,0.0000,0.0000
244.79,DOCKED,62.7,0.0,0.0000,0.0000
245.29,DOCKED,61.6,0.0,0.0000,0.0000
245.79,DOCKED,58.3,0.0,0.0000,0.0000
246.29,DOCKED,58.2,0.0,0.0000,0.0000
246.79,DOCKED,62.8,0.0,0.0000,0.0000
247.29,DOCKED,60.2,0.0,0.0000,0.0000
247.79,DOCKED,58.6,0.0,0.0000,0.0000
248.29,DOCKED,61.3,0.0,0.0000,0.0000
248.79,DOCKED,59.5,0.0,0.0000,0.0000
249.29,DOCKED,59.2,0.0,0.0000,0.0000
249.79,DOCKED,58.9,0.0,0.0000,0.0000
250.29,DOCKED,59.0,0.0,0.0000,0.0000
250.79,DOCKED,61.7,0.0,0.0000,0.0000
251.29,DOCKED,61.9,0.0,0.0000,0.0000
251.79,DOCKED,63.1,0.0,0.0000,0.0000
252.29,DOCKED,60.5,0.0,0.0000,0.0000
252.79,DOCKED,61.8,0.0,0.0000,0.0000
253.29,DOCKED,60.7,0.0,0.0000,0.0000
253.79,DOCKED,60.1,0.0,0.0000,0.0000
254.29,DOCKED,58.6,0.0,0.0000,0.0000
254.79,DOCKED,62.4,0.0,0.0000,0.0000
255.29,DOCKED,62.2,0.0,0.0000,0.0000
255.79,DOCKED,58.8,0.0,0.0000,0.0000
256.29,DOCKED,59.7,0.0,0.0000,0.0000
256.79,DOCKED,60.9,0.0,0.0000,0.0000
257.29,DOCKED,59.0,0.0,0.0000,0.0000
257.79,DOCKED,62.1,0.0,0.0000,0.0000
258.29,DOCKED,61.6,0.0,0.0000,0.0000
258.79,DOCKED,59.9,0.0,0.0000,0.0000
259.29,DOCKED,61.0,0.0,0.0000,0.0000
259.79,DOCKED,59.1,0.0,0.0000,0.0000
260.29,DOCKED,58.1,0.0,0.0000,0.0000
260.79,DOCKED,62.2,0.0,0.0000,0.0000
261.29,DOCKED,60.7,0.0,0.0000,0.0000
261.79,DOCKED,61.7,0.0,0.0000,0.0000
262.29,DOCKED,58.2,0.0,0.0000,0.0000
262.79,DOCKED,62.7,0.0,0.0000,0.0000
263.29,DOCKED,60.1,0.0,0.0000,0.0000
263.79,DOCKED,58.3,0.0,0.0000,0.0000
264.29,DOCKED,60.8,0.0,0.0000,0.0000
264.79,DOCKED,60.3,0.0,0.0000,0.0000
265.29,DOCKED,57.5,0.0,0.0000,0.0000
265.79,DOCKED,59.7,0.0,0.0000,0.0000
266.29,DOCKED,59.9,0.0,0.0000,0.0000
266.79,DOCKED,62.7,0.0,0.0000,0.0000
267.29,DOCKED,63.0,0.0,0.0000,0.0000
267.79,DOCKED,60.3,0.0,0.0000,0.0000
268.29,DOCKED,58.2,0.0,0.0000,0.0000
268.79,DOCKED,61.0,0.0,0.0000,0.0000
269.29,DOCKED,58.1,0.0,0.0000,0.0000
269.79,DOCKED,59.9,0.0,0.0000,0.0000
270.29,DOCKED,57.0,0.0,0.0000,0.0000
270.79,DOCKED,60.5,0.0,0.0000,0.0000
271.29,DOCKED,58.1,0.0,0.0000,0.0000
271.79,DOCKED,59.0,0.0,0.0000,0.0000
272.29,DOCKED,59.8,0.0,0.0000,0.0000
272.79,DOCKED,58.7,0.0,0.0000,0.0000
273.29,DOCKED,58.8,0.0,0.0000,0.0000
273.79,DOCKED,58.2,0.0,0.0000,0.0000
274.29,DOCKED,61.0,0.0,0.0000,0.0000
274.79,DOCKED,59.9,0.0,0.0000,0.0000
275.29,DOCKED,61.2,0.0,0.0000,0.0000
275.79,DOCKED,57.9,0.0,0.0000,0.0000
276.29,DOCKED,59.1,0.0,0.0000,0.0000
276.79,DOCKED,62.3,0.0,0.0000,0.0000
277.29,DOCKED,61.1,0.0,0.0000,0.0000
277.79,DOCKED,59.7,0.0,0.0000,0.0000
278.29,DOCKED,57.8,0.0,0.0000,0.0000
278.79,DOCKED,60.9,0.0,0.0000,0.0000
279.29,DOCKED,61.4,0.0,0.0000,0.0000
279.79,DOCKED,59.1,0.0,0.0000,0.0000
280.29,DOCKED,59.7,0.0,0.0000,0.0000
280.79,DOCKED,58.6,0.0,0.0000,0.0000
281.29,DOCKED,56.1,0.0,0.0000,0.0000
281.79,DOCKED,61.4,0.0,0.0000,0.0000
282.29,DOCKED,59.5,0.0,0.0000,0.0000
282.79,DOCKED,61.3,0.0,0.0000,0.0000
283.29,DOCKED,60.2,0.0,0.0000,0.0000
283.79,DOCKED,58.9,0.0,0.0000,0.0000
284.29,DOCKED,58.6,0.0,0.0000,0.0000
284.79,DOCKED,61.4,0.0,0.0000,0.0000
285.29,DOCKED,60.4,0.0,0.0000,0.0000
285.79,DOCKED,58.7,0.0,0.0000,0.0000
286.29,DOCKED,65.3,0.0,0.0000,0.0000
286.79,DOCKED,60.3,0.0,0.0000,0.0000
287.29,DOCKED,60.8,0.0,0.0000,0.0000
287.79,DOCKED,58.1,0.0,0.0000,0.0000
288.29,DOCKED,60.8,0.0,0.0000,0.0000
288.79,DOCKED,56.5,0.0,0.0000,0.0000
289.29,DOCKED,57.9,0.0,0.0000,0.0000
289.79,DOCKED,61.1,0.0,0.0000,0.0000
290.29,DOCKED,59.0,0.0,0.0000,0.0000
290.79,DOCKED,57.2,0.0,0.0000,0.0000
291.29,DOCKED,60.9,0.0,0.0000,0.0000
291.79,DOCKED,60.3,0.0,0.0000,0.0000
292.29,DOCKED,59.7,0.0,0.0000,0.0000
292.79,DOCKED,58.9,0.0,0.0000,0.0000
293.29,DOCKED,57.8,0.0,0.0000,0.0000
293.79,DOCKED,56.9,0.0,0.0000,0.0000
294.29,DOCKED,58.8,0.0,0.0000,0.0000
294.79,DOCKED,58.9,0.0,0.0000,0.0000
295.29,DOCKED,61.0,0.0,0.0000,0.0000
295.79,DOCKED,57.6,0.0,0.0000,0.0000
296.29,DOCKED,60.3,0.0,0.0000,0.0000
296.79,DOCKED,59.5,0.0,0.0000,0.0000
297.29,DOCKED,58.9,0.0,0.0000,0.0000
297.79,DOCKED,58.9,0.0,0.0000,0.0000
298.29,DOCKED,59.4,0.0,0.0000,0.0000
298.79,DOCKED,60.1,0.0,0.0000,0.0000
299.29,DOCKED,58.7,0.0,0.0000,0.0000
299.79,DOCKED,56.6,0.0,0.0000,0.0000
300.29,DOCKED,57.4,0.0,0.0000,0.0000
300.79,DOCKED,62.5,0.0,0.0000,0.0000
301.29,DOCKED,58.9,0.0,0.0000,0.0000
301.79,DOCKED,56.2,0.0,0.0000,0.0000
302.29,DOCKED,58.2,0.0,0.0000,0.0000
302.79,DOCKED,61.0,0.0,0.0000,0.0000
303.29,DOCKED,59.4,0.0,0.0000,0.0000
303.79,DOCKED,56.1,0.0,0.0000,0.0000
304.29,DOCKED,56.8,0.0,0.0000,0.0000
304.79,DOCKED,56.3,0.0,0.0000,0.0000
305.29,DOCKED,55.9,0.0,0.0000,0.0000
305.79,DOCKED,58.7,0.0,0.0000,0.0000
306.29,DOCKED,59.9,0.0,0.0000,0.0000
306.79,DOCKED,57.4,0.0,0.0000,0.0000
307.29,DOCKED,58.7,0.0,0.0000,0.0000
307.79,DOCKED,58.5,0.0,0.0000,0.0000
308.29,DOCKED,58.2,0.0,0.0000,0.0000
308.79,DOCKED,60.3,0.0,0.0000,0.0000
309.29,DOCKED,59.0,0.0,0.0000,0.0000
309.79,DOCKED,61.2,0.0,0.0000,0.0000
310.29,DOCKED,59.2,0.0,0.0000,0.0000
310.79,DOCKED,59.2,0.0,0.0000,0.0000
311.29,DOCKED,59.3,0.0,0.0000,0.0000
311.79,DOCKED,56.5,0.0,0.0000,0.0000
312.29,DOCKED,57.2,0.0,0.0000,0.0000
312.79,DOCKED,57.7,0.0,0.0000,0.0000
313.29,DOCKED,58.3,0.0,0.0000,0.0000
313.79,DOCKED,59.5,0.0,0.0000,0.0000
314.29,DOCKED,58.1,0.0,0.0000,0.0000
314.79,DOCKED,58.0,0.0,0.0000,0.0000
315.29,DOCKED,60.8,0.0,0.0000,0.0000
315.79,DOCKED,56.7,0.0,0.0000,0.0000
316.29,DOCKED,57.7,0.0,0.0000,0.0000
316.79,DOCKED,60.6,0.0,0.0000,0.0000
317.29,DOCKED,59.1,0.0,0.0000,0.0000
317.79,DOCKED,58.4,0.0,0.0000,0.0000
318.29,DOCKED,59.5,0.0,0.0000,0.0000
318.79,DOCKED,59.7,0.0,0.0000,0.0000
319.29,DOCKED,59.2,0.0,0.0000,0.0000
319.79,DOCKED,59.1,0.0,0.0000,0.0000
320.29,DOCKED,58.0,0.0,0.0000,0.0000
320.79,DOCKED,58.1,0.0,0.0000,0.0000
321.29,DOCKED,60.2,0.0,0.0000,0.0000
321.79,DOCKED,57.9,0.0,0.0000,0.0000
322.29,DOCKED,57.4,0.0,0.0000,0.0000
322.79,DOCKED,60.0,0.0,0.0000,0.0000
323.29,DOCKED,60.4,0.0,0.0000,0.0000
323.79,DOCKED,58.9,0.0,0.0000,0.0000
324.29,DOCKED,58.8,0.0,0.0000,0.0000
324.79,DOCKED,61.5,0.0,0.0000,0.0000
325.29,DOCKED,60.7,0.0,0.0000,0.0000
325.79,DOCKED,57.7,0.0,0.0000,0.0000
326.29,DOCKED,59.4,0.0,0.0000,0.0000
326.79,DOCKED,59.8,0.0,0.0000,0.0000
327.29,DOCKED,59.2,0.0,0.0000,0.0000
327.79,DOCKED,58.9,0.0,0.0000,0.0000
328.29,DOCKED,59.7,0.0,0.0000,0.0000
328.79,DOCKED,59.0,0.0,0.0000,0.0000
329.29,DOCKED,58.6,0.0,0.0000,0.0000
329.79,DOCKED,58.2,0.0,0.0000,0.0000
