elapsed_s,timestamp_iso,state,cpu_pct,ram_pct,gpu_pct,cmd_vel_x,cmd_vel_z
0.60,2026-05-25T18:12:34.470149,IDLE,67.5,51.4,0.0,0.0000,0.0000
1.10,2026-05-25T18:12:34.970969,IDLE,60.0,51.5,0.0,0.0000,0.0000
1.60,2026-05-25T18:12:35.469028,IDLE,60.9,51.3,0.0,0.0000,0.0000
2.10,2026-05-25T18:12:35.969863,IDLE,59.7,51.4,0.0,0.0000,0.0000
2.60,2026-05-25T18:12:36.468409,IDLE,59.9,51.3,0.0,0.0000,0.0000
3.10,2026-05-25T18:12:36.968530,IDLE,60.2,51.4,0.0,0.0000,0.0000
3.60,2026-05-25T18:12:37.469238,IDLE,64.8,51.4,0.0,0.0000,0.0000
4.10,2026-05-25T18:12:37.968958,IDLE,58.6,51.4,0.0,0.0000,0.0000
4.60,2026-05-25T18:12:38.467935,IDLE,60.4,51.4,0.0,0.0000,0.0000
5.10,2026-05-25T18:12:38.967842,IDLE,58.9,51.4,0.0,0.0000,0.0000
5.60,2026-05-25T18:12:39.469672,IDLE,61.6,51.5,0.0,0.0000,0.0000
6.10,2026-05-25T18:12:39.968985,IDLE,62.1,51.5,0.0,0.0000,0.0000
6.60,2026-05-25T18:12:40.469282,IDLE,62.5,51.4,0.0,0.0000,0.0000
7.10,2026-05-25T18:12:40.968143,IDLE,59.1,51.3,0.0,0.0000,0.0000
7.60,2026-05-25T18:12:41.469883,IDLE,63.0,51.3,0.0,0.0000,0.0000
8.10,2026-05-25T18:12:41.967878,IDLE,61.0,51.4,0.0,0.0000,0.0000
8.60,2026-05-25T18:12:42.471554,IDLE,59.2,51.4,0.0,0.0000,0.0000
9.10,2026-05-25T18:12:42.969297,IDLE,63.9,51.5,0.0,0.0000,0.0000
9.60,2026-05-25T18:12:43.467636,IDLE,58.1,51.4,0.0,0.0000,0.0000
10.10,2026-05-25T18:12:43.968786,IDLE,59.6,51.5,0.0,0.0000,0.0000
10.60,2026-05-25T18:12:44.470419,IDLE,57.9,51.5,0.0,0.0000,0.0000
11.10,2026-05-25T18:12:44.969515,IDLE,63.4,51.5,0.0,0.0000,0.0000
11.61,2026-05-25T18:12:45.474837,IDLE,61.5,51.5,0.0,0.0000,0.0000
12.10,2026-05-25T18:12:45.968057,IDLE,58.6,51.5,0.0,0.0000,0.0000
12.60,2026-05-25T18:12:46.467637,IDLE,61.3,51.4,0.0,0.0000,0.0000
13.10,2026-05-25T18:12:46.968801,IDLE,56.4,51.5,0.0,0.0000,0.0000
13.60,2026-05-25T18:12:47.470248,IDLE,57.2,51.6,0.0,0.0000,0.0000
14.10,2026-05-25T18:12:47.969443,IDLE,61.0,51.5,0.0,0.0000,0.0000
14.60,2026-05-25T18:12:48.468049,IDLE,56.9,51.4,0.0,0.0000,0.0000
15.10,2026-05-25T18:12:48.970678,IDLE,58.8,51.5,0.0,0.0000,0.0000
15.60,2026-05-25T18:12:49.469737,IDLE,58.0,51.4,0.0,0.0000,0.0000
16.10,2026-05-25T18:12:49.969537,IDLE,60.7,51.4,0.0,0.0000,0.0000
16.60,2026-05-25T18:12:50.467761,IDLE,56.8,51.5,0.0,0.4832,0.0000
17.10,2026-05-25T18:12:50.970019,IDLE,63.5,51.5,0.0,0.4832,0.0000
17.60,2026-05-25T18:12:51.467581,IDLE,61.9,51.4,0.0,0.4832,0.0000
18.10,2026-05-25T18:12:51.970164,IDLE,59.2,51.5,0.0,0.4832,0.0000
18.61,2026-05-25T18:12:52.473487,IDLE,60.3,51.4,0.0,0.4832,-3.1197
19.10,2026-05-25T18:12:52.968691,IDLE,58.5,51.4,0.0,0.4832,-3.1197
19.60,2026-05-25T18:12:53.467586,IDLE,58.5,51.6,0.0,0.4832,-3.1197
20.10,2026-05-25T18:12:53.971751,IDLE,60.9,51.4,0.0,0.4832,-3.1197
20.61,2026-05-25T18:12:54.475748,IDLE,61.0,51.5,0.0,0.4832,-3.1197
21.10,2026-05-25T18:12:54.970507,IDLE,60.4,51.6,0.0,0.4832,-3.1197
21.60,2026-05-25T18:12:55.468022,IDLE,59.5,51.4,0.0,0.4832,-3.1197
22.10,2026-05-25T18:12:55.968541,IDLE,62.8,51.5,0.0,0.0000,0.0000
22.60,2026-05-25T18:12:56.469190,IDLE,60.4,51.5,0.0,0.0000,0.0000
23.10,2026-05-25T18:12:56.968535,IDLE,58.6,51.4,0.0,0.0000,0.0000
23.60,2026-05-25T18:12:57.467934,IDLE,59.5,51.4,0.0,0.0000,0.0000
24.11,2026-05-25T18:12:57.971961,IDLE,58.8,51.4,0.0,0.0000,0.0000
24.60,2026-05-25T18:12:58.468705,IDLE,62.4,51.5,0.0,0.0000,0.0000
25.10,2026-05-25T18:12:58.969235,IDLE,64.4,51.4,0.0,0.0000,0.0000
25.60,2026-05-25T18:12:59.468310,IDLE,58.9,51.6,0.0,0.0000,0.0000
26.10,2026-05-25T18:12:59.968876,IDLE,59.9,51.5,0.0,0.0000,0.0000
26.60,2026-05-25T18:13:00.468629,IDLE,59.6,51.5,0.0,0.0000,0.0000
27.10,2026-05-25T18:13:00.967896,IDLE,63.0,51.5,0.0,0.0000,0.0000
27.60,2026-05-25T18:13:01.468382,IDLE,61.0,51.4,0.0,0.0000,0.0000
28.10,2026-05-25T18:13:01.969144,IDLE,62.0,51.4,0.0,0.0000,0.0000
28.60,2026-05-25T18:13:02.468104,IDLE,62.2,51.4,0.0,0.0000,0.0000
29.10,2026-05-25T18:13:02.967897,IDLE,62.1,51.5,0.0,0.0000,0.0000
29.60,2026-05-25T18:13:03.471798,IDLE,61.3,51.4,0.0,0.0000,0.0000
30.10,2026-05-25T18:13:03.968542,IDLE,59.4,51.4,0.0,0.0000,0.0000
30.60,2026-05-25T18:13:04.468016,IDLE,61.4,51.3,0.0,0.0000,0.0000
31.10,2026-05-25T18:13:04.968371,IDLE,61.0,51.4,0.0,0.0000,0.0000
31.60,2026-05-25T18:13:05.468210,IDLE,62.3,51.4,0.0,0.0000,0.0000
32.10,2026-05-25T18:13:05.969534,IDLE,60.1,51.4,0.0,0.0000,0.0000
32.60,2026-05-25T18:13:06.467913,IDLE,59.7,51.4,0.0,0.0000,0.0000
33.10,2026-05-25T18:13:06.969754,IDLE,65.4,51.4,0.0,0.0000,0.0000
33.60,2026-05-25T18:13:07.470694,IDLE,62.4,51.5,0.0,0.0000,0.0000
34.10,2026-05-25T18:13:07.970515,IDLE,57.0,51.4,0.0,0.0000,0.0000
34.60,2026-05-25T18:13:08.467725,IDLE,63.0,51.4,0.0,0.0000,0.0000
35.10,2026-05-25T18:13:08.970885,IDLE,59.9,51.4,0.0,0.0000,0.0000
35.60,2026-05-25T18:13:09.469037,IDLE,61.5,51.5,0.0,0.0000,0.0000
36.10,2026-05-25T18:13:09.969338,IDLE,59.0,51.5,0.0,0.0000,0.0000
36.60,2026-05-25T18:13:10.467712,IDLE,59.5,51.4,0.0,0.0000,0.0000
37.10,2026-05-25T18:13:10.967427,IDLE,60.4,51.4,0.0,0.0000,0.0000
37.61,2026-05-25T18:13:11.472362,IDLE,61.9,51.4,0.0,0.0000,0.0000
38.10,2026-05-25T18:13:11.967681,IDLE,62.4,51.3,0.0,0.0000,0.0000
38.60,2026-05-25T18:13:12.470049,IDLE,61.0,51.4,0.0,0.0000,0.0000
39.10,2026-05-25T18:13:12.968068,IDLE,61.7,51.5,0.0,0.0000,0.0000
39.60,2026-05-25T18:13:13.467753,IDLE,59.9,51.5,0.0,0.0000,0.0000
40.10,2026-05-25T18:13:13.967568,IDLE,64.7,51.4,0.0,0.0000,0.0000
40.60,2026-05-25T18:13:14.470544,IDLE,62.5,51.4,0.0,0.0000,0.0000
41.10,2026-05-25T18:13:14.967179,IDLE,64.0,51.3,0.0,0.0000,0.0000
41.60,2026-05-25T18:13:15.467558,IDLE,60.2,51.4,0.0,0.0000,0.0000
42.11,2026-05-25T18:13:15.972766,IDLE,60.7,51.4,0.0,0.0000,0.0000
42.60,2026-05-25T18:13:16.467875,IDLE,62.6,51.4,0.0,0.0000,0.0000
43.11,2026-05-25T18:13:16.973241,IDLE,59.8,51.4,0.0,0.0000,0.0000
43.60,2026-05-25T18:13:17.467629,IDLE,62.0,51.4,0.0,0.0000,0.0000
44.10,2026-05-25T18:13:17.968355,IDLE,61.0,51.3,0.0,0.0000,0.0000
44.60,2026-05-25T18:13:18.467627,IDLE,60.4,51.4,0.0,0.0000,0.0000
45.10,2026-05-25T18:13:18.971299,IDLE,63.0,51.4,0.0,0.0000,0.0000
45.60,2026-05-25T18:13:19.470573,IDLE,58.6,51.4,0.0,0.0000,0.0000
46.10,2026-05-25T18:13:19.967889,IDLE,59.1,51.4,0.0,0.0000,0.0000
46.60,2026-05-25T18:13:20.467715,IDLE,63.0,51.3,0.0,0.0000,0.0000
47.10,2026-05-25T18:13:20.967592,IDLE,60.1,51.3,0.0,0.0000,0.0000
47.60,2026-05-25T18:13:21.467983,IDLE,57.9,51.3,0.0,0.0000,0.0000
48.10,2026-05-25T18:13:21.967840,IDLE,62.1,51.4,0.0,0.0000,0.0000
48.60,2026-05-25T18:13:22.467824,IDLE,60.3,51.4,0.0,0.0000,0.0000
49.10,2026-05-25T18:13:22.969120,IDLE,63.8,51.3,0.0,0.0000,0.0000
0.05,2026-05-25T18:13:23.466928,COMMUTING,59.9,51.3,0.0,0.0000,0.0000
0.55,2026-05-25T18:13:23.967581,COMMUTING,60.7,51.2,0.0,0.3518,0.4485
1.05,2026-05-25T18:13:24.467457,COMMUTING,62.0,51.2,0.0,0.3168,0.3433
1.55,2026-05-25T18:13:24.967411,COMMUTING,64.1,51.3,0.0,0.2758,0.3262
2.05,2026-05-25T18:13:25.467090,COMMUTING,62.3,51.4,0.0,0.2268,0.2344
2.55,2026-05-25T18:13:25.967444,COMMUTING,59.8,51.5,0.0,0.2413,0.0545
3.05,2026-05-25T18:13:26.467067,COMMUTING,61.3,51.3,0.0,0.2221,0.0421
3.55,2026-05-25T18:13:26.968628,COMMUTING,59.9,51.3,0.0,0.0000,0.0000
4.05,2026-05-25T18:13:27.468142,COMMUTING,59.7,51.4,0.0,0.0000,0.0000
4.55,2026-05-25T18:13:27.967930,BUFFERING_ROUGH,61.1,51.3,0.0,0.0000,0.0000
5.05,2026-05-25T18:13:28.471428,BUFFERING_ROUGH,62.3,51.3,0.0,0.0000,0.0000
5.55,2026-05-25T18:13:28.969357,BUFFERING_ROUGH,61.0,51.3,0.0,0.0000,0.0000
6.05,2026-05-25T18:13:29.467638,BUFFERING_ROUGH,60.8,51.4,0.0,0.0000,0.0000
6.55,2026-05-25T18:13:29.967643,BUFFERING_ROUGH,62.3,51.4,0.0,0.0000,0.0000
7.05,2026-05-25T18:13:30.468969,BUFFERING_ROUGH,59.2,51.3,0.0,0.0000,0.0000
7.55,2026-05-25T18:13:30.969861,BUFFERING_ROUGH,63.0,51.3,0.0,0.0000,0.0000
8.05,2026-05-25T18:13:31.467806,BUFFERING_ROUGH,60.5,51.4,0.0,0.0000,0.0000
8.55,2026-05-25T18:13:31.968887,BUFFERING_ROUGH,61.0,51.2,0.0,0.0000,0.0000
9.05,2026-05-25T18:13:32.469549,BUFFERING_ROUGH,63.0,51.2,0.0,0.0000,0.0000
9.55,2026-05-25T18:13:32.969548,BUFFERING_ROUGH,59.5,51.2,0.0,0.0000,0.0000
10.05,2026-05-25T18:13:33.469981,BUFFERING_ROUGH,62.4,51.3,0.0,0.0000,0.0000
10.55,2026-05-25T18:13:33.971063,BUFFERING_ROUGH,61.7,51.3,0.0,0.0000,0.0000
11.05,2026-05-25T18:13:34.469367,BUFFERING_ROUGH,60.3,51.3,0.0,0.0000,0.0000
11.55,2026-05-25T18:13:34.972045,BUFFERING_ROUGH,61.9,51.3,0.0,0.0000,0.0000
12.05,2026-05-25T18:13:35.467866,BUFFERING_ROUGH,58.8,51.4,0.0,0.0000,0.0000
12.55,2026-05-25T18:13:35.968791,NAV_TO_STAGING,58.0,51.3,0.0,0.3011,-0.1616
13.05,2026-05-25T18:13:36.467104,NAV_TO_STAGING,62.6,51.3,0.0,0.4055,-0.1824
13.55,2026-05-25T18:13:36.967291,NAV_TO_STAGING,62.4,51.4,0.0,0.2714,-0.1108
14.05,2026-05-25T18:13:37.467056,NAV_TO_STAGING,62.0,51.3,0.0,0.3506,-0.1098
14.55,2026-05-25T18:13:37.971486,NAV_TO_STAGING,62.4,51.3,0.0,0.2688,0.0320
15.05,2026-05-25T18:13:38.467620,NAV_TO_STAGING,60.9,51.4,0.0,0.2861,0.0087
15.55,2026-05-25T18:13:38.967790,NAV_TO_STAGING,61.3,51.3,0.0,0.2576,0.1214
16.05,2026-05-25T18:13:39.467088,NAV_TO_STAGING,60.4,51.5,0.0,0.2749,-0.0819
16.55,2026-05-25T18:13:39.968615,NAV_TO_STAGING,58.7,51.5,0.0,0.2274,-0.1882
17.05,2026-05-25T18:13:40.469720,NAV_TO_STAGING,58.1,51.4,0.0,0.0882,-0.0900
17.55,2026-05-25T18:13:40.967230,NAV_TO_STAGING,61.0,51.4,0.0,0.1454,-0.1049
18.05,2026-05-25T18:13:41.467754,NAV_TO_STAGING,60.1,51.4,0.0,0.1425,0.0851
18.55,2026-05-25T18:13:41.972197,NAV_TO_STAGING,62.1,51.4,0.0,0.1374,0.1325
19.05,2026-05-25T18:13:42.467453,NAV_TO_STAGING,57.8,51.4,0.0,0.1916,0.0749
19.55,2026-05-25T18:13:42.968288,NAV_TO_STAGING,60.1,51.5,0.0,0.1025,0.1676
20.05,2026-05-25T18:13:43.467067,NAV_TO_STAGING,56.9,51.4,0.0,0.1876,0.1142
20.55,2026-05-25T18:13:43.967378,NAV_TO_STAGING,58.7,51.4,0.0,0.0605,0.1210
21.05,2026-05-25T18:13:44.467236,NAV_TO_STAGING,57.7,51.4,0.0,0.1673,0.9271
21.55,2026-05-25T18:13:44.969564,NAV_TO_STAGING,62.5,51.4,0.0,0.0881,0.8452
22.05,2026-05-25T18:13:45.466887,NAV_TO_STAGING,61.4,51.5,0.0,0.1895,0.8381
22.55,2026-05-25T18:13:45.966950,NAV_TO_STAGING,60.3,51.4,0.0,0.0906,1.0201
23.05,2026-05-25T18:13:46.467078,NAV_TO_STAGING,59.3,51.4,0.0,0.1313,1.4625
23.55,2026-05-25T18:13:46.967053,NAV_TO_STAGING,63.4,51.3,0.0,0.1071,1.0082
24.05,2026-05-25T18:13:47.466805,NAV_TO_STAGING,59.3,51.4,0.0,0.1775,-0.0643
24.55,2026-05-25T18:13:47.967028,NAV_TO_STAGING,58.4,51.5,0.0,0.1953,-1.1643
25.05,2026-05-25T18:13:48.470355,NAV_TO_STAGING,62.5,51.5,0.0,0.1860,-2.2643
25.55,2026-05-25T18:13:48.967168,NAV_TO_STAGING,64.1,51.4,0.0,0.2003,-3.3643
26.05,2026-05-25T18:13:49.471793,NAV_TO_STAGING,61.5,51.4,0.0,0.0000,-3.4671
26.55,2026-05-25T18:13:49.969511,NAV_TO_STAGING,62.9,51.4,0.0,0.1316,-3.9681
27.05,2026-05-25T18:13:50.468048,NAV_TO_STAGING,60.1,51.4,0.0,0.1775,-3.1756
27.55,2026-05-25T18:13:50.971272,NAV_TO_STAGING,62.0,51.4,0.0,0.1689,-2.0756
28.05,2026-05-25T18:13:51.473135,NAV_TO_STAGING,61.9,51.4,0.0,0.0496,-1.1398
28.56,2026-05-25T18:13:51.979534,NAV_TO_STAGING,61.8,51.4,0.0,0.0408,-0.2659
29.05,2026-05-25T18:13:52.469077,BUFFERING_PRECISION,62.8,51.5,0.0,0.0000,0.0000
29.55,2026-05-25T18:13:52.969649,NAV_TO_DOCK,63.6,51.4,0.0,0.0000,0.0000
30.05,2026-05-25T18:13:53.470531,NAV_TO_DOCK,62.1,51.4,0.0,0.0000,0.0000
30.55,2026-05-25T18:13:53.969620,NAV_TO_DOCK,62.9,51.5,0.0,0.0000,0.0000
31.05,2026-05-25T18:13:54.468828,NAV_TO_DOCK,59.1,51.4,0.0,0.0000,0.0000
31.55,2026-05-25T18:13:54.968866,NAV_TO_DOCK,63.4,51.4,0.0,0.1363,-0.4400
32.05,2026-05-25T18:13:55.468649,NAV_TO_DOCK,61.3,51.4,0.0,0.2000,-0.6398
32.55,2026-05-25T18:13:55.974064,NAV_TO_DOCK,59.8,51.5,0.0,0.1322,-0.5367
33.05,2026-05-25T18:13:56.467259,NAV_TO_DOCK,62.7,51.4,0.0,0.1154,-0.4603
33.55,2026-05-25T18:13:56.967749,NAV_TO_DOCK,57.6,51.4,0.0,0.0321,-0.2730
34.05,2026-05-25T18:13:57.466981,NAV_TO_DOCK,63.8,51.4,0.0,0.0455,-0.0658
34.55,2026-05-25T18:13:57.969760,NAV_TO_DOCK,58.3,51.4,0.0,0.1282,-0.9570
35.06,2026-05-25T18:13:58.474647,NAV_TO_DOCK,60.5,51.5,0.0,0.1473,-0.4793
35.55,2026-05-25T18:13:58.969059,NAV_TO_DOCK,60.3,51.5,0.0,0.1633,0.6207
36.05,2026-05-25T18:13:59.467271,NAV_TO_DOCK,59.0,51.5,0.0,0.0152,0.2086
36.55,2026-05-25T18:13:59.970015,NAV_TO_DOCK,57.2,51.5,0.0,0.0258,-0.8914
37.05,2026-05-25T18:14:00.467741,NAV_TO_DOCK,59.6,51.4,0.0,0.0000,-1.4956
37.55,2026-05-25T18:14:00.969741,NAV_TO_DOCK,59.7,51.4,0.0,0.0000,-1.3489
38.05,2026-05-25T18:14:01.468577,NAV_TO_DOCK,60.9,51.5,0.0,0.0491,-0.6167
38.55,2026-05-25T18:14:01.973590,NAV_TO_DOCK,60.8,51.4,0.0,0.0426,-1.5295
39.05,2026-05-25T18:14:02.470911,NAV_TO_DOCK,61.6,51.3,0.0,0.0704,-0.9522
39.55,2026-05-25T18:14:02.968781,NAV_TO_DOCK,58.1,51.4,0.0,0.0205,-0.8141
40.05,2026-05-25T18:14:03.467443,NAV_TO_DOCK,60.1,51.5,0.0,0.0967,-0.7006
40.55,2026-05-25T18:14:03.967650,NAV_TO_DOCK,61.2,51.4,0.0,0.2000,-0.0689
41.05,2026-05-25T18:14:04.468060,NAV_TO_DOCK,59.8,51.4,0.0,0.0761,-0.2557
41.55,2026-05-25T18:14:04.968214,NAV_TO_DOCK,58.8,51.4,0.0,0.2000,-1.1379
42.05,2026-05-25T18:14:05.467242,NAV_TO_DOCK,61.1,51.4,0.0,0.2000,-1.3800
42.55,2026-05-25T18:14:05.969205,NAV_TO_DOCK,56.8,51.4,0.0,0.1076,-1.0700
43.05,2026-05-25T18:14:06.467704,NAV_TO_DOCK,56.4,51.4,0.0,0.2000,-1.5735
43.55,2026-05-25T18:14:06.971601,NAV_TO_DOCK,57.2,51.4,0.0,0.2000,-1.5596
44.05,2026-05-25T18:14:07.467438,NAV_TO_DOCK,58.5,51.4,0.0,0.1534,-1.3209
44.55,2026-05-25T18:14:07.967773,NAV_TO_DOCK,57.2,51.4,0.0,0.2000,-1.5719
45.05,2026-05-25T18:14:08.468398,NAV_TO_DOCK,58.3,51.4,0.0,0.1798,-1.4459
45.55,2026-05-25T18:14:08.970392,NAV_TO_DOCK,58.3,51.3,0.0,0.2000,-1.4329
46.05,2026-05-25T18:14:09.468536,NAV_TO_DOCK,59.6,51.4,0.0,0.2000,-1.5165
46.55,2026-05-25T18:14:09.972176,NAV_TO_DOCK,57.6,51.4,0.0,0.2000,-1.1886
47.05,2026-05-25T18:14:10.468310,NAV_TO_DOCK,62.1,51.4,0.0,0.2000,-1.2575
47.55,2026-05-25T18:14:10.969359,NAV_TO_DOCK,58.9,51.4,0.0,0.1716,-0.7901
48.05,2026-05-25T18:14:11.467556,NAV_TO_DOCK,56.2,51.4,0.0,0.1331,-0.6083
48.55,2026-05-25T18:14:11.967627,NAV_TO_DOCK,58.9,51.3,0.0,0.1044,-0.5484
49.05,2026-05-25T18:14:12.471917,NAV_TO_DOCK,57.6,51.3,0.0,0.1436,-0.4751
49.55,2026-05-25T18:14:12.968406,NAV_TO_DOCK,58.6,51.3,0.0,0.1199,-0.7458
50.05,2026-05-25T18:14:13.467161,NAV_TO_DOCK,61.6,51.4,0.0,0.0879,-1.2421
50.55,2026-05-25T18:14:13.971147,NAV_TO_DOCK,56.2,51.4,0.0,0.0438,-0.7279
51.05,2026-05-25T18:14:14.469504,LOCKED,58.9,51.4,0.0,0.0000,0.0000
51.55,2026-05-25T18:14:14.972110,LOCKED,60.3,51.4,0.0,0.0000,0.0000
52.05,2026-05-25T18:14:15.468754,LOCKED,58.1,51.4,0.0,0.0000,0.0000
52.55,2026-05-25T18:14:15.970537,LOCKED,56.6,51.4,0.0,0.0000,0.0000
53.05,2026-05-25T18:14:16.469698,LOCKED,53.4,51.4,0.0,0.0000,0.0000
53.55,2026-05-25T18:14:16.969259,LOCKED,60.9,51.4,0.0,0.0000,0.0000
54.05,2026-05-25T18:14:17.468241,LOCKED,58.5,51.4,0.0,0.0000,0.0000
54.55,2026-05-25T18:14:17.969756,LOCKED,58.3,51.5,0.0,0.0000,0.0000
55.05,2026-05-25T18:14:18.468575,LOCKED,56.8,51.5,0.0,0.0000,0.0000
55.55,2026-05-25T18:14:18.968053,LOCKED,61.0,51.5,0.0,0.0000,0.0000
56.05,2026-05-25T18:14:19.469243,LOCKED,60.4,51.5,0.0,0.0000,0.0000
56.55,2026-05-25T18:14:19.970378,LOCKED,61.7,51.5,0.0,0.0000,0.0000
57.05,2026-05-25T18:14:20.474246,LOCKED,59.5,51.5,0.0,0.0000,0.0000
57.55,2026-05-25T18:14:20.969342,LOCKED,57.2,51.5,0.0,0.0000,0.0000
58.05,2026-05-25T18:14:21.469694,LOCKED,60.3,51.4,0.0,0.0000,0.0000
58.55,2026-05-25T18:14:21.970380,LOCKED,55.4,51.4,0.0,0.0000,0.0000
59.05,2026-05-25T18:14:22.468421,LOCKED,61.0,51.5,0.0,0.0000,0.0000
59.55,2026-05-25T18:14:22.967119,IDLE,66.4,51.9,0.0,0.0000,0.0000
60.05,2026-05-25T18:14:23.470738,IDLE,59.1,51.5,0.0,0.0000,0.0000
60.55,2026-05-25T18:14:23.969911,IDLE,60.3,51.5,0.0,0.0000,0.0000
61.06,2026-05-25T18:14:24.476758,IDLE,57.6,51.5,0.0,0.0000,0.0000
61.55,2026-05-25T18:14:24.969833,IDLE,57.1,51.5,0.0,0.0000,0.0000
62.05,2026-05-25T18:14:25.468890,IDLE,60.9,51.4,0.0,0.0000,0.0000
62.55,2026-05-25T18:14:25.967704,IDLE,58.7,51.5,0.0,0.0000,0.0000
63.05,2026-05-25T18:14:26.469509,IDLE,58.6,51.5,0.0,0.0000,0.0000
63.55,2026-05-25T18:14:26.970787,IDLE,62.4,51.4,0.0,0.0000,0.0000
64.05,2026-05-25T18:14:27.469310,IDLE,58.1,51.5,0.0,0.0000,0.0000
64.55,2026-05-25T18:14:27.973979,IDLE,61.0,51.5,0.0,0.0000,0.0000
65.05,2026-05-25T18:14:28.468171,IDLE,60.4,51.5,0.0,0.0000,0.0000
65.55,2026-05-25T18:14:28.967896,IDLE,61.6,51.5,0.0,0.0000,0.0000
66.05,2026-05-25T18:14:29.468167,IDLE,62.7,51.5,0.0,0.4832,-3.1197
66.55,2026-05-25T18:14:29.968591,IDLE,56.9,51.5,0.0,0.0000,0.0000
67.05,2026-05-25T18:14:30.471377,IDLE,60.0,51.5,0.0,0.0000,0.0000
67.55,2026-05-25T18:14:30.967621,IDLE,59.5,51.5,0.0,0.0000,0.0000
68.05,2026-05-25T18:14:31.468495,IDLE,55.2,51.5,0.0,-0.4832,0.0000
68.55,2026-05-25T18:14:31.968261,IDLE,60.1,51.4,0.0,0.0000,0.0000
69.05,2026-05-25T18:14:32.467850,IDLE,62.1,51.4,0.0,0.4832,3.1197
69.55,2026-05-25T18:14:32.970134,IDLE,59.4,51.5,0.0,0.4832,3.1197
70.05,2026-05-25T18:14:33.467712,IDLE,60.3,51.5,0.0,0.4832,0.0000
70.55,2026-05-25T18:14:33.970646,IDLE,60.5,51.5,0.0,0.4832,0.0000
71.05,2026-05-25T18:14:34.467703,IDLE,59.9,51.5,0.0,0.4832,0.0000
71.55,2026-05-25T18:14:34.967571,IDLE,60.8,51.5,0.0,0.4832,0.0000
72.05,2026-05-25T18:14:35.467180,IDLE,60.3,51.4,0.0,0.4832,0.0000
72.55,2026-05-25T18:14:35.969749,IDLE,59.3,51.4,0.0,0.4832,0.0000
73.05,2026-05-25T18:14:36.467633,IDLE,62.7,51.5,0.0,0.4832,0.0000
73.55,2026-05-25T18:14:36.967415,IDLE,59.0,51.4,0.0,0.4832,0.0000
74.05,2026-05-25T18:14:37.467193,IDLE,62.8,51.5,0.0,0.4832,0.0000
74.55,2026-05-25T18:14:37.970178,IDLE,59.1,51.5,0.0,0.4832,0.0000
75.05,2026-05-25T18:14:38.468496,IDLE,61.7,51.5,0.0,0.4832,3.1197
75.55,2026-05-25T18:14:38.972469,IDLE,61.8,51.5,0.0,0.4832,3.1197
76.05,2026-05-25T18:14:39.467549,IDLE,64.1,51.5,0.0,0.4832,3.1197
76.55,2026-05-25T18:14:39.968444,IDLE,61.8,51.4,0.0,0.4832,3.1197
77.05,2026-05-25T18:14:40.469455,IDLE,61.0,51.5,0.0,0.4832,3.1197
77.55,2026-05-25T18:14:40.967704,IDLE,62.7,51.5,0.0,0.4832,3.1197
78.05,2026-05-25T18:14:41.467764,IDLE,63.6,51.5,0.0,0.4832,0.0000
78.55,2026-05-25T18:14:41.969338,IDLE,57.7,51.4,0.0,0.4832,0.0000
79.05,2026-05-25T18:14:42.468905,IDLE,60.3,51.4,0.0,0.4832,0.0000
79.55,2026-05-25T18:14:42.967520,IDLE,61.7,51.5,0.0,0.4832,0.0000
80.05,2026-05-25T18:14:43.468767,IDLE,56.6,51.4,0.0,0.0000,0.0000
80.55,2026-05-25T18:14:43.968421,IDLE,57.9,51.5,0.0,0.0000,0.0000
81.05,2026-05-25T18:14:44.469116,IDLE,61.5,51.5,0.0,0.4832,-3.1197
81.55,2026-05-25T18:14:44.968929,IDLE,59.5,51.4,0.0,0.4832,-3.1197
82.05,2026-05-25T18:14:45.467228,IDLE,63.5,51.4,0.0,0.4832,-3.1197
82.55,2026-05-25T18:14:45.969174,IDLE,58.9,51.4,0.0,0.4832,-3.1197
83.05,2026-05-25T18:14:46.469593,IDLE,61.4,51.4,0.0,0.4832,-3.1197
83.55,2026-05-25T18:14:46.968514,IDLE,60.2,51.5,0.0,0.4832,0.0000
84.05,2026-05-25T18:14:47.471559,IDLE,57.8,51.5,0.0,0.4832,0.0000
84.55,2026-05-25T18:14:47.967767,IDLE,57.8,51.5,0.0,0.4832,0.0000
85.05,2026-05-25T18:14:48.468262,IDLE,59.3,51.5,0.0,0.4832,-3.1197
85.55,2026-05-25T18:14:48.969018,IDLE,62.8,51.5,0.0,0.4832,-3.1197
86.05,2026-05-25T18:14:49.473073,IDLE,60.4,51.4,0.0,0.4832,-3.1197
86.55,2026-05-25T18:14:49.968488,IDLE,60.2,51.5,0.0,0.4832,-3.1197
87.05,2026-05-25T18:14:50.467686,IDLE,57.4,51.5,0.0,0.0000,0.0000
87.55,2026-05-25T18:14:50.968053,IDLE,62.9,51.6,0.0,0.0000,0.0000
88.05,2026-05-25T18:14:51.469760,IDLE,59.3,51.5,0.0,0.0000,0.0000
88.55,2026-05-25T18:14:51.974331,IDLE,60.3,51.5,0.0,0.0000,0.0000
89.05,2026-05-25T18:14:52.468768,IDLE,56.7,51.4,0.0,0.0000,0.0000
89.55,2026-05-25T18:14:52.969392,IDLE,61.3,51.5,0.0,0.0000,0.0000
90.05,2026-05-25T18:14:53.468339,IDLE,63.4,51.5,0.0,0.0000,0.0000
90.55,2026-05-25T18:14:53.971918,IDLE,59.6,51.5,0.0,0.0000,0.0000
91.05,2026-05-25T18:14:54.467686,IDLE,59.1,51.5,0.0,0.0000,0.0000
91.55,2026-05-25T18:14:54.968152,IDLE,56.5,51.5,0.0,0.0000,0.0000
92.05,2026-05-25T18:14:55.469230,IDLE,57.1,51.5,0.0,0.0000,0.0000
92.55,2026-05-25T18:14:55.969599,IDLE,59.6,51.5,0.0,0.0000,0.0000
93.05,2026-05-25T18:14:56.468600,IDLE,58.1,51.5,0.0,0.0000,0.0000
93.55,2026-05-25T18:14:56.972025,IDLE,59.5,51.6,0.0,0.0000,0.0000
94.05,2026-05-25T18:14:57.468483,IDLE,59.2,51.5,0.0,0.0000,0.0000
0.02,2026-05-25T18:14:57.972196,COMMUTING,61.0,51.5,0.0,0.0000,0.0000
0.52,2026-05-25T18:14:58.467003,COMMUTING,59.1,51.6,0.0,0.3581,0.4526
1.02,2026-05-25T18:14:58.969039,COMMUTING,63.6,51.5,0.0,0.3453,0.5208
1.52,2026-05-25T18:14:59.467286,COMMUTING,58.6,51.6,0.0,0.3365,0.2809
2.02,2026-05-25T18:14:59.969799,COMMUTING,62.1,51.6,0.0,0.0000,0.0000
2.52,2026-05-25T18:15:00.467971,VISUAL_HOMING,56.8,51.5,0.0,0.3107,-0.4599
3.02,2026-05-25T18:15:00.969408,VISUAL_HOMING,62.6,51.5,0.0,0.3513,-0.5019
3.52,2026-05-25T18:15:01.468212,VISUAL_HOMING,60.5,51.5,0.0,0.3299,-0.3588
4.03,2026-05-25T18:15:01.980923,VISUAL_HOMING,59.7,51.5,0.0,0.3315,-0.1761
4.52,2026-05-25T18:15:02.469312,VISUAL_HOMING,60.8,51.5,0.0,0.3300,-0.0320
5.02,2026-05-25T18:15:02.971898,VISUAL_HOMING,61.1,51.5,0.0,0.3135,0.0856
5.52,2026-05-25T18:15:03.469335,VISUAL_HOMING,59.2,51.5,0.0,0.3418,0.0466
6.02,2026-05-25T18:15:03.969746,VISUAL_HOMING,58.9,51.6,0.0,0.3130,-0.0479
6.52,2026-05-25T18:15:04.471657,VISUAL_HOMING,63.5,51.5,0.0,0.2438,-0.2195
7.02,2026-05-25T18:15:04.972995,VISUAL_HOMING,59.9,51.5,0.0,0.2325,-0.5789
7.52,2026-05-25T18:15:05.468430,VISUAL_HOMING,62.6,51.5,0.0,0.2806,-0.8195
8.02,2026-05-25T18:15:05.973736,VISUAL_HOMING,58.5,51.5,0.0,0.2350,-0.4528
8.52,2026-05-25T18:15:06.468897,VISUAL_HOMING,60.4,51.6,0.0,0.3215,-0.1176
9.02,2026-05-25T18:15:06.967285,VISUAL_HOMING,59.1,51.5,0.0,0.3173,0.0021
9.52,2026-05-25T18:15:07.467787,VISUAL_HOMING,56.2,51.5,0.0,0.4483,-0.2262
10.02,2026-05-25T18:15:07.970218,VISUAL_HOMING,58.1,51.5,0.0,0.3516,-0.1993
10.52,2026-05-25T18:15:08.467164,VISUAL_HOMING,59.8,51.5,0.0,0.3612,0.0369
11.02,2026-05-25T18:15:08.972791,VISUAL_HOMING,59.3,51.5,0.0,0.2790,0.9892
11.52,2026-05-25T18:15:09.467281,VISUAL_HOMING,58.9,51.5,0.0,0.2763,1.8300
12.02,2026-05-25T18:15:09.970861,VISUAL_HOMING,60.9,51.5,0.0,0.2970,1.5170
12.52,2026-05-25T18:15:10.467055,VISUAL_HOMING,58.7,51.6,0.0,0.2542,1.6616
13.02,2026-05-25T18:15:10.972890,VISUAL_HOMING,59.3,51.6,0.0,0.3256,1.4602
13.52,2026-05-25T18:15:11.472094,VISUAL_HOMING,61.4,51.6,0.0,0.3136,1.4134
14.02,2026-05-25T18:15:11.972366,VISUAL_HOMING,56.1,51.6,0.0,0.3174,1.7474
14.52,2026-05-25T18:15:12.469736,VISUAL_HOMING,60.8,51.6,0.0,0.3664,1.5852
15.02,2026-05-25T18:15:12.975579,VISUAL_HOMING,58.9,51.5,0.0,0.3455,0.7697
15.52,2026-05-25T18:15:13.467657,BUFFERING_ROUGH,61.9,51.5,0.0,0.0000,0.0000
16.02,2026-05-25T18:15:13.975422,BUFFERING_ROUGH,60.9,51.6,0.0,0.0000,0.0000
16.52,2026-05-25T18:15:14.469887,BUFFERING_PRECISION,61.1,51.6,0.0,0.0000,0.0000
17.02,2026-05-25T18:15:14.969869,NAV_TO_DOCK,65.1,51.6,0.0,0.0000,0.0000
17.52,2026-05-25T18:15:15.472151,NAV_TO_DOCK,58.2,51.6,0.0,0.0000,0.0000
18.02,2026-05-25T18:15:15.969192,NAV_TO_DOCK,61.0,51.6,0.0,0.0000,0.0000
18.52,2026-05-25T18:15:16.474190,NAV_TO_DOCK,62.4,51.6,0.0,0.0000,0.0000
19.02,2026-05-25T18:15:16.967472,NAV_TO_DOCK,60.6,51.7,0.0,0.1862,0.0291
19.52,2026-05-25T18:15:17.467054,NAV_TO_DOCK,63.2,51.6,0.0,0.2000,0.0067
20.02,2026-05-25T18:15:17.969466,NAV_TO_DOCK,61.9,51.6,0.0,0.2000,-0.0116
20.52,2026-05-25T18:15:18.475478,NAV_TO_DOCK,62.1,51.5,0.0,0.1848,-0.0033
21.02,2026-05-25T18:15:18.966988,NAV_TO_DOCK,59.6,51.5,0.0,0.1894,-0.0772
21.52,2026-05-25T18:15:19.467352,NAV_TO_DOCK,59.1,51.6,0.0,0.1593,0.2941
22.02,2026-05-25T18:15:19.969920,NAV_TO_DOCK,58.5,51.6,0.0,0.1110,0.2865
22.52,2026-05-25T18:15:20.469164,NAV_TO_DOCK,61.1,51.5,0.0,0.0679,-0.2019
23.02,2026-05-25T18:15:20.969536,NAV_TO_DOCK,58.0,51.6,0.0,0.1953,0.5369
23.52,2026-05-25T18:15:21.467405,NAV_TO_DOCK,60.2,51.5,0.0,0.0000,-0.1130
24.02,2026-05-25T18:15:21.969620,NAV_TO_DOCK,58.6,51.6,0.0,0.0284,-0.3811
24.52,2026-05-25T18:15:22.467366,NAV_TO_DOCK,59.8,51.6,0.0,0.0129,-0.1638
25.02,2026-05-25T18:15:22.968370,NAV_TO_DOCK,61.0,51.6,0.0,0.0327,-0.0923
25.52,2026-05-25T18:15:23.467802,NAV_TO_DOCK,57.9,51.6,0.0,0.0106,0.0193
26.02,2026-05-25T18:15:23.967500,NAV_TO_DOCK,57.7,51.6,0.0,0.0807,0.0072
26.52,2026-05-25T18:15:24.467495,NAV_TO_DOCK,60.8,51.6,0.0,0.0411,0.8795
27.02,2026-05-25T18:15:24.967745,NAV_TO_DOCK,60.3,51.6,0.0,0.0104,0.0394
27.52,2026-05-25T18:15:25.467640,NAV_TO_DOCK,60.3,51.6,0.0,0.0783,-0.7279
28.02,2026-05-25T18:15:25.968716,NAV_TO_DOCK,60.3,51.5,0.0,0.0525,-0.3908
28.52,2026-05-25T18:15:26.467129,NAV_TO_DOCK,59.0,51.6,0.0,0.0361,-0.5173
29.02,2026-05-25T18:15:26.967150,NAV_TO_DOCK,60.3,51.6,0.0,0.0000,-0.3352
29.52,2026-05-25T18:15:27.467582,NAV_TO_DOCK,59.9,51.6,0.0,0.0441,-0.5673
30.02,2026-05-25T18:15:27.967496,NAV_TO_DOCK,58.5,51.6,0.0,0.0616,-0.1552
30.52,2026-05-25T18:15:28.467886,NAV_TO_DOCK,63.1,51.5,0.0,0.0200,0.1396
31.02,2026-05-25T18:15:28.967163,NAV_TO_DOCK,61.3,51.6,0.0,0.0180,-0.0692
31.52,2026-05-25T18:15:29.468462,NAV_TO_DOCK,61.1,51.6,0.0,0.0990,-0.3993
32.02,2026-05-25T18:15:29.969913,NAV_TO_DOCK,59.0,51.6,0.0,0.0159,-0.5614
32.52,2026-05-25T18:15:30.467249,NAV_TO_DOCK,58.2,51.5,0.0,0.0000,0.0000
33.02,2026-05-25T18:15:30.967496,NAV_TO_DOCK,60.3,51.5,0.0,0.0000,0.0000
33.52,2026-05-25T18:15:31.468555,IDLE,60.2,51.6,0.0,0.0000,0.0000
34.02,2026-05-25T18:15:31.970859,IDLE,57.8,51.5,0.0,0.0000,0.0000
34.52,2026-05-25T18:15:32.468038,IDLE,59.3,51.6,0.0,0.0000,0.0000
35.02,2026-05-25T18:15:32.967772,IDLE,58.2,51.6,0.0,0.0000,0.0000
35.52,2026-05-25T18:15:33.468962,IDLE,59.9,51.5,0.0,0.0000,0.0000
36.02,2026-05-25T18:15:33.968818,IDLE,57.6,51.5,0.0,0.0000,0.0000
36.52,2026-05-25T18:15:34.472807,IDLE,59.4,51.5,0.0,0.0000,0.0000
37.02,2026-05-25T18:15:34.968458,IDLE,56.7,51.5,0.0,0.0000,0.0000
37.52,2026-05-25T18:15:35.470714,IDLE,56.5,51.5,0.0,0.0000,0.0000
38.02,2026-05-25T18:15:35.967949,IDLE,58.2,51.6,0.0,0.0000,0.0000
38.52,2026-05-25T18:15:36.469633,IDLE,57.4,51.6,0.0,0.0000,0.0000
39.02,2026-05-25T18:15:36.970259,IDLE,58.2,51.6,0.0,0.0000,0.0000
39.52,2026-05-25T18:15:37.469213,IDLE,57.0,51.5,0.0,0.0000,0.0000
40.02,2026-05-25T18:15:37.968095,IDLE,58.8,51.6,0.0,0.0000,0.0000
40.52,2026-05-25T18:15:38.467982,IDLE,57.1,51.6,0.0,0.0000,0.0000
41.02,2026-05-25T18:15:38.967400,IDLE,61.7,51.6,0.0,0.0000,0.0000
41.52,2026-05-25T18:15:39.470898,IDLE,58.4,51.6,0.0,0.0000,0.0000
42.02,2026-05-25T18:15:39.968615,IDLE,57.0,51.6,0.0,0.0000,0.0000
42.52,2026-05-25T18:15:40.467619,IDLE,58.4,51.6,0.0,0.0000,0.0000
43.02,2026-05-25T18:15:40.970128,IDLE,59.5,51.6,0.0,0.0000,0.0000
43.52,2026-05-25T18:15:41.473707,IDLE,59.4,51.5,0.0,0.0000,0.0000
44.02,2026-05-25T18:15:41.968548,IDLE,57.1,51.5,0.0,0.0000,0.0000
44.52,2026-05-25T18:15:42.469766,IDLE,58.2,51.6,0.0,0.0000,0.0000
45.02,2026-05-25T18:15:42.969959,IDLE,56.3,51.6,0.0,0.0000,0.0000
45.52,2026-05-25T18:15:43.468847,IDLE,57.3,51.7,0.0,0.0000,0.0000
46.02,2026-05-25T18:15:43.968894,IDLE,55.4,51.6,0.0,0.0000,0.0000
46.52,2026-05-25T18:15:44.468196,IDLE,57.9,51.6,0.0,0.0000,0.0000
47.02,2026-05-25T18:15:44.969617,IDLE,59.4,51.6,0.0,0.0000,0.0000
47.52,2026-05-25T18:15:45.467618,IDLE,57.3,51.6,0.0,0.0000,0.0000
48.02,2026-05-25T18:15:45.969306,IDLE,57.4,51.6,0.0,0.0000,0.0000
48.52,2026-05-25T18:15:46.467928,IDLE,57.1,51.5,0.0,0.0000,0.0000
49.02,2026-05-25T18:15:46.967873,IDLE,59.8,51.5,0.0,0.0000,0.0000
49.52,2026-05-25T18:15:47.467899,IDLE,57.2,51.6,0.0,0.0000,0.0000
50.02,2026-05-25T18:15:47.970204,IDLE,57.8,51.6,0.0,0.0000,0.0000
50.52,2026-05-25T18:15:48.467769,IDLE,59.6,51.6,0.0,0.0000,0.0000
51.02,2026-05-25T18:15:48.971701,IDLE,59.9,51.6,0.0,0.0000,0.0000
51.52,2026-05-25T18:15:49.470793,IDLE,60.4,51.6,0.0,0.0000,0.0000
52.02,2026-05-25T18:15:49.972254,IDLE,57.1,51.6,0.0,0.0000,0.0000
52.52,2026-05-25T18:15:50.469018,IDLE,56.2,51.6,0.0,0.0000,0.0000
53.02,2026-05-25T18:15:50.967493,IDLE,57.6,51.7,0.0,0.0000,0.0000
53.52,2026-05-25T18:15:51.467838,IDLE,56.4,51.5,0.0,0.0000,0.0000
54.02,2026-05-25T18:15:51.969033,IDLE,55.5,51.6,0.0,0.0000,0.0000
54.52,2026-05-25T18:15:52.469751,IDLE,57.7,51.7,0.0,0.0000,0.0000
55.02,2026-05-25T18:15:52.969396,IDLE,58.1,51.6,0.0,0.0000,0.0000
55.52,2026-05-25T18:15:53.469932,IDLE,58.9,51.6,0.0,0.0000,0.0000
56.02,2026-05-25T18:15:53.973163,IDLE,57.5,51.6,0.0,0.0000,0.0000
56.52,2026-05-25T18:15:54.467693,IDLE,57.1,51.5,0.0,0.0000,0.0000
57.02,2026-05-25T18:15:54.969010,IDLE,58.5,51.6,0.0,0.0000,0.0000
57.52,2026-05-25T18:15:55.467534,IDLE,58.6,51.7,0.0,0.0000,0.0000
58.02,2026-05-25T18:15:55.968861,IDLE,58.1,51.6,0.0,0.0000,0.0000
58.52,2026-05-25T18:15:56.468248,IDLE,57.7,51.6,0.0,0.0000,0.0000
59.02,2026-05-25T18:15:56.968574,IDLE,59.1,51.5,0.0,0.0000,0.0000
59.52,2026-05-25T18:15:57.467965,IDLE,62.5,51.6,0.0,0.0000,0.0000
60.02,2026-05-25T18:15:57.969773,IDLE,58.2,51.6,0.0,0.0000,0.0000
60.52,2026-05-25T18:15:58.467201,IDLE,57.5,51.6,0.0,0.0000,0.0000
61.02,2026-05-25T18:15:58.967470,IDLE,58.5,51.7,0.0,0.0000,0.0000
61.52,2026-05-25T18:15:59.469169,IDLE,57.4,51.7,0.0,0.0000,0.0000
62.02,2026-05-25T18:15:59.973836,IDLE,56.1,51.7,0.0,0.0000,0.0000
62.52,2026-05-25T18:16:00.469171,IDLE,58.5,51.7,0.0,0.0000,0.0000
63.02,2026-05-25T18:16:00.969244,IDLE,56.6,51.6,0.0,0.0000,0.0000
63.52,2026-05-25T18:16:01.475588,IDLE,60.1,51.6,0.0,0.0000,0.0000
64.02,2026-05-25T18:16:01.967882,IDLE,59.8,51.6,0.0,0.0000,0.0000
64.52,2026-05-25T18:16:02.467978,IDLE,58.4,51.5,0.0,0.0000,0.0000
65.02,2026-05-25T18:16:02.967832,IDLE,60.8,51.5,0.0,0.0000,0.0000
65.52,2026-05-25T18:16:03.467945,IDLE,56.3,51.6,0.0,0.0000,0.0000
66.02,2026-05-25T18:16:03.969202,IDLE,56.4,51.7,0.0,0.0000,0.0000
66.52,2026-05-25T18:16:04.467699,IDLE,57.3,51.7,0.0,0.0000,0.0000
67.02,2026-05-25T18:16:04.968966,IDLE,59.3,51.7,0.0,0.0000,0.0000
67.52,2026-05-25T18:16:05.467613,IDLE,62.6,51.7,0.0,0.0000,0.0000
68.02,2026-05-25T18:16:05.969957,IDLE,57.1,51.6,0.0,0.0000,0.0000
68.52,2026-05-25T18:16:06.467862,IDLE,58.4,51.6,0.0,0.0000,0.0000
69.02,2026-05-25T18:16:06.968451,IDLE,57.7,51.5,0.0,0.0000,0.0000
69.52,2026-05-25T18:16:07.467779,IDLE,58.5,51.6,0.0,0.0000,0.0000
70.02,2026-05-25T18:16:07.967706,IDLE,56.3,51.6,0.0,0.0000,0.0000
70.52,2026-05-25T18:16:08.469462,IDLE,57.6,51.7,0.0,0.0000,0.0000
71.02,2026-05-25T18:16:08.969159,IDLE,58.2,51.7,0.0,0.0000,0.0000
71.52,2026-05-25T18:16:09.468706,IDLE,56.4,51.7,0.0,0.0000,0.0000
72.02,2026-05-25T18:16:09.968027,IDLE,59.5,51.6,0.0,0.0000,0.0000
72.52,2026-05-25T18:16:10.467852,IDLE,58.1,51.6,0.0,0.0000,0.0000
73.02,2026-05-25T18:16:10.967958,IDLE,61.2,51.7,0.0,0.0000,0.0000
73.52,2026-05-25T18:16:11.467535,IDLE,58.7,51.7,0.0,0.0000,0.0000
74.02,2026-05-25T18:16:11.970330,IDLE,58.2,51.6,0.0,0.0000,0.0000
74.52,2026-05-25T18:16:12.468102,IDLE,55.9,51.6,0.0,0.0000,0.0000
75.02,2026-05-25T18:16:12.968114,IDLE,58.2,51.5,0.0,0.0000,0.0000
75.52,2026-05-25T18:16:13.468511,IDLE,58.0,51.6,0.0,0.0000,0.0000
76.02,2026-05-25T18:16:13.971429,IDLE,53.5,51.5,0.0,0.0000,0.0000
76.52,2026-05-25T18:16:14.469170,IDLE,53.7,51.6,0.0,0.0000,0.0000
77.02,2026-05-25T18:16:14.968855,IDLE,56.6,51.7,0.0,0.0000,0.0000
77.52,2026-05-25T18:16:15.467578,IDLE,58.1,51.6,0.0,0.0000,0.0000
78.02,2026-05-25T18:16:15.969784,IDLE,55.1,51.6,0.0,0.0000,0.0000
78.52,2026-05-25T18:16:16.469890,IDLE,56.2,51.6,0.0,0.0000,0.0000
79.02,2026-05-25T18:16:16.969823,IDLE,55.9,51.6,0.0,0.0000,0.0000
79.52,2026-05-25T18:16:17.467791,IDLE,59.7,51.7,0.0,0.0000,0.0000
80.02,2026-05-25T18:16:17.969786,IDLE,58.3,51.6,0.0,0.0000,0.0000
80.52,2026-05-25T18:16:18.468332,IDLE,55.4,51.6,0.0,0.0000,0.0000
81.02,2026-05-25T18:16:18.968132,IDLE,60.5,51.6,0.0,0.0000,0.0000
81.52,2026-05-25T18:16:19.467413,IDLE,55.0,51.6,0.0,0.0000,0.0000
82.02,2026-05-25T18:16:19.970602,IDLE,56.0,51.6,0.0,0.0000,0.0000
82.52,2026-05-25T18:16:20.467709,IDLE,56.2,51.6,0.0,0.0000,0.0000
83.02,2026-05-25T18:16:20.969847,IDLE,58.1,51.6,0.0,0.0000,0.0000
83.52,2026-05-25T18:16:21.467987,IDLE,60.4,51.6,0.0,0.0000,0.0000
84.02,2026-05-25T18:16:21.968541,IDLE,54.5,51.6,0.0,0.0000,0.0000
84.52,2026-05-25T18:16:22.468096,IDLE,57.9,51.7,0.0,0.0000,0.0000
85.02,2026-05-25T18:16:22.968201,IDLE,55.3,51.6,0.0,0.0000,0.0000
85.52,2026-05-25T18:16:23.472123,IDLE,57.9,51.6,0.0,0.0000,0.0000
86.02,2026-05-25T18:16:23.973326,IDLE,52.9,51.6,0.0,0.0000,0.0000
86.52,2026-05-25T18:16:24.469438,IDLE,55.2,51.6,0.0,0.0000,0.0000
87.02,2026-05-25T18:16:24.970780,IDLE,57.3,51.6,0.0,0.0000,0.0000
87.52,2026-05-25T18:16:25.470589,IDLE,57.9,51.6,0.0,0.0000,0.0000
88.02,2026-05-25T18:16:25.969756,IDLE,54.6,51.7,0.0,0.0000,0.0000
88.52,2026-05-25T18:16:26.468112,IDLE,54.5,51.7,0.0,0.0000,0.0000
89.02,2026-05-25T18:16:26.970454,IDLE,59.2,51.7,0.0,0.0000,0.0000
89.52,2026-05-25T18:16:27.468581,IDLE,56.8,51.6,0.0,0.0000,0.0000
90.02,2026-05-25T18:16:27.970540,IDLE,55.0,51.6,0.0,0.0000,0.0000
90.52,2026-05-25T18:16:28.468149,IDLE,56.3,51.7,0.0,0.0000,0.0000
91.02,2026-05-25T18:16:28.970138,IDLE,56.9,51.7,0.0,0.0000,0.0000
91.52,2026-05-25T18:16:29.467871,IDLE,57.2,51.6,0.0,0.0000,0.0000
92.02,2026-05-25T18:16:29.969041,IDLE,56.1,51.6,0.0,0.0000,0.0000
92.52,2026-05-25T18:16:30.469193,IDLE,56.5,51.6,0.0,0.0000,0.0000
93.02,2026-05-25T18:16:30.967864,IDLE,57.3,51.6,0.0,0.0000,0.0000
93.52,2026-05-25T18:16:31.468355,IDLE,53.9,51.6,0.0,0.0000,0.0000
94.02,2026-05-25T18:16:31.968832,IDLE,56.2,51.6,0.0,0.0000,0.0000
94.52,2026-05-25T18:16:32.470424,IDLE,57.2,51.6,0.0,0.0000,0.0000
95.02,2026-05-25T18:16:32.967594,IDLE,57.1,51.6,0.0,0.0000,0.0000
95.52,2026-05-25T18:16:33.468484,IDLE,58.7,51.7,0.0,0.0000,0.0000
96.02,2026-05-25T18:16:33.968130,IDLE,57.2,51.7,0.0,0.0000,0.0000
96.52,2026-05-25T18:16:34.468407,IDLE,54.9,51.7,0.0,0.0000,0.0000
97.02,2026-05-25T18:16:34.967392,IDLE,59.3,51.7,0.0,0.0000,0.0000
97.52,2026-05-25T18:16:35.467469,IDLE,57.7,51.6,0.0,0.0000,0.0000
98.02,2026-05-25T18:16:35.970748,IDLE,55.7,51.7,0.0,0.0000,0.0000
98.52,2026-05-25T18:16:36.468660,IDLE,56.5,51.7,0.0,0.0000,0.0000
99.02,2026-05-25T18:16:36.972495,IDLE,55.8,51.7,0.0,0.0000,0.0000
99.52,2026-05-25T18:16:37.468055,IDLE,60.0,51.6,0.0,0.0000,0.0000
100.02,2026-05-25T18:16:37.970287,IDLE,60.0,51.6,0.0,0.0000,0.0000
100.52,2026-05-25T18:16:38.470691,IDLE,56.8,51.6,0.0,0.0000,0.0000
101.02,2026-05-25T18:16:38.967771,IDLE,56.3,51.6,0.0,0.0000,0.0000
101.52,2026-05-25T18:16:39.469237,IDLE,56.2,51.6,0.0,0.0000,0.0000
102.02,2026-05-25T18:16:39.970513,IDLE,55.8,51.6,0.0,0.0000,0.0000
102.52,2026-05-25T18:16:40.467600,IDLE,59.9,51.6,0.0,0.0000,0.0000
103.02,2026-05-25T18:16:40.967781,IDLE,57.7,51.6,0.0,0.0000,0.0000
103.52,2026-05-25T18:16:41.469619,IDLE,60.9,51.6,0.0,0.0000,0.0000
104.02,2026-05-25T18:16:41.969583,IDLE,57.3,51.6,0.0,0.0000,0.0000
104.52,2026-05-25T18:16:42.467936,IDLE,56.1,51.6,0.0,0.0000,0.0000
105.02,2026-05-25T18:16:42.967764,IDLE,59.7,51.7,0.0,0.0000,0.0000
105.52,2026-05-25T18:16:43.469080,IDLE,56.6,51.7,0.0,0.0000,0.0000
106.02,2026-05-25T18:16:43.969943,IDLE,56.5,51.6,0.0,0.0000,0.0000
106.52,2026-05-25T18:16:44.468171,IDLE,54.8,51.6,0.0,0.0000,0.0000
107.02,2026-05-25T18:16:44.969134,IDLE,58.9,51.6,0.0,0.0000,0.0000
107.52,2026-05-25T18:16:45.468053,IDLE,59.6,51.6,0.0,0.0000,0.0000
108.02,2026-05-25T18:16:45.969618,IDLE,58.0,51.7,0.0,0.0000,0.0000
108.52,2026-05-25T18:16:46.469116,IDLE,54.5,51.7,0.0,0.0000,0.0000
109.02,2026-05-25T18:16:46.970452,IDLE,58.2,51.6,0.0,0.0000,0.0000
109.52,2026-05-25T18:16:47.467998,IDLE,56.7,51.6,0.0,0.0000,0.0000
110.02,2026-05-25T18:16:47.968214,IDLE,56.6,51.7,0.0,0.0000,0.0000
110.52,2026-05-25T18:16:48.472565,IDLE,56.9,51.6,0.0,0.0000,0.0000
111.02,2026-05-25T18:16:48.969959,IDLE,57.3,51.6,0.0,0.0000,0.0000
111.52,2026-05-25T18:16:49.469214,IDLE,59.3,51.6,0.0,0.0000,0.0000
112.02,2026-05-25T18:16:49.968191,IDLE,57.9,51.6,0.0,0.0000,0.0000
112.52,2026-05-25T18:16:50.467990,IDLE,56.0,51.6,0.0,0.0000,0.0000
113.02,2026-05-25T18:16:50.967190,IDLE,63.3,51.6,0.0,0.0000,0.0000
113.52,2026-05-25T18:16:51.468321,IDLE,55.6,51.6,0.0,0.0000,0.0000
114.02,2026-05-25T18:16:51.967994,IDLE,57.5,51.5,0.0,0.0000,0.0000
114.52,2026-05-25T18:16:52.469147,IDLE,57.1,51.6,0.0,0.0000,0.0000
115.02,2026-05-25T18:16:52.968363,IDLE,59.6,51.6,0.0,0.0000,0.0000
115.52,2026-05-25T18:16:53.469008,IDLE,61.3,51.6,0.0,0.0000,0.0000
116.02,2026-05-25T18:16:53.968889,IDLE,56.2,51.6,0.0,0.0000,0.0000
116.52,2026-05-25T18:16:54.468041,IDLE,59.9,51.6,0.0,0.0000,0.0000
117.02,2026-05-25T18:16:54.969478,IDLE,58.8,51.6,0.0,0.0000,0.0000
117.52,2026-05-25T18:16:55.471147,IDLE,58.8,51.5,0.0,0.0000,0.0000
118.02,2026-05-25T18:16:55.968060,IDLE,57.3,51.5,0.0,0.0000,0.0000
118.52,2026-05-25T18:16:56.471110,IDLE,60.7,51.5,0.0,0.0000,0.0000
119.02,2026-05-25T18:16:56.968200,IDLE,59.9,51.5,0.0,0.0000,0.0000
119.52,2026-05-25T18:16:57.468740,IDLE,60.7,51.5,0.0,0.0000,0.0000
120.02,2026-05-25T18:16:57.970133,IDLE,57.3,51.5,0.0,0.0000,0.0000
120.52,2026-05-25T18:16:58.469786,IDLE,57.2,51.6,0.0,0.0000,0.0000
121.02,2026-05-25T18:16:58.969209,IDLE,61.4,51.6,0.0,0.0000,0.0000
121.52,2026-05-25T18:16:59.468564,IDLE,57.3,51.5,0.0,0.0000,0.0000
122.02,2026-05-25T18:16:59.969433,IDLE,56.9,51.5,0.0,0.0000,0.0000
122.52,2026-05-25T18:17:00.468111,IDLE,61.8,51.6,0.0,0.0000,0.0000
123.02,2026-05-25T18:17:00.967536,IDLE,59.0,51.6,0.0,0.0000,0.0000
123.52,2026-05-25T18:17:01.467055,IDLE,62.2,51.5,0.0,0.0000,0.0000
124.02,2026-05-25T18:17:01.968651,IDLE,59.1,51.5,0.0,0.0000,0.0000
124.52,2026-05-25T18:17:02.467539,IDLE,55.9,51.5,0.0,0.0000,0.0000
125.02,2026-05-25T18:17:02.968829,IDLE,58.0,51.5,0.0,0.0000,0.0000
125.52,2026-05-25T18:17:03.467767,IDLE,59.5,51.5,0.0,0.0000,0.0000
126.02,2026-05-25T18:17:03.971429,IDLE,58.6,51.6,0.0,0.0000,0.0000
126.52,2026-05-25T18:17:04.467584,IDLE,60.5,51.5,0.0,0.0000,0.0000
127.02,2026-05-25T18:17:04.969182,IDLE,58.1,51.5,0.0,0.0000,0.0000
127.52,2026-05-25T18:17:05.468714,IDLE,60.1,51.6,0.0,0.0000,0.0000
128.02,2026-05-25T18:17:05.969671,IDLE,58.3,51.6,0.0,0.0000,0.0000
128.52,2026-05-25T18:17:06.469728,IDLE,57.9,51.6,0.0,0.0000,0.0000
129.02,2026-05-25T18:17:06.969363,IDLE,57.9,51.6,0.0,0.0000,0.0000
129.52,2026-05-25T18:17:07.467985,IDLE,58.9,51.6,0.0,0.0000,0.0000
130.02,2026-05-25T18:17:07.973370,IDLE,60.5,51.6,0.0,0.0000,0.0000
130.52,2026-05-25T18:17:08.470082,IDLE,57.5,51.6,0.0,0.0000,0.0000
131.02,2026-05-25T18:17:08.968249,IDLE,58.8,51.6,0.0,0.0000,0.0000
131.52,2026-05-25T18:17:09.467820,IDLE,62.3,51.6,0.0,0.0000,0.0000
132.02,2026-05-25T18:17:09.971662,IDLE,56.5,51.5,0.0,0.0000,0.0000
132.52,2026-05-25T18:17:10.468131,IDLE,61.7,51.5,0.0,0.0000,0.0000
133.02,2026-05-25T18:17:10.968216,IDLE,58.2,51.5,0.0,0.0000,0.0000
133.52,2026-05-25T18:17:11.469720,IDLE,56.6,51.5,0.0,0.0000,0.0000
134.02,2026-05-25T18:17:11.968638,IDLE,55.9,51.5,0.0,0.0000,0.0000
134.52,2026-05-25T18:17:12.468028,IDLE,59.2,51.6,0.0,0.0000,0.0000
135.02,2026-05-25T18:17:12.970515,IDLE,58.3,51.6,0.0,0.0000,0.0000
135.52,2026-05-25T18:17:13.467818,IDLE,57.0,51.6,0.0,0.0000,0.0000
136.02,2026-05-25T18:17:13.969207,IDLE,57.2,51.5,0.0,0.0000,0.0000
136.52,2026-05-25T18:17:14.469806,IDLE,56.5,51.5,0.0,0.0000,0.0000
137.02,2026-05-25T18:17:14.969249,IDLE,61.5,51.6,0.0,0.0000,0.0000
137.52,2026-05-25T18:17:15.468916,IDLE,56.1,51.6,0.0,0.0000,0.0000
138.02,2026-05-25T18:17:15.968665,IDLE,56.2,51.5,0.0,0.0000,0.0000
138.52,2026-05-25T18:17:16.467282,IDLE,57.7,51.6,0.0,0.0000,0.0000
139.02,2026-05-25T18:17:16.969193,IDLE,60.1,51.6,0.0,0.0000,0.0000
139.52,2026-05-25T18:17:17.468008,IDLE,60.4,51.5,0.0,0.0000,0.0000
140.02,2026-05-25T18:17:17.969442,IDLE,59.1,51.5,0.0,0.0000,0.0000
140.52,2026-05-25T18:17:18.468403,IDLE,58.5,51.6,0.0,0.0000,0.0000
141.02,2026-05-25T18:17:18.970123,IDLE,57.0,51.6,0.0,0.0000,0.0000
141.52,2026-05-25T18:17:19.470664,IDLE,59.0,51.6,0.0,0.0000,0.0000
142.02,2026-05-25T18:17:19.967961,IDLE,56.2,51.6,0.0,0.0000,0.0000
142.52,2026-05-25T18:17:20.467800,IDLE,60.0,51.6,0.0,0.0000,0.0000
143.02,2026-05-25T18:17:20.968974,IDLE,58.2,51.6,0.0,0.0000,0.0000
143.52,2026-05-25T18:17:21.467840,IDLE,60.4,51.6,0.0,0.0000,0.0000
144.02,2026-05-25T18:17:21.967793,IDLE,60.2,51.7,0.0,0.0000,0.0000
144.52,2026-05-25T18:17:22.468185,IDLE,59.1,51.6,0.0,0.0000,0.0000
145.02,2026-05-25T18:17:22.967429,IDLE,60.8,51.6,0.0,0.0000,0.0000
145.52,2026-05-25T18:17:23.469485,IDLE,57.9,51.6,0.0,0.0000,0.0000
146.02,2026-05-25T18:17:23.970130,IDLE,56.3,51.6,0.0,0.0000,0.0000
146.52,2026-05-25T18:17:24.467914,IDLE,57.8,51.6,0.0,0.0000,0.0000
147.02,2026-05-25T18:17:24.968778,IDLE,58.4,51.7,0.0,0.0000,0.0000
147.52,2026-05-25T18:17:25.467553,IDLE,62.3,51.7,0.0,0.0000,0.0000
148.02,2026-05-25T18:17:25.968645,IDLE,58.5,51.6,0.0,0.0000,0.0000
148.52,2026-05-25T18:17:26.469579,IDLE,59.5,51.6,0.0,0.0000,0.0000
149.02,2026-05-25T18:17:26.968164,IDLE,56.7,51.6,0.0,0.0000,0.0000
149.52,2026-05-25T18:17:27.468952,IDLE,57.4,51.6,0.0,0.0000,0.0000
150.02,2026-05-25T18:17:27.968084,IDLE,59.9,51.6,0.0,0.0000,0.0000
150.52,2026-05-25T18:17:28.469405,IDLE,60.9,51.6,0.0,0.0000,0.0000
151.02,2026-05-25T18:17:28.968902,IDLE,59.5,51.7,0.0,0.0000,0.0000
151.52,2026-05-25T18:17:29.467486,IDLE,60.7,51.7,0.0,0.0000,0.0000
152.02,2026-05-25T18:17:29.968155,IDLE,58.5,51.7,0.0,0.0000,0.0000
152.52,2026-05-25T18:17:30.468174,IDLE,58.2,51.7,0.0,0.0000,0.0000
153.02,2026-05-25T18:17:30.968177,IDLE,63.4,51.7,0.0,0.0000,0.0000
153.52,2026-05-25T18:17:31.468453,IDLE,59.9,51.7,0.0,0.0000,0.0000
154.02,2026-05-25T18:17:31.968727,IDLE,61.8,51.7,0.0,0.0000,0.0000
154.52,2026-05-25T18:17:32.468007,IDLE,57.2,51.7,0.0,0.0000,0.0000
155.02,2026-05-25T18:17:32.967782,IDLE,60.7,51.7,0.0,0.0000,0.0000
155.52,2026-05-25T18:17:33.467974,IDLE,58.8,51.7,0.0,0.0000,0.0000
156.02,2026-05-25T18:17:33.968336,IDLE,59.7,51.7,0.0,0.0000,0.0000
156.52,2026-05-25T18:17:34.468778,IDLE,62.2,51.7,0.0,0.0000,0.0000
157.02,2026-05-25T18:17:34.968098,IDLE,59.5,51.7,0.0,0.0000,0.0000
157.52,2026-05-25T18:17:35.467431,IDLE,59.6,51.8,0.0,0.0000,0.0000
158.02,2026-05-25T18:17:35.967962,IDLE,56.8,51.8,0.0,0.0000,0.0000
158.52,2026-05-25T18:17:36.468047,IDLE,59.1,51.8,0.0,0.0000,0.0000
159.02,2026-05-25T18:17:36.968021,IDLE,59.0,51.8,0.0,0.0000,0.0000
159.52,2026-05-25T18:17:37.469199,IDLE,59.3,51.8,0.0,0.0000,0.0000
160.02,2026-05-25T18:17:37.970651,IDLE,56.4,51.8,0.0,0.0000,0.0000
160.52,2026-05-25T18:17:38.470142,IDLE,58.6,51.8,0.0,0.0000,0.0000
161.02,2026-05-25T18:17:38.968607,IDLE,64.0,51.8,0.0,0.0000,0.0000
161.52,2026-05-25T18:17:39.468354,IDLE,60.8,51.9,0.0,0.0000,0.0000
162.02,2026-05-25T18:17:39.970052,IDLE,58.3,51.9,0.0,0.0000,0.0000
162.52,2026-05-25T18:17:40.470242,IDLE,60.5,51.9,0.0,0.0000,0.0000
163.02,2026-05-25T18:17:40.968272,IDLE,59.3,51.9,0.0,0.0000,0.0000
163.52,2026-05-25T18:17:41.468361,IDLE,62.7,51.9,0.0,0.0000,0.0000
164.02,2026-05-25T18:17:41.968633,IDLE,60.5,51.9,0.0,0.0000,0.0000
164.52,2026-05-25T18:17:42.467771,IDLE,57.6,51.9,0.0,0.0000,0.0000
165.02,2026-05-25T18:17:42.968633,IDLE,59.8,51.9,0.0,0.0000,0.0000
165.52,2026-05-25T18:17:43.469079,IDLE,56.4,51.9,0.0,0.0000,0.0000
166.02,2026-05-25T18:17:43.968823,IDLE,57.6,51.9,0.0,0.0000,0.0000
166.52,2026-05-25T18:17:44.467395,IDLE,59.5,51.9,0.0,0.0000,0.0000
167.02,2026-05-25T18:17:44.968497,IDLE,57.7,51.9,0.0,0.0000,0.0000
167.52,2026-05-25T18:17:45.473342,IDLE,60.1,51.9,0.0,0.0000,0.0000
168.02,2026-05-25T18:17:45.968351,IDLE,58.1,51.9,0.0,0.0000,0.0000
168.52,2026-05-25T18:17:46.468849,IDLE,58.6,51.9,0.0,0.0000,0.0000
169.02,2026-05-25T18:17:46.967708,IDLE,59.8,51.8,0.0,0.0000,0.0000
169.52,2026-05-25T18:17:47.467643,IDLE,59.3,51.8,0.0,0.0000,0.0000
170.02,2026-05-25T18:17:47.970805,IDLE,56.2,51.8,0.0,0.0000,0.0000
170.52,2026-05-25T18:17:48.468208,IDLE,58.5,51.9,0.0,0.0000,0.0000
171.02,2026-05-25T18:17:48.968083,IDLE,60.1,51.9,0.0,0.0000,0.0000
171.52,2026-05-25T18:17:49.474254,IDLE,61.8,51.8,0.0,0.0000,0.0000
172.02,2026-05-25T18:17:49.972202,IDLE,59.0,51.8,0.0,0.0000,0.0000
172.52,2026-05-25T18:17:50.468408,IDLE,59.4,51.9,0.0,0.0000,0.0000
173.02,2026-05-25T18:17:50.969872,IDLE,56.4,51.9,0.0,0.0000,0.0000
173.52,2026-05-25T18:17:51.467763,IDLE,61.2,51.9,0.0,0.0000,0.0000
174.02,2026-05-25T18:17:51.967611,IDLE,58.0,51.9,0.0,0.0000,0.0000
174.52,2026-05-25T18:17:52.467535,IDLE,58.0,51.9,0.0,0.0000,0.0000
175.02,2026-05-25T18:17:52.971092,IDLE,58.5,51.9,0.0,0.0000,0.0000
175.52,2026-05-25T18:17:53.467704,IDLE,57.4,51.9,0.0,0.0000,0.0000
176.02,2026-05-25T18:17:53.968462,IDLE,59.0,51.9,0.0,0.0000,0.0000
176.52,2026-05-25T18:17:54.468865,IDLE,57.5,51.9,0.0,0.0000,0.0000
177.02,2026-05-25T18:17:54.969346,IDLE,62.2,51.9,0.0,0.0000,0.0000
177.52,2026-05-25T18:17:55.467713,IDLE,56.8,51.9,0.0,0.0000,0.0000
178.02,2026-05-25T18:17:55.969533,IDLE,54.9,51.9,0.0,0.0000,0.0000
178.52,2026-05-25T18:17:56.469872,IDLE,61.4,51.9,0.0,0.0000,0.0000
179.02,2026-05-25T18:17:56.968201,IDLE,59.5,51.9,0.0,0.0000,0.0000
179.52,2026-05-25T18:17:57.467906,IDLE,60.5,51.9,0.0,0.0000,0.0000
180.02,2026-05-25T18:17:57.967697,IDLE,56.3,51.9,0.0,0.0000,0.0000
180.52,2026-05-25T18:17:58.467976,IDLE,56.5,51.8,0.0,0.0000,0.0000
181.02,2026-05-25T18:17:58.968206,IDLE,59.2,51.8,0.0,0.0000,0.0000
181.52,2026-05-25T18:17:59.469647,IDLE,55.1,51.9,0.0,0.0000,0.0000
182.02,2026-05-25T18:17:59.968178,IDLE,56.4,51.9,0.0,0.0000,0.0000
182.52,2026-05-25T18:18:00.473988,IDLE,58.1,51.9,0.0,0.0000,0.0000
183.02,2026-05-25T18:18:00.970973,IDLE,57.7,51.9,0.0,0.0000,0.0000
183.52,2026-05-25T18:18:01.468716,IDLE,58.2,51.9,0.0,0.0000,0.0000
184.02,2026-05-25T18:18:01.970561,IDLE,59.5,51.9,0.0,0.0000,0.0000
184.52,2026-05-25T18:18:02.469236,IDLE,56.9,52.0,0.0,0.0000,0.0000
185.02,2026-05-25T18:18:02.968665,IDLE,60.5,52.0,0.0,0.0000,0.0000
185.52,2026-05-25T18:18:03.467943,IDLE,59.8,51.9,0.0,0.0000,0.0000
186.02,2026-05-25T18:18:03.968961,IDLE,55.6,51.8,0.0,0.0000,0.0000
186.52,2026-05-25T18:18:04.468298,IDLE,57.1,51.9,0.0,0.0000,0.0000
187.02,2026-05-25T18:18:04.967599,IDLE,56.0,52.0,0.0,0.0000,0.0000
187.52,2026-05-25T18:18:05.467710,IDLE,60.7,52.0,0.0,0.0000,0.0000
188.02,2026-05-25T18:18:05.969086,IDLE,55.9,51.9,0.0,0.0000,0.0000
188.52,2026-05-25T18:18:06.469882,IDLE,59.0,51.9,0.0,0.0000,0.0000
189.02,2026-05-25T18:18:06.967511,IDLE,56.5,51.9,0.0,0.0000,0.0000
189.52,2026-05-25T18:18:07.468426,IDLE,58.1,52.0,0.0,0.0000,0.0000
190.02,2026-05-25T18:18:07.967888,IDLE,55.9,52.0,0.0,0.0000,0.0000
190.52,2026-05-25T18:18:08.467967,IDLE,58.2,52.0,0.0,0.0000,0.0000
191.02,2026-05-25T18:18:08.967835,IDLE,58.3,51.9,0.0,0.0000,0.0000
191.52,2026-05-25T18:18:09.467698,IDLE,57.8,52.0,0.0,0.0000,0.0000
192.02,2026-05-25T18:18:09.967576,IDLE,57.3,51.9,0.0,0.0000,0.0000
192.52,2026-05-25T18:18:10.467785,IDLE,57.9,52.0,0.0,0.0000,0.0000
193.02,2026-05-25T18:18:10.968941,IDLE,60.3,52.0,0.0,0.0000,0.0000
193.52,2026-05-25T18:18:11.467793,IDLE,57.8,51.9,0.0,0.0000,0.0000
194.02,2026-05-25T18:18:11.969415,IDLE,57.3,51.9,0.0,0.0000,0.0000
194.52,2026-05-25T18:18:12.467414,IDLE,57.2,51.9,0.0,0.0000,0.0000
195.02,2026-05-25T18:18:12.967683,IDLE,57.4,52.0,0.0,0.0000,0.0000
195.52,2026-05-25T18:18:13.469238,IDLE,59.5,52.0,0.0,0.0000,0.0000
196.02,2026-05-25T18:18:13.972062,IDLE,57.4,52.0,0.0,0.0000,0.0000
196.52,2026-05-25T18:18:14.472714,IDLE,56.1,52.0,0.0,0.0000,0.0000
197.02,2026-05-25T18:18:14.970418,IDLE,56.0,51.9,0.0,0.0000,0.0000
197.52,2026-05-25T18:18:15.470612,IDLE,56.4,52.0,0.0,0.0000,0.0000
198.02,2026-05-25T18:18:15.968750,IDLE,56.1,52.0,0.0,0.0000,0.0000
198.52,2026-05-25T18:18:16.467698,IDLE,55.5,52.0,0.0,0.0000,0.0000
199.02,2026-05-25T18:18:16.969382,IDLE,56.9,52.0,0.0,0.0000,0.0000
199.52,2026-05-25T18:18:17.468274,IDLE,57.7,52.0,0.0,0.0000,0.0000
200.02,2026-05-25T18:18:17.969653,IDLE,57.5,52.0,0.0,0.0000,0.0000
200.52,2026-05-25T18:18:18.468692,IDLE,56.8,52.0,0.0,0.0000,0.0000
201.02,2026-05-25T18:18:18.969811,IDLE,58.2,52.0,0.0,0.0000,0.0000
201.52,2026-05-25T18:18:19.467851,IDLE,57.4,52.0,0.0,0.0000,0.0000
202.02,2026-05-25T18:18:19.968069,IDLE,56.3,51.9,0.0,0.0000,0.0000
202.52,2026-05-25T18:18:20.469226,IDLE,56.1,52.0,0.0,0.0000,0.0000
203.02,2026-05-25T18:18:20.968245,IDLE,58.2,52.0,0.0,0.0000,0.0000
203.52,2026-05-25T18:18:21.470792,IDLE,59.7,52.0,0.0,0.0000,0.0000
204.02,2026-05-25T18:18:21.970997,IDLE,53.4,52.0,0.0,0.0000,0.0000
204.52,2026-05-25T18:18:22.467782,IDLE,57.2,52.0,0.0,0.0000,0.0000
205.02,2026-05-25T18:18:22.968236,IDLE,58.0,52.0,0.0,0.0000,0.0000
205.52,2026-05-25T18:18:23.467363,IDLE,55.7,52.0,0.0,0.0000,0.0000
206.02,2026-05-25T18:18:23.968719,IDLE,53.9,52.0,0.0,0.0000,0.0000
206.52,2026-05-25T18:18:24.469300,IDLE,55.6,52.1,0.0,0.0000,0.0000
207.02,2026-05-25T18:18:24.973622,IDLE,58.1,52.0,0.0,0.0000,0.0000
207.52,2026-05-25T18:18:25.470662,IDLE,56.5,52.0,0.0,0.0000,0.0000
208.02,2026-05-25T18:18:25.968994,IDLE,57.3,52.0,0.0,0.0000,0.0000
208.52,2026-05-25T18:18:26.471389,IDLE,57.7,52.2,0.0,0.0000,0.0000
209.02,2026-05-25T18:18:26.976176,IDLE,58.5,52.1,0.0,0.0000,0.0000
209.52,2026-05-25T18:18:27.467294,IDLE,58.2,52.1,0.0,0.0000,0.0000
210.02,2026-05-25T18:18:27.973096,IDLE,54.2,52.0,0.0,0.0000,0.0000
210.52,2026-05-25T18:18:28.472780,IDLE,56.2,52.1,0.0,0.0000,0.0000
211.02,2026-05-25T18:18:28.968167,IDLE,57.6,52.0,0.0,0.0000,0.0000
211.52,2026-05-25T18:18:29.471998,IDLE,60.2,51.9,0.0,0.0000,0.0000
212.02,2026-05-25T18:18:29.968788,IDLE,56.2,51.9,0.0,0.0000,0.0000
212.52,2026-05-25T18:18:30.469169,IDLE,56.4,52.0,0.0,0.0000,0.0000
213.02,2026-05-25T18:18:30.969155,IDLE,57.6,51.9,0.0,0.0000,0.0000
213.52,2026-05-25T18:18:31.467809,IDLE,55.6,51.9,0.0,0.0000,0.0000
214.02,2026-05-25T18:18:31.971401,IDLE,55.9,52.0,0.0,0.0000,0.0000
214.52,2026-05-25T18:18:32.468396,IDLE,57.2,52.0,0.0,0.0000,0.0000
215.02,2026-05-25T18:18:32.968436,IDLE,57.7,52.0,0.0,0.0000,0.0000
215.52,2026-05-25T18:18:33.469547,IDLE,57.0,52.1,0.0,0.0000,0.0000
216.02,2026-05-25T18:18:33.971254,IDLE,58.3,52.0,0.0,0.0000,0.0000
216.52,2026-05-25T18:18:34.467898,IDLE,57.6,52.0,0.0,0.0000,0.0000
217.02,2026-05-25T18:18:34.972534,IDLE,61.0,52.0,0.0,0.0000,0.0000
217.52,2026-05-25T18:18:35.471694,IDLE,54.8,52.0,0.0,0.0000,0.0000
218.02,2026-05-25T18:18:35.970782,IDLE,52.3,52.0,0.0,0.0000,0.0000
218.52,2026-05-25T18:18:36.467696,IDLE,56.7,52.0,0.0,0.0000,0.0000
219.02,2026-05-25T18:18:36.970507,IDLE,57.4,52.1,0.0,0.0000,0.0000
219.52,2026-05-25T18:18:37.468431,IDLE,61.9,52.2,0.0,0.0000,0.0000
220.02,2026-05-25T18:18:37.968186,IDLE,57.2,52.1,0.0,0.0000,0.0000
220.52,2026-05-25T18:18:38.467927,IDLE,55.8,52.1,0.0,0.0000,0.0000
221.02,2026-05-25T18:18:38.968398,IDLE,58.2,52.0,0.0,0.0000,0.0000
221.52,2026-05-25T18:18:39.467948,IDLE,57.5,52.0,0.0,0.0000,0.0000
222.02,2026-05-25T18:18:39.969799,IDLE,56.2,52.0,0.0,0.0000,0.0000
222.52,2026-05-25T18:18:40.471897,IDLE,59.6,52.0,0.0,0.0000,0.0000
223.02,2026-05-25T18:18:40.968319,IDLE,57.9,52.0,0.0,0.0000,0.0000
223.52,2026-05-25T18:18:41.467909,IDLE,60.8,52.0,0.0,0.0000,0.0000
224.02,2026-05-25T18:18:41.968915,IDLE,58.2,52.0,0.0,0.0000,0.0000
224.52,2026-05-25T18:18:42.467110,IDLE,58.3,52.0,0.0,0.0000,0.0000
225.02,2026-05-25T18:18:42.971668,IDLE,63.5,52.0,0.0,0.0000,0.0000
225.52,2026-05-25T18:18:43.468738,IDLE,59.3,51.9,0.0,0.0000,0.0000
226.02,2026-05-25T18:18:43.969205,IDLE,58.5,51.9,0.0,0.0000,0.0000
226.52,2026-05-25T18:18:44.467207,IDLE,59.0,52.0,0.0,0.0000,0.0000
227.02,2026-05-25T18:18:44.968235,IDLE,58.8,51.9,0.0,0.0000,0.0000
227.52,2026-05-25T18:18:45.467107,IDLE,62.2,52.0,0.0,0.0000,0.0000
228.02,2026-05-25T18:18:45.968802,IDLE,56.3,52.0,0.0,0.0000,0.0000
228.52,2026-05-25T18:18:46.467626,IDLE,57.3,51.9,0.0,0.0000,0.0000
229.02,2026-05-25T18:18:46.971479,IDLE,60.5,52.0,0.0,0.0000,0.0000
229.52,2026-05-25T18:18:47.467497,IDLE,57.3,51.9,0.0,0.0000,0.0000
230.02,2026-05-25T18:18:47.968109,IDLE,57.5,52.0,0.0,0.0000,0.0000
230.52,2026-05-25T18:18:48.471669,IDLE,57.5,52.0,0.0,0.0000,0.0000
231.02,2026-05-25T18:18:48.971194,IDLE,57.1,52.0,0.0,0.0000,0.0000
231.52,2026-05-25T18:18:49.467846,IDLE,59.5,52.0,0.0,0.0000,0.0000
232.02,2026-05-25T18:18:49.973066,IDLE,58.5,52.0,0.0,0.0000,0.0000
232.52,2026-05-25T18:18:50.468229,IDLE,57.3,52.0,0.0,0.0000,0.0000
233.02,2026-05-25T18:18:50.968635,IDLE,62.4,52.0,0.0,0.0000,0.0000
233.52,2026-05-25T18:18:51.468767,IDLE,57.1,52.0,0.0,0.0000,0.0000
234.02,2026-05-25T18:18:51.970677,IDLE,59.1,52.0,0.0,0.0000,0.0000
234.52,2026-05-25T18:18:52.471368,IDLE,60.1,52.0,0.0,0.0000,0.0000
235.02,2026-05-25T18:18:52.969636,IDLE,58.5,51.9,0.0,0.0000,0.0000
235.52,2026-05-25T18:18:53.468828,IDLE,62.0,52.0,0.0,0.0000,0.0000
236.02,2026-05-25T18:18:53.971934,IDLE,58.0,52.0,0.0,0.0000,0.0000
236.52,2026-05-25T18:18:54.468065,IDLE,58.6,52.0,0.0,0.0000,0.0000
237.02,2026-05-25T18:18:54.967953,IDLE,60.0,51.9,0.0,0.0000,0.0000
237.52,2026-05-25T18:18:55.467950,IDLE,58.2,52.0,0.0,0.0000,0.0000
238.02,2026-05-25T18:18:55.967892,IDLE,59.5,52.1,0.0,0.0000,0.0000
238.52,2026-05-25T18:18:56.467659,IDLE,59.5,52.0,0.0,0.0000,0.0000
239.02,2026-05-25T18:18:56.967881,IDLE,59.3,52.0,0.0,0.0000,0.0000
239.52,2026-05-25T18:18:57.467200,IDLE,61.6,52.0,0.0,0.0000,0.0000
240.02,2026-05-25T18:18:57.969157,IDLE,56.8,51.9,0.0,0.0000,0.0000
240.52,2026-05-25T18:18:58.468035,IDLE,57.5,51.9,0.0,0.0000,0.0000
241.02,2026-05-25T18:18:58.967769,IDLE,61.7,52.0,0.0,0.0000,0.0000
241.52,2026-05-25T18:18:59.469889,IDLE,58.5,52.0,0.0,0.0000,0.0000
242.02,2026-05-25T18:18:59.969337,IDLE,57.0,52.0,0.0,0.0000,0.0000
242.52,2026-05-25T18:19:00.468578,IDLE,58.9,52.0,0.0,0.0000,0.0000
243.02,2026-05-25T18:19:00.968918,IDLE,57.4,52.0,0.0,0.0000,0.0000
243.52,2026-05-25T18:19:01.467985,IDLE,64.5,52.0,0.0,0.0000,0.0000
244.02,2026-05-25T18:19:01.972003,IDLE,60.3,52.1,0.0,0.0000,0.0000
244.52,2026-05-25T18:19:02.467626,IDLE,56.0,52.0,0.0,0.0000,0.0000
245.02,2026-05-25T18:19:02.968327,IDLE,57.5,52.0,0.0,0.0000,0.0000
245.52,2026-05-25T18:19:03.469132,IDLE,56.9,52.0,0.0,0.0000,0.0000
246.02,2026-05-25T18:19:03.969685,IDLE,56.8,51.9,0.0,0.0000,0.0000
246.52,2026-05-25T18:19:04.467996,IDLE,58.4,52.0,0.0,0.0000,0.0000
247.02,2026-05-25T18:19:04.969263,IDLE,58.2,52.1,0.0,0.0000,0.0000
247.52,2026-05-25T18:19:05.467882,IDLE,58.5,52.1,0.0,0.0000,0.0000
248.02,2026-05-25T18:19:05.968828,IDLE,56.5,52.1,0.0,0.0000,0.0000
248.52,2026-05-25T18:19:06.468938,IDLE,56.2,52.1,0.0,0.0000,0.0000
249.02,2026-05-25T18:19:06.968782,IDLE,61.1,52.1,0.0,0.0000,0.0000
249.52,2026-05-25T18:19:07.467732,IDLE,55.6,52.0,0.0,0.0000,0.0000
250.02,2026-05-25T18:19:07.971223,IDLE,57.0,52.1,0.0,0.0000,0.0000
250.52,2026-05-25T18:19:08.468247,IDLE,56.8,52.1,0.0,0.0000,0.0000
251.02,2026-05-25T18:19:08.968188,IDLE,57.8,52.1,0.0,0.0000,0.0000
251.52,2026-05-25T18:19:09.467541,IDLE,61.6,52.0,0.0,0.0000,0.0000
252.02,2026-05-25T18:19:09.967702,IDLE,57.6,52.1,0.0,0.0000,0.0000
252.52,2026-05-25T18:19:10.467821,IDLE,57.7,52.1,0.0,0.0000,0.0000
253.02,2026-05-25T18:19:10.968417,IDLE,58.7,52.0,0.0,0.0000,0.0000
253.52,2026-05-25T18:19:11.469124,IDLE,56.9,52.0,0.0,0.0000,0.0000
254.02,2026-05-25T18:19:11.970696,IDLE,54.0,52.0,0.0,0.0000,0.0000
254.52,2026-05-25T18:19:12.467861,IDLE,54.7,52.1,0.0,0.0000,0.0000
255.02,2026-05-25T18:19:12.970633,IDLE,57.7,52.1,0.0,0.0000,0.0000
255.52,2026-05-25T18:19:13.469872,IDLE,57.9,52.0,0.0,0.0000,0.0000
256.02,2026-05-25T18:19:13.969228,IDLE,60.1,52.1,0.0,0.0000,0.0000
256.52,2026-05-25T18:19:14.468011,IDLE,58.7,52.0,0.0,0.0000,0.0000
257.02,2026-05-25T18:19:14.967881,IDLE,59.9,52.1,0.0,0.0000,0.0000
257.52,2026-05-25T18:19:15.467474,IDLE,56.6,52.0,0.0,0.0000,0.0000
258.02,2026-05-25T18:19:15.969215,IDLE,58.3,52.0,0.0,0.0000,0.0000
258.52,2026-05-25T18:19:16.468500,IDLE,60.5,52.0,0.0,0.0000,0.0000
259.02,2026-05-25T18:19:16.969562,IDLE,57.4,52.0,0.0,0.0000,0.0000
259.52,2026-05-25T18:19:17.468354,IDLE,63.0,52.0,0.0,0.0000,0.0000
260.02,2026-05-25T18:19:17.968448,IDLE,57.4,52.0,0.0,0.0000,0.0000
260.52,2026-05-25T18:19:18.469080,IDLE,59.1,52.0,0.0,0.0000,0.0000
261.02,2026-05-25T18:19:18.969679,IDLE,59.7,52.1,0.0,0.0000,0.0000
261.52,2026-05-25T18:19:19.468608,IDLE,57.4,52.1,0.0,0.0000,0.0000
262.02,2026-05-25T18:19:19.969403,IDLE,58.0,52.1,0.0,0.0000,0.0000
262.52,2026-05-25T18:19:20.467556,IDLE,58.8,52.1,0.0,0.0000,0.0000
263.02,2026-05-25T18:19:20.972402,IDLE,59.6,52.1,0.0,0.0000,0.0000
263.52,2026-05-25T18:19:21.469905,IDLE,60.5,52.1,0.0,0.0000,0.0000
264.02,2026-05-25T18:19:21.969593,IDLE,57.9,52.0,0.0,0.0000,0.0000
264.52,2026-05-25T18:19:22.469475,IDLE,57.4,52.0,0.0,0.0000,0.0000
265.02,2026-05-25T18:19:22.975623,IDLE,62.0,52.0,0.0,0.0000,0.0000
265.52,2026-05-25T18:19:23.469233,IDLE,58.5,52.0,0.0,0.0000,0.0000
266.02,2026-05-25T18:19:23.971062,IDLE,58.9,52.1,0.0,0.0000,0.0000
266.52,2026-05-25T18:19:24.468161,IDLE,58.4,52.1,0.0,0.0000,0.0000
267.03,2026-05-25T18:19:24.977846,IDLE,59.4,52.2,0.0,0.0000,0.0000
267.52,2026-05-25T18:19:25.469837,IDLE,62.3,52.1,0.0,0.0000,0.0000
268.02,2026-05-25T18:19:25.968337,IDLE,57.2,52.2,0.0,0.0000,0.0000
268.52,2026-05-25T18:19:26.469341,IDLE,59.3,52.1,0.0,0.0000,0.0000
269.02,2026-05-25T18:19:26.967836,IDLE,56.9,52.1,0.0,0.0000,0.0000
269.52,2026-05-25T18:19:27.468297,IDLE,58.1,52.1,0.0,0.0000,0.0000
270.02,2026-05-25T18:19:27.967593,IDLE,59.4,52.1,0.0,0.0000,0.0000
270.52,2026-05-25T18:19:28.469064,IDLE,58.3,52.1,0.0,0.0000,0.0000
271.02,2026-05-25T18:19:28.969567,IDLE,58.7,52.1,0.0,0.0000,0.0000
271.52,2026-05-25T18:19:29.468388,IDLE,59.4,52.1,0.0,0.0000,0.0000
272.02,2026-05-25T18:19:29.968081,IDLE,59.7,52.1,0.0,0.0000,0.0000
272.52,2026-05-25T18:19:30.467900,IDLE,58.6,52.1,0.0,0.0000,0.0000
273.02,2026-05-25T18:19:30.967955,IDLE,61.4,52.1,0.0,0.0000,0.0000
273.52,2026-05-25T18:19:31.468315,IDLE,58.6,52.1,0.0,0.0000,0.0000
274.02,2026-05-25T18:19:31.968115,IDLE,59.3,52.1,0.0,0.0000,0.0000
274.52,2026-05-25T18:19:32.468176,IDLE,60.2,52.1,0.0,0.0000,0.0000
275.02,2026-05-25T18:19:32.967758,IDLE,59.4,52.1,0.0,0.0000,0.0000
275.52,2026-05-25T18:19:33.469752,IDLE,58.6,52.1,0.0,0.0000,0.0000
276.02,2026-05-25T18:19:33.968603,IDLE,58.6,52.1,0.0,0.0000,0.0000
276.52,2026-05-25T18:19:34.469030,IDLE,59.4,52.1,0.0,0.0000,0.0000
277.02,2026-05-25T18:19:34.969751,IDLE,57.7,52.1,0.0,0.0000,0.0000
277.52,2026-05-25T18:19:35.467782,IDLE,59.8,52.1,0.0,0.0000,0.0000
278.02,2026-05-25T18:19:35.970890,IDLE,57.0,52.2,0.0,0.0000,0.0000
278.52,2026-05-25T18:19:36.469145,IDLE,57.8,52.2,0.0,0.0000,0.0000
279.02,2026-05-25T18:19:36.969753,IDLE,59.5,52.1,0.0,0.0000,0.0000
279.52,2026-05-25T18:19:37.468618,IDLE,62.1,52.1,0.0,0.0000,0.0000
280.02,2026-05-25T18:19:37.967968,IDLE,60.2,52.1,0.0,0.0000,0.0000
280.52,2026-05-25T18:19:38.468950,IDLE,61.0,52.1,0.0,0.0000,0.0000
281.02,2026-05-25T18:19:38.968252,IDLE,61.4,52.1,0.0,0.0000,0.0000
281.52,2026-05-25T18:19:39.468751,IDLE,55.9,52.1,0.0,0.0000,0.0000
282.02,2026-05-25T18:19:39.969055,IDLE,56.7,52.1,0.0,0.0000,0.0000
282.52,2026-05-25T18:19:40.471278,IDLE,60.6,52.1,0.0,0.0000,0.0000
283.02,2026-05-25T18:19:40.968051,IDLE,59.5,52.1,0.0,0.0000,0.0000
283.52,2026-05-25T18:19:41.470286,IDLE,62.8,52.1,0.0,0.0000,0.0000
284.02,2026-05-25T18:19:41.970531,IDLE,56.9,52.2,0.0,0.0000,0.0000
284.52,2026-05-25T18:19:42.468954,IDLE,61.2,52.2,0.0,0.0000,0.0000
285.02,2026-05-25T18:19:42.968878,IDLE,58.5,52.1,0.0,0.0000,0.0000
285.52,2026-05-25T18:19:43.468666,IDLE,59.3,52.1,0.0,0.0000,0.0000
286.02,2026-05-25T18:19:43.969282,IDLE,56.2,52.2,0.0,0.0000,0.0000
286.52,2026-05-25T18:19:44.468384,IDLE,59.5,52.1,0.0,0.0000,0.0000
287.02,2026-05-25T18:19:44.968029,IDLE,60.1,52.1,0.0,0.0000,0.0000
287.52,2026-05-25T18:19:45.467837,IDLE,61.5,52.2,0.0,0.0000,0.0000
288.02,2026-05-25T18:19:45.972104,IDLE,58.2,52.2,0.0,0.0000,0.0000
288.52,2026-05-25T18:19:46.469278,IDLE,59.8,52.2,0.0,0.0000,0.0000
289.02,2026-05-25T18:19:46.967745,IDLE,60.9,52.1,0.0,0.0000,0.0000
289.52,2026-05-25T18:19:47.469903,IDLE,59.6,52.1,0.0,0.0000,0.0000
290.02,2026-05-25T18:19:47.970398,IDLE,56.2,52.2,0.0,0.0000,0.0000
290.52,2026-05-25T18:19:48.468589,IDLE,58.4,52.1,0.0,0.0000,0.0000
291.02,2026-05-25T18:19:48.974034,IDLE,58.5,52.1,0.0,0.0000,0.0000
291.52,2026-05-25T18:19:49.471877,IDLE,62.8,52.1,0.0,0.0000,0.0000
292.02,2026-05-25T18:19:49.969015,IDLE,57.5,52.1,0.0,0.0000,0.0000
292.52,2026-05-25T18:19:50.467814,IDLE,58.0,52.1,0.0,0.0000,0.0000
293.02,2026-05-25T18:19:50.968982,IDLE,58.0,52.2,0.0,0.0000,0.0000
293.52,2026-05-25T18:19:51.467220,IDLE,58.8,52.2,0.0,0.0000,0.0000
294.02,2026-05-25T18:19:51.968233,IDLE,56.8,52.1,0.0,0.0000,0.0000
294.52,2026-05-25T18:19:52.468964,IDLE,58.2,52.2,0.0,0.0000,0.0000
295.02,2026-05-25T18:19:52.969199,IDLE,58.9,52.1,0.0,0.0000,0.0000
295.52,2026-05-25T18:19:53.467979,IDLE,60.5,52.1,0.0,0.0000,0.0000
296.02,2026-05-25T18:19:53.968248,IDLE,58.6,52.1,0.0,0.0000,0.0000
296.52,2026-05-25T18:19:54.467914,IDLE,56.8,52.2,0.0,0.0000,0.0000
297.02,2026-05-25T18:19:54.968720,IDLE,60.7,52.2,0.0,0.0000,0.0000
297.52,2026-05-25T18:19:55.467846,IDLE,56.8,52.2,0.0,0.0000,0.0000
298.02,2026-05-25T18:19:55.968177,IDLE,56.1,52.3,0.0,0.0000,0.0000
298.52,2026-05-25T18:19:56.467752,IDLE,56.4,52.2,0.0,0.0000,0.0000
299.02,2026-05-25T18:19:56.968833,IDLE,59.0,52.2,0.0,0.0000,0.0000
299.52,2026-05-25T18:19:57.470008,IDLE,61.1,52.2,0.0,0.0000,0.0000
300.02,2026-05-25T18:19:57.970043,IDLE,57.7,52.1,0.0,0.0000,0.0000
300.52,2026-05-25T18:19:58.467222,IDLE,56.5,52.2,0.0,0.0000,0.0000
301.02,2026-05-25T18:19:58.968679,IDLE,60.0,52.2,0.0,0.0000,0.0000
301.52,2026-05-25T18:19:59.467465,IDLE,55.7,52.1,0.0,0.0000,0.0000
302.02,2026-05-25T18:19:59.967748,IDLE,56.8,52.2,0.0,0.0000,0.0000
302.53,2026-05-25T18:20:00.477083,IDLE,56.8,52.1,0.0,0.0000,0.0000
303.02,2026-05-25T18:20:00.968784,IDLE,59.3,52.1,0.0,0.0000,0.0000
303.52,2026-05-25T18:20:01.469590,IDLE,60.0,52.2,0.0,0.0000,0.0000
304.02,2026-05-25T18:20:01.968619,IDLE,57.5,52.2,0.0,0.0000,0.0000
304.52,2026-05-25T18:20:02.468853,IDLE,57.8,52.2,0.0,0.0000,0.0000
305.02,2026-05-25T18:20:02.970861,IDLE,60.6,52.2,0.0,0.0000,0.0000
305.52,2026-05-25T18:20:03.470012,IDLE,57.3,52.2,0.0,0.0000,0.0000
306.02,2026-05-25T18:20:03.969438,IDLE,55.0,52.2,0.0,0.0000,0.0000
306.52,2026-05-25T18:20:04.467235,IDLE,56.9,52.2,0.0,0.0000,0.0000
307.02,2026-05-25T18:20:04.969629,IDLE,56.7,52.2,0.0,0.0000,0.0000
307.52,2026-05-25T18:20:05.467669,IDLE,58.3,52.2,0.0,0.0000,0.0000
308.02,2026-05-25T18:20:05.970612,IDLE,56.1,52.1,0.0,0.0000,0.0000
308.52,2026-05-25T18:20:06.469818,IDLE,58.8,52.1,0.0,0.0000,0.0000
309.02,2026-05-25T18:20:06.968187,IDLE,57.5,52.2,0.0,0.0000,0.0000
309.52,2026-05-25T18:20:07.467059,IDLE,56.7,52.2,0.0,0.0000,0.0000
310.02,2026-05-25T18:20:07.969115,IDLE,55.9,52.2,0.0,0.0000,0.0000
310.52,2026-05-25T18:20:08.469465,IDLE,57.0,52.1,0.0,0.0000,0.0000
311.02,2026-05-25T18:20:08.967671,IDLE,57.5,52.2,0.0,0.0000,0.0000
311.52,2026-05-25T18:20:09.468065,IDLE,55.8,52.1,0.0,0.0000,0.0000
312.02,2026-05-25T18:20:09.974671,IDLE,59.1,52.2,0.0,0.0000,0.0000
312.52,2026-05-25T18:20:10.467781,IDLE,53.0,52.2,0.0,0.0000,0.0000
313.02,2026-05-25T18:20:10.969287,IDLE,60.6,52.2,0.0,0.0000,0.0000
313.52,2026-05-25T18:20:11.467889,IDLE,57.9,52.3,0.0,0.0000,0.0000
314.02,2026-05-25T18:20:11.969692,IDLE,55.5,52.2,0.0,0.0000,0.0000
314.52,2026-05-25T18:20:12.468291,IDLE,56.1,52.2,0.0,0.0000,0.0000
315.02,2026-05-25T18:20:12.973936,IDLE,56.9,52.2,0.0,0.0000,0.0000
315.52,2026-05-25T18:20:13.468853,IDLE,58.2,52.2,0.0,0.0000,0.0000
316.02,2026-05-25T18:20:13.969226,IDLE,53.5,52.2,0.0,0.0000,0.0000
316.52,2026-05-25T18:20:14.467845,IDLE,56.4,52.2,0.0,0.0000,0.0000
317.02,2026-05-25T18:20:14.972318,IDLE,57.7,52.2,0.0,0.0000,0.0000
317.52,2026-05-25T18:20:15.469972,IDLE,57.9,52.2,0.0,0.0000,0.0000
318.02,2026-05-25T18:20:15.969841,IDLE,55.1,52.2,0.0,0.0000,0.0000
318.52,2026-05-25T18:20:16.467810,IDLE,54.1,52.2,0.0,0.0000,0.0000
319.02,2026-05-25T18:20:16.967790,IDLE,59.6,52.3,0.0,0.0000,0.0000
319.52,2026-05-25T18:20:17.468994,IDLE,56.6,52.2,0.0,0.0000,0.0000
320.02,2026-05-25T18:20:17.967652,IDLE,59.0,52.2,0.0,0.0000,0.0000
320.52,2026-05-25T18:20:18.468513,IDLE,55.3,52.2,0.0,0.0000,0.0000
321.02,2026-05-25T18:20:18.967980,IDLE,60.1,52.3,0.0,0.0000,0.0000
321.52,2026-05-25T18:20:19.468001,IDLE,59.2,52.2,0.0,0.0000,0.0000
322.02,2026-05-25T18:20:19.968392,IDLE,54.5,52.3,0.0,0.0000,0.0000
322.52,2026-05-25T18:20:20.469242,IDLE,56.6,52.2,0.0,0.0000,0.0000
323.02,2026-05-25T18:20:20.969185,IDLE,56.0,52.2,0.0,0.0000,0.0000
323.52,2026-05-25T18:20:21.468820,IDLE,59.6,52.2,0.0,0.0000,0.0000
324.02,2026-05-25T18:20:21.968804,IDLE,54.1,52.2,0.0,0.0000,0.0000
324.52,2026-05-25T18:20:22.467513,IDLE,56.1,52.2,0.0,0.0000,0.0000
325.02,2026-05-25T18:20:22.967775,IDLE,55.3,52.3,0.0,0.0000,0.0000
325.52,2026-05-25T18:20:23.472080,IDLE,54.1,52.3,0.0,0.0000,0.0000
326.02,2026-05-25T18:20:23.972684,IDLE,53.0,52.2,0.0,0.0000,0.0000
326.52,2026-05-25T18:20:24.473616,IDLE,56.0,52.2,0.0,0.0000,0.0000
327.02,2026-05-25T18:20:24.970050,IDLE,57.6,52.2,0.0,0.0000,0.0000
327.52,2026-05-25T18:20:25.471839,IDLE,59.7,52.3,0.0,0.0000,0.0000
328.02,2026-05-25T18:20:25.969415,IDLE,54.0,52.3,0.0,0.0000,0.0000
328.52,2026-05-25T18:20:26.469263,IDLE,55.8,52.3,0.0,0.0000,0.0000
329.02,2026-05-25T18:20:26.969235,IDLE,62.0,52.2,0.0,0.0000,0.0000
329.52,2026-05-25T18:20:27.469105,IDLE,57.4,52.2,0.0,0.0000,0.0000
330.02,2026-05-25T18:20:27.970676,IDLE,57.4,52.2,0.0,0.0000,0.0000
330.52,2026-05-25T18:20:28.470880,IDLE,57.8,52.2,0.0,0.0000,0.0000
331.02,2026-05-25T18:20:28.967911,IDLE,58.1,52.2,0.0,0.0000,0.0000
331.52,2026-05-25T18:20:29.469309,IDLE,59.9,52.2,0.0,0.0000,0.0000
332.02,2026-05-25T18:20:29.969551,IDLE,56.3,52.2,0.0,0.0000,0.0000
332.52,2026-05-25T18:20:30.468021,IDLE,58.0,52.2,0.0,0.0000,0.0000
333.02,2026-05-25T18:20:30.968919,IDLE,57.6,52.2,0.0,0.0000,0.0000
333.52,2026-05-25T18:20:31.467329,IDLE,57.9,52.3,0.0,0.0000,0.0000
334.02,2026-05-25T18:20:31.968116,IDLE,56.4,52.2,0.0,0.0000,0.0000
334.52,2026-05-25T18:20:32.469456,IDLE,55.6,52.2,0.0,0.0000,0.0000
335.02,2026-05-25T18:20:32.971544,IDLE,60.1,52.2,0.0,0.0000,0.0000
335.52,2026-05-25T18:20:33.469247,IDLE,58.2,52.2,0.0,0.0000,0.0000
336.02,2026-05-25T18:20:33.970573,IDLE,61.6,52.2,0.0,0.0000,0.0000
336.52,2026-05-25T18:20:34.470120,IDLE,57.2,52.2,0.0,0.0000,0.0000
337.02,2026-05-25T18:20:34.967220,IDLE,59.7,52.2,0.0,0.0000,0.0000
337.52,2026-05-25T18:20:35.469431,IDLE,53.9,52.2,0.0,0.0000,0.0000
338.02,2026-05-25T18:20:35.969800,IDLE,56.8,52.2,0.0,0.0000,0.0000
338.52,2026-05-25T18:20:36.469878,IDLE,56.2,52.2,0.0,0.0000,0.0000
339.02,2026-05-25T18:20:36.969586,IDLE,58.2,52.2,0.0,0.0000,0.0000
339.52,2026-05-25T18:20:37.468061,IDLE,61.0,52.2,0.0,0.0000,0.0000
340.02,2026-05-25T18:20:37.972013,IDLE,59.3,52.2,0.0,0.0000,0.0000
340.52,2026-05-25T18:20:38.468917,IDLE,57.8,52.2,0.0,0.0000,0.0000
341.02,2026-05-25T18:20:38.967666,IDLE,57.8,52.3,0.0,0.0000,0.0000
341.52,2026-05-25T18:20:39.468882,IDLE,59.5,52.2,0.0,0.0000,0.0000
342.02,2026-05-25T18:20:39.968667,IDLE,56.4,52.2,0.0,0.0000,0.0000
342.52,2026-05-25T18:20:40.468963,IDLE,60.3,52.1,0.0,0.0000,0.0000
343.02,2026-05-25T18:20:40.968036,IDLE,58.6,52.2,0.0,0.0000,0.0000
343.52,2026-05-25T18:20:41.468209,IDLE,60.5,52.2,0.0,0.0000,0.0000
344.02,2026-05-25T18:20:41.969509,IDLE,59.5,52.2,0.0,0.0000,0.0000
344.52,2026-05-25T18:20:42.470672,IDLE,58.6,52.2,0.0,0.0000,0.0000
345.02,2026-05-25T18:20:42.969724,IDLE,62.8,52.2,0.0,0.0000,0.0000
345.52,2026-05-25T18:20:43.467518,IDLE,59.9,52.2,0.0,0.0000,0.0000
346.02,2026-05-25T18:20:43.967554,IDLE,58.5,52.2,0.0,0.0000,0.0000
346.52,2026-05-25T18:20:44.468734,IDLE,59.6,52.2,0.0,0.0000,0.0000
347.02,2026-05-25T18:20:44.968712,IDLE,58.5,52.2,0.0,0.0000,0.0000
347.52,2026-05-25T18:20:45.470664,IDLE,61.6,52.2,0.0,0.0000,0.0000
348.02,2026-05-25T18:20:45.968888,IDLE,57.5,52.2,0.0,0.0000,0.0000
348.52,2026-05-25T18:20:46.467945,IDLE,59.3,52.2,0.0,0.0000,0.0000
349.02,2026-05-25T18:20:46.967702,IDLE,56.5,52.3,0.0,0.0000,0.0000
349.52,2026-05-25T18:20:47.470534,IDLE,59.9,52.3,0.0,0.0000,0.0000
350.02,2026-05-25T18:20:47.972185,IDLE,56.3,52.2,0.0,0.0000,0.0000
350.52,2026-05-25T18:20:48.468493,IDLE,59.6,52.2,0.0,0.0000,0.0000
351.02,2026-05-25T18:20:48.969870,IDLE,58.1,52.3,0.0,0.0000,0.0000
351.52,2026-05-25T18:20:49.467994,IDLE,60.8,52.2,0.0,0.0000,0.0000
352.02,2026-05-25T18:20:49.967962,IDLE,59.3,52.1,0.0,0.0000,0.0000
352.52,2026-05-25T18:20:50.468582,IDLE,59.0,52.2,0.0,0.0000,0.0000
353.02,2026-05-25T18:20:50.969655,IDLE,62.5,52.2,0.0,0.0000,0.0000
353.52,2026-05-25T18:20:51.468520,IDLE,59.9,52.3,0.0,0.0000,0.0000
354.02,2026-05-25T18:20:51.969325,IDLE,59.0,52.3,0.0,0.0000,0.0000
354.52,2026-05-25T18:20:52.468715,IDLE,58.8,52.2,0.0,0.0000,0.0000
355.02,2026-05-25T18:20:52.968993,IDLE,62.5,52.2,0.0,0.0000,0.0000
355.52,2026-05-25T18:20:53.467834,IDLE,61.8,52.0,0.0,0.0000,0.0000
356.02,2026-05-25T18:20:53.969536,IDLE,55.8,52.0,0.0,0.0000,0.0000
356.52,2026-05-25T18:20:54.470591,IDLE,60.3,52.0,0.0,0.0000,0.0000
357.02,2026-05-25T18:20:54.969309,IDLE,58.9,52.0,0.0,0.0000,0.0000
357.52,2026-05-25T18:20:55.468090,IDLE,57.4,51.9,0.0,0.0000,0.0000
358.02,2026-05-25T18:20:55.971954,IDLE,59.0,51.9,0.0,0.0000,0.0000
358.52,2026-05-25T18:20:56.471939,IDLE,60.3,52.0,0.0,0.0000,0.0000
359.02,2026-05-25T18:20:56.969217,IDLE,60.2,52.1,0.0,0.0000,0.0000
359.52,2026-05-25T18:20:57.467895,IDLE,59.1,52.0,0.0,0.0000,0.0000
360.02,2026-05-25T18:20:57.970129,IDLE,59.4,51.9,0.0,0.0000,0.0000
360.52,2026-05-25T18:20:58.468094,IDLE,57.8,51.9,0.0,0.0000,0.0000
361.02,2026-05-25T18:20:58.971481,IDLE,62.0,51.9,0.0,0.0000,0.0000
361.52,2026-05-25T18:20:59.468159,IDLE,58.3,52.0,0.0,0.0000,0.0000
362.02,2026-05-25T18:20:59.968383,IDLE,57.8,52.1,0.0,0.0000,0.0000
362.52,2026-05-25T18:21:00.467613,IDLE,57.7,52.1,0.0,0.0000,0.0000
363.02,2026-05-25T18:21:00.968729,IDLE,56.4,52.1,0.0,0.0000,0.0000
363.52,2026-05-25T18:21:01.469407,IDLE,60.1,52.1,0.0,0.0000,0.0000
364.02,2026-05-25T18:21:01.973149,IDLE,55.9,52.0,0.0,0.0000,0.0000
364.52,2026-05-25T18:21:02.468772,IDLE,57.5,52.1,0.0,0.0000,0.0000
365.02,2026-05-25T18:21:02.969830,IDLE,59.7,52.1,0.0,0.0000,0.0000
365.52,2026-05-25T18:21:03.467839,IDLE,55.4,52.1,0.0,0.0000,0.0000
366.02,2026-05-25T18:21:03.968605,IDLE,58.9,52.0,0.0,0.0000,0.0000
366.52,2026-05-25T18:21:04.467552,IDLE,58.8,52.0,0.0,0.0000,0.0000
367.02,2026-05-25T18:21:04.968567,IDLE,59.3,52.1,0.0,0.0000,0.0000
367.52,2026-05-25T18:21:05.468558,IDLE,58.6,52.0,0.0,0.0000,0.0000
368.02,2026-05-25T18:21:05.969501,IDLE,58.4,52.1,0.0,0.0000,0.0000
368.52,2026-05-25T18:21:06.469613,IDLE,57.2,52.1,0.0,0.0000,0.0000
369.02,2026-05-25T18:21:06.968924,IDLE,63.1,52.2,0.0,0.0000,0.0000
369.52,2026-05-25T18:21:07.468141,IDLE,58.2,52.1,0.0,0.0000,0.0000
370.02,2026-05-25T18:21:07.968640,IDLE,55.5,52.1,0.0,0.0000,0.0000
370.52,2026-05-25T18:21:08.467826,IDLE,59.3,52.1,0.0,0.0000,0.0000
371.02,2026-05-25T18:21:08.967621,IDLE,59.1,52.1,0.0,0.0000,0.0000
371.52,2026-05-25T18:21:09.468519,IDLE,60.1,52.1,0.0,0.0000,0.0000
372.02,2026-05-25T18:21:09.968589,IDLE,56.6,52.0,0.0,0.0000,0.0000
372.52,2026-05-25T18:21:10.469566,IDLE,56.9,52.0,0.0,0.0000,0.0000
373.02,2026-05-25T18:21:10.968428,IDLE,58.6,52.1,0.0,0.0000,0.0000
373.52,2026-05-25T18:21:11.467950,IDLE,58.6,52.1,0.0,0.0000,0.0000
374.02,2026-05-25T18:21:11.969389,IDLE,57.4,52.1,0.0,0.0000,0.0000
374.53,2026-05-25T18:21:12.477474,IDLE,58.8,52.0,0.0,0.0000,0.0000
375.02,2026-05-25T18:21:12.970018,IDLE,56.2,52.1,0.0,0.0000,0.0000
375.52,2026-05-25T18:21:13.468938,IDLE,59.1,52.1,0.0,0.0000,0.0000
376.02,2026-05-25T18:21:13.972040,IDLE,58.2,52.1,0.0,0.0000,0.0000
376.52,2026-05-25T18:21:14.469695,IDLE,57.6,52.2,0.0,0.0000,0.0000
377.02,2026-05-25T18:21:14.968733,IDLE,59.2,52.1,0.0,0.0000,0.0000
377.52,2026-05-25T18:21:15.467767,IDLE,58.8,52.1,0.0,0.0000,0.0000
378.02,2026-05-25T18:21:15.972216,IDLE,58.6,52.1,0.0,0.0000,0.0000
378.52,2026-05-25T18:21:16.469694,IDLE,58.0,52.2,0.0,0.0000,0.0000
379.02,2026-05-25T18:21:16.968469,IDLE,61.4,52.2,0.0,0.0000,0.0000
379.52,2026-05-25T18:21:17.470150,IDLE,62.3,52.1,0.0,0.0000,0.0000
380.02,2026-05-25T18:21:17.973978,IDLE,56.8,52.1,0.0,0.0000,0.0000
380.52,2026-05-25T18:21:18.469722,IDLE,58.2,52.1,0.0,0.0000,0.0000
381.02,2026-05-25T18:21:18.970388,IDLE,57.9,52.1,0.0,0.0000,0.0000
381.52,2026-05-25T18:21:19.468991,IDLE,56.6,52.1,0.0,0.0000,0.0000
382.02,2026-05-25T18:21:19.968656,IDLE,58.8,52.1,0.0,0.0000,0.0000
382.52,2026-05-25T18:21:20.468952,IDLE,59.5,52.1,0.0,0.0000,0.0000
383.02,2026-05-25T18:21:20.968958,IDLE,59.0,52.1,0.0,0.0000,0.0000
383.52,2026-05-25T18:21:21.467617,IDLE,59.1,52.1,0.0,0.0000,0.0000
384.02,2026-05-25T18:21:21.969059,IDLE,58.5,52.1,0.0,0.0000,0.0000
384.52,2026-05-25T18:21:22.467229,IDLE,60.2,52.2,0.0,0.0000,0.0000
385.02,2026-05-25T18:21:22.968011,IDLE,59.5,52.2,0.0,0.0000,0.0000
385.52,2026-05-25T18:21:23.467607,IDLE,60.9,52.1,0.0,0.0000,0.0000
386.02,2026-05-25T18:21:23.968277,IDLE,58.7,52.2,0.0,0.0000,0.0000
386.52,2026-05-25T18:21:24.468421,IDLE,58.6,52.1,0.0,0.0000,0.0000
387.02,2026-05-25T18:21:24.968042,IDLE,56.6,52.2,0.0,0.0000,0.0000
387.52,2026-05-25T18:21:25.467922,IDLE,62.0,52.2,0.0,0.0000,0.0000
388.02,2026-05-25T18:21:25.969543,IDLE,58.3,52.2,0.0,0.0000,0.0000
388.52,2026-05-25T18:21:26.468362,IDLE,59.0,52.2,0.0,0.0000,0.0000
389.02,2026-05-25T18:21:26.968973,IDLE,58.8,52.3,0.0,0.0000,0.0000
389.52,2026-05-25T18:21:27.468708,IDLE,58.3,52.1,0.0,0.0000,0.0000
390.02,2026-05-25T18:21:27.968291,IDLE,58.3,52.1,0.0,0.0000,0.0000
390.52,2026-05-25T18:21:28.468012,IDLE,57.8,52.2,0.0,0.0000,0.0000
391.02,2026-05-25T18:21:28.969820,IDLE,60.1,52.2,0.0,0.0000,0.0000
391.52,2026-05-25T18:21:29.468763,IDLE,62.1,52.1,0.0,0.0000,0.0000
392.02,2026-05-25T18:21:29.968911,IDLE,58.6,52.1,0.0,0.0000,0.0000
392.52,2026-05-25T18:21:30.471537,IDLE,55.5,52.1,0.0,0.0000,0.0000
393.02,2026-05-25T18:21:30.967687,IDLE,62.2,52.2,0.0,0.0000,0.0000
393.52,2026-05-25T18:21:31.468726,IDLE,58.0,52.2,0.0,0.0000,0.0000
394.02,2026-05-25T18:21:31.969454,IDLE,58.2,52.1,0.0,0.0000,0.0000
394.52,2026-05-25T18:21:32.469812,IDLE,56.5,52.2,0.0,0.0000,0.0000
395.02,2026-05-25T18:21:32.969379,IDLE,58.5,52.2,0.0,0.0000,0.0000
395.52,2026-05-25T18:21:33.467772,IDLE,62.2,52.2,0.0,0.0000,0.0000
396.02,2026-05-25T18:21:33.969322,IDLE,57.6,52.2,0.0,0.0000,0.0000
396.52,2026-05-25T18:21:34.468715,IDLE,57.7,52.2,0.0,0.0000,0.0000
397.02,2026-05-25T18:21:34.973432,IDLE,60.1,52.1,0.0,0.0000,0.0000
397.52,2026-05-25T18:21:35.468420,IDLE,60.5,52.2,0.0,0.0000,0.0000
398.02,2026-05-25T18:21:35.968464,IDLE,58.0,52.2,0.0,0.0000,0.0000
398.52,2026-05-25T18:21:36.467706,IDLE,57.5,52.2,0.0,0.0000,0.0000
399.02,2026-05-25T18:21:36.968539,IDLE,60.1,52.2,0.0,0.0000,0.0000
399.52,2026-05-25T18:21:37.469742,IDLE,60.9,52.3,0.0,0.0000,0.0000
400.02,2026-05-25T18:21:37.970653,IDLE,61.0,52.2,0.0,0.0000,0.0000
400.52,2026-05-25T18:21:38.467727,IDLE,58.7,52.2,0.0,0.0000,0.0000
401.02,2026-05-25T18:21:38.968755,IDLE,62.7,52.3,0.0,0.0000,0.0000
401.52,2026-05-25T18:21:39.468460,IDLE,59.5,52.3,0.0,0.0000,0.0000
402.02,2026-05-25T18:21:39.968445,IDLE,59.9,52.3,0.0,0.0000,0.0000
402.52,2026-05-25T18:21:40.469850,IDLE,60.3,52.3,0.0,0.0000,0.0000
403.02,2026-05-25T18:21:40.976166,IDLE,59.9,52.3,0.0,0.0000,0.0000
403.52,2026-05-25T18:21:41.468988,IDLE,61.2,52.3,0.0,0.0000,0.0000
404.02,2026-05-25T18:21:41.969086,IDLE,61.5,52.3,0.0,0.0000,0.0000
404.52,2026-05-25T18:21:42.467983,IDLE,60.5,52.4,0.0,0.0000,0.0000
405.02,2026-05-25T18:21:42.969554,IDLE,58.1,52.3,0.0,0.0000,0.0000
405.52,2026-05-25T18:21:43.469485,IDLE,58.6,52.3,0.0,0.0000,0.0000
406.02,2026-05-25T18:21:43.969373,IDLE,57.2,52.3,0.0,0.0000,0.0000
406.52,2026-05-25T18:21:44.467423,IDLE,57.9,52.3,0.0,0.0000,0.0000
407.02,2026-05-25T18:21:44.967976,IDLE,57.8,52.3,0.0,0.0000,0.0000
407.52,2026-05-25T18:21:45.467499,IDLE,59.5,52.3,0.0,0.0000,0.0000
408.02,2026-05-25T18:21:45.968851,IDLE,58.1,52.3,0.0,0.0000,0.0000
408.52,2026-05-25T18:21:46.467525,IDLE,60.1,52.2,0.0,0.0000,0.0000
409.02,2026-05-25T18:21:46.967725,IDLE,58.3,52.3,0.0,0.0000,0.0000
409.52,2026-05-25T18:21:47.470788,IDLE,59.2,52.4,0.0,0.0000,0.0000
410.02,2026-05-25T18:21:47.972115,IDLE,56.4,52.3,0.0,0.0000,0.0000
410.52,2026-05-25T18:21:48.467685,IDLE,58.6,52.3,0.0,0.0000,0.0000
411.02,2026-05-25T18:21:48.970634,IDLE,61.2,52.1,0.0,0.0000,0.0000
411.52,2026-05-25T18:21:49.467707,IDLE,62.7,52.1,0.0,0.0000,0.0000
412.02,2026-05-25T18:21:49.971250,IDLE,57.5,52.1,0.0,0.0000,0.0000
412.52,2026-05-25T18:21:50.468752,IDLE,57.9,52.1,0.0,0.0000,0.0000
413.02,2026-05-25T18:21:50.969159,IDLE,58.5,52.1,0.0,0.0000,0.0000
413.52,2026-05-25T18:21:51.470566,IDLE,58.6,52.0,0.0,0.0000,0.0000
414.02,2026-05-25T18:21:51.970092,IDLE,54.7,52.1,0.0,0.0000,0.0000
414.52,2026-05-25T18:21:52.468326,IDLE,58.3,52.1,0.0,0.0000,0.0000
415.02,2026-05-25T18:21:52.970090,IDLE,57.1,52.1,0.0,0.0000,0.0000
415.52,2026-05-25T18:21:53.467580,IDLE,60.1,52.1,0.0,0.0000,0.0000
416.02,2026-05-25T18:21:53.969916,IDLE,58.4,52.1,0.0,0.0000,0.0000
416.52,2026-05-25T18:21:54.469188,IDLE,55.1,52.1,0.0,0.0000,0.0000
417.02,2026-05-25T18:21:54.969835,IDLE,61.4,52.0,0.0,0.0000,0.0000
417.52,2026-05-25T18:21:55.470199,IDLE,56.5,52.0,0.0,0.0000,0.0000
418.02,2026-05-25T18:21:55.968540,IDLE,56.8,52.0,0.0,0.0000,0.0000
418.52,2026-05-25T18:21:56.470181,IDLE,58.9,52.0,0.0,0.0000,0.0000
419.02,2026-05-25T18:21:56.970290,IDLE,55.8,52.1,0.0,0.0000,0.0000
419.52,2026-05-25T18:21:57.470661,IDLE,58.8,52.0,0.0,0.0000,0.0000
420.02,2026-05-25T18:21:57.969261,IDLE,56.3,52.1,0.0,0.0000,0.0000
420.52,2026-05-25T18:21:58.469630,IDLE,58.5,52.1,0.0,0.0000,0.0000
421.02,2026-05-25T18:21:58.971660,IDLE,58.4,52.1,0.0,0.0000,0.0000
421.53,2026-05-25T18:21:59.476304,IDLE,54.5,52.0,0.0,0.0000,0.0000
422.02,2026-05-25T18:21:59.970501,IDLE,56.4,52.0,0.0,0.0000,0.0000
422.52,2026-05-25T18:22:00.468233,IDLE,57.6,52.0,0.0,0.0000,0.0000
423.02,2026-05-25T18:22:00.970857,IDLE,59.1,52.0,0.0,0.0000,0.0000
423.52,2026-05-25T18:22:01.470954,IDLE,56.4,52.1,0.0,0.0000,0.0000
424.02,2026-05-25T18:22:01.970836,IDLE,60.5,52.1,0.0,0.0000,0.0000
424.52,2026-05-25T18:22:02.471641,IDLE,57.7,52.1,0.0,0.0000,0.0000
425.02,2026-05-25T18:22:02.969090,IDLE,59.8,52.1,0.0,0.0000,0.0000
425.52,2026-05-25T18:22:03.469393,IDLE,56.9,52.1,0.0,0.0000,0.0000
426.02,2026-05-25T18:22:03.970105,IDLE,56.0,52.2,0.0,0.0000,0.0000
426.52,2026-05-25T18:22:04.468113,IDLE,58.2,52.1,0.0,0.0000,0.0000
427.02,2026-05-25T18:22:04.968657,IDLE,55.4,52.1,0.0,0.0000,0.0000
427.52,2026-05-25T18:22:05.468175,IDLE,58.6,52.1,0.0,0.0000,0.0000
428.02,2026-05-25T18:22:05.968560,IDLE,53.6,52.1,0.0,0.0000,0.0000
428.52,2026-05-25T18:22:06.469940,IDLE,58.9,52.1,0.0,0.0000,0.0000
429.02,2026-05-25T18:22:06.969315,IDLE,57.5,52.1,0.0,0.0000,0.0000
429.52,2026-05-25T18:22:07.467879,IDLE,59.7,52.1,0.0,0.0000,0.0000
430.02,2026-05-25T18:22:07.968908,IDLE,56.2,52.2,0.0,0.0000,0.0000
430.52,2026-05-25T18:22:08.471149,IDLE,56.5,52.2,0.0,0.0000,0.0000
431.02,2026-05-25T18:22:08.969173,IDLE,58.7,52.1,0.0,0.0000,0.0000
431.52,2026-05-25T18:22:09.467682,IDLE,57.2,52.2,0.0,0.0000,0.0000
432.02,2026-05-25T18:22:09.968767,IDLE,57.3,52.2,0.0,0.0000,0.0000
432.52,2026-05-25T18:22:10.470270,IDLE,55.4,52.2,0.0,0.0000,0.0000
433.02,2026-05-25T18:22:10.969220,IDLE,60.2,52.1,0.0,0.0000,0.0000
433.52,2026-05-25T18:22:11.470744,IDLE,56.3,52.1,0.0,0.0000,0.0000
434.02,2026-05-25T18:22:11.970695,IDLE,57.7,52.2,0.0,0.0000,0.0000
434.52,2026-05-25T18:22:12.469501,IDLE,55.7,52.2,0.0,0.0000,0.0000
435.02,2026-05-25T18:22:12.975764,IDLE,60.3,52.2,0.0,0.0000,0.0000
435.52,2026-05-25T18:22:13.467580,IDLE,58.3,52.2,0.0,0.0000,0.0000
436.02,2026-05-25T18:22:13.967948,IDLE,56.7,52.2,0.0,0.0000,0.0000
436.52,2026-05-25T18:22:14.470149,IDLE,57.4,52.2,0.0,0.0000,0.0000
437.02,2026-05-25T18:22:14.971274,IDLE,59.4,52.2,0.0,0.0000,0.0000
437.52,2026-05-25T18:22:15.470256,IDLE,59.2,52.2,0.0,0.0000,0.0000
438.02,2026-05-25T18:22:15.968637,IDLE,56.1,52.2,0.0,0.0000,0.0000
438.52,2026-05-25T18:22:16.469491,IDLE,58.4,52.2,0.0,0.0000,0.0000
439.02,2026-05-25T18:22:16.969140,IDLE,57.8,52.2,0.0,0.0000,0.0000
439.52,2026-05-25T18:22:17.469528,IDLE,57.4,52.2,0.0,0.0000,0.0000
440.02,2026-05-25T18:22:17.969127,IDLE,62.2,52.2,0.0,0.0000,0.0000
440.52,2026-05-25T18:22:18.469291,IDLE,58.9,52.3,0.0,0.0000,0.0000
441.02,2026-05-25T18:22:18.973261,IDLE,61.2,52.3,0.0,0.0000,0.0000
441.52,2026-05-25T18:22:19.468209,IDLE,56.9,52.3,0.0,0.0000,0.0000
442.02,2026-05-25T18:22:19.968344,IDLE,54.0,52.3,0.0,0.0000,0.0000
442.52,2026-05-25T18:22:20.469722,IDLE,58.3,52.3,0.0,0.0000,0.0000
443.02,2026-05-25T18:22:20.969945,IDLE,58.1,52.2,0.0,0.0000,0.0000
443.52,2026-05-25T18:22:21.467625,IDLE,59.9,52.3,0.0,0.0000,0.0000
444.02,2026-05-25T18:22:21.971039,IDLE,53.5,52.3,0.0,0.0000,0.0000
444.52,2026-05-25T18:22:22.467781,IDLE,55.2,52.3,0.0,0.0000,0.0000
445.02,2026-05-25T18:22:22.972645,IDLE,54.1,52.3,0.0,0.0000,0.0000
445.52,2026-05-25T18:22:23.471063,IDLE,55.6,52.3,0.0,0.0000,0.0000
446.02,2026-05-25T18:22:23.970267,IDLE,58.3,52.2,0.0,0.0000,0.0000
446.52,2026-05-25T18:22:24.475158,IDLE,56.1,52.1,0.0,0.0000,0.0000
447.02,2026-05-25T18:22:24.971775,IDLE,58.9,52.0,0.0,0.0000,0.0000
447.52,2026-05-25T18:22:25.468269,IDLE,56.0,52.0,0.0,0.0000,0.0000
448.02,2026-05-25T18:22:25.973875,IDLE,58.9,52.1,0.0,0.0000,0.0000
448.52,2026-05-25T18:22:26.467119,IDLE,53.0,52.1,0.0,0.0000,0.0000
449.02,2026-05-25T18:22:26.968697,IDLE,60.2,52.1,0.0,0.0000,0.0000
449.52,2026-05-25T18:22:27.469818,IDLE,50.7,52.2,0.0,0.0000,0.0000
450.02,2026-05-25T18:22:27.968953,IDLE,55.4,52.2,0.0,0.0000,0.0000
450.52,2026-05-25T18:22:28.469737,IDLE,58.6,52.2,0.0,0.0000,0.0000
451.02,2026-05-25T18:22:28.969958,IDLE,59.7,52.2,0.0,0.0000,0.0000
451.52,2026-05-25T18:22:29.469184,IDLE,62.3,52.2,0.0,0.0000,0.0000
452.02,2026-05-25T18:22:29.974424,IDLE,58.0,52.1,0.0,0.0000,0.0000
452.52,2026-05-25T18:22:30.468144,IDLE,55.2,52.2,0.0,0.0000,0.0000
453.02,2026-05-25T18:22:30.968738,IDLE,55.2,52.2,0.0,0.0000,0.0000
453.52,2026-05-25T18:22:31.468678,IDLE,57.9,52.1,0.0,0.0000,0.0000
454.02,2026-05-25T18:22:31.968571,IDLE,56.6,52.1,0.0,0.0000,0.0000
454.52,2026-05-25T18:22:32.469211,IDLE,55.9,52.2,0.0,0.0000,0.0000
455.02,2026-05-25T18:22:32.969671,IDLE,57.5,52.2,0.0,0.0000,0.0000
455.52,2026-05-25T18:22:33.469077,IDLE,60.4,52.2,0.0,0.0000,0.0000
456.02,2026-05-25T18:22:33.968932,IDLE,60.0,52.1,0.0,0.0000,0.0000
456.52,2026-05-25T18:22:34.467741,IDLE,56.1,52.1,0.0,0.0000,0.0000
457.02,2026-05-25T18:22:34.968796,IDLE,62.0,52.2,0.0,0.0000,0.0000
457.52,2026-05-25T18:22:35.468297,IDLE,58.0,52.2,0.0,0.0000,0.0000
458.02,2026-05-25T18:22:35.969971,IDLE,57.7,52.2,0.0,0.0000,0.0000
458.52,2026-05-25T18:22:36.469681,IDLE,56.9,52.2,0.0,0.0000,0.0000
459.02,2026-05-25T18:22:36.973527,IDLE,59.2,52.2,0.0,0.0000,0.0000
459.52,2026-05-25T18:22:37.473540,IDLE,60.4,52.2,0.0,0.0000,0.0000
460.02,2026-05-25T18:22:37.970296,IDLE,56.0,52.2,0.0,0.0000,0.0000
460.52,2026-05-25T18:22:38.469365,IDLE,58.9,52.2,0.0,0.0000,0.0000
461.02,2026-05-25T18:22:38.970854,IDLE,55.5,52.2,0.0,0.0000,0.0000
461.52,2026-05-25T18:22:39.470411,IDLE,56.4,52.2,0.0,0.0000,0.0000
462.02,2026-05-25T18:22:39.968465,IDLE,61.3,52.3,0.0,0.0000,0.0000
462.52,2026-05-25T18:22:40.469797,IDLE,58.5,52.1,0.0,0.0000,0.0000
463.02,2026-05-25T18:22:40.969339,IDLE,60.6,52.2,0.0,0.0000,0.0000
463.52,2026-05-25T18:22:41.469137,IDLE,60.3,52.2,0.0,0.0000,0.0000
464.02,2026-05-25T18:22:41.967987,IDLE,60.3,52.2,0.0,0.0000,0.0000
464.52,2026-05-25T18:22:42.468523,IDLE,56.6,52.2,0.0,0.0000,0.0000
465.02,2026-05-25T18:22:42.967875,IDLE,63.2,52.3,0.0,0.0000,0.0000
465.52,2026-05-25T18:22:43.467628,IDLE,58.2,52.3,0.0,0.0000,0.0000
466.02,2026-05-25T18:22:43.967424,IDLE,62.4,52.3,0.0,0.0000,0.0000
466.52,2026-05-25T18:22:44.472177,IDLE,57.6,52.3,0.0,0.0000,0.0000
467.02,2026-05-25T18:22:44.969754,IDLE,61.4,52.4,0.0,0.0000,0.0000
467.52,2026-05-25T18:22:45.469060,IDLE,59.9,52.3,0.0,0.0000,0.0000
468.02,2026-05-25T18:22:45.969638,IDLE,58.8,52.3,0.0,0.0000,0.0000
468.52,2026-05-25T18:22:46.473012,IDLE,59.4,52.2,0.0,0.0000,0.0000
469.02,2026-05-25T18:22:46.968514,IDLE,60.6,52.3,0.0,0.0000,0.0000
469.52,2026-05-25T18:22:47.473884,IDLE,57.3,52.3,0.0,0.0000,0.0000
470.02,2026-05-25T18:22:47.968238,IDLE,56.6,52.2,0.0,0.0000,0.0000
470.52,2026-05-25T18:22:48.467682,IDLE,58.6,52.2,0.0,0.0000,0.0000
471.02,2026-05-25T18:22:48.971131,IDLE,58.3,52.3,0.0,0.0000,0.0000
471.52,2026-05-25T18:22:49.470149,IDLE,63.3,52.4,0.0,0.0000,0.0000
472.02,2026-05-25T18:22:49.968249,IDLE,57.7,52.4,0.0,0.0000,0.0000
472.52,2026-05-25T18:22:50.469039,IDLE,60.3,52.4,0.0,0.0000,0.0000
473.02,2026-05-25T18:22:50.968740,IDLE,60.1,52.3,0.0,0.0000,0.0000
473.52,2026-05-25T18:22:51.469860,IDLE,57.6,52.3,0.0,0.0000,0.0000
474.02,2026-05-25T18:22:51.969200,IDLE,61.7,52.4,0.0,0.0000,0.0000
474.52,2026-05-25T18:22:52.470402,IDLE,59.7,52.4,0.0,0.0000,0.0000
475.02,2026-05-25T18:22:52.969980,IDLE,61.7,52.3,0.0,0.0000,0.0000
475.52,2026-05-25T18:22:53.473250,IDLE,62.7,52.3,0.0,0.0000,0.0000
476.02,2026-05-25T18:22:53.967185,IDLE,62.5,52.4,0.0,0.0000,0.0000
476.52,2026-05-25T18:22:54.469304,IDLE,59.7,52.5,0.0,0.0000,0.0000
477.02,2026-05-25T18:22:54.968358,IDLE,63.6,52.5,0.0,0.0000,0.0000
477.52,2026-05-25T18:22:55.467609,IDLE,55.0,52.6,0.0,0.0000,0.0000
478.02,2026-05-25T18:22:55.968221,IDLE,67.3,53.8,0.0,0.0000,0.0000
478.52,2026-05-25T18:22:56.469912,IDLE,68.3,54.1,0.0,0.0000,0.0000
479.02,2026-05-25T18:22:56.968561,IDLE,62.2,54.8,0.0,0.0000,0.0000
479.52,2026-05-25T18:22:57.467110,IDLE,62.8,55.2,0.0,0.0000,0.0000
480.02,2026-05-25T18:22:57.972623,IDLE,58.9,55.2,0.0,0.0000,0.0000
480.52,2026-05-25T18:22:58.467779,IDLE,60.2,55.2,0.0,0.0000,0.0000
481.02,2026-05-25T18:22:58.976191,IDLE,63.5,55.2,0.0,0.0000,0.0000
481.52,2026-05-25T18:22:59.470276,IDLE,58.8,55.2,0.0,0.0000,0.0000
482.02,2026-05-25T18:22:59.967823,IDLE,59.6,55.2,0.0,0.0000,0.0000
482.52,2026-05-25T18:23:00.474232,IDLE,60.4,55.2,0.0,0.0000,0.0000
483.02,2026-05-25T18:23:00.970716,IDLE,59.7,55.2,0.0,0.0000,0.0000
483.52,2026-05-25T18:23:01.469909,IDLE,60.1,55.2,0.0,0.0000,0.0000
484.02,2026-05-25T18:23:01.968952,IDLE,60.7,55.2,0.0,0.0000,0.0000
484.52,2026-05-25T18:23:02.467889,IDLE,59.2,55.2,0.0,0.0000,0.0000
485.02,2026-05-25T18:23:02.969509,IDLE,60.5,55.3,0.0,0.0000,0.0000
485.52,2026-05-25T18:23:03.467560,IDLE,61.2,55.3,0.0,0.0000,0.0000
486.02,2026-05-25T18:23:03.974339,IDLE,56.7,55.3,0.0,0.0000,0.0000
486.52,2026-05-25T18:23:04.469453,IDLE,61.1,55.3,0.0,0.0000,0.0000
487.02,2026-05-25T18:23:04.969322,IDLE,61.2,55.3,0.0,0.0000,0.0000
487.52,2026-05-25T18:23:05.467721,IDLE,60.9,55.3,0.0,0.0000,0.0000
488.02,2026-05-25T18:23:05.968538,IDLE,60.8,55.3,0.0,0.0000,0.0000
488.52,2026-05-25T18:23:06.470072,IDLE,57.4,55.3,0.0,0.0000,0.0000
489.02,2026-05-25T18:23:06.967656,IDLE,62.9,55.3,0.0,0.0000,0.0000
489.52,2026-05-25T18:23:07.467628,IDLE,58.4,55.3,0.0,0.0000,0.0000
490.02,2026-05-25T18:23:07.972917,IDLE,60.7,55.3,0.0,0.0000,0.0000
490.52,2026-05-25T18:23:08.468082,IDLE,57.5,55.3,0.0,0.0000,0.0000
491.02,2026-05-25T18:23:08.967733,IDLE,59.7,55.3,0.0,0.0000,0.0000
491.52,2026-05-25T18:23:09.467975,IDLE,55.4,55.3,0.0,0.0000,0.0000
492.02,2026-05-25T18:23:09.969853,IDLE,59.8,55.3,0.0,0.0000,0.0000
492.52,2026-05-25T18:23:10.467622,IDLE,59.6,55.3,0.0,0.0000,0.0000
493.02,2026-05-25T18:23:10.970389,IDLE,60.1,55.3,0.0,0.0000,0.0000
493.52,2026-05-25T18:23:11.470333,IDLE,59.5,55.4,0.0,0.0000,0.0000
494.02,2026-05-25T18:23:11.971520,IDLE,59.5,55.4,0.0,0.0000,0.0000
494.52,2026-05-25T18:23:12.467944,IDLE,56.9,54.2,0.0,0.0000,0.0000
495.03,2026-05-25T18:23:12.976541,IDLE,60.1,52.8,0.0,0.0000,0.0000
495.52,2026-05-25T18:23:13.468204,IDLE,59.5,52.9,0.0,0.0000,0.0000
496.02,2026-05-25T18:23:13.970072,IDLE,61.8,52.9,0.0,0.0000,0.0000
496.52,2026-05-25T18:23:14.468147,IDLE,58.3,52.9,0.0,0.0000,0.0000
497.02,2026-05-25T18:23:14.967952,IDLE,63.5,52.9,0.0,0.0000,0.0000
497.52,2026-05-25T18:23:15.468785,IDLE,59.0,52.9,0.0,0.0000,0.0000
498.02,2026-05-25T18:23:15.968052,IDLE,56.8,53.0,0.0,0.0000,0.0000
498.52,2026-05-25T18:23:16.470016,IDLE,53.5,53.0,0.0,0.0000,0.0000
499.02,2026-05-25T18:23:16.972615,IDLE,60.4,53.0,0.0,0.0000,0.0000
499.52,2026-05-25T18:23:17.467633,IDLE,62.2,53.0,0.0,0.0000,0.0000
500.02,2026-05-25T18:23:17.969225,IDLE,58.6,53.0,0.0,0.0000,0.0000
500.52,2026-05-25T18:23:18.467479,IDLE,61.7,53.0,0.0,0.0000,0.0000
501.02,2026-05-25T18:23:18.968239,IDLE,60.0,52.9,0.0,0.0000,0.0000
501.52,2026-05-25T18:23:19.468826,IDLE,56.4,52.9,0.0,0.0000,0.0000
502.02,2026-05-25T18:23:19.971592,IDLE,59.2,52.8,0.0,0.0000,0.0000
502.52,2026-05-25T18:23:20.468302,IDLE,57.7,52.9,0.0,0.0000,0.0000
503.02,2026-05-25T18:23:20.969764,IDLE,60.7,52.8,0.0,0.0000,0.0000
503.52,2026-05-25T18:23:21.467933,IDLE,59.3,52.9,0.0,0.0000,0.0000
504.02,2026-05-25T18:23:21.969113,IDLE,61.1,53.0,0.0,0.0000,0.0000
504.52,2026-05-25T18:23:22.467575,IDLE,58.0,52.9,0.0,0.0000,0.0000
505.02,2026-05-25T18:23:22.969906,IDLE,64.0,52.9,0.0,0.0000,0.0000
505.52,2026-05-25T18:23:23.467958,IDLE,58.4,52.9,0.0,0.0000,0.0000
506.02,2026-05-25T18:23:23.968193,IDLE,59.8,52.9,0.0,0.0000,0.0000
506.52,2026-05-25T18:23:24.467616,IDLE,58.8,52.9,0.0,0.0000,0.0000
507.02,2026-05-25T18:23:24.969482,IDLE,60.6,52.9,0.0,0.0000,0.0000
507.52,2026-05-25T18:23:25.469751,IDLE,60.7,52.8,0.0,0.0000,0.0000
508.02,2026-05-25T18:23:25.970757,IDLE,59.7,53.0,0.0,0.0000,0.0000
508.52,2026-05-25T18:23:26.470229,IDLE,60.1,53.0,0.0,0.0000,0.0000
509.02,2026-05-25T18:23:26.969965,IDLE,58.4,53.0,0.0,0.0000,0.0000
509.52,2026-05-25T18:23:27.468220,IDLE,58.5,53.0,0.0,0.0000,0.0000
510.02,2026-05-25T18:23:27.968334,IDLE,59.2,53.0,0.0,0.0000,0.0000
510.52,2026-05-25T18:23:28.471663,IDLE,57.9,53.0,0.0,0.0000,0.0000
511.02,2026-05-25T18:23:28.968093,IDLE,59.6,52.9,0.0,0.0000,0.0000
511.52,2026-05-25T18:23:29.467751,IDLE,57.6,52.9,0.0,0.0000,0.0000
512.02,2026-05-25T18:23:29.970469,IDLE,61.3,52.9,0.0,0.0000,0.0000
512.52,2026-05-25T18:23:30.467926,IDLE,61.6,53.0,0.0,0.0000,0.0000
513.02,2026-05-25T18:23:30.967458,IDLE,65.7,53.0,0.0,0.0000,0.0000
513.52,2026-05-25T18:23:31.469934,IDLE,60.0,53.0,0.0,0.0000,0.0000
514.02,2026-05-25T18:23:31.971189,IDLE,59.3,53.0,0.0,0.0000,0.0000
514.52,2026-05-25T18:23:32.467852,IDLE,59.0,53.0,0.0,0.0000,0.0000
515.03,2026-05-25T18:23:32.977327,IDLE,59.5,53.0,0.0,0.0000,0.0000
515.52,2026-05-25T18:23:33.467813,IDLE,60.4,53.0,0.0,0.0000,0.0000
516.02,2026-05-25T18:23:33.968973,IDLE,60.5,53.1,0.0,0.0000,0.0000
516.52,2026-05-25T18:23:34.470425,IDLE,61.4,53.1,0.0,0.0000,0.0000
517.02,2026-05-25T18:23:34.968920,IDLE,61.5,53.1,0.0,0.0000,0.0000
517.52,2026-05-25T18:23:35.468672,IDLE,57.2,53.1,0.0,0.0000,0.0000
518.02,2026-05-25T18:23:35.971863,IDLE,60.4,53.1,0.0,0.0000,0.0000
518.52,2026-05-25T18:23:36.469029,IDLE,57.9,53.1,0.0,0.0000,0.0000
519.02,2026-05-25T18:23:36.975016,IDLE,61.6,53.1,0.0,0.0000,0.0000
519.52,2026-05-25T18:23:37.467620,IDLE,62.3,53.0,0.0,0.0000,0.0000
520.02,2026-05-25T18:23:37.969726,IDLE,57.0,53.0,0.0,0.0000,0.0000
520.52,2026-05-25T18:23:38.467938,IDLE,60.8,53.1,0.0,0.0000,0.0000
521.02,2026-05-25T18:23:38.967794,IDLE,61.6,53.1,0.0,0.0000,0.0000
521.52,2026-05-25T18:23:39.467693,IDLE,58.5,53.0,0.0,0.0000,0.0000
522.02,2026-05-25T18:23:39.968102,IDLE,59.2,53.1,0.0,0.0000,0.0000
522.52,2026-05-25T18:23:40.468198,IDLE,61.9,53.1,0.0,0.0000,0.0000
523.02,2026-05-25T18:23:40.969215,IDLE,59.9,53.1,0.0,0.0000,0.0000
523.52,2026-05-25T18:23:41.467150,IDLE,64.1,53.1,0.0,0.0000,0.0000
524.02,2026-05-25T18:23:41.969091,IDLE,58.7,53.1,0.0,0.0000,0.0000
524.52,2026-05-25T18:23:42.470723,IDLE,60.0,53.1,0.0,0.0000,0.0000
525.02,2026-05-25T18:23:42.968303,IDLE,58.9,53.1,0.0,0.0000,0.0000
525.52,2026-05-25T18:23:43.467898,IDLE,61.1,53.1,0.0,0.0000,0.0000
526.02,2026-05-25T18:23:43.972224,IDLE,60.1,53.1,0.0,0.0000,0.0000
526.52,2026-05-25T18:23:44.472885,IDLE,56.9,53.1,0.0,0.0000,0.0000
527.02,2026-05-25T18:23:44.970857,IDLE,60.9,53.1,0.0,0.0000,0.0000
527.52,2026-05-25T18:23:45.467483,IDLE,60.9,53.1,0.0,0.0000,0.0000
528.02,2026-05-25T18:23:45.970997,IDLE,60.0,53.1,0.0,0.0000,0.0000
528.52,2026-05-25T18:23:46.470420,IDLE,58.2,53.1,0.0,0.0000,0.0000
529.02,2026-05-25T18:23:46.967898,IDLE,61.4,53.1,0.0,0.0000,0.0000
529.52,2026-05-25T18:23:47.469100,IDLE,60.1,53.1,0.0,0.0000,0.0000
530.02,2026-05-25T18:23:47.968547,IDLE,57.3,53.0,0.0,0.0000,0.0000
530.52,2026-05-25T18:23:48.470549,IDLE,57.5,53.0,0.0,0.0000,0.0000
531.02,2026-05-25T18:23:48.968725,IDLE,62.2,53.0,0.0,0.0000,0.0000
531.52,2026-05-25T18:23:49.469335,IDLE,59.9,53.1,0.0,0.0000,0.0000
532.02,2026-05-25T18:23:49.975570,IDLE,62.1,53.1,0.0,0.0000,0.0000
532.52,2026-05-25T18:23:50.471579,IDLE,63.1,52.8,0.0,0.0000,0.0000
533.02,2026-05-25T18:23:50.972027,IDLE,58.6,52.8,0.0,0.0000,0.0000
533.52,2026-05-25T18:23:51.469372,IDLE,56.2,52.8,0.0,0.0000,0.0000
534.02,2026-05-25T18:23:51.969073,IDLE,59.3,52.8,0.0,0.0000,0.0000
534.52,2026-05-25T18:23:52.472317,IDLE,58.1,52.7,0.0,0.0000,0.0000
535.02,2026-05-25T18:23:52.968760,IDLE,58.6,52.7,0.0,0.0000,0.0000
535.52,2026-05-25T18:23:53.470123,IDLE,57.7,52.7,0.0,0.0000,0.0000
536.02,2026-05-25T18:23:53.968553,IDLE,58.5,52.7,0.0,0.0000,0.0000
536.52,2026-05-25T18:23:54.472434,IDLE,58.4,52.7,0.0,0.0000,0.0000
537.02,2026-05-25T18:23:54.969614,IDLE,61.9,52.8,0.0,0.0000,0.0000
537.52,2026-05-25T18:23:55.467382,IDLE,59.2,52.8,0.0,0.0000,0.0000
538.02,2026-05-25T18:23:55.970726,IDLE,57.1,52.7,0.0,0.0000,0.0000
538.52,2026-05-25T18:23:56.468189,IDLE,57.6,52.7,0.0,0.0000,0.0000
539.02,2026-05-25T18:23:56.973030,IDLE,58.1,52.7,0.0,0.0000,0.0000
539.52,2026-05-25T18:23:57.473076,IDLE,60.1,52.7,0.0,0.0000,0.0000
540.02,2026-05-25T18:23:57.968775,IDLE,56.6,52.7,0.0,0.0000,0.0000
540.52,2026-05-25T18:23:58.471462,IDLE,57.1,52.7,0.0,0.0000,0.0000
541.02,2026-05-25T18:23:58.974545,IDLE,58.6,52.7,0.0,0.0000,0.0000
541.52,2026-05-25T18:23:59.470028,IDLE,55.9,52.7,0.0,0.0000,0.0000
542.02,2026-05-25T18:23:59.969059,IDLE,58.4,52.6,0.0,0.0000,0.0000
542.52,2026-05-25T18:24:00.468138,IDLE,56.5,52.7,0.0,0.0000,0.0000
543.02,2026-05-25T18:24:00.968182,IDLE,58.2,52.7,0.0,0.0000,0.0000
543.52,2026-05-25T18:24:01.470149,IDLE,59.8,52.7,0.0,0.0000,0.0000
544.02,2026-05-25T18:24:01.969428,IDLE,57.6,52.8,0.0,0.0000,0.0000
544.52,2026-05-25T18:24:02.473211,IDLE,56.1,52.8,0.0,0.0000,0.0000
545.02,2026-05-25T18:24:02.968624,IDLE,63.1,52.8,0.0,0.0000,0.0000
545.52,2026-05-25T18:24:03.470169,IDLE,55.4,52.7,0.0,0.0000,0.0000
546.02,2026-05-25T18:24:03.969308,IDLE,55.8,52.7,0.0,0.0000,0.0000
546.52,2026-05-25T18:24:04.468463,IDLE,55.4,52.7,0.0,0.0000,0.0000
547.02,2026-05-25T18:24:04.969515,IDLE,58.0,52.7,0.0,0.0000,0.0000
547.52,2026-05-25T18:24:05.467769,IDLE,58.0,52.7,0.0,0.0000,0.0000
548.02,2026-05-25T18:24:05.970280,IDLE,56.6,52.7,0.0,0.0000,0.0000
548.52,2026-05-25T18:24:06.469073,IDLE,57.9,52.6,0.0,0.0000,0.0000
549.02,2026-05-25T18:24:06.971021,IDLE,58.0,52.7,0.0,0.0000,0.0000
549.52,2026-05-25T18:24:07.468412,IDLE,58.4,52.7,0.0,0.0000,0.0000
550.02,2026-05-25T18:24:07.968125,IDLE,53.2,52.8,0.0,0.0000,0.0000
550.52,2026-05-25T18:24:08.468281,IDLE,58.6,52.8,0.0,0.0000,0.0000
551.02,2026-05-25T18:24:08.974849,IDLE,59.9,52.7,0.0,0.0000,0.0000
551.52,2026-05-25T18:24:09.470301,IDLE,56.2,52.8,0.0,0.0000,0.0000
552.02,2026-05-25T18:24:09.971020,IDLE,58.7,52.7,0.0,0.0000,0.0000
552.52,2026-05-25T18:24:10.467547,IDLE,58.2,52.6,0.0,0.0000,0.0000
553.03,2026-05-25T18:24:10.980503,IDLE,61.7,52.7,0.0,0.0000,0.0000
553.52,2026-05-25T18:24:11.470856,IDLE,55.1,52.8,0.0,0.0000,0.0000
554.02,2026-05-25T18:24:11.974365,IDLE,55.2,52.8,0.0,0.0000,0.0000
554.52,2026-05-25T18:24:12.470063,IDLE,56.4,52.7,0.0,0.0000,0.0000
555.02,2026-05-25T18:24:12.971543,IDLE,56.9,52.7,0.0,0.0000,0.0000
555.52,2026-05-25T18:24:13.468729,IDLE,61.6,52.7,0.0,0.0000,0.0000
556.02,2026-05-25T18:24:13.969845,IDLE,54.8,52.7,0.0,0.0000,0.0000
556.52,2026-05-25T18:24:14.467702,IDLE,55.4,52.7,0.0,0.0000,0.0000
557.02,2026-05-25T18:24:14.970328,IDLE,56.7,52.7,0.0,0.0000,0.0000
557.52,2026-05-25T18:24:15.468170,IDLE,56.2,52.7,0.0,0.0000,0.0000
558.02,2026-05-25T18:24:15.969813,IDLE,54.5,52.7,0.0,0.0000,0.0000
558.52,2026-05-25T18:24:16.467906,IDLE,56.2,52.8,0.0,0.0000,0.0000
559.02,2026-05-25T18:24:16.969589,IDLE,57.9,52.8,0.0,0.0000,0.0000
559.52,2026-05-25T18:24:17.470926,IDLE,57.3,52.7,0.0,0.0000,0.0000
560.02,2026-05-25T18:24:17.970046,IDLE,56.0,52.7,0.0,0.0000,0.0000
560.52,2026-05-25T18:24:18.469277,IDLE,56.5,52.8,0.0,0.0000,0.0000
561.02,2026-05-25T18:24:18.968194,IDLE,59.9,52.8,0.0,0.0000,0.0000
561.52,2026-05-25T18:24:19.468427,IDLE,56.7,52.7,0.0,0.0000,0.0000
562.02,2026-05-25T18:24:19.970089,IDLE,56.7,52.6,0.0,0.0000,0.0000
562.52,2026-05-25T18:24:20.470603,IDLE,55.4,52.7,0.0,0.0000,0.0000
563.02,2026-05-25T18:24:20.969319,IDLE,58.4,52.7,0.0,0.0000,0.0000
563.52,2026-05-25T18:24:21.468675,IDLE,58.0,52.8,0.0,0.0000,0.0000
564.02,2026-05-25T18:24:21.968473,IDLE,53.8,52.8,0.0,0.0000,0.0000
564.52,2026-05-25T18:24:22.468690,IDLE,54.0,52.7,0.0,0.0000,0.0000
565.02,2026-05-25T18:24:22.970399,IDLE,55.4,52.7,0.0,0.0000,0.0000
565.52,2026-05-25T18:24:23.470228,IDLE,54.9,52.7,0.0,0.0000,0.0000
566.02,2026-05-25T18:24:23.970260,IDLE,56.0,52.7,0.0,0.0000,0.0000
566.52,2026-05-25T18:24:24.474349,IDLE,54.0,52.7,0.0,0.0000,0.0000
567.02,2026-05-25T18:24:24.969321,IDLE,54.1,52.7,0.0,0.0000,0.0000
567.52,2026-05-25T18:24:25.470228,IDLE,58.6,52.7,0.0,0.0000,0.0000
568.02,2026-05-25T18:24:25.969252,IDLE,56.1,52.7,0.0,0.0000,0.0000
568.52,2026-05-25T18:24:26.469174,IDLE,57.2,52.8,0.0,0.0000,0.0000
569.02,2026-05-25T18:24:26.969768,IDLE,62.2,52.7,0.0,0.0000,0.0000
569.52,2026-05-25T18:24:27.469455,IDLE,57.5,52.8,0.0,0.0000,0.0000
570.02,2026-05-25T18:24:27.970610,IDLE,57.3,52.8,0.0,0.0000,0.0000
570.52,2026-05-25T18:24:28.472696,IDLE,56.4,52.8,0.0,0.0000,0.0000
571.02,2026-05-25T18:24:28.968919,IDLE,58.4,52.7,0.0,0.0000,0.0000
571.52,2026-05-25T18:24:29.469185,IDLE,59.1,52.7,0.0,0.0000,0.0000
572.02,2026-05-25T18:24:29.968921,IDLE,56.5,52.6,0.0,0.0000,0.0000
572.52,2026-05-25T18:24:30.471999,IDLE,55.4,52.7,0.0,0.0000,0.0000
573.02,2026-05-25T18:24:30.974294,IDLE,57.2,52.7,0.0,0.0000,0.0000
573.52,2026-05-25T18:24:31.471684,IDLE,57.0,52.7,0.0,0.0000,0.0000
574.02,2026-05-25T18:24:31.972093,IDLE,57.7,52.7,0.0,0.0000,0.0000
574.52,2026-05-25T18:24:32.473486,IDLE,54.9,52.7,0.0,0.0000,0.0000
575.02,2026-05-25T18:24:32.970063,IDLE,55.0,52.7,0.0,0.0000,0.0000
575.52,2026-05-25T18:24:33.472795,IDLE,59.7,52.7,0.0,0.0000,0.0000
576.02,2026-05-25T18:24:33.972874,IDLE,56.4,52.8,0.0,0.0000,0.0000
576.52,2026-05-25T18:24:34.470430,IDLE,56.1,52.8,0.0,0.0000,0.0000
577.02,2026-05-25T18:24:34.968762,IDLE,62.0,52.8,0.0,0.0000,0.0000
577.52,2026-05-25T18:24:35.475078,IDLE,56.2,52.7,0.0,0.0000,0.0000
578.02,2026-05-25T18:24:35.969986,IDLE,56.2,52.7,0.0,0.0000,0.0000
578.52,2026-05-25T18:24:36.474126,IDLE,55.2,52.7,0.0,0.0000,0.0000
579.02,2026-05-25T18:24:36.968795,IDLE,59.0,52.7,0.0,0.0000,0.0000
579.52,2026-05-25T18:24:37.468875,IDLE,58.6,52.7,0.0,0.0000,0.0000
580.02,2026-05-25T18:24:37.969460,IDLE,57.5,52.7,0.0,0.0000,0.0000
580.52,2026-05-25T18:24:38.469649,IDLE,57.9,52.7,0.0,0.0000,0.0000
581.02,2026-05-25T18:24:38.968681,IDLE,59.5,52.8,0.0,0.0000,0.0000
581.52,2026-05-25T18:24:39.469946,IDLE,56.9,52.8,0.0,0.0000,0.0000
582.02,2026-05-25T18:24:39.969886,IDLE,58.4,52.8,0.0,0.0000,0.0000
582.52,2026-05-25T18:24:40.471537,IDLE,57.1,52.8,0.0,0.0000,0.0000
583.02,2026-05-25T18:24:40.969885,IDLE,60.2,52.8,0.0,0.0000,0.0000
583.52,2026-05-25T18:24:41.470494,IDLE,58.7,52.8,0.0,0.0000,0.0000
584.02,2026-05-25T18:24:41.969773,IDLE,59.4,52.8,0.0,0.0000,0.0000
584.52,2026-05-25T18:24:42.473794,IDLE,57.7,52.7,0.0,0.0000,0.0000
585.02,2026-05-25T18:24:42.968877,IDLE,61.4,52.7,0.0,0.0000,0.0000
585.52,2026-05-25T18:24:43.469752,IDLE,55.6,52.7,0.0,0.0000,0.0000
586.02,2026-05-25T18:24:43.968360,IDLE,56.3,52.7,0.0,0.0000,0.0000
586.52,2026-05-25T18:24:44.471674,IDLE,55.9,52.7,0.0,0.0000,0.0000
587.02,2026-05-25T18:24:44.969587,IDLE,59.4,52.7,0.0,0.0000,0.0000
587.52,2026-05-25T18:24:45.469230,IDLE,61.6,52.6,0.0,0.0000,0.0000
588.02,2026-05-25T18:24:45.970665,IDLE,55.7,52.7,0.0,0.0000,0.0000
588.52,2026-05-25T18:24:46.469218,IDLE,58.0,52.7,0.0,0.0000,0.0000
589.02,2026-05-25T18:24:46.970312,IDLE,61.8,52.7,0.0,0.0000,0.0000
589.52,2026-05-25T18:24:47.467655,IDLE,55.4,52.7,0.0,0.0000,0.0000
590.02,2026-05-25T18:24:47.974976,IDLE,54.9,52.7,0.0,0.0000,0.0000
590.52,2026-05-25T18:24:48.471555,IDLE,56.7,52.7,0.0,0.0000,0.0000
591.02,2026-05-25T18:24:48.967861,IDLE,59.2,52.7,0.0,0.0000,0.0000
591.52,2026-05-25T18:24:49.468125,IDLE,59.5,52.6,0.0,0.0000,0.0000
592.02,2026-05-25T18:24:49.969511,IDLE,57.5,52.7,0.0,0.0000,0.0000
592.52,2026-05-25T18:24:50.471655,IDLE,57.6,52.7,0.0,0.0000,0.0000
593.02,2026-05-25T18:24:50.973347,IDLE,62.2,52.8,0.0,0.0000,0.0000
593.52,2026-05-25T18:24:51.472579,IDLE,57.9,52.8,0.0,0.0000,0.0000
594.02,2026-05-25T18:24:51.969993,IDLE,58.7,52.8,0.0,0.0000,0.0000
594.52,2026-05-25T18:24:52.473247,IDLE,56.2,52.8,0.0,0.0000,0.0000
595.02,2026-05-25T18:24:52.969248,IDLE,59.6,52.8,0.0,0.0000,0.0000
595.52,2026-05-25T18:24:53.473400,IDLE,60.3,52.8,0.0,0.0000,0.0000
596.02,2026-05-25T18:24:53.973143,IDLE,58.6,52.7,0.0,0.0000,0.0000
596.52,2026-05-25T18:24:54.473413,IDLE,58.6,52.7,0.0,0.0000,0.0000
597.02,2026-05-25T18:24:54.968795,IDLE,59.7,52.8,0.0,0.0000,0.0000
597.52,2026-05-25T18:24:55.469742,IDLE,61.3,53.0,0.0,0.0000,0.0000
598.02,2026-05-25T18:24:55.973029,IDLE,58.6,52.9,0.0,0.0000,0.0000
598.52,2026-05-25T18:24:56.470912,IDLE,57.4,52.8,0.0,0.0000,0.0000
599.02,2026-05-25T18:24:56.972831,IDLE,58.6,52.9,0.0,0.0000,0.0000
599.52,2026-05-25T18:24:57.468794,IDLE,59.4,53.0,0.0,0.0000,0.0000
600.02,2026-05-25T18:24:57.970120,IDLE,60.6,52.8,0.0,0.0000,0.0000
600.52,2026-05-25T18:24:58.467504,IDLE,56.6,52.8,0.0,0.0000,0.0000
601.02,2026-05-25T18:24:58.973898,IDLE,60.6,52.8,0.0,0.0000,0.0000
601.53,2026-05-25T18:24:59.478710,IDLE,57.5,52.8,0.0,0.0000,0.0000
602.02,2026-05-25T18:24:59.968538,IDLE,56.6,52.8,0.0,0.0000,0.0000
602.52,2026-05-25T18:25:00.471379,IDLE,57.1,52.8,0.0,0.0000,0.0000
603.02,2026-05-25T18:25:00.969749,IDLE,57.0,52.8,0.0,0.0000,0.0000
603.52,2026-05-25T18:25:01.469531,IDLE,61.7,52.9,0.0,0.0000,0.0000
604.02,2026-05-25T18:25:01.967919,IDLE,56.9,52.9,0.0,0.0000,0.0000
604.52,2026-05-25T18:25:02.469207,IDLE,57.2,52.9,0.0,0.0000,0.0000
605.02,2026-05-25T18:25:02.969480,IDLE,59.7,52.9,0.0,0.0000,0.0000
605.52,2026-05-25T18:25:03.467762,IDLE,55.8,52.9,0.0,0.0000,0.0000
606.02,2026-05-25T18:25:03.971442,IDLE,58.0,52.9,0.0,0.0000,0.0000
606.52,2026-05-25T18:25:04.468235,IDLE,56.3,52.9,0.0,0.0000,0.0000
607.02,2026-05-25T18:25:04.968787,IDLE,57.7,52.9,0.0,0.0000,0.0000
607.52,2026-05-25T18:25:05.467518,IDLE,60.4,52.8,0.0,0.0000,0.0000
608.02,2026-05-25T18:25:05.971404,IDLE,56.7,52.9,0.0,0.0000,0.0000
608.52,2026-05-25T18:25:06.468842,IDLE,56.4,52.9,0.0,0.0000,0.0000
609.02,2026-05-25T18:25:06.967957,IDLE,60.7,53.0,0.0,0.0000,0.0000
609.52,2026-05-25T18:25:07.471263,IDLE,58.1,52.9,0.0,0.0000,0.0000
610.02,2026-05-25T18:25:07.969295,IDLE,57.0,52.9,0.0,0.0000,0.0000
610.52,2026-05-25T18:25:08.468173,IDLE,58.0,53.0,0.0,0.0000,0.0000
611.02,2026-05-25T18:25:08.969791,IDLE,57.9,52.9,0.0,0.0000,0.0000
611.52,2026-05-25T18:25:09.467877,IDLE,61.5,52.9,0.0,0.0000,0.0000
612.02,2026-05-25T18:25:09.970445,IDLE,56.8,52.9,0.0,0.0000,0.0000
612.52,2026-05-25T18:25:10.467354,IDLE,55.0,52.9,0.0,0.0000,0.0000
613.02,2026-05-25T18:25:10.968311,IDLE,57.2,52.9,0.0,0.0000,0.0000
613.52,2026-05-25T18:25:11.468598,IDLE,56.2,52.9,0.0,0.0000,0.0000
614.02,2026-05-25T18:25:11.969111,IDLE,57.3,52.9,0.0,0.0000,0.0000
614.52,2026-05-25T18:25:12.468460,IDLE,54.3,52.8,0.0,0.0000,0.0000
615.02,2026-05-25T18:25:12.967762,IDLE,57.4,52.9,0.0,0.0000,0.0000
615.52,2026-05-25T18:25:13.468319,IDLE,60.7,52.9,0.0,0.0000,0.0000
616.02,2026-05-25T18:25:13.974497,IDLE,59.3,53.0,0.0,0.0000,0.0000
616.52,2026-05-25T18:25:14.467746,IDLE,55.9,53.0,0.0,0.0000,0.0000
617.02,2026-05-25T18:25:14.968127,IDLE,62.0,52.9,0.0,0.0000,0.0000
617.52,2026-05-25T18:25:15.467729,IDLE,56.6,52.8,0.0,0.0000,0.0000
618.02,2026-05-25T18:25:15.967945,IDLE,57.2,52.9,0.0,0.0000,0.0000
618.52,2026-05-25T18:25:16.467474,IDLE,59.0,52.9,0.0,0.0000,0.0000
619.02,2026-05-25T18:25:16.968119,IDLE,58.8,52.9,0.0,0.0000,0.0000
619.52,2026-05-25T18:25:17.467968,IDLE,60.1,53.0,0.0,0.0000,0.0000
620.02,2026-05-25T18:25:17.970071,IDLE,58.9,52.9,0.0,0.0000,0.0000
620.52,2026-05-25T18:25:18.468141,IDLE,58.1,52.9,0.0,0.0000,0.0000
621.02,2026-05-25T18:25:18.969335,IDLE,59.5,52.9,0.0,0.0000,0.0000
621.52,2026-05-25T18:25:19.472922,IDLE,56.8,52.9,0.0,0.0000,0.0000
622.02,2026-05-25T18:25:19.970848,IDLE,57.1,53.0,0.0,0.0000,0.0000
622.52,2026-05-25T18:25:20.468722,IDLE,58.6,53.0,0.0,0.0000,0.0000
623.02,2026-05-25T18:25:20.969666,IDLE,59.5,52.9,0.0,0.0000,0.0000
623.52,2026-05-25T18:25:21.468128,IDLE,57.1,52.9,0.0,0.0000,0.0000
624.02,2026-05-25T18:25:21.969851,IDLE,60.5,52.9,0.0,0.0000,0.0000
624.52,2026-05-25T18:25:22.469479,IDLE,57.1,52.9,0.0,0.0000,0.0000
625.02,2026-05-25T18:25:22.973170,IDLE,63.9,52.9,0.0,0.0000,0.0000
625.52,2026-05-25T18:25:23.467294,IDLE,58.4,52.9,0.0,0.0000,0.0000
626.02,2026-05-25T18:25:23.968284,IDLE,59.5,52.9,0.0,0.0000,0.0000
626.52,2026-05-25T18:25:24.468116,IDLE,58.0,52.9,0.0,0.0000,0.0000
627.02,2026-05-25T18:25:24.969942,IDLE,61.9,52.9,0.0,0.0000,0.0000
627.52,2026-05-25T18:25:25.467860,IDLE,61.4,52.9,0.0,0.0000,0.0000
628.02,2026-05-25T18:25:25.968206,IDLE,59.2,53.0,0.0,0.0000,0.0000
628.52,2026-05-25T18:25:26.467422,IDLE,58.0,52.9,0.0,0.0000,0.0000
629.02,2026-05-25T18:25:26.969338,IDLE,59.8,53.0,0.0,0.0000,0.0000
629.52,2026-05-25T18:25:27.467665,IDLE,57.6,53.0,0.0,0.0000,0.0000
630.02,2026-05-25T18:25:27.968318,IDLE,58.2,52.9,0.0,0.0000,0.0000
630.52,2026-05-25T18:25:28.468187,IDLE,59.8,52.9,0.0,0.0000,0.0000
631.02,2026-05-25T18:25:28.969983,IDLE,58.7,52.9,0.0,0.0000,0.0000
631.52,2026-05-25T18:25:29.471905,IDLE,60.5,52.9,0.0,0.0000,0.0000
632.02,2026-05-25T18:25:29.967979,IDLE,59.5,52.9,0.0,0.0000,0.0000
632.52,2026-05-25T18:25:30.471742,IDLE,56.7,52.9,0.0,0.0000,0.0000
633.02,2026-05-25T18:25:30.967785,IDLE,61.7,52.8,0.0,0.0000,0.0000
633.52,2026-05-25T18:25:31.468360,IDLE,57.2,52.9,0.0,0.0000,0.0000
634.02,2026-05-25T18:25:31.967958,IDLE,59.0,53.0,0.0,0.0000,0.0000
634.52,2026-05-25T18:25:32.467967,IDLE,57.4,53.0,0.0,0.0000,0.0000
635.03,2026-05-25T18:25:32.981640,IDLE,58.3,53.0,0.0,0.0000,0.0000
635.52,2026-05-25T18:25:33.468090,IDLE,61.6,53.0,0.0,0.0000,0.0000
636.02,2026-05-25T18:25:33.968658,IDLE,58.6,53.0,0.0,0.0000,0.0000
636.52,2026-05-25T18:25:34.468657,IDLE,58.2,52.9,0.0,0.0000,0.0000
637.02,2026-05-25T18:25:34.975168,IDLE,61.4,53.0,0.0,0.0000,0.0000
637.52,2026-05-25T18:25:35.467552,IDLE,57.3,52.9,0.0,0.0000,0.0000
638.02,2026-05-25T18:25:35.969354,IDLE,59.5,53.0,0.0,0.0000,0.0000
638.52,2026-05-25T18:25:36.468860,IDLE,59.1,53.0,0.0,0.0000,0.0000
639.02,2026-05-25T18:25:36.969279,IDLE,61.2,52.9,0.0,0.0000,0.0000
639.52,2026-05-25T18:25:37.468936,IDLE,60.7,52.9,0.0,0.0000,0.0000
640.02,2026-05-25T18:25:37.970368,IDLE,60.5,53.0,0.0,0.0000,0.0000
640.52,2026-05-25T18:25:38.467843,IDLE,57.0,52.9,0.0,0.0000,0.0000
641.02,2026-05-25T18:25:38.968900,IDLE,61.9,52.9,0.0,0.0000,0.0000
641.52,2026-05-25T18:25:39.467788,IDLE,59.2,53.0,0.0,0.0000,0.0000
642.02,2026-05-25T18:25:39.968197,IDLE,61.0,52.9,0.0,0.0000,0.0000
642.52,2026-05-25T18:25:40.468670,IDLE,58.9,53.0,0.0,0.0000,0.0000
643.02,2026-05-25T18:25:40.968523,IDLE,61.0,53.0,0.0,0.0000,0.0000
643.52,2026-05-25T18:25:41.468114,IDLE,61.9,53.0,0.0,0.0000,0.0000
644.02,2026-05-25T18:25:41.967870,IDLE,59.2,52.9,0.0,0.0000,0.0000
644.52,2026-05-25T18:25:42.467893,IDLE,59.7,52.9,0.0,0.0000,0.0000
645.02,2026-05-25T18:25:42.967953,IDLE,60.3,53.0,0.0,0.0000,0.0000
645.52,2026-05-25T18:25:43.467282,IDLE,59.5,53.0,0.0,0.0000,0.0000
646.02,2026-05-25T18:25:43.971912,IDLE,57.6,53.0,0.0,0.0000,0.0000
646.52,2026-05-25T18:25:44.468193,IDLE,60.6,52.9,0.0,0.0000,0.0000
647.02,2026-05-25T18:25:44.967970,IDLE,60.6,52.9,0.0,0.0000,0.0000
647.52,2026-05-25T18:25:45.471093,IDLE,61.0,52.9,0.0,0.0000,0.0000
648.02,2026-05-25T18:25:45.973108,IDLE,58.5,52.9,0.0,0.0000,0.0000
648.52,2026-05-25T18:25:46.468206,IDLE,59.9,53.0,0.0,0.0000,0.0000
649.02,2026-05-25T18:25:46.969487,IDLE,62.8,53.0,0.0,0.0000,0.0000
649.52,2026-05-25T18:25:47.469756,IDLE,59.2,53.1,0.0,0.0000,0.0000
650.02,2026-05-25T18:25:47.969078,IDLE,59.8,53.0,0.0,0.0000,0.0000
650.52,2026-05-25T18:25:48.468442,IDLE,58.0,53.0,0.0,0.0000,0.0000
651.02,2026-05-25T18:25:48.967746,IDLE,61.2,53.1,0.0,0.0000,0.0000
651.52,2026-05-25T18:25:49.473405,IDLE,63.2,53.0,0.0,0.0000,0.0000
652.02,2026-05-25T18:25:49.970348,IDLE,62.5,53.0,0.0,0.0000,0.0000
652.52,2026-05-25T18:25:50.468653,IDLE,61.4,53.0,0.0,0.0000,0.0000
653.02,2026-05-25T18:25:50.968469,IDLE,61.0,53.0,0.0,0.0000,0.0000
653.52,2026-05-25T18:25:51.467623,IDLE,59.5,52.9,0.0,0.0000,0.0000
654.02,2026-05-25T18:25:51.969064,IDLE,59.5,53.0,0.0,0.0000,0.0000
654.52,2026-05-25T18:25:52.470036,IDLE,58.4,52.9,0.0,0.0000,0.0000
655.02,2026-05-25T18:25:52.970452,IDLE,60.1,53.0,0.0,0.0000,0.0000
655.52,2026-05-25T18:25:53.467920,IDLE,58.2,53.0,0.0,0.0000,0.0000
656.02,2026-05-25T18:25:53.969358,IDLE,59.0,53.0,0.0,0.0000,0.0000
656.52,2026-05-25T18:25:54.469033,IDLE,58.0,53.1,0.0,0.0000,0.0000
657.02,2026-05-25T18:25:54.968503,IDLE,64.1,53.0,0.0,0.0000,0.0000
657.52,2026-05-25T18:25:55.468909,IDLE,57.4,53.0,0.0,0.0000,0.0000
658.02,2026-05-25T18:25:55.968487,IDLE,58.8,52.9,0.0,0.0000,0.0000
658.52,2026-05-25T18:25:56.469538,IDLE,57.7,53.0,0.0,0.0000,0.0000
659.02,2026-05-25T18:25:56.968509,IDLE,59.8,53.1,0.0,0.0000,0.0000
659.52,2026-05-25T18:25:57.467918,IDLE,61.7,53.1,0.0,0.0000,0.0000
660.02,2026-05-25T18:25:57.969753,IDLE,57.3,53.1,0.0,0.0000,0.0000
660.52,2026-05-25T18:25:58.468189,IDLE,59.6,53.0,0.0,0.0000,0.0000
661.02,2026-05-25T18:25:58.968874,IDLE,58.4,53.1,0.0,0.0000,0.0000
661.52,2026-05-25T18:25:59.468691,IDLE,58.9,53.1,0.0,0.0000,0.0000
662.02,2026-05-25T18:25:59.969498,IDLE,59.3,53.1,0.0,0.0000,0.0000
662.52,2026-05-25T18:26:00.468260,IDLE,57.7,53.1,0.0,0.0000,0.0000
663.02,2026-05-25T18:26:00.968542,IDLE,59.2,53.1,0.0,0.0000,0.0000
663.52,2026-05-25T18:26:01.468699,IDLE,59.2,53.0,0.0,0.0000,0.0000
664.02,2026-05-25T18:26:01.970487,IDLE,60.3,53.0,0.0,0.0000,0.0000
664.52,2026-05-25T18:26:02.468779,IDLE,58.4,53.0,0.0,0.0000,0.0000
665.02,2026-05-25T18:26:02.972886,IDLE,61.5,53.0,0.0,0.0000,0.0000
665.52,2026-05-25T18:26:03.469284,IDLE,57.5,53.0,0.0,0.0000,0.0000
666.02,2026-05-25T18:26:03.976108,IDLE,58.6,53.0,0.0,0.0000,0.0000
666.52,2026-05-25T18:26:04.467819,IDLE,58.1,53.0,0.0,0.0000,0.0000
667.02,2026-05-25T18:26:04.975341,IDLE,59.4,53.0,0.0,0.0000,0.0000
667.52,2026-05-25T18:26:05.469295,IDLE,61.1,53.1,0.0,0.0000,0.0000
668.02,2026-05-25T18:26:05.975619,IDLE,57.3,53.0,0.0,0.0000,0.0000
668.52,2026-05-25T18:26:06.470750,IDLE,56.6,53.0,0.0,0.0000,0.0000
669.02,2026-05-25T18:26:06.972343,IDLE,57.7,52.9,0.0,0.0000,0.0000
669.52,2026-05-25T18:26:07.472400,IDLE,56.9,53.0,0.0,0.0000,0.0000
670.02,2026-05-25T18:26:07.969627,IDLE,58.9,53.1,0.0,0.0000,0.0000
670.52,2026-05-25T18:26:08.470528,IDLE,56.6,53.1,0.0,0.0000,0.0000
671.02,2026-05-25T18:26:08.969309,IDLE,58.0,53.0,0.0,0.0000,0.0000
671.52,2026-05-25T18:26:09.468837,IDLE,58.1,53.0,0.0,0.0000,0.0000
672.02,2026-05-25T18:26:09.972652,IDLE,58.6,53.1,0.0,0.0000,0.0000
672.52,2026-05-25T18:26:10.469188,IDLE,56.0,53.0,0.0,0.0000,0.0000
673.02,2026-05-25T18:26:10.969243,IDLE,60.1,53.0,0.0,0.0000,0.0000
673.52,2026-05-25T18:26:11.474391,IDLE,56.4,53.0,0.0,0.0000,0.0000
674.02,2026-05-25T18:26:11.968934,IDLE,58.0,53.0,0.0,0.0000,0.0000
674.52,2026-05-25T18:26:12.470145,IDLE,57.0,53.1,0.0,0.0000,0.0000
675.02,2026-05-25T18:26:12.969882,IDLE,58.9,53.0,0.0,0.0000,0.0000
675.52,2026-05-25T18:26:13.468600,IDLE,58.8,53.1,0.0,0.0000,0.0000
676.02,2026-05-25T18:26:13.969988,IDLE,56.9,53.1,0.0,0.0000,0.0000
676.52,2026-05-25T18:26:14.468950,IDLE,58.4,53.0,0.0,0.0000,0.0000
677.02,2026-05-25T18:26:14.969360,IDLE,57.5,53.1,0.0,0.0000,0.0000
677.52,2026-05-25T18:26:15.468282,IDLE,55.7,53.0,0.0,0.0000,0.0000
678.02,2026-05-25T18:26:15.972078,IDLE,55.7,53.0,0.0,0.0000,0.0000
678.52,2026-05-25T18:26:16.468578,IDLE,58.6,53.0,0.0,0.0000,0.0000
679.02,2026-05-25T18:26:16.970621,IDLE,58.8,52.9,0.0,0.0000,0.0000
679.52,2026-05-25T18:26:17.467762,IDLE,57.1,52.9,0.0,0.0000,0.0000
680.03,2026-05-25T18:26:17.978610,IDLE,57.1,52.9,0.0,0.0000,0.0000
680.52,2026-05-25T18:26:18.469177,IDLE,56.1,53.0,0.0,0.0000,0.0000
681.02,2026-05-25T18:26:18.969485,IDLE,59.8,52.9,0.0,0.0000,0.0000
681.52,2026-05-25T18:26:19.468996,IDLE,53.7,53.0,0.0,0.0000,0.0000
682.02,2026-05-25T18:26:19.967586,IDLE,56.1,53.0,0.0,0.0000,0.0000
682.53,2026-05-25T18:26:20.481359,IDLE,54.4,52.9,0.0,0.0000,0.0000
683.02,2026-05-25T18:26:20.969538,IDLE,56.4,53.0,0.0,0.0000,0.0000
683.52,2026-05-25T18:26:21.471489,IDLE,59.4,53.0,0.0,0.0000,0.0000
684.02,2026-05-25T18:26:21.969133,IDLE,55.6,53.0,0.0,0.0000,0.0000
684.52,2026-05-25T18:26:22.469582,IDLE,55.8,53.0,0.0,0.0000,0.0000
685.02,2026-05-25T18:26:22.969130,IDLE,55.6,53.0,0.0,0.0000,0.0000
685.52,2026-05-25T18:26:23.468674,IDLE,54.7,53.0,0.0,0.0000,0.0000
686.02,2026-05-25T18:26:23.969394,IDLE,55.8,53.0,0.0,0.0000,0.0000
686.52,2026-05-25T18:26:24.469622,IDLE,54.8,53.0,0.0,0.0000,0.0000
687.02,2026-05-25T18:26:24.969822,IDLE,58.9,53.0,0.0,0.0000,0.0000
687.52,2026-05-25T18:26:25.468762,IDLE,57.0,53.0,0.0,0.0000,0.0000
688.02,2026-05-25T18:26:25.972773,IDLE,57.7,53.1,0.0,0.0000,0.0000
688.52,2026-05-25T18:26:26.469017,IDLE,58.0,53.0,0.0,0.0000,0.0000
689.02,2026-05-25T18:26:26.969991,IDLE,58.5,53.0,0.0,0.0000,0.0000
689.52,2026-05-25T18:26:27.468561,IDLE,55.3,53.0,0.0,0.0000,0.0000
690.02,2026-05-25T18:26:27.972827,IDLE,56.7,53.0,0.0,0.0000,0.0000
690.52,2026-05-25T18:26:28.472422,IDLE,55.5,53.0,0.0,0.0000,0.0000
691.02,2026-05-25T18:26:28.970673,IDLE,56.4,53.0,0.0,0.0000,0.0000
691.52,2026-05-25T18:26:29.469542,IDLE,58.5,53.0,0.0,0.0000,0.0000
692.02,2026-05-25T18:26:29.973865,IDLE,55.7,53.1,0.0,0.0000,0.0000
692.52,2026-05-25T18:26:30.469933,IDLE,53.1,53.1,0.0,0.0000,0.0000
693.02,2026-05-25T18:26:30.973254,IDLE,57.8,53.0,0.0,0.0000,0.0000
693.52,2026-05-25T18:26:31.470561,IDLE,54.6,52.9,0.0,0.0000,0.0000
694.02,2026-05-25T18:26:31.970475,IDLE,55.0,53.0,0.0,0.0000,0.0000
694.52,2026-05-25T18:26:32.469867,IDLE,52.9,53.0,0.0,0.0000,0.0000
695.02,2026-05-25T18:26:32.975084,IDLE,55.8,52.9,0.0,0.0000,0.0000
695.52,2026-05-25T18:26:33.467777,IDLE,58.5,52.9,0.0,0.0000,0.0000
696.02,2026-05-25T18:26:33.969925,IDLE,53.9,52.9,0.0,0.0000,0.0000
696.52,2026-05-25T18:26:34.470504,IDLE,54.7,52.9,0.0,0.0000,0.0000
697.02,2026-05-25T18:26:34.968437,IDLE,61.1,53.0,0.0,0.0000,0.0000
697.52,2026-05-25T18:26:35.468848,IDLE,55.6,53.0,0.0,0.0000,0.0000
698.02,2026-05-25T18:26:35.972123,IDLE,57.3,53.0,0.0,0.0000,0.0000
698.52,2026-05-25T18:26:36.469517,IDLE,53.3,53.0,0.0,0.0000,0.0000
699.02,2026-05-25T18:26:36.971874,IDLE,57.6,53.0,0.0,0.0000,0.0000
699.52,2026-05-25T18:26:37.471019,IDLE,59.2,53.0,0.0,0.0000,0.0000
700.02,2026-05-25T18:26:37.971513,IDLE,55.9,53.0,0.0,0.0000,0.0000
700.52,2026-05-25T18:26:38.468893,IDLE,57.0,53.0,0.0,0.0000,0.0000
701.02,2026-05-25T18:26:38.969763,IDLE,57.7,53.1,0.0,0.0000,0.0000
701.52,2026-05-25T18:26:39.473369,IDLE,57.9,53.0,0.0,0.0000,0.0000
702.02,2026-05-25T18:26:39.972144,IDLE,54.9,53.1,0.0,0.0000,0.0000
702.52,2026-05-25T18:26:40.468197,IDLE,56.2,53.1,0.0,0.0000,0.0000
703.02,2026-05-25T18:26:40.968932,IDLE,56.5,53.0,0.0,0.0000,0.0000
703.52,2026-05-25T18:26:41.468429,IDLE,58.5,53.0,0.0,0.0000,0.0000
704.02,2026-05-25T18:26:41.970073,IDLE,55.7,53.0,0.0,0.0000,0.0000
704.52,2026-05-25T18:26:42.469647,IDLE,58.4,53.0,0.0,0.0000,0.0000
705.02,2026-05-25T18:26:42.968530,IDLE,59.9,53.0,0.0,0.0000,0.0000
705.52,2026-05-25T18:26:43.471238,IDLE,58.6,53.0,0.0,0.0000,0.0000
706.02,2026-05-25T18:26:43.969466,IDLE,54.9,53.1,0.0,0.0000,0.0000
706.52,2026-05-25T18:26:44.470716,IDLE,52.6,53.1,0.0,0.0000,0.0000
707.02,2026-05-25T18:26:44.968360,IDLE,59.6,53.0,0.0,0.0000,0.0000
707.52,2026-05-25T18:26:45.469188,IDLE,59.9,52.9,0.0,0.0000,0.0000
708.02,2026-05-25T18:26:45.968616,IDLE,56.2,53.0,0.0,0.0000,0.0000
708.52,2026-05-25T18:26:46.468274,IDLE,57.3,52.9,0.0,0.0000,0.0000
709.02,2026-05-25T18:26:46.968345,IDLE,59.9,53.0,0.0,0.0000,0.0000
709.52,2026-05-25T18:26:47.471172,IDLE,57.3,53.0,0.0,0.0000,0.0000
710.02,2026-05-25T18:26:47.973753,IDLE,57.9,53.0,0.0,0.0000,0.0000
710.52,2026-05-25T18:26:48.468368,IDLE,56.6,53.0,0.0,0.0000,0.0000
711.02,2026-05-25T18:26:48.968848,IDLE,57.3,53.0,0.0,0.0000,0.0000
711.52,2026-05-25T18:26:49.471059,IDLE,58.7,53.1,0.0,0.0000,0.0000
712.02,2026-05-25T18:26:49.974659,IDLE,58.9,53.0,0.0,0.0000,0.0000
712.52,2026-05-25T18:26:50.468913,IDLE,57.5,53.0,0.0,0.0000,0.0000
713.02,2026-05-25T18:26:50.970637,IDLE,61.0,53.0,0.0,0.0000,0.0000
713.52,2026-05-25T18:26:51.468728,IDLE,59.0,53.0,0.0,0.0000,0.0000
714.02,2026-05-25T18:26:51.969342,IDLE,56.0,53.0,0.0,0.0000,0.0000
714.52,2026-05-25T18:26:52.467759,IDLE,59.0,53.1,0.0,0.0000,0.0000
715.02,2026-05-25T18:26:52.973572,IDLE,58.1,53.0,0.0,0.0000,0.0000
715.52,2026-05-25T18:26:53.468327,IDLE,59.9,53.0,0.0,0.0000,0.0000
716.02,2026-05-25T18:26:53.971476,IDLE,57.8,53.0,0.0,0.0000,0.0000
716.52,2026-05-25T18:26:54.475865,IDLE,58.8,53.0,0.0,0.0000,0.0000
717.02,2026-05-25T18:26:54.970259,IDLE,57.9,52.9,0.0,0.0000,0.0000
717.52,2026-05-25T18:26:55.468563,IDLE,58.9,53.0,0.0,0.0000,0.0000
718.02,2026-05-25T18:26:55.968449,IDLE,58.8,52.9,0.0,0.0000,0.0000
718.52,2026-05-25T18:26:56.470533,IDLE,56.9,53.0,0.0,0.0000,0.0000
719.02,2026-05-25T18:26:56.968179,IDLE,58.8,53.0,0.0,0.0000,0.0000
719.52,2026-05-25T18:26:57.468830,IDLE,61.1,53.0,0.0,0.0000,0.0000
720.02,2026-05-25T18:26:57.969937,IDLE,59.8,53.0,0.0,0.0000,0.0000
720.52,2026-05-25T18:26:58.469565,IDLE,56.9,53.0,0.0,0.0000,0.0000
721.02,2026-05-25T18:26:58.969073,IDLE,61.4,53.0,0.0,0.0000,0.0000
721.52,2026-05-25T18:26:59.471248,IDLE,58.0,53.0,0.0,0.0000,0.0000
722.02,2026-05-25T18:26:59.971042,IDLE,57.6,52.9,0.0,0.0000,0.0000
722.52,2026-05-25T18:27:00.470203,IDLE,59.1,53.0,0.0,0.0000,0.0000
723.02,2026-05-25T18:27:00.970709,IDLE,60.9,53.0,0.0,0.0000,0.0000
723.52,2026-05-25T18:27:01.470427,IDLE,62.7,53.0,0.0,0.0000,0.0000
724.02,2026-05-25T18:27:01.968154,IDLE,57.1,53.0,0.0,0.0000,0.0000
724.52,2026-05-25T18:27:02.469488,IDLE,57.8,53.0,0.0,0.0000,0.0000
725.02,2026-05-25T18:27:02.968342,IDLE,58.7,53.0,0.0,0.0000,0.0000
725.52,2026-05-25T18:27:03.468207,IDLE,56.6,53.0,0.0,0.0000,0.0000
726.02,2026-05-25T18:27:03.968512,IDLE,58.7,53.0,0.0,0.0000,0.0000
726.52,2026-05-25T18:27:04.468608,IDLE,57.0,52.9,0.0,0.0000,0.0000
727.02,2026-05-25T18:27:04.967744,IDLE,58.5,53.0,0.0,0.0000,0.0000
727.52,2026-05-25T18:27:05.470208,IDLE,59.2,53.0,0.0,0.0000,0.0000
728.02,2026-05-25T18:27:05.967816,IDLE,56.8,52.9,0.0,0.0000,0.0000
728.52,2026-05-25T18:27:06.468133,IDLE,56.4,52.9,0.0,0.0000,0.0000
729.02,2026-05-25T18:27:06.969794,IDLE,60.6,53.0,0.0,0.0000,0.0000
729.52,2026-05-25T18:27:07.475354,IDLE,56.7,53.0,0.0,0.0000,0.0000
730.02,2026-05-25T18:27:07.973292,IDLE,57.0,53.0,0.0,0.0000,0.0000
730.52,2026-05-25T18:27:08.470066,IDLE,57.9,53.0,0.0,0.0000,0.0000
731.02,2026-05-25T18:27:08.969748,IDLE,57.4,53.1,0.0,0.0000,0.0000
731.52,2026-05-25T18:27:09.467245,IDLE,60.9,53.2,0.0,0.0000,0.0000
732.02,2026-05-25T18:27:09.967743,IDLE,55.1,53.1,0.0,0.0000,0.0000
732.52,2026-05-25T18:27:10.470811,IDLE,57.6,53.1,0.0,0.0000,0.0000
733.02,2026-05-25T18:27:10.968735,IDLE,58.3,53.0,0.0,0.0000,0.0000
733.52,2026-05-25T18:27:11.470039,IDLE,54.0,53.1,0.0,0.0000,0.0000
734.02,2026-05-25T18:27:11.968802,IDLE,54.9,53.2,0.0,0.0000,0.0000
734.52,2026-05-25T18:27:12.467373,IDLE,57.1,53.1,0.0,0.0000,0.0000
735.02,2026-05-25T18:27:12.968134,IDLE,58.1,53.0,0.0,0.0000,0.0000
735.52,2026-05-25T18:27:13.470571,IDLE,59.1,53.0,0.0,0.0000,0.0000
736.02,2026-05-25T18:27:13.967770,IDLE,57.9,53.0,0.0,0.0000,0.0000
736.52,2026-05-25T18:27:14.469348,IDLE,59.1,53.0,0.0,0.0000,0.0000
737.02,2026-05-25T18:27:14.968206,IDLE,62.2,53.1,0.0,0.0000,0.0000
737.52,2026-05-25T18:27:15.467565,IDLE,57.6,53.0,0.0,0.0000,0.0000
738.03,2026-05-25T18:27:15.978501,IDLE,56.4,53.0,0.0,0.0000,0.0000
738.52,2026-05-25T18:27:16.468163,IDLE,55.8,53.0,0.0,0.0000,0.0000
739.02,2026-05-25T18:27:16.975183,IDLE,59.9,53.0,0.0,0.0000,0.0000
739.52,2026-05-25T18:27:17.468009,IDLE,58.7,53.0,0.0,0.0000,0.0000
740.02,2026-05-25T18:27:17.972402,IDLE,56.6,53.0,0.0,0.0000,0.0000
740.52,2026-05-25T18:27:18.468082,IDLE,58.1,53.0,0.0,0.0000,0.0000
741.02,2026-05-25T18:27:18.968290,IDLE,59.7,53.1,0.0,0.0000,0.0000
741.52,2026-05-25T18:27:19.468082,IDLE,59.3,53.1,0.0,0.0000,0.0000
742.02,2026-05-25T18:27:19.968538,IDLE,56.7,53.0,0.0,0.0000,0.0000
742.52,2026-05-25T18:27:20.470684,IDLE,59.0,53.0,0.0,0.0000,0.0000
743.02,2026-05-25T18:27:20.968944,IDLE,57.6,53.1,0.0,0.0000,0.0000
743.52,2026-05-25T18:27:21.468330,IDLE,59.0,53.0,0.0,0.0000,0.0000
744.02,2026-05-25T18:27:21.967594,IDLE,56.7,53.0,0.0,0.0000,0.0000
744.52,2026-05-25T18:27:22.467566,IDLE,56.3,53.0,0.0,0.0000,0.0000
745.02,2026-05-25T18:27:22.974710,IDLE,62.3,53.0,0.0,0.0000,0.0000
745.52,2026-05-25T18:27:23.473705,IDLE,56.5,53.0,0.0,0.0000,0.0000
746.02,2026-05-25T18:27:23.975850,IDLE,60.1,53.0,0.0,0.0000,0.0000
746.52,2026-05-25T18:27:24.467158,IDLE,55.6,53.0,0.0,0.0000,0.0000
747.02,2026-05-25T18:27:24.968052,IDLE,58.4,53.0,0.0,0.0000,0.0000
747.52,2026-05-25T18:27:25.469742,IDLE,62.6,53.0,0.0,0.0000,0.0000
748.02,2026-05-25T18:27:25.970400,IDLE,58.2,53.1,0.0,0.0000,0.0000
748.52,2026-05-25T18:27:26.469722,IDLE,59.0,53.0,0.0,0.0000,0.0000
749.02,2026-05-25T18:27:26.967642,IDLE,63.1,53.3,0.0,0.0000,0.0000
749.52,2026-05-25T18:27:27.467119,IDLE,59.6,53.5,0.0,0.0000,0.0000
750.02,2026-05-25T18:27:27.967715,IDLE,57.5,53.6,0.0,0.0000,0.0000
750.52,2026-05-25T18:27:28.467348,IDLE,60.8,53.5,0.0,0.0000,0.0000
751.02,2026-05-25T18:27:28.967326,IDLE,64.3,53.6,0.0,0.0000,0.0000
751.52,2026-05-25T18:27:29.468932,IDLE,61.6,53.3,0.0,0.0000,0.0000
752.02,2026-05-25T18:27:29.967679,IDLE,57.8,53.3,0.0,0.0000,0.0000
752.52,2026-05-25T18:27:30.467855,IDLE,58.1,53.3,0.0,0.0000,0.0000
753.02,2026-05-25T18:27:30.967977,IDLE,62.5,53.2,0.0,0.0000,0.0000
753.52,2026-05-25T18:27:31.471507,IDLE,58.3,53.2,0.0,0.0000,0.0000
754.02,2026-05-25T18:27:31.967520,IDLE,57.6,53.2,0.0,0.0000,0.0000
754.52,2026-05-25T18:27:32.468198,IDLE,59.3,53.1,0.0,0.0000,0.0000
755.02,2026-05-25T18:27:32.968557,IDLE,62.1,53.2,0.0,0.0000,0.0000
755.52,2026-05-25T18:27:33.468064,IDLE,62.1,53.2,0.0,0.0000,0.0000
756.02,2026-05-25T18:27:33.968009,IDLE,60.4,53.1,0.0,0.0000,0.0000
756.52,2026-05-25T18:27:34.467903,IDLE,58.4,53.1,0.0,0.0000,0.0000
757.02,2026-05-25T18:27:34.967260,IDLE,59.9,53.1,0.0,0.0000,0.0000
757.52,2026-05-25T18:27:35.467855,IDLE,59.9,53.0,0.0,0.0000,0.0000
758.02,2026-05-25T18:27:35.969747,IDLE,60.1,53.1,0.0,0.0000,0.0000
758.52,2026-05-25T18:27:36.470821,IDLE,59.3,53.1,0.0,0.0000,0.0000
759.02,2026-05-25T18:27:36.971514,IDLE,57.9,53.2,0.0,0.0000,0.0000
759.52,2026-05-25T18:27:37.468797,IDLE,62.6,53.2,0.0,0.0000,0.0000
760.03,2026-05-25T18:27:37.979257,IDLE,60.6,53.2,0.0,0.0000,0.0000
760.52,2026-05-25T18:27:38.472050,IDLE,59.4,53.2,0.0,0.0000,0.0000
761.02,2026-05-25T18:27:38.967521,IDLE,62.0,53.1,0.0,0.0000,0.0000
761.52,2026-05-25T18:27:39.470511,IDLE,57.1,53.2,0.0,0.0000,0.0000
762.02,2026-05-25T18:27:39.970862,IDLE,58.7,53.2,0.0,0.0000,0.0000
762.52,2026-05-25T18:27:40.467471,IDLE,60.3,53.2,0.0,0.0000,0.0000
763.02,2026-05-25T18:27:40.969144,IDLE,60.9,53.2,0.0,0.0000,0.0000
763.52,2026-05-25T18:27:41.469295,IDLE,62.3,53.2,0.0,0.0000,0.0000
764.02,2026-05-25T18:27:41.968426,IDLE,58.6,53.2,0.0,0.0000,0.0000
764.52,2026-05-25T18:27:42.467571,IDLE,60.2,53.2,0.0,0.0000,0.0000
765.02,2026-05-25T18:27:42.969574,IDLE,61.1,53.2,0.0,0.0000,0.0000
765.52,2026-05-25T18:27:43.468419,IDLE,59.5,53.2,0.0,0.0000,0.0000
766.02,2026-05-25T18:27:43.969475,IDLE,58.2,53.1,0.0,0.0000,0.0000
766.52,2026-05-25T18:27:44.467808,IDLE,62.3,53.2,0.0,0.0000,0.0000
767.02,2026-05-25T18:27:44.967719,IDLE,61.2,53.2,0.0,0.0000,0.0000
767.52,2026-05-25T18:27:45.468463,IDLE,61.2,53.2,0.0,0.0000,0.0000
768.02,2026-05-25T18:27:45.967641,IDLE,62.3,53.3,0.0,0.0000,0.0000
768.52,2026-05-25T18:27:46.467790,IDLE,59.0,53.2,0.0,0.0000,0.0000
769.02,2026-05-25T18:27:46.968101,IDLE,62.6,53.2,0.0,0.0000,0.0000
769.52,2026-05-25T18:27:47.473123,IDLE,60.4,53.1,0.0,0.0000,0.0000
770.02,2026-05-25T18:27:47.967371,IDLE,60.6,53.1,0.0,0.0000,0.0000
770.52,2026-05-25T18:27:48.468250,IDLE,58.7,53.2,0.0,0.0000,0.0000
771.02,2026-05-25T18:27:48.971374,IDLE,60.1,53.1,0.0,0.0000,0.0000
771.52,2026-05-25T18:27:49.468313,IDLE,63.5,53.1,0.0,0.0000,0.0000
772.02,2026-05-25T18:27:49.968955,IDLE,60.0,53.1,0.0,0.0000,0.0000
772.52,2026-05-25T18:27:50.472745,IDLE,59.7,53.2,0.0,0.0000,0.0000
773.02,2026-05-25T18:27:50.967551,IDLE,60.6,53.1,0.0,0.0000,0.0000
773.52,2026-05-25T18:27:51.471194,IDLE,58.5,53.1,0.0,0.0000,0.0000
774.02,2026-05-25T18:27:51.967434,IDLE,58.9,53.1,0.0,0.0000,0.0000
774.52,2026-05-25T18:27:52.467869,IDLE,57.1,53.0,0.0,0.0000,0.0000
775.02,2026-05-25T18:27:52.968306,IDLE,60.3,53.2,0.0,0.0000,0.0000
775.52,2026-05-25T18:27:53.467886,IDLE,59.3,53.2,0.0,0.0000,0.0000
776.02,2026-05-25T18:27:53.967604,IDLE,59.9,53.2,0.0,0.0000,0.0000
776.52,2026-05-25T18:27:54.471570,IDLE,60.9,53.1,0.0,0.0000,0.0000
777.02,2026-05-25T18:27:54.967682,IDLE,63.3,53.2,0.0,0.0000,0.0000
777.52,2026-05-25T18:27:55.467934,IDLE,58.3,53.1,0.0,0.0000,0.0000
778.02,2026-05-25T18:27:55.967545,IDLE,59.0,53.2,0.0,0.0000,0.0000
778.52,2026-05-25T18:27:56.467607,IDLE,59.0,53.2,0.0,0.0000,0.0000
779.02,2026-05-25T18:27:56.968653,IDLE,60.3,53.1,0.0,0.0000,0.0000
779.52,2026-05-25T18:27:57.468557,IDLE,63.1,53.2,0.0,0.0000,0.0000
780.02,2026-05-25T18:27:57.967391,IDLE,59.5,53.2,0.0,0.0000,0.0000
780.52,2026-05-25T18:27:58.467903,IDLE,61.4,53.1,0.0,0.0000,0.0000
781.02,2026-05-25T18:27:58.968344,IDLE,59.9,53.2,0.0,0.0000,0.0000
781.52,2026-05-25T18:27:59.468104,IDLE,60.1,53.1,0.0,0.0000,0.0000
782.02,2026-05-25T18:27:59.971299,IDLE,59.3,53.2,0.0,0.0000,0.0000
782.52,2026-05-25T18:28:00.471451,IDLE,59.3,53.1,0.0,0.0000,0.0000
783.02,2026-05-25T18:28:00.967989,IDLE,59.5,53.2,0.0,0.0000,0.0000
783.52,2026-05-25T18:28:01.467880,IDLE,60.1,53.1,0.0,0.0000,0.0000
784.02,2026-05-25T18:28:01.968922,IDLE,58.2,53.2,0.0,0.0000,0.0000
784.52,2026-05-25T18:28:02.467970,IDLE,58.6,53.2,0.0,0.0000,0.0000
785.02,2026-05-25T18:28:02.972266,IDLE,62.8,53.1,0.0,0.0000,0.0000
785.52,2026-05-25T18:28:03.468567,IDLE,56.2,53.1,0.0,0.0000,0.0000
786.02,2026-05-25T18:28:03.967634,IDLE,57.6,53.1,0.0,0.0000,0.0000
786.52,2026-05-25T18:28:04.468081,IDLE,57.6,53.1,0.0,0.0000,0.0000
787.02,2026-05-25T18:28:04.968320,IDLE,61.1,53.2,0.0,0.0000,0.0000
787.52,2026-05-25T18:28:05.467898,IDLE,60.2,53.1,0.0,0.0000,0.0000
788.02,2026-05-25T18:28:05.967958,IDLE,56.4,53.2,0.0,0.0000,0.0000
788.52,2026-05-25T18:28:06.472259,IDLE,56.9,53.2,0.0,0.0000,0.0000
789.02,2026-05-25T18:28:06.975001,IDLE,60.5,53.2,0.0,0.0000,0.0000
789.52,2026-05-25T18:28:07.468620,IDLE,57.4,53.1,0.0,0.0000,0.0000
790.02,2026-05-25T18:28:07.969199,IDLE,57.9,53.2,0.0,0.0000,0.0000
790.52,2026-05-25T18:28:08.468010,IDLE,56.8,53.2,0.0,0.0000,0.0000
791.02,2026-05-25T18:28:08.970998,IDLE,60.3,53.1,0.0,0.0000,0.0000
791.52,2026-05-25T18:28:09.467910,IDLE,60.8,53.2,0.0,0.0000,0.0000
792.02,2026-05-25T18:28:09.969812,IDLE,60.5,53.2,0.0,0.0000,0.0000
792.52,2026-05-25T18:28:10.469733,IDLE,57.3,53.3,0.0,0.0000,0.0000
793.02,2026-05-25T18:28:10.968965,IDLE,62.5,53.2,0.0,0.0000,0.0000
793.52,2026-05-25T18:28:11.468668,IDLE,58.4,53.2,0.0,0.0000,0.0000
794.02,2026-05-25T18:28:11.968381,IDLE,58.0,53.2,0.0,0.0000,0.0000
794.52,2026-05-25T18:28:12.471648,IDLE,56.2,53.2,0.0,0.0000,0.0000
795.02,2026-05-25T18:28:12.969093,IDLE,60.9,53.2,0.0,0.0000,0.0000
795.52,2026-05-25T18:28:13.467354,IDLE,59.8,53.2,0.0,0.0000,0.0000
796.02,2026-05-25T18:28:13.972877,IDLE,58.3,53.2,0.0,0.0000,0.0000
796.52,2026-05-25T18:28:14.467519,IDLE,57.8,53.2,0.0,0.0000,0.0000
797.02,2026-05-25T18:28:14.967620,IDLE,59.9,53.2,0.0,0.0000,0.0000
797.52,2026-05-25T18:28:15.467407,IDLE,55.8,53.2,0.0,0.0000,0.0000
798.02,2026-05-25T18:28:15.968721,IDLE,56.8,53.2,0.0,0.0000,0.0000
798.52,2026-05-25T18:28:16.467514,IDLE,59.5,53.2,0.0,0.0000,0.0000
799.02,2026-05-25T18:28:16.968593,IDLE,58.3,53.1,0.0,0.0000,0.0000
799.52,2026-05-25T18:28:17.469735,IDLE,61.3,53.2,0.0,0.0000,0.0000
800.02,2026-05-25T18:28:17.971531,IDLE,59.5,53.2,0.0,0.0000,0.0000
800.52,2026-05-25T18:28:18.471561,IDLE,56.8,53.2,0.0,0.0000,0.0000
801.02,2026-05-25T18:28:18.969773,IDLE,62.5,53.1,0.0,0.0000,0.0000
801.52,2026-05-25T18:28:19.468641,IDLE,55.9,53.2,0.0,0.0000,0.0000
802.02,2026-05-25T18:28:19.969303,IDLE,57.1,53.2,0.0,0.0000,0.0000
802.52,2026-05-25T18:28:20.469086,IDLE,58.9,53.1,0.0,0.0000,0.0000
803.02,2026-05-25T18:28:20.968727,IDLE,56.4,53.2,0.0,0.0000,0.0000
803.52,2026-05-25T18:28:21.467613,IDLE,62.8,53.2,0.0,0.0000,0.0000
804.02,2026-05-25T18:28:21.968706,IDLE,54.7,53.2,0.0,0.0000,0.0000
804.52,2026-05-25T18:28:22.467650,IDLE,56.2,53.2,0.0,0.0000,0.0000
805.02,2026-05-25T18:28:22.970000,IDLE,56.3,53.2,0.0,0.0000,0.0000
805.52,2026-05-25T18:28:23.470228,IDLE,55.7,53.2,0.0,0.0000,0.0000
806.02,2026-05-25T18:28:23.967507,IDLE,56.9,53.2,0.0,0.0000,0.0000
806.52,2026-05-25T18:28:24.469156,IDLE,60.0,53.2,0.0,0.0000,0.0000
807.02,2026-05-25T18:28:24.967232,IDLE,57.4,53.2,0.0,0.0000,0.0000
807.52,2026-05-25T18:28:25.469342,IDLE,58.7,53.1,0.0,0.0000,0.0000
808.02,2026-05-25T18:28:25.969361,IDLE,59.2,53.2,0.0,0.0000,0.0000
808.52,2026-05-25T18:28:26.467421,IDLE,54.9,53.2,0.0,0.0000,0.0000
809.02,2026-05-25T18:28:26.970409,IDLE,60.9,53.2,0.0,0.0000,0.0000
809.52,2026-05-25T18:28:27.469837,IDLE,59.5,53.2,0.0,0.0000,0.0000
810.02,2026-05-25T18:28:27.968259,IDLE,53.6,53.1,0.0,0.0000,0.0000
810.52,2026-05-25T18:28:28.473279,IDLE,56.4,53.1,0.0,0.0000,0.0000
811.02,2026-05-25T18:28:28.967552,IDLE,55.2,53.2,0.0,0.0000,0.0000
811.52,2026-05-25T18:28:29.467457,IDLE,59.5,53.2,0.0,0.0000,0.0000
812.02,2026-05-25T18:28:29.971735,IDLE,51.1,53.2,0.0,0.0000,0.0000
812.52,2026-05-25T18:28:30.468491,IDLE,56.5,53.2,0.0,0.0000,0.0000
813.02,2026-05-25T18:28:30.970113,IDLE,54.7,53.2,0.0,0.0000,0.0000
813.52,2026-05-25T18:28:31.469774,IDLE,56.8,53.2,0.0,0.0000,0.0000
814.02,2026-05-25T18:28:31.967151,IDLE,52.3,53.2,0.0,0.0000,0.0000
814.52,2026-05-25T18:28:32.467953,IDLE,55.9,53.2,0.0,0.0000,0.0000
815.02,2026-05-25T18:28:32.967519,IDLE,56.2,53.2,0.0,0.0000,0.0000
815.52,2026-05-25T18:28:33.468113,IDLE,59.6,53.3,0.0,0.0000,0.0000
816.02,2026-05-25T18:28:33.968785,IDLE,54.4,53.3,0.0,0.0000,0.0000
816.52,2026-05-25T18:28:34.469021,IDLE,54.2,53.2,0.0,0.0000,0.0000
817.02,2026-05-25T18:28:34.975645,IDLE,62.4,53.2,0.0,0.0000,0.0000
817.52,2026-05-25T18:28:35.469846,IDLE,54.1,53.1,0.0,0.0000,0.0000
818.02,2026-05-25T18:28:35.967377,IDLE,57.6,53.2,0.0,0.0000,0.0000
818.52,2026-05-25T18:28:36.468613,IDLE,53.7,53.1,0.0,0.0000,0.0000
819.02,2026-05-25T18:28:36.973372,IDLE,58.0,53.2,0.0,0.0000,0.0000
819.52,2026-05-25T18:28:37.468058,IDLE,58.7,53.1,0.0,0.0000,0.0000
820.02,2026-05-25T18:28:37.972670,IDLE,56.3,53.1,0.0,0.0000,0.0000
820.52,2026-05-25T18:28:38.473895,IDLE,54.8,53.1,0.0,0.0000,0.0000
821.02,2026-05-25T18:28:38.968518,IDLE,56.9,53.1,0.0,0.0000,0.0000
821.52,2026-05-25T18:28:39.468374,IDLE,55.6,53.2,0.0,0.0000,0.0000
822.02,2026-05-25T18:28:39.969020,IDLE,55.4,53.1,0.0,0.0000,0.0000
822.52,2026-05-25T18:28:40.468852,IDLE,52.5,53.2,0.0,0.0000,0.0000
823.02,2026-05-25T18:28:40.973388,IDLE,59.5,53.2,0.0,0.0000,0.0000
823.52,2026-05-25T18:28:41.472244,IDLE,55.1,53.2,0.0,0.0000,0.0000
824.02,2026-05-25T18:28:41.968664,IDLE,57.6,53.3,0.0,0.0000,0.0000
824.52,2026-05-25T18:28:42.469422,IDLE,56.0,53.3,0.0,0.0000,0.0000
825.02,2026-05-25T18:28:42.969616,IDLE,60.4,53.2,0.0,0.0000,0.0000
825.52,2026-05-25T18:28:43.467938,IDLE,56.8,53.3,0.0,0.0000,0.0000
826.02,2026-05-25T18:28:43.972080,IDLE,54.2,53.2,0.0,0.0000,0.0000
826.52,2026-05-25T18:28:44.468459,IDLE,55.7,53.2,0.0,0.0000,0.0000
827.02,2026-05-25T18:28:44.967557,IDLE,58.4,53.1,0.0,0.0000,0.0000
827.52,2026-05-25T18:28:45.467734,IDLE,60.1,53.2,0.0,0.0000,0.0000
828.02,2026-05-25T18:28:45.969461,IDLE,56.4,53.2,0.0,0.0000,0.0000
828.52,2026-05-25T18:28:46.467776,IDLE,56.2,53.3,0.0,0.0000,0.0000
829.02,2026-05-25T18:28:46.969859,IDLE,58.0,53.2,0.0,0.0000,0.0000
829.52,2026-05-25T18:28:47.467761,IDLE,57.6,53.1,0.0,0.0000,0.0000
830.02,2026-05-25T18:28:47.967704,IDLE,54.9,53.2,0.0,0.0000,0.0000
830.52,2026-05-25T18:28:48.467696,IDLE,57.4,53.2,0.0,0.0000,0.0000
831.02,2026-05-25T18:28:48.968142,IDLE,55.7,53.2,0.0,0.0000,0.0000
831.52,2026-05-25T18:28:49.467612,IDLE,59.8,53.2,0.0,0.0000,0.0000
832.02,2026-05-25T18:28:49.969742,IDLE,57.9,53.2,0.0,0.0000,0.0000
832.52,2026-05-25T18:28:50.471008,IDLE,55.3,53.2,0.0,0.0000,0.0000
833.02,2026-05-25T18:28:50.974373,IDLE,61.3,53.2,0.0,0.0000,0.0000
833.53,2026-05-25T18:28:51.478437,IDLE,55.7,53.3,0.0,0.0000,0.0000
834.02,2026-05-25T18:28:51.967808,IDLE,56.5,53.2,0.0,0.0000,0.0000
834.52,2026-05-25T18:28:52.467261,IDLE,55.9,53.2,0.0,0.0000,0.0000
835.02,2026-05-25T18:28:52.968286,IDLE,58.0,53.2,0.0,0.0000,0.0000
835.52,2026-05-25T18:28:53.468734,IDLE,61.6,53.2,0.0,0.0000,0.0000
836.02,2026-05-25T18:28:53.969545,IDLE,55.6,53.2,0.0,0.0000,0.0000
836.52,2026-05-25T18:28:54.467761,IDLE,56.8,53.1,0.0,0.0000,0.0000
837.02,2026-05-25T18:28:54.967684,IDLE,55.5,53.2,0.0,0.0000,0.0000
837.52,2026-05-25T18:28:55.468892,IDLE,57.7,53.2,0.0,0.0000,0.0000
838.02,2026-05-25T18:28:55.968625,IDLE,56.1,53.2,0.0,0.0000,0.0000
838.52,2026-05-25T18:28:56.468661,IDLE,57.6,53.1,0.0,0.0000,0.0000
839.02,2026-05-25T18:28:56.968853,IDLE,55.8,53.1,0.0,0.0000,0.0000
839.52,2026-05-25T18:28:57.469174,IDLE,59.8,53.2,0.0,0.0000,0.0000
840.02,2026-05-25T18:28:57.969576,IDLE,59.7,53.2,0.0,0.0000,0.0000
840.52,2026-05-25T18:28:58.467870,IDLE,55.8,53.2,0.0,0.0000,0.0000
841.02,2026-05-25T18:28:58.968988,IDLE,61.7,53.2,0.0,0.0000,0.0000
841.52,2026-05-25T18:28:59.468658,IDLE,56.4,53.3,0.0,0.0000,0.0000
842.02,2026-05-25T18:28:59.969456,IDLE,55.5,53.2,0.0,0.0000,0.0000
842.52,2026-05-25T18:29:00.467685,IDLE,58.7,53.2,0.0,0.0000,0.0000
843.02,2026-05-25T18:29:00.970074,IDLE,57.9,53.2,0.0,0.0000,0.0000
843.52,2026-05-25T18:29:01.467518,IDLE,60.2,53.2,0.0,0.0000,0.0000
844.02,2026-05-25T18:29:01.968103,IDLE,54.7,53.2,0.0,0.0000,0.0000
844.52,2026-05-25T18:29:02.470495,IDLE,57.7,53.2,0.0,0.0000,0.0000
845.02,2026-05-25T18:29:02.974686,IDLE,56.8,53.3,0.0,0.0000,0.0000
845.52,2026-05-25T18:29:03.468827,IDLE,58.7,53.3,0.0,0.0000,0.0000
846.02,2026-05-25T18:29:03.970066,IDLE,57.9,53.3,0.0,0.0000,0.0000
846.52,2026-05-25T18:29:04.469681,IDLE,57.7,53.2,0.0,0.0000,0.0000
847.02,2026-05-25T18:29:04.975973,IDLE,58.7,53.3,0.0,0.0000,0.0000
847.52,2026-05-25T18:29:05.469134,IDLE,57.7,53.2,0.0,0.0000,0.0000
848.02,2026-05-25T18:29:05.969829,IDLE,59.7,53.3,0.0,0.0000,0.0000
848.52,2026-05-25T18:29:06.469344,IDLE,55.3,53.2,0.0,0.0000,0.0000
849.02,2026-05-25T18:29:06.970027,IDLE,62.0,53.2,0.0,0.0000,0.0000
849.52,2026-05-25T18:29:07.470563,IDLE,56.2,53.2,0.0,0.0000,0.0000
850.02,2026-05-25T18:29:07.968610,IDLE,56.5,53.1,0.0,0.0000,0.0000
850.52,2026-05-25T18:29:08.469597,IDLE,60.1,53.2,0.0,0.0000,0.0000
851.02,2026-05-25T18:29:08.968186,IDLE,57.5,53.2,0.0,0.0000,0.0000
851.52,2026-05-25T18:29:09.469791,IDLE,63.1,53.2,0.0,0.0000,0.0000
852.02,2026-05-25T18:29:09.970127,IDLE,56.6,53.2,0.0,0.0000,0.0000
852.52,2026-05-25T18:29:10.467685,IDLE,58.9,53.2,0.0,0.0000,0.0000
853.02,2026-05-25T18:29:10.969419,IDLE,57.2,53.2,0.0,0.0000,0.0000
853.52,2026-05-25T18:29:11.468402,IDLE,56.9,53.3,0.0,0.0000,0.0000
854.02,2026-05-25T18:29:11.968960,IDLE,56.0,53.3,0.0,0.0000,0.0000
854.52,2026-05-25T18:29:12.467755,IDLE,58.4,53.3,0.0,0.0000,0.0000
855.02,2026-05-25T18:29:12.971464,IDLE,55.5,53.3,0.0,0.0000,0.0000
855.52,2026-05-25T18:29:13.468806,IDLE,58.0,53.3,0.0,0.0000,0.0000
856.02,2026-05-25T18:29:13.969790,IDLE,60.2,53.3,0.0,0.0000,0.0000
856.52,2026-05-25T18:29:14.469571,IDLE,55.4,53.2,0.0,0.0000,0.0000
857.02,2026-05-25T18:29:14.970011,IDLE,62.0,53.3,0.0,0.0000,0.0000
857.52,2026-05-25T18:29:15.471784,IDLE,56.3,53.2,0.0,0.0000,0.0000
858.02,2026-05-25T18:29:15.971483,IDLE,57.4,53.2,0.0,0.0000,0.0000
858.52,2026-05-25T18:29:16.468014,IDLE,57.0,53.2,0.0,0.0000,0.0000
859.02,2026-05-25T18:29:16.969969,IDLE,59.4,53.3,0.0,0.0000,0.0000
859.52,2026-05-25T18:29:17.470194,IDLE,62.1,53.2,0.0,0.0000,0.0000
860.02,2026-05-25T18:29:17.969358,IDLE,55.0,53.2,0.0,0.0000,0.0000
860.52,2026-05-25T18:29:18.470013,IDLE,57.6,53.3,0.0,0.0000,0.0000
861.02,2026-05-25T18:29:18.968744,IDLE,57.0,53.3,0.0,0.0000,0.0000
861.52,2026-05-25T18:29:19.470731,IDLE,57.5,53.3,0.0,0.0000,0.0000
862.02,2026-05-25T18:29:19.968725,IDLE,57.8,53.3,0.0,0.0000,0.0000
862.52,2026-05-25T18:29:20.468392,IDLE,57.6,53.2,0.0,0.0000,0.0000
863.02,2026-05-25T18:29:20.968939,IDLE,56.2,53.2,0.0,0.0000,0.0000
863.52,2026-05-25T18:29:21.469270,IDLE,58.3,53.2,0.0,0.0000,0.0000
864.02,2026-05-25T18:29:21.971902,IDLE,61.6,53.2,0.0,0.0000,0.0000
864.52,2026-05-25T18:29:22.468642,IDLE,55.9,53.2,0.0,0.0000,0.0000
865.02,2026-05-25T18:29:22.969288,IDLE,63.2,53.2,0.0,0.0000,0.0000
865.52,2026-05-25T18:29:23.468676,IDLE,54.5,53.2,0.0,0.0000,0.0000
866.02,2026-05-25T18:29:23.970700,IDLE,56.1,53.3,0.0,0.0000,0.0000
866.52,2026-05-25T18:29:24.468715,IDLE,56.8,53.2,0.0,0.0000,0.0000
867.02,2026-05-25T18:29:24.970341,IDLE,59.0,53.3,0.0,0.0000,0.0000
867.52,2026-05-25T18:29:25.468976,IDLE,58.5,53.3,0.0,0.0000,0.0000
868.02,2026-05-25T18:29:25.974344,IDLE,56.4,53.2,0.0,0.0000,0.0000
868.52,2026-05-25T18:29:26.471201,IDLE,57.2,53.2,0.0,0.0000,0.0000
869.02,2026-05-25T18:29:26.975158,IDLE,59.2,53.2,0.0,0.0000,0.0000
869.52,2026-05-25T18:29:27.471275,IDLE,56.4,53.2,0.0,0.0000,0.0000
870.02,2026-05-25T18:29:27.970990,IDLE,57.3,53.2,0.0,0.0000,0.0000
870.52,2026-05-25T18:29:28.470812,IDLE,57.9,53.2,0.0,0.0000,0.0000
871.02,2026-05-25T18:29:28.969935,IDLE,56.4,53.2,0.0,0.0000,0.0000
871.52,2026-05-25T18:29:29.469484,IDLE,59.7,53.2,0.0,0.0000,0.0000
872.02,2026-05-25T18:29:29.969548,IDLE,58.6,53.2,0.0,0.0000,0.0000
872.52,2026-05-25T18:29:30.469821,IDLE,57.5,53.2,0.0,0.0000,0.0000
873.02,2026-05-25T18:29:30.968128,IDLE,60.4,53.2,0.0,0.0000,0.0000
873.52,2026-05-25T18:29:31.468993,IDLE,56.8,53.2,0.0,0.0000,0.0000
874.02,2026-05-25T18:29:31.968141,IDLE,59.7,53.2,0.0,0.0000,0.0000
874.52,2026-05-25T18:29:32.470214,IDLE,57.7,53.2,0.0,0.0000,0.0000
875.02,2026-05-25T18:29:32.974770,IDLE,58.9,53.2,0.0,0.0000,0.0000
875.52,2026-05-25T18:29:33.467603,IDLE,60.1,53.2,0.0,0.0000,0.0000
876.02,2026-05-25T18:29:33.969575,IDLE,60.3,53.2,0.0,0.0000,0.0000
876.52,2026-05-25T18:29:34.467878,IDLE,55.9,53.2,0.0,0.0000,0.0000
877.02,2026-05-25T18:29:34.971967,IDLE,60.1,53.3,0.0,0.0000,0.0000
877.52,2026-05-25T18:29:35.471764,IDLE,57.7,53.2,0.0,0.0000,0.0000
878.02,2026-05-25T18:29:35.972258,IDLE,57.9,53.2,0.0,0.0000,0.0000
878.52,2026-05-25T18:29:36.469687,IDLE,55.8,53.2,0.0,0.0000,0.0000
879.02,2026-05-25T18:29:36.969606,IDLE,57.3,53.2,0.0,0.0000,0.0000
879.52,2026-05-25T18:29:37.470189,IDLE,59.3,53.2,0.0,0.0000,0.0000
880.02,2026-05-25T18:29:37.968511,IDLE,59.3,53.2,0.0,0.0000,0.0000
880.52,2026-05-25T18:29:38.467663,IDLE,58.5,53.2,0.0,0.0000,0.0000
881.02,2026-05-25T18:29:38.969782,IDLE,60.6,53.3,0.0,0.0000,0.0000
881.52,2026-05-25T18:29:39.471145,IDLE,58.3,53.3,0.0,0.0000,0.0000
882.03,2026-05-25T18:29:39.977027,IDLE,59.4,53.2,0.0,0.0000,0.0000
882.52,2026-05-25T18:29:40.468549,IDLE,57.9,53.2,0.0,0.0000,0.0000
883.02,2026-05-25T18:29:40.969930,IDLE,60.5,53.3,0.0,0.0000,0.0000
883.52,2026-05-25T18:29:41.469135,IDLE,60.5,53.3,0.0,0.0000,0.0000
884.02,2026-05-25T18:29:41.971779,IDLE,56.8,53.2,0.0,0.0000,0.0000
884.52,2026-05-25T18:29:42.468655,IDLE,57.8,53.3,0.0,0.0000,0.0000
885.02,2026-05-25T18:29:42.972383,IDLE,60.2,53.3,0.0,0.0000,0.0000
885.52,2026-05-25T18:29:43.469612,IDLE,58.6,53.3,0.0,0.0000,0.0000
886.02,2026-05-25T18:29:43.970184,IDLE,56.4,53.2,0.0,0.0000,0.0000
886.52,2026-05-25T18:29:44.469893,IDLE,59.3,53.3,0.0,0.0000,0.0000
887.02,2026-05-25T18:29:44.969650,IDLE,59.7,53.3,0.0,0.0000,0.0000
887.52,2026-05-25T18:29:45.469300,IDLE,57.1,53.3,0.0,0.0000,0.0000
888.02,2026-05-25T18:29:45.970680,IDLE,59.8,53.1,0.0,0.0000,0.0000
888.52,2026-05-25T18:29:46.468955,IDLE,58.3,53.1,0.0,0.0000,0.0000
889.02,2026-05-25T18:29:46.970641,IDLE,60.5,53.2,0.0,0.0000,0.0000
889.52,2026-05-25T18:29:47.469409,IDLE,58.3,53.2,0.0,0.0000,0.0000
890.03,2026-05-25T18:29:47.980387,IDLE,59.5,53.1,0.0,0.0000,0.0000
890.52,2026-05-25T18:29:48.470964,IDLE,59.9,53.2,0.0,0.0000,0.0000
891.02,2026-05-25T18:29:48.969517,IDLE,59.2,53.3,0.0,0.0000,0.0000
891.52,2026-05-25T18:29:49.472225,IDLE,62.6,53.2,0.0,0.0000,0.0000
892.02,2026-05-25T18:29:49.969723,IDLE,58.9,53.2,0.0,0.0000,0.0000
892.52,2026-05-25T18:29:50.468238,IDLE,58.5,53.2,0.0,0.0000,0.0000
893.02,2026-05-25T18:29:50.967589,IDLE,60.6,53.2,0.0,0.0000,0.0000
893.52,2026-05-25T18:29:51.475433,IDLE,57.2,53.2,0.0,0.0000,0.0000
894.02,2026-05-25T18:29:51.970998,IDLE,57.7,53.2,0.0,0.0000,0.0000
894.52,2026-05-25T18:29:52.473022,IDLE,55.4,53.2,0.0,0.0000,0.0000
895.02,2026-05-25T18:29:52.967628,IDLE,59.7,53.2,0.0,0.0000,0.0000
895.52,2026-05-25T18:29:53.468662,IDLE,60.3,53.2,0.0,0.0000,0.0000
896.02,2026-05-25T18:29:53.969223,IDLE,59.5,53.3,0.0,0.0000,0.0000
896.52,2026-05-25T18:29:54.469396,IDLE,58.5,53.2,0.0,0.0000,0.0000
897.02,2026-05-25T18:29:54.969347,IDLE,62.8,53.2,0.0,0.0000,0.0000
897.52,2026-05-25T18:29:55.467933,IDLE,57.8,53.2,0.0,0.0000,0.0000
898.02,2026-05-25T18:29:55.967239,IDLE,58.3,53.2,0.0,0.0000,0.0000
898.52,2026-05-25T18:29:56.469477,IDLE,57.8,53.2,0.0,0.0000,0.0000
899.02,2026-05-25T18:29:56.971621,IDLE,60.1,53.2,0.0,0.0000,0.0000
899.52,2026-05-25T18:29:57.470959,IDLE,62.1,53.3,0.0,0.0000,0.0000
900.02,2026-05-25T18:29:57.970413,IDLE,58.6,53.3,0.0,0.0000,0.0000
900.52,2026-05-25T18:29:58.467689,IDLE,59.5,53.2,0.0,0.0000,0.0000
901.02,2026-05-25T18:29:58.970212,IDLE,57.2,53.2,0.0,0.0000,0.0000
901.52,2026-05-25T18:29:59.468303,IDLE,57.9,53.3,0.0,0.0000,0.0000
902.02,2026-05-25T18:29:59.968900,IDLE,57.9,53.3,0.0,0.0000,0.0000
902.52,2026-05-25T18:30:00.468845,IDLE,59.3,53.2,0.0,0.0000,0.0000
903.02,2026-05-25T18:30:00.968027,IDLE,60.1,53.1,0.0,0.0000,0.0000
903.52,2026-05-25T18:30:01.467650,IDLE,61.2,53.1,0.0,0.0000,0.0000
904.02,2026-05-25T18:30:01.969314,IDLE,56.3,53.2,0.0,0.0000,0.0000
904.52,2026-05-25T18:30:02.472461,IDLE,60.0,53.2,0.0,0.0000,0.0000
905.02,2026-05-25T18:30:02.970921,IDLE,61.4,53.2,0.0,0.0000,0.0000
905.52,2026-05-25T18:30:03.468565,IDLE,57.8,53.2,0.0,0.0000,0.0000
906.02,2026-05-25T18:30:03.970567,IDLE,59.6,53.2,0.0,0.0000,0.0000
906.53,2026-05-25T18:30:04.476413,IDLE,59.6,53.2,0.0,0.0000,0.0000
907.02,2026-05-25T18:30:04.971668,IDLE,58.9,53.2,0.0,0.0000,0.0000
907.52,2026-05-25T18:30:05.468354,IDLE,58.6,53.3,0.0,0.0000,0.0000
908.02,2026-05-25T18:30:05.969939,IDLE,56.4,53.2,0.0,0.0000,0.0000
908.52,2026-05-25T18:30:06.469314,IDLE,59.7,53.2,0.0,0.0000,0.0000
909.02,2026-05-25T18:30:06.967266,IDLE,59.7,53.3,0.0,0.0000,0.0000
909.52,2026-05-25T18:30:07.468100,IDLE,59.8,53.3,0.0,0.0000,0.0000
910.02,2026-05-25T18:30:07.970291,IDLE,59.7,53.2,0.0,0.0000,0.0000
910.52,2026-05-25T18:30:08.468109,IDLE,57.4,53.2,0.0,0.0000,0.0000
911.02,2026-05-25T18:30:08.970309,IDLE,60.3,53.2,0.0,0.0000,0.0000
911.52,2026-05-25T18:30:09.469060,IDLE,59.8,53.2,0.0,0.0000,0.0000
912.02,2026-05-25T18:30:09.971615,IDLE,60.3,53.2,0.0,0.0000,0.0000
912.52,2026-05-25T18:30:10.467805,IDLE,59.2,53.2,0.0,0.0000,0.0000
913.02,2026-05-25T18:30:10.968980,IDLE,61.2,53.3,0.0,0.0000,0.0000
913.52,2026-05-25T18:30:11.467750,IDLE,55.9,53.3,0.0,0.0000,0.0000
914.02,2026-05-25T18:30:11.973374,IDLE,57.3,53.3,0.0,0.0000,0.0000
914.52,2026-05-25T18:30:12.471642,IDLE,60.6,53.2,0.0,0.0000,0.0000
915.02,2026-05-25T18:30:12.968191,IDLE,58.2,53.3,0.0,0.0000,0.0000
915.52,2026-05-25T18:30:13.470862,IDLE,62.5,53.3,0.0,0.0000,0.0000
916.02,2026-05-25T18:30:13.970362,IDLE,54.5,53.3,0.0,0.0000,0.0000
916.52,2026-05-25T18:30:14.468217,IDLE,60.1,53.3,0.0,0.0000,0.0000
917.02,2026-05-25T18:30:14.970029,IDLE,59.3,53.3,0.0,0.0000,0.0000
917.52,2026-05-25T18:30:15.468309,IDLE,56.2,53.3,0.0,0.0000,0.0000
918.02,2026-05-25T18:30:15.972625,IDLE,61.3,53.3,0.0,0.0000,0.0000
918.52,2026-05-25T18:30:16.468273,IDLE,57.6,53.3,0.0,0.0000,0.0000
919.02,2026-05-25T18:30:16.970986,IDLE,59.9,53.3,0.0,0.0000,0.0000
