elapsed_s,timestamp_iso,state,cpu_pct,ram_pct,gpu_pct,cmd_vel_x,cmd_vel_z
0.64,2026-05-25T18:54:12.477178,IDLE,65.8,56.0,0.0,0.0000,0.0000
1.14,2026-05-25T18:54:12.978236,IDLE,61.8,56.0,0.0,0.0000,0.0000
1.64,2026-05-25T18:54:13.476895,IDLE,65.9,56.0,0.0,0.0000,0.0000
2.14,2026-05-25T18:54:13.977289,IDLE,59.9,56.0,0.0,0.0000,0.0000
2.64,2026-05-25T18:54:14.477145,IDLE,61.7,56.0,0.0,0.0000,0.0000
3.14,2026-05-25T18:54:14.978585,IDLE,60.3,56.0,0.0,0.0000,0.0000
3.64,2026-05-25T18:54:15.476645,IDLE,65.9,56.0,0.0,0.0000,0.0000
4.14,2026-05-25T18:54:15.977952,IDLE,60.4,56.0,0.0,0.0000,0.0000
4.64,2026-05-25T18:54:16.477400,IDLE,62.1,56.0,0.0,0.0000,0.0000
5.14,2026-05-25T18:54:16.981412,IDLE,61.7,56.0,0.0,0.0000,0.0000
5.64,2026-05-25T18:54:17.477172,IDLE,63.7,56.0,0.0,0.0000,0.0000
6.14,2026-05-25T18:54:17.978406,IDLE,61.6,56.0,0.0,0.0000,0.0000
6.64,2026-05-25T18:54:18.477404,IDLE,62.2,56.0,0.0,0.0000,0.0000
7.14,2026-05-25T18:54:18.980041,IDLE,61.5,56.0,0.0,0.0000,0.0000
7.64,2026-05-25T18:54:19.477047,IDLE,60.9,56.0,0.0,-0.4832,0.0000
8.14,2026-05-25T18:54:19.978898,IDLE,60.1,56.1,0.0,0.0000,0.0000
8.64,2026-05-25T18:54:20.477242,IDLE,64.4,56.0,0.0,0.0000,-3.1197
9.14,2026-05-25T18:54:20.979272,IDLE,60.9,56.0,0.0,0.4832,0.0000
9.64,2026-05-25T18:54:21.477126,IDLE,59.8,56.0,0.0,0.4832,-3.1197
10.14,2026-05-25T18:54:21.977341,IDLE,60.5,56.0,0.0,0.4832,-3.1197
10.64,2026-05-25T18:54:22.476921,IDLE,60.3,56.0,0.0,0.4832,0.0000
11.14,2026-05-25T18:54:22.977307,IDLE,58.1,56.0,0.0,0.0000,0.0000
11.64,2026-05-25T18:54:23.477130,IDLE,65.2,56.0,0.0,0.0000,0.0000
12.14,2026-05-25T18:54:23.977297,IDLE,58.6,56.1,0.0,0.0000,0.0000
12.64,2026-05-25T18:54:24.477576,IDLE,56.6,56.1,0.0,0.0000,0.0000
13.14,2026-05-25T18:54:24.978404,IDLE,64.1,56.0,0.0,0.0000,0.0000
13.64,2026-05-25T18:54:25.476940,IDLE,56.8,56.0,0.0,0.0000,0.0000
14.14,2026-05-25T18:54:25.977633,IDLE,59.5,56.1,0.0,0.0000,0.0000
14.64,2026-05-25T18:54:26.477238,IDLE,59.6,56.1,0.0,0.0000,0.0000
15.14,2026-05-25T18:54:26.977558,IDLE,58.6,56.0,0.0,0.0000,0.0000
15.64,2026-05-25T18:54:27.477088,IDLE,62.0,56.0,0.0,0.0000,0.0000
16.14,2026-05-25T18:54:27.977199,IDLE,58.5,56.0,0.0,0.0000,0.0000
16.64,2026-05-25T18:54:28.477375,IDLE,59.4,56.0,0.0,0.0000,0.0000
17.14,2026-05-25T18:54:28.978704,IDLE,61.8,56.1,0.0,0.0000,0.0000
17.64,2026-05-25T18:54:29.477420,IDLE,61.7,56.1,0.0,0.0000,0.0000
18.14,2026-05-25T18:54:29.978153,IDLE,61.5,56.1,0.0,0.0000,0.0000
18.64,2026-05-25T18:54:30.477372,IDLE,58.2,56.1,0.0,0.0000,0.0000
19.14,2026-05-25T18:54:30.978412,IDLE,57.3,56.0,0.0,0.0000,0.0000
19.64,2026-05-25T18:54:31.477293,IDLE,63.7,56.0,0.0,0.0000,0.0000
20.14,2026-05-25T18:54:31.978250,IDLE,57.0,56.1,0.0,0.4832,-3.1197
20.64,2026-05-25T18:54:32.477151,IDLE,58.4,56.1,0.0,0.4832,-3.1197
21.14,2026-05-25T18:54:32.978924,IDLE,62.6,56.0,0.0,0.4832,-3.1197
21.64,2026-05-25T18:54:33.477270,IDLE,60.1,56.1,0.0,0.4832,0.0000
22.14,2026-05-25T18:54:33.978485,IDLE,63.7,56.1,0.0,0.4832,0.0000
22.64,2026-05-25T18:54:34.477620,IDLE,58.0,56.1,0.0,0.4832,3.1197
23.14,2026-05-25T18:54:34.977319,IDLE,61.0,56.1,0.0,0.4832,0.0000
23.64,2026-05-25T18:54:35.477599,IDLE,56.6,56.1,0.0,0.4832,0.0000
24.14,2026-05-25T18:54:35.977630,IDLE,61.0,56.1,0.0,0.4832,3.1197
24.64,2026-05-25T18:54:36.477075,IDLE,59.3,56.1,0.0,0.4832,3.1197
25.14,2026-05-25T18:54:36.979347,IDLE,62.0,56.0,0.0,0.4832,3.1197
25.64,2026-05-25T18:54:37.479580,IDLE,62.3,56.0,0.0,0.4832,3.1197
26.14,2026-05-25T18:54:37.977430,IDLE,58.3,56.0,0.0,0.4832,3.1197
26.64,2026-05-25T18:54:38.477150,IDLE,58.0,56.0,0.0,0.0000,0.0000
27.14,2026-05-25T18:54:38.977609,IDLE,59.5,56.0,0.0,0.0000,0.0000
27.64,2026-05-25T18:54:39.477676,IDLE,62.2,56.0,0.0,0.0000,0.0000
28.14,2026-05-25T18:54:39.977728,IDLE,58.9,56.0,0.0,0.0000,0.0000
28.64,2026-05-25T18:54:40.477013,IDLE,58.7,56.0,0.0,0.0000,0.0000
29.14,2026-05-25T18:54:40.977692,IDLE,61.8,56.0,0.0,0.0000,0.0000
29.64,2026-05-25T18:54:41.477584,IDLE,58.1,56.0,0.0,0.0000,0.0000
30.14,2026-05-25T18:54:41.977543,IDLE,62.3,56.0,0.0,0.0000,0.0000
0.15,2026-05-25T18:54:42.477871,COMMUTING,59.1,56.1,0.0,0.0000,-0.0242
0.66,2026-05-25T18:54:42.982899,COMMUTING,61.5,56.0,0.0,0.0000,-0.1163
1.15,2026-05-25T18:54:43.478560,COMMUTING,66.6,56.0,0.0,0.0000,-0.1069
1.65,2026-05-25T18:54:43.977846,COMMUTING,65.0,56.1,0.0,0.0000,-0.0987
2.15,2026-05-25T18:54:44.476995,COMMUTING,62.9,56.1,0.0,0.0000,-0.1063
2.65,2026-05-25T18:54:44.978202,COMMUTING,62.9,56.2,0.0,0.0000,-0.1222
3.15,2026-05-25T18:54:45.478225,COMMUTING,65.0,56.2,0.0,0.0000,-0.1356
3.65,2026-05-25T18:54:45.979598,COMMUTING,59.8,56.2,0.0,0.0103,-0.1383
4.15,2026-05-25T18:54:46.477497,COMMUTING,62.7,56.2,0.0,0.0106,-0.1327
4.65,2026-05-25T18:54:46.978096,COMMUTING,60.9,56.1,0.0,0.0108,-0.1257
5.15,2026-05-25T18:54:47.477935,COMMUTING,65.2,56.0,0.0,0.0110,-0.1204
5.65,2026-05-25T18:54:47.978678,COMMUTING,60.0,56.0,0.0,0.0111,-0.1170
6.15,2026-05-25T18:54:48.478055,COMMUTING,62.6,56.1,0.0,0.0111,-0.1147
6.65,2026-05-25T18:54:48.979495,COMMUTING,64.3,56.1,0.0,0.0112,-0.1130
7.15,2026-05-25T18:54:49.478166,COMMUTING,63.4,56.1,0.0,0.0112,-0.1118
7.65,2026-05-25T18:54:49.979590,COMMUTING,62.0,56.2,0.0,0.0113,-0.1109
8.16,2026-05-25T18:54:50.484057,COMMUTING,62.5,56.2,0.0,0.0113,-0.1104
8.66,2026-05-25T18:54:50.980701,COMMUTING,62.2,56.2,0.0,0.0113,-0.1100
9.15,2026-05-25T18:54:51.478128,COMMUTING,63.7,56.1,0.0,0.0113,-0.1097
9.66,2026-05-25T18:54:51.983279,COMMUTING,62.0,56.1,0.0,0.0113,-0.1095
10.15,2026-05-25T18:54:52.477451,COMMUTING,60.5,56.0,0.0,0.2011,0.1106
10.65,2026-05-25T18:54:52.977539,COMMUTING,61.2,56.0,0.0,0.2344,0.2352
11.15,2026-05-25T18:54:53.478441,BUFFERING_ROUGH,66.3,56.1,0.0,0.2520,0.3464
11.65,2026-05-25T18:54:53.977508,BUFFERING_ROUGH,59.5,56.3,0.0,0.0000,0.0000
12.15,2026-05-25T18:54:54.476815,BUFFERING_ROUGH,61.8,56.4,0.0,0.0000,0.0000
12.65,2026-05-25T18:54:54.978755,BUFFERING_ROUGH,64.5,56.5,0.0,0.0000,0.0000
13.15,2026-05-25T18:54:55.477009,BUFFERING_ROUGH,64.4,56.7,0.0,0.0000,0.0000
13.66,2026-05-25T18:54:55.981513,BUFFERING_ROUGH,60.2,56.4,0.0,0.0000,0.0000
14.15,2026-05-25T18:54:56.477210,BUFFERING_ROUGH,54.9,55.3,0.0,0.0000,0.0000
14.65,2026-05-25T18:54:56.977853,BUFFERING_ROUGH,58.3,55.4,0.0,0.0000,0.0000
15.15,2026-05-25T18:54:57.477702,BUFFERING_ROUGH,61.2,55.4,0.0,0.0000,0.0000
15.65,2026-05-25T18:54:57.978259,BUFFERING_ROUGH,60.5,55.4,0.0,0.0000,0.0000
16.15,2026-05-25T18:54:58.477188,NAV_TO_STAGING,59.6,55.4,0.0,0.0000,0.0000
16.65,2026-05-25T18:54:58.978004,NAV_TO_STAGING,59.1,55.4,0.0,0.0000,-0.0272
17.15,2026-05-25T18:54:59.477738,NAV_TO_STAGING,60.5,55.3,0.0,0.0000,-0.0225
17.65,2026-05-25T18:54:59.978483,NAV_TO_STAGING,61.6,55.4,0.0,0.0000,0.0095
18.15,2026-05-25T18:55:00.478975,NAV_TO_STAGING,62.5,55.4,0.0,0.0000,0.0167
18.65,2026-05-25T18:55:00.979516,NAV_TO_STAGING,59.0,55.3,0.0,0.0000,0.0189
19.15,2026-05-25T18:55:01.478788,NAV_TO_STAGING,62.9,55.4,0.0,0.0000,0.0230
19.65,2026-05-25T18:55:01.978212,NAV_TO_STAGING,59.1,55.3,0.0,0.0000,0.0258
20.15,2026-05-25T18:55:02.478258,NAV_TO_STAGING,61.7,55.4,0.0,0.0000,0.0265
20.66,2026-05-25T18:55:02.982561,NAV_TO_STAGING,60.0,55.4,0.0,0.0000,0.0258
21.15,2026-05-25T18:55:03.477857,NAV_TO_STAGING,65.5,55.4,0.0,0.0000,0.0238
21.65,2026-05-25T18:55:03.978758,NAV_TO_STAGING,58.4,55.4,0.0,0.0000,0.0217
22.15,2026-05-25T18:55:04.478073,NAV_TO_STAGING,60.9,55.4,0.0,0.0000,0.0206
22.65,2026-05-25T18:55:04.978673,NAV_TO_STAGING,61.5,55.4,0.0,0.0000,0.0204
23.15,2026-05-25T18:55:05.477893,NAV_TO_STAGING,60.4,55.4,0.0,0.0000,0.0200
23.66,2026-05-25T18:55:05.981245,NAV_TO_STAGING,62.0,55.4,0.0,0.0000,0.0201
24.15,2026-05-25T18:55:06.477325,NAV_TO_STAGING,59.3,55.4,0.0,0.0000,0.0200
24.65,2026-05-25T18:55:06.978977,NAV_TO_STAGING,63.0,55.4,0.0,0.0000,0.0199
25.15,2026-05-25T18:55:07.477985,NAV_TO_STAGING,61.2,55.4,0.0,0.0000,0.0198
25.66,2026-05-25T18:55:07.979889,NAV_TO_STAGING,61.8,55.5,0.0,0.0000,0.0200
26.15,2026-05-25T18:55:08.477605,NAV_TO_STAGING,62.8,55.5,0.0,0.0000,0.0199
26.66,2026-05-25T18:55:08.981007,NAV_TO_STAGING,62.4,55.5,0.0,0.0000,0.0000
27.15,2026-05-25T18:55:09.477817,NAV_TO_STAGING,66.7,55.8,0.0,0.0000,0.0000
27.65,2026-05-25T18:55:09.977500,IDLE,69.5,56.0,0.0,0.0000,0.0000
28.15,2026-05-25T18:55:10.477752,IDLE,55.7,55.5,0.0,0.0000,0.0000
28.65,2026-05-25T18:55:10.978894,IDLE,58.0,55.5,0.0,0.0000,0.0000
29.15,2026-05-25T18:55:11.477109,IDLE,60.3,55.5,0.0,0.0000,0.0000
29.65,2026-05-25T18:55:11.979062,IDLE,57.2,55.5,0.0,0.0000,0.0000
30.15,2026-05-25T18:55:12.477362,IDLE,59.3,55.5,0.0,0.0000,0.0000
30.65,2026-05-25T18:55:12.977431,IDLE,61.0,55.5,0.0,0.0000,0.0000
31.15,2026-05-25T18:55:13.477190,IDLE,59.3,55.5,0.0,0.0000,0.0000
31.65,2026-05-25T18:55:13.979300,IDLE,61.3,55.4,0.0,0.0000,0.0000
0.18,2026-05-25T18:55:14.476709,COMMUTING,59.6,55.4,0.0,0.0741,0.1958
0.68,2026-05-25T18:55:14.977513,COMMUTING,58.4,55.5,0.0,0.2625,0.5227
1.18,2026-05-25T18:55:15.476588,COMMUTING,58.8,55.5,0.0,0.1576,0.1902
1.68,2026-05-25T18:55:15.979826,COMMUTING,59.1,55.5,0.0,0.0779,0.4157
2.18,2026-05-25T18:55:16.477040,COMMUTING,60.8,55.5,0.0,0.1646,0.1120
2.68,2026-05-25T18:55:16.978050,BUFFERING_ROUGH,58.8,55.4,0.0,0.0000,0.2457
3.18,2026-05-25T18:55:17.477306,BUFFERING_ROUGH,61.8,55.5,0.0,0.0000,0.0000
3.68,2026-05-25T18:55:17.977099,BUFFERING_ROUGH,58.9,55.4,0.0,0.0000,0.0000
4.18,2026-05-25T18:55:18.477975,BUFFERING_ROUGH,58.4,55.5,0.0,0.0000,0.0000
4.68,2026-05-25T18:55:18.977553,BUFFERING_ROUGH,59.0,55.5,0.0,0.0000,0.0000
5.18,2026-05-25T18:55:19.476944,BUFFERING_ROUGH,63.2,55.5,0.0,0.0000,0.0000
5.68,2026-05-25T18:55:19.979624,BUFFERING_ROUGH,55.3,55.5,0.0,0.0000,0.0000
6.18,2026-05-25T18:55:20.477338,NAV_TO_STAGING,61.9,55.4,0.0,0.0000,-0.0675
6.68,2026-05-25T18:55:20.977799,NAV_TO_STAGING,64.1,55.5,0.0,0.0000,-0.0984
7.18,2026-05-25T18:55:21.477345,NAV_TO_STAGING,60.7,55.5,0.0,0.0000,-0.1391
7.68,2026-05-25T18:55:21.977562,NAV_TO_STAGING,61.8,55.5,0.0,0.0000,-0.1462
8.18,2026-05-25T18:55:22.477313,NAV_TO_STAGING,62.2,55.5,0.0,0.0000,-0.1496
8.68,2026-05-25T18:55:22.979832,NAV_TO_STAGING,65.1,55.5,0.0,0.0108,-0.1448
9.18,2026-05-25T18:55:23.476752,NAV_TO_STAGING,59.6,55.5,0.0,0.0113,-0.1419
9.68,2026-05-25T18:55:23.981974,NAV_TO_STAGING,62.4,55.4,0.0,0.0118,-0.1474
10.18,2026-05-25T18:55:24.476645,NAV_TO_STAGING,63.6,55.4,0.0,0.0123,-0.1506
10.68,2026-05-25T18:55:24.977524,NAV_TO_STAGING,61.1,55.5,0.0,0.0124,-0.1490
11.18,2026-05-25T18:55:25.476867,NAV_TO_STAGING,61.6,55.4,0.0,0.0125,-0.1460
11.69,2026-05-25T18:55:25.987449,NAV_TO_STAGING,60.9,55.4,0.0,0.0126,-0.1439
12.18,2026-05-25T18:55:26.476723,NAV_TO_STAGING,60.4,55.5,0.0,0.0128,-0.1427
12.68,2026-05-25T18:55:26.978830,NAV_TO_STAGING,60.6,55.5,0.0,0.0129,-0.1419
13.18,2026-05-25T18:55:27.480403,NAV_TO_STAGING,62.8,55.4,0.0,0.0130,-0.1414
13.68,2026-05-25T18:55:27.978327,NAV_TO_STAGING,58.8,55.5,0.0,0.0130,-0.1412
14.18,2026-05-25T18:55:28.476688,NAV_TO_STAGING,59.9,55.5,0.0,0.0131,-0.1408
14.68,2026-05-25T18:55:28.981170,NAV_TO_STAGING,64.2,55.4,0.0,0.0131,-0.1398
15.18,2026-05-25T18:55:29.477117,NAV_TO_STAGING,59.2,55.4,0.0,0.0131,-0.1397
15.68,2026-05-25T18:55:29.978484,NAV_TO_STAGING,60.5,55.5,0.0,0.0131,-0.1395
16.18,2026-05-25T18:55:30.476730,NAV_TO_STAGING,61.8,55.5,0.0,0.0130,-0.1386
16.68,2026-05-25T18:55:30.977917,NAV_TO_STAGING,61.5,55.5,0.0,0.0130,-0.1382
17.18,2026-05-25T18:55:31.477087,NAV_TO_STAGING,61.0,55.5,0.0,0.0131,-0.1374
17.68,2026-05-25T18:55:31.978109,NAV_TO_STAGING,57.1,55.5,0.0,0.0128,-0.1371
18.18,2026-05-25T18:55:32.476978,NAV_TO_STAGING,59.2,55.5,0.0,0.0129,-0.1362
18.68,2026-05-25T18:55:32.977961,NAV_TO_STAGING,61.5,55.5,0.0,0.0126,-0.1357
19.18,2026-05-25T18:55:33.477075,NAV_TO_STAGING,64.0,55.5,0.0,0.0123,-0.1343
19.68,2026-05-25T18:55:33.977341,NAV_TO_STAGING,59.5,55.6,0.0,0.0116,-0.1326
20.18,2026-05-25T18:55:34.478808,NAV_TO_STAGING,62.1,55.4,0.0,0.0109,-0.1317
20.68,2026-05-25T18:55:34.976764,NAV_TO_STAGING,58.8,55.5,0.0,0.0100,-0.1311
21.18,2026-05-25T18:55:35.477940,NAV_TO_STAGING,65.2,55.4,0.0,0.0000,-0.1292
21.68,2026-05-25T18:55:35.978064,NAV_TO_STAGING,56.6,55.5,0.0,0.0000,-0.1296
22.18,2026-05-25T18:55:36.476803,NAV_TO_STAGING,57.4,55.4,0.0,0.0000,-0.1282
22.68,2026-05-25T18:55:36.976833,NAV_TO_STAGING,61.0,55.5,0.0,0.0000,-0.1285
23.18,2026-05-25T18:55:37.476950,NAV_TO_STAGING,58.8,55.5,0.0,0.0000,-0.1284
23.68,2026-05-25T18:55:37.977901,NAV_TO_STAGING,59.0,55.5,0.0,0.0000,-0.1280
24.18,2026-05-25T18:55:38.476750,NAV_TO_STAGING,61.2,55.5,0.0,0.0000,-0.1282
24.68,2026-05-25T18:55:38.977664,NAV_TO_STAGING,60.2,55.5,0.0,0.0000,-0.1281
25.18,2026-05-25T18:55:39.476498,NAV_TO_STAGING,58.9,55.5,0.0,0.0000,-0.1254
25.68,2026-05-25T18:55:39.977702,NAV_TO_STAGING,58.9,55.4,0.0,0.0000,-0.1258
26.18,2026-05-25T18:55:40.476679,NAV_TO_STAGING,61.6,55.4,0.0,0.0000,-0.1256
26.68,2026-05-25T18:55:40.977769,NAV_TO_STAGING,59.2,55.4,0.0,0.0000,-0.1256
27.18,2026-05-25T18:55:41.477524,NAV_TO_STAGING,63.1,55.5,0.0,0.0000,-0.1237
27.68,2026-05-25T18:55:41.977568,NAV_TO_STAGING,63.6,55.5,0.0,0.0000,-0.1237
28.18,2026-05-25T18:55:42.477380,NAV_TO_STAGING,60.6,55.4,0.0,0.0000,-0.1232
28.68,2026-05-25T18:55:42.978866,NAV_TO_STAGING,60.7,55.5,0.0,0.0000,-0.1200
29.18,2026-05-25T18:55:43.476730,NAV_TO_STAGING,63.4,55.6,0.0,0.0000,0.0000
29.68,2026-05-25T18:55:43.977080,NAV_TO_STAGING,58.0,55.5,0.0,0.0000,0.0000
30.18,2026-05-25T18:55:44.477989,NAV_TO_STAGING,58.0,55.5,0.0,0.0000,0.0000
30.68,2026-05-25T18:55:44.976835,IDLE,59.8,55.5,0.0,0.0000,0.0000
31.18,2026-05-25T18:55:45.477186,IDLE,58.4,55.5,0.0,0.0000,0.0000
31.68,2026-05-25T18:55:45.978031,IDLE,57.4,55.5,0.0,0.0000,0.0000
32.18,2026-05-25T18:55:46.477101,IDLE,58.4,55.5,0.0,0.0000,0.0000
32.68,2026-05-25T18:55:46.977033,IDLE,56.4,55.4,0.0,0.0000,0.0000
33.18,2026-05-25T18:55:47.477285,IDLE,59.2,55.5,0.0,0.0000,0.0000
33.68,2026-05-25T18:55:47.977522,IDLE,58.5,55.4,0.0,0.0000,0.0000
34.18,2026-05-25T18:55:48.477253,IDLE,57.5,55.5,0.0,0.0000,0.0000
34.68,2026-05-25T18:55:48.978165,IDLE,58.4,55.4,0.0,0.0000,0.0000
35.18,2026-05-25T18:55:49.476977,IDLE,57.8,55.5,0.0,0.0000,0.0000
35.68,2026-05-25T18:55:49.976696,IDLE,56.1,55.5,0.0,0.0000,0.0000
36.18,2026-05-25T18:55:50.477081,IDLE,58.4,55.5,0.0,0.0000,0.0000
36.68,2026-05-25T18:55:50.979110,IDLE,57.6,55.5,0.0,0.0000,0.0000
37.18,2026-05-25T18:55:51.476823,IDLE,62.2,55.5,0.0,0.0000,0.0000
37.68,2026-05-25T18:55:51.976617,IDLE,53.8,55.5,0.0,0.0000,0.0000
0.37,2026-05-25T18:55:52.478504,COMMUTING,55.4,55.6,0.0,0.0000,-0.0569
0.87,2026-05-25T18:55:52.978906,COMMUTING,57.5,55.6,0.0,0.0168,-0.0630
1.36,2026-05-25T18:55:53.477399,COMMUTING,59.2,55.6,0.0,0.0243,-0.0575
1.86,2026-05-25T18:55:53.977687,COMMUTING,59.2,55.6,0.0,0.0278,-0.0241
2.36,2026-05-25T18:55:54.478179,COMMUTING,60.6,55.5,0.0,0.0286,-0.0036
2.87,2026-05-25T18:55:54.978669,COMMUTING,60.1,55.5,0.0,0.0256,0.0047
3.36,2026-05-25T18:55:55.477107,COMMUTING,60.8,55.5,0.0,0.0212,0.0064
3.87,2026-05-25T18:55:55.979695,COMMUTING,59.8,55.5,0.0,0.0159,0.0093
4.36,2026-05-25T18:55:56.477548,COMMUTING,59.7,55.5,0.0,0.0137,0.0142
4.86,2026-05-25T18:55:56.977283,COMMUTING,57.2,55.5,0.0,0.0134,0.0181
5.36,2026-05-25T18:55:57.476831,COMMUTING,61.2,55.5,0.0,0.0131,0.0218
5.87,2026-05-25T18:55:57.979989,COMMUTING,58.2,55.5,0.0,0.0126,0.0226
6.36,2026-05-25T18:55:58.476837,COMMUTING,60.4,55.5,0.0,0.0118,0.0227
6.86,2026-05-25T18:55:58.977580,COMMUTING,60.1,55.6,0.0,0.0115,0.0248
7.36,2026-05-25T18:55:59.476790,COMMUTING,62.8,55.5,0.0,0.0115,0.0265
7.86,2026-05-25T18:55:59.977232,COMMUTING,59.5,55.5,0.0,0.0115,0.0277
8.36,2026-05-25T18:56:00.476731,COMMUTING,61.6,55.4,0.0,0.0113,0.0296
8.86,2026-05-25T18:56:00.976752,COMMUTING,62.5,55.4,0.0,0.0111,0.0299
9.36,2026-05-25T18:56:01.476722,COMMUTING,60.1,55.4,0.0,0.0108,0.0312
9.86,2026-05-25T18:56:01.976987,COMMUTING,61.8,55.5,0.0,0.0104,0.0325
10.36,2026-05-25T18:56:02.476788,COMMUTING,60.4,55.5,0.0,0.0101,0.0342
10.86,2026-05-25T18:56:02.976679,COMMUTING,60.3,55.5,0.0,0.0101,0.0357
11.36,2026-05-25T18:56:03.476634,COMMUTING,61.0,55.5,0.0,0.0000,0.0392
11.86,2026-05-25T18:56:03.977457,COMMUTING,58.8,55.5,0.0,0.0000,0.0400
12.36,2026-05-25T18:56:04.476622,COMMUTING,57.6,55.5,0.0,0.0000,0.0405
12.86,2026-05-25T18:56:04.977711,COMMUTING,59.3,55.5,0.0,0.0000,0.0408
13.36,2026-05-25T18:56:05.477759,COMMUTING,62.9,55.4,0.0,0.0000,0.0419
13.86,2026-05-25T18:56:05.977549,COMMUTING,58.6,55.5,0.0,0.0000,0.0417
14.36,2026-05-25T18:56:06.477631,COMMUTING,59.7,55.4,0.0,0.0000,0.0419
14.87,2026-05-25T18:56:06.979229,COMMUTING,56.2,55.5,0.0,0.0000,0.0415
15.36,2026-05-25T18:56:07.476616,COMMUTING,62.8,55.5,0.0,0.0000,0.0408
15.87,2026-05-25T18:56:07.978330,COMMUTING,57.3,55.5,0.0,0.0000,0.0405
16.36,2026-05-25T18:56:08.477325,COMMUTING,62.5,55.4,0.0,0.0000,0.0413
16.86,2026-05-25T18:56:08.977088,COMMUTING,59.2,55.5,0.0,0.0000,0.0409
17.36,2026-05-25T18:56:09.476755,COMMUTING,59.4,55.5,0.0,0.0000,0.0419
17.86,2026-05-25T18:56:09.977894,COMMUTING,61.6,55.5,0.0,0.0000,0.0416
18.36,2026-05-25T18:56:10.476670,COMMUTING,61.1,55.5,0.0,0.0000,0.0425
18.87,2026-05-25T18:56:10.978216,COMMUTING,60.7,55.5,0.0,0.0000,0.0425
19.36,2026-05-25T18:56:11.477407,COMMUTING,61.4,55.5,0.0,0.0000,0.0433
19.87,2026-05-25T18:56:11.978222,COMMUTING,64.8,55.5,0.0,0.0000,0.0424
20.36,2026-05-25T18:56:12.476773,COMMUTING,60.2,55.5,0.0,0.0000,0.0416
20.86,2026-05-25T18:56:12.977292,COMMUTING,60.4,55.5,0.0,0.0000,0.0416
21.36,2026-05-25T18:56:13.476621,COMMUTING,63.0,55.5,0.0,0.0000,0.0418
21.87,2026-05-25T18:56:13.978899,COMMUTING,62.2,55.5,0.0,0.0000,0.0408
22.36,2026-05-25T18:56:14.477019,COMMUTING,58.9,55.5,0.0,0.0000,0.0406
22.86,2026-05-25T18:56:14.976727,COMMUTING,63.5,55.5,0.0,0.0000,0.0405
23.36,2026-05-25T18:56:15.476693,COMMUTING,62.7,55.6,0.0,0.0000,0.0403
23.86,2026-05-25T18:56:15.976661,COMMUTING,56.2,55.5,0.0,0.0000,0.0405
24.36,2026-05-25T18:56:16.476730,COMMUTING,61.1,55.5,0.0,0.0000,0.0407
24.86,2026-05-25T18:56:16.976962,COMMUTING,59.6,55.5,0.0,0.0000,0.0407
25.36,2026-05-25T18:56:17.476962,COMMUTING,60.0,55.5,0.0,0.0100,0.0408
25.87,2026-05-25T18:56:17.980058,COMMUTING,60.1,55.6,0.0,0.0101,0.0389
26.36,2026-05-25T18:56:18.476601,COMMUTING,62.6,55.5,0.0,0.0101,0.0390
26.87,2026-05-25T18:56:18.978873,COMMUTING,60.0,55.5,0.0,0.0102,0.0387
27.36,2026-05-25T18:56:19.476700,COMMUTING,61.5,55.6,0.0,0.0000,0.0384
27.86,2026-05-25T18:56:19.977811,COMMUTING,59.5,55.5,0.0,0.0114,0.0339
28.36,2026-05-25T18:56:20.476804,COMMUTING,57.2,55.6,0.0,0.0122,0.0326
28.86,2026-05-25T18:56:20.977348,COMMUTING,59.5,55.5,0.0,0.0127,0.0330
29.36,2026-05-25T18:56:21.476821,COMMUTING,62.0,55.6,0.0,0.0125,0.0326
29.86,2026-05-25T18:56:21.977197,COMMUTING,61.9,55.6,0.0,0.0132,0.0316
30.36,2026-05-25T18:56:22.477743,COMMUTING,61.3,55.6,0.0,0.0129,0.0331
30.86,2026-05-25T18:56:22.977827,COMMUTING,60.3,55.5,0.0,0.0128,0.0315
31.36,2026-05-25T18:56:23.476687,COMMUTING,65.3,55.5,0.0,0.0130,0.0321
31.86,2026-05-25T18:56:23.977876,COMMUTING,62.8,55.6,0.0,0.0132,0.0315
32.36,2026-05-25T18:56:24.476681,COMMUTING,60.1,55.6,0.0,0.0134,0.0321
32.86,2026-05-25T18:56:24.977483,COMMUTING,59.9,55.5,0.0,0.0133,0.0322
33.36,2026-05-25T18:56:25.476911,COMMUTING,60.0,55.6,0.0,0.0133,0.0332
33.86,2026-05-25T18:56:25.977817,COMMUTING,61.4,55.6,0.0,0.0135,0.0348
34.36,2026-05-25T18:56:26.477157,COMMUTING,62.7,55.6,0.0,0.0134,0.0349
34.86,2026-05-25T18:56:26.977445,COMMUTING,61.5,55.6,0.0,0.0133,0.0349
35.36,2026-05-25T18:56:27.478050,COMMUTING,63.1,55.6,0.0,0.0132,0.0371
35.86,2026-05-25T18:56:27.977113,COMMUTING,62.2,55.6,0.0,0.0132,0.0362
36.36,2026-05-25T18:56:28.476608,COMMUTING,64.1,55.6,0.0,0.0135,0.0356
36.86,2026-05-25T18:56:28.977867,COMMUTING,58.0,55.7,0.0,0.0135,0.0372
37.36,2026-05-25T18:56:29.477208,COMMUTING,63.5,55.6,0.0,0.0138,0.0373
37.86,2026-05-25T18:56:29.977912,COMMUTING,60.4,55.7,0.0,0.0138,0.0375
38.36,2026-05-25T18:56:30.477898,COMMUTING,61.4,55.6,0.0,0.0136,0.0387
38.87,2026-05-25T18:56:30.978418,COMMUTING,59.8,55.6,0.0,0.0133,0.0400
39.36,2026-05-25T18:56:31.476931,COMMUTING,62.0,55.6,0.0,0.0131,0.0411
39.86,2026-05-25T18:56:31.977786,COMMUTING,56.1,55.6,0.0,0.0132,0.0418
40.36,2026-05-25T18:56:32.476688,COMMUTING,59.0,55.6,0.0,0.0133,0.0415
40.86,2026-05-25T18:56:32.977683,COMMUTING,60.5,55.6,0.0,0.0134,0.0423
41.36,2026-05-25T18:56:33.476706,COMMUTING,60.1,55.7,0.0,0.0139,0.0422
41.86,2026-05-25T18:56:33.976819,COMMUTING,60.3,55.6,0.0,0.0135,0.0442
42.36,2026-05-25T18:56:34.476663,COMMUTING,61.3,55.7,0.0,0.0133,0.0443
42.86,2026-05-25T18:56:34.977637,COMMUTING,63.2,55.6,0.0,0.0131,0.0457
43.36,2026-05-25T18:56:35.477124,COMMUTING,61.7,55.6,0.0,0.0127,0.0451
43.87,2026-05-25T18:56:35.979122,COMMUTING,60.1,55.5,0.0,0.0130,0.0446
44.36,2026-05-25T18:56:36.477033,COMMUTING,61.2,55.5,0.0,0.0131,0.0459
44.86,2026-05-25T18:56:36.977448,COMMUTING,61.1,55.6,0.0,0.0132,0.0448
45.36,2026-05-25T18:56:37.476979,COMMUTING,62.0,55.6,0.0,0.0138,0.0425
45.86,2026-05-25T18:56:37.977431,COMMUTING,62.8,55.6,0.0,0.0141,0.0409
46.36,2026-05-25T18:56:38.476758,COMMUTING,60.2,55.6,0.0,0.0144,0.0392
46.87,2026-05-25T18:56:38.978273,COMMUTING,58.1,55.7,0.0,0.0144,0.0384
47.36,2026-05-25T18:56:39.476407,COMMUTING,66.9,55.7,0.0,0.0146,0.0399
47.87,2026-05-25T18:56:39.979579,COMMUTING,57.5,55.7,0.0,0.0145,0.0393
48.36,2026-05-25T18:56:40.476480,COMMUTING,59.3,55.7,0.0,0.0145,0.0391
48.86,2026-05-25T18:56:40.977096,COMMUTING,58.6,55.7,0.0,0.0144,0.0391
49.36,2026-05-25T18:56:41.477213,COMMUTING,61.8,55.8,0.0,0.0141,0.0414
49.87,2026-05-25T18:56:41.979062,COMMUTING,60.8,55.7,0.0,0.0141,0.0438
50.36,2026-05-25T18:56:42.476817,COMMUTING,58.8,55.7,0.0,0.0140,0.0443
50.87,2026-05-25T18:56:42.980599,COMMUTING,60.8,55.7,0.0,0.0140,0.0442
51.36,2026-05-25T18:56:43.476499,COMMUTING,61.7,55.7,0.0,0.0142,0.0439
51.87,2026-05-25T18:56:43.980591,COMMUTING,61.6,55.7,0.0,0.0138,0.0449
52.36,2026-05-25T18:56:44.476833,COMMUTING,62.6,55.7,0.0,0.0139,0.0467
52.86,2026-05-25T18:56:44.977792,COMMUTING,60.9,55.7,0.0,0.0137,0.0477
53.36,2026-05-25T18:56:45.478173,COMMUTING,63.9,55.7,0.0,0.0136,0.0486
53.86,2026-05-25T18:56:45.977867,COMMUTING,59.2,55.7,0.0,0.0136,0.0494
54.36,2026-05-25T18:56:46.477653,COMMUTING,61.2,55.7,0.0,0.0134,0.0505
54.86,2026-05-25T18:56:46.977251,COMMUTING,62.0,55.7,0.0,0.0124,0.0523
55.36,2026-05-25T18:56:47.477110,COMMUTING,66.3,55.8,0.0,0.0131,0.0529
55.86,2026-05-25T18:56:47.978004,COMMUTING,60.5,55.8,0.0,0.0130,0.0542
56.36,2026-05-25T18:56:48.476662,COMMUTING,61.1,55.7,0.0,0.0134,0.0553
56.86,2026-05-25T18:56:48.977449,COMMUTING,59.3,55.7,0.0,0.0133,0.0560
57.37,2026-05-25T18:56:49.478242,COMMUTING,62.0,55.7,0.0,0.0140,0.0537
57.86,2026-05-25T18:56:49.977429,COMMUTING,61.4,55.8,0.0,0.0147,0.0497
58.36,2026-05-25T18:56:50.476544,COMMUTING,61.3,55.8,0.0,0.0155,0.0488
58.86,2026-05-25T18:56:50.977191,COMMUTING,60.5,55.8,0.0,0.0158,0.0463
59.36,2026-05-25T18:56:51.476850,COMMUTING,63.6,55.8,0.0,0.0158,0.0464
59.86,2026-05-25T18:56:51.977660,COMMUTING,60.3,55.8,0.0,0.0159,0.0466
60.36,2026-05-25T18:56:52.477062,COMMUTING,60.5,55.7,0.0,0.0169,0.0445
60.86,2026-05-25T18:56:52.977358,COMMUTING,60.5,55.7,0.0,0.0187,0.0420
61.36,2026-05-25T18:56:53.476766,COMMUTING,61.6,55.8,0.0,0.0192,0.0379
61.86,2026-05-25T18:56:53.977031,COMMUTING,58.4,55.7,0.0,0.0193,0.0375
62.36,2026-05-25T18:56:54.477102,COMMUTING,60.3,55.7,0.0,0.0207,0.0371
62.87,2026-05-25T18:56:54.978571,COMMUTING,58.4,55.8,0.0,0.0208,0.0367
63.36,2026-05-25T18:56:55.476657,COMMUTING,62.7,55.9,0.0,0.0209,0.0367
63.86,2026-05-25T18:56:55.978128,COMMUTING,59.1,55.7,0.0,0.0212,0.0348
64.36,2026-05-25T18:56:56.476909,COMMUTING,61.2,55.7,0.0,0.0217,0.0355
64.86,2026-05-25T18:56:56.976960,COMMUTING,60.9,55.8,0.0,0.0219,0.0337
65.36,2026-05-25T18:56:57.476934,COMMUTING,58.6,55.8,0.0,0.0221,0.0319
65.87,2026-05-25T18:56:57.978278,COMMUTING,59.9,55.8,0.0,0.0226,0.0308
66.36,2026-05-25T18:56:58.477147,COMMUTING,61.7,55.8,0.0,0.0234,0.0270
66.86,2026-05-25T18:56:58.977392,COMMUTING,63.1,55.9,0.0,0.0233,0.0271
67.36,2026-05-25T18:56:59.476683,COMMUTING,64.9,55.8,0.0,0.0233,0.0260
67.86,2026-05-25T18:56:59.977102,COMMUTING,61.4,55.8,0.0,0.0238,0.0259
68.36,2026-05-25T18:57:00.476662,COMMUTING,63.5,55.8,0.0,0.0243,0.0261
68.86,2026-05-25T18:57:00.977325,COMMUTING,61.1,55.8,0.0,0.0246,0.0230
69.36,2026-05-25T18:57:01.476981,COMMUTING,62.5,55.8,0.0,0.0253,0.0222
69.86,2026-05-25T18:57:01.977723,COMMUTING,63.2,55.8,0.0,0.0255,0.0225
70.36,2026-05-25T18:57:02.477000,COMMUTING,61.7,55.8,0.0,0.0249,0.0243
70.86,2026-05-25T18:57:02.976757,COMMUTING,60.3,55.8,0.0,0.0250,0.0240
71.36,2026-05-25T18:57:03.476533,COMMUTING,64.5,55.9,0.0,0.0250,0.0246
71.87,2026-05-25T18:57:03.983490,COMMUTING,62.2,55.9,0.0,0.0255,0.0251
72.36,2026-05-25T18:57:04.476994,COMMUTING,59.7,55.9,0.0,0.0252,0.0252
72.86,2026-05-25T18:57:04.977662,COMMUTING,61.1,55.9,0.0,0.0257,0.0248
73.36,2026-05-25T18:57:05.477329,COMMUTING,64.4,55.9,0.0,0.0273,0.0230
73.86,2026-05-25T18:57:05.977009,COMMUTING,61.7,55.9,0.0,0.0275,0.0235
74.36,2026-05-25T18:57:06.476800,COMMUTING,61.1,55.9,0.0,0.0282,0.0211
74.86,2026-05-25T18:57:06.977557,COMMUTING,61.7,55.9,0.0,0.0279,0.0224
75.36,2026-05-25T18:57:07.476918,COMMUTING,61.4,55.9,0.0,0.0284,0.0218
75.87,2026-05-25T18:57:07.979897,COMMUTING,59.0,55.8,0.0,0.0293,0.0198
76.36,2026-05-25T18:57:08.476789,COMMUTING,62.3,55.8,0.0,0.0294,0.0192
76.86,2026-05-25T18:57:08.976623,COMMUTING,61.5,55.8,0.0,0.0294,0.0188
77.36,2026-05-25T18:57:09.476794,COMMUTING,63.4,55.8,0.0,0.0300,0.0199
77.87,2026-05-25T18:57:09.981712,COMMUTING,61.2,55.9,0.0,0.0302,0.0203
78.36,2026-05-25T18:57:10.476592,COMMUTING,60.7,55.8,0.0,0.0305,0.0204
78.87,2026-05-25T18:57:10.978937,COMMUTING,61.4,55.9,0.0,0.0308,0.0212
79.36,2026-05-25T18:57:11.476726,COMMUTING,64.3,55.8,0.0,0.0307,0.0209
79.87,2026-05-25T18:57:11.979072,COMMUTING,62.7,55.8,0.0,0.0310,0.0207
80.36,2026-05-25T18:57:12.476452,COMMUTING,63.3,55.8,0.0,0.0308,0.0191
80.86,2026-05-25T18:57:12.977715,COMMUTING,61.7,55.8,0.0,0.0302,0.0160
81.36,2026-05-25T18:57:13.476716,COMMUTING,61.2,55.8,0.0,0.0294,0.0151
81.86,2026-05-25T18:57:13.977535,COMMUTING,60.0,55.9,0.0,0.0288,0.0128
82.36,2026-05-25T18:57:14.476809,COMMUTING,57.8,55.9,0.0,0.0288,0.0104
82.87,2026-05-25T18:57:14.983366,COMMUTING,61.6,55.9,0.0,0.0286,0.0086
83.36,2026-05-25T18:57:15.476740,COMMUTING,61.3,55.9,0.0,0.0281,0.0070
83.86,2026-05-25T18:57:15.977176,COMMUTING,59.7,55.9,0.0,0.0283,0.0043
84.36,2026-05-25T18:57:16.476998,COMMUTING,62.5,55.9,0.0,0.0286,0.0030
84.86,2026-05-25T18:57:16.977236,COMMUTING,57.5,55.9,0.0,0.0283,0.0012
85.36,2026-05-25T18:57:17.476934,COMMUTING,63.9,55.9,0.0,0.0275,-0.0025
85.86,2026-05-25T18:57:17.977861,COMMUTING,63.8,55.9,0.0,0.0269,-0.0078
86.37,2026-05-25T18:57:18.478562,COMMUTING,63.0,55.9,0.0,0.0266,-0.0095
86.86,2026-05-25T18:57:18.977320,COMMUTING,60.3,55.9,0.0,0.0264,-0.0108
87.37,2026-05-25T18:57:19.478714,COMMUTING,63.6,55.9,0.0,0.0275,-0.0105
87.86,2026-05-25T18:57:19.977452,COMMUTING,57.8,55.9,0.0,0.0281,-0.0098
88.36,2026-05-25T18:57:20.476665,COMMUTING,61.2,55.9,0.0,0.0289,-0.0119
88.86,2026-05-25T18:57:20.977538,COMMUTING,60.5,55.9,0.0,0.0291,-0.0140
89.36,2026-05-25T18:57:21.476886,COMMUTING,63.2,55.9,0.0,0.0300,-0.0135
89.86,2026-05-25T18:57:21.977504,COMMUTING,60.3,56.0,0.0,0.0298,-0.0156
90.36,2026-05-25T18:57:22.476759,COMMUTING,64.8,55.9,0.0,0.0312,-0.0161
90.87,2026-05-25T18:57:22.978200,COMMUTING,60.1,55.9,0.0,0.0315,-0.0151
91.36,2026-05-25T18:57:23.477098,COMMUTING,65.2,56.0,0.0,0.0312,-0.0118
91.86,2026-05-25T18:57:23.978177,COMMUTING,61.9,56.0,0.0,0.0325,-0.0065
92.36,2026-05-25T18:57:24.477068,COMMUTING,63.4,55.8,0.0,0.0326,-0.0030
92.87,2026-05-25T18:57:24.980123,COMMUTING,61.3,55.9,0.0,0.0332,-0.0011
93.36,2026-05-25T18:57:25.476965,COMMUTING,62.1,55.9,0.0,0.0339,-0.0005
93.86,2026-05-25T18:57:25.977254,COMMUTING,61.6,56.0,0.0,0.0334,-0.0015
94.37,2026-05-25T18:57:26.479812,COMMUTING,63.7,55.9,0.0,0.0331,-0.0022
94.86,2026-05-25T18:57:26.977250,COMMUTING,64.0,55.9,0.0,0.0334,-0.0061
95.36,2026-05-25T18:57:27.476801,COMMUTING,63.1,56.0,0.0,0.0347,-0.0072
95.87,2026-05-25T18:57:27.985014,COMMUTING,60.9,56.0,0.0,0.0339,-0.0098
96.36,2026-05-25T18:57:28.476700,COMMUTING,61.6,55.9,0.0,0.0334,-0.0112
96.87,2026-05-25T18:57:28.979790,COMMUTING,60.3,55.9,0.0,0.0340,-0.0119
97.36,2026-05-25T18:57:29.477119,COMMUTING,63.9,56.0,0.0,0.0346,-0.0122
97.86,2026-05-25T18:57:29.978106,COMMUTING,65.2,55.9,0.0,0.3060,-0.9968
98.36,2026-05-25T18:57:30.476497,COMMUTING,62.9,55.9,0.0,0.0563,-0.3437
98.87,2026-05-25T18:57:30.984587,COMMUTING,60.5,55.9,0.0,0.1363,-0.0230
99.36,2026-05-25T18:57:31.476739,COMMUTING,63.5,55.9,0.0,0.0270,-0.1958
99.86,2026-05-25T18:57:31.977134,COMMUTING,60.4,55.9,0.0,0.0622,-0.1035
100.36,2026-05-25T18:57:32.476595,COMMUTING,62.2,55.9,0.0,0.0684,0.1165
100.86,2026-05-25T18:57:32.977846,COMMUTING,61.8,56.0,0.0,0.0167,-0.0871
101.36,2026-05-25T18:57:33.476692,COMMUTING,63.1,56.1,0.0,0.0861,-0.1662
101.86,2026-05-25T18:57:33.978011,COMMUTING,60.4,56.1,0.0,0.1806,0.3605
102.36,2026-05-25T18:57:34.476824,COMMUTING,62.6,56.1,0.0,0.0397,0.1364
102.86,2026-05-25T18:57:34.977460,COMMUTING,64.1,56.1,0.0,0.0704,0.0294
103.36,2026-05-25T18:57:35.476937,COMMUTING,61.6,56.1,0.0,0.1340,-0.0886
103.86,2026-05-25T18:57:35.977626,COMMUTING,59.7,56.0,0.0,0.0768,0.0135
104.36,2026-05-25T18:57:36.476798,COMMUTING,60.9,56.1,0.0,0.0000,0.5815
104.86,2026-05-25T18:57:36.977484,COMMUTING,63.6,56.0,0.0,0.0108,0.1671
105.37,2026-05-25T18:57:37.479533,COMMUTING,62.3,55.9,0.0,0.0000,0.3913
105.87,2026-05-25T18:57:37.978210,COMMUTING,61.2,55.9,0.0,0.0290,-0.2325
106.36,2026-05-25T18:57:38.477117,COMMUTING,61.5,56.0,0.0,0.0672,-0.0144
106.86,2026-05-25T18:57:38.977225,COMMUTING,59.3,56.0,0.0,0.0975,0.1108
107.36,2026-05-25T18:57:39.476595,COMMUTING,64.1,56.0,0.0,0.0435,-0.1194
107.87,2026-05-25T18:57:39.978629,COMMUTING,62.0,55.9,0.0,0.0446,0.7306
108.36,2026-05-25T18:57:40.477154,COMMUTING,62.7,56.1,0.0,0.0918,0.5964
108.86,2026-05-25T18:57:40.977654,COMMUTING,64.0,56.1,0.0,0.0209,0.1887
109.36,2026-05-25T18:57:41.476625,COMMUTING,63.1,56.1,0.0,0.0784,0.1856
109.87,2026-05-25T18:57:41.984036,COMMUTING,62.5,56.1,0.0,0.0171,-0.0960
110.36,2026-05-25T18:57:42.476895,COMMUTING,69.4,56.1,0.0,0.0544,0.2115
110.86,2026-05-25T18:57:42.977825,COMMUTING,58.8,55.7,0.0,0.0420,0.1600
111.36,2026-05-25T18:57:43.476700,COMMUTING,64.1,55.7,0.0,0.1973,1.2600
111.86,2026-05-25T18:57:43.977776,COMMUTING,59.9,55.8,0.0,0.0685,1.1280
112.36,2026-05-25T18:57:44.477004,COMMUTING,61.5,55.8,0.0,0.1577,0.4512
112.86,2026-05-25T18:57:44.977565,COMMUTING,62.8,55.8,0.0,0.2217,0.0597
113.37,2026-05-25T18:57:45.479483,COMMUTING,63.3,55.8,0.0,0.0437,0.7179
113.86,2026-05-25T18:57:45.977197,COMMUTING,64.0,56.0,0.0,0.0211,0.6625
114.36,2026-05-25T18:57:46.476971,COMMUTING,67.8,56.2,0.0,0.0128,0.2908
114.86,2026-05-25T18:57:46.977451,LOCAL_SEARCH,72.1,56.4,0.0,0.0000,0.0000
115.36,2026-05-25T18:57:47.476793,LOCAL_SEARCH,63.0,56.6,0.0,0.0000,0.0000
115.86,2026-05-25T18:57:47.977323,LOCAL_SEARCH,68.3,56.7,0.0,0.0000,0.0000
116.36,2026-05-25T18:57:48.477631,LOCAL_SEARCH,58.8,56.5,0.0,0.0000,0.0000
116.87,2026-05-25T18:57:48.979701,LOCAL_SEARCH,67.3,56.5,0.0,0.0000,0.0000
117.36,2026-05-25T18:57:49.476691,LOCAL_SEARCH,68.2,56.6,0.0,0.0000,0.0000
117.86,2026-05-25T18:57:49.977378,LOCAL_SEARCH,60.7,56.7,0.0,0.0000,0.0000
118.36,2026-05-25T18:57:50.476672,LOCAL_SEARCH,60.8,56.4,0.0,0.0000,0.0000
118.87,2026-05-25T18:57:50.981855,LOCAL_SEARCH,67.0,56.6,0.0,0.0000,0.0000
119.36,2026-05-25T18:57:51.477866,LOCAL_SEARCH,67.7,56.7,0.0,0.0000,0.0000
119.86,2026-05-25T18:57:51.978154,LOCAL_SEARCH,58.2,56.7,0.0,0.0000,0.0000
120.36,2026-05-25T18:57:52.476847,LOCAL_SEARCH,63.9,56.4,0.0,0.0000,0.0000
120.87,2026-05-25T18:57:52.979716,LOCAL_SEARCH,64.8,56.7,0.0,0.0000,0.0000
121.37,2026-05-25T18:57:53.478278,LOCAL_SEARCH,65.5,56.7,0.0,0.0000,0.0000
121.87,2026-05-25T18:57:53.979662,LOCAL_SEARCH,63.9,56.8,0.0,0.0000,1.0000
122.36,2026-05-25T18:57:54.476992,LOCAL_SEARCH,62.3,56.7,0.0,0.0000,1.0000
122.86,2026-05-25T18:57:54.978054,LOCAL_SEARCH,66.9,56.8,0.0,0.0000,1.0000
123.36,2026-05-25T18:57:55.477692,LOCAL_SEARCH,58.0,56.8,0.0,0.0000,1.0000
123.87,2026-05-25T18:57:55.978260,BUFFERING_ROUGH,61.3,56.8,0.0,0.0000,1.0000
124.36,2026-05-25T18:57:56.477030,BUFFERING_ROUGH,59.4,56.8,0.0,0.0000,0.0000
124.86,2026-05-25T18:57:56.977725,NAV_TO_STAGING,61.2,56.8,0.0,0.0000,-0.0054
125.36,2026-05-25T18:57:57.476972,NAV_TO_STAGING,62.5,56.8,0.0,0.0491,-0.0041
125.87,2026-05-25T18:57:57.978545,NAV_TO_STAGING,65.2,56.8,0.0,0.0612,0.0175
126.37,2026-05-25T18:57:58.481009,NAV_TO_STAGING,65.1,56.9,0.0,0.0612,-0.0032
126.87,2026-05-25T18:57:58.979086,NAV_TO_STAGING,65.2,57.0,0.0,0.0601,-0.0369
127.36,2026-05-25T18:57:59.476671,NAV_TO_STAGING,68.1,57.1,0.0,0.0501,-0.0620
127.87,2026-05-25T18:57:59.980036,NAV_TO_STAGING,71.7,57.4,0.0,0.0465,-0.0636
128.37,2026-05-25T18:58:00.480768,NAV_TO_STAGING,69.3,57.3,0.0,0.0445,-0.0668
128.87,2026-05-25T18:58:00.981993,NAV_TO_STAGING,62.9,56.5,0.0,0.0427,-0.0706
129.36,2026-05-25T18:58:01.476854,NAV_TO_STAGING,59.6,56.3,0.0,0.0419,-0.0773
129.86,2026-05-25T18:58:01.978182,NAV_TO_STAGING,66.4,56.4,0.0,0.0402,-0.0869
130.36,2026-05-25T18:58:02.476449,NAV_TO_STAGING,70.3,56.7,0.0,0.0361,-0.0947
130.87,2026-05-25T18:58:02.978338,IDLE,65.8,56.2,0.0,0.0000,0.0000
131.36,2026-05-25T18:58:03.476869,IDLE,62.2,56.2,0.0,0.0000,0.0000
131.87,2026-05-25T18:58:03.978324,IDLE,59.7,56.1,0.0,0.0000,0.0000
132.36,2026-05-25T18:58:04.477624,IDLE,60.5,56.3,0.0,0.0000,0.0000
132.87,2026-05-25T18:58:04.983097,IDLE,63.5,56.3,0.0,0.0000,0.0000
133.36,2026-05-25T18:58:05.477768,IDLE,63.0,56.2,0.0,0.0000,0.0000
133.86,2026-05-25T18:58:05.977654,IDLE,60.1,56.2,0.0,0.0000,0.0000
134.36,2026-05-25T18:58:06.477125,IDLE,62.3,56.3,0.0,0.0000,0.0000
134.86,2026-05-25T18:58:06.977768,IDLE,59.4,56.2,0.0,0.0000,0.0000
135.36,2026-05-25T18:58:07.476763,IDLE,64.3,56.2,0.0,0.0000,0.0000
135.86,2026-05-25T18:58:07.977725,IDLE,64.2,56.0,0.0,0.0000,0.0000
136.36,2026-05-25T18:58:08.477197,IDLE,58.0,56.0,0.0,0.0000,0.0000
136.86,2026-05-25T18:58:08.977987,IDLE,62.1,56.0,0.0,0.0000,0.0000
137.36,2026-05-25T18:58:09.477309,IDLE,61.2,55.9,0.0,0.0000,0.0000
137.87,2026-05-25T18:58:09.979958,IDLE,64.6,56.1,0.0,0.0000,0.0000
138.36,2026-05-25T18:58:10.476631,IDLE,66.0,56.4,0.0,0.0000,0.0000
138.86,2026-05-25T18:58:10.977913,IDLE,63.9,56.5,0.0,0.0000,0.0000
139.36,2026-05-25T18:58:11.477081,IDLE,61.6,56.6,0.0,0.0000,0.0000
139.86,2026-05-25T18:58:11.978189,IDLE,65.5,56.5,0.0,0.0000,0.0000
140.36,2026-05-25T18:58:12.477167,IDLE,59.5,56.5,0.0,0.0000,0.0000
0.15,2026-05-25T18:58:12.979088,BUFFERING_ROUGH,67.0,56.3,0.0,0.0000,-0.0174
0.64,2026-05-25T18:58:13.478277,NAV_TO_STAGING,61.5,56.3,0.0,0.0000,0.0000
1.15,2026-05-25T18:58:13.979050,NAV_TO_STAGING,62.2,56.2,0.0,0.0000,-0.1187
1.64,2026-05-25T18:58:14.477285,NAV_TO_STAGING,61.6,56.3,0.0,0.0000,-0.1425
2.14,2026-05-25T18:58:14.977171,NAV_TO_STAGING,61.0,56.4,0.0,0.0000,-0.1448
2.64,2026-05-25T18:58:15.476676,NAV_TO_STAGING,64.3,56.3,0.0,0.0000,-0.1559
3.15,2026-05-25T18:58:15.983829,NAV_TO_STAGING,60.8,56.3,0.0,0.0000,-0.1529
3.64,2026-05-25T18:58:16.476969,NAV_TO_STAGING,62.6,56.4,0.0,0.0000,-0.1545
4.14,2026-05-25T18:58:16.977156,NAV_TO_STAGING,63.0,56.4,0.0,0.0000,-0.1601
4.64,2026-05-25T18:58:17.477246,NAV_TO_STAGING,64.5,56.3,0.0,0.0000,-0.1635
5.15,2026-05-25T18:58:17.979174,NAV_TO_STAGING,64.8,56.3,0.0,0.0114,-0.1675
5.64,2026-05-25T18:58:18.477252,NAV_TO_STAGING,59.9,56.3,0.0,0.0120,-0.1714
6.14,2026-05-25T18:58:18.977562,NAV_TO_STAGING,64.6,56.3,0.0,0.0154,-0.1754
6.64,2026-05-25T18:58:19.476876,NAV_TO_STAGING,64.8,56.3,0.0,0.0170,-0.1774
7.14,2026-05-25T18:58:19.977824,NAV_TO_STAGING,63.0,56.3,0.0,0.0171,-0.1794
7.64,2026-05-25T18:58:20.476770,NAV_TO_STAGING,62.3,56.4,0.0,0.0179,-0.1775
8.14,2026-05-25T18:58:20.978794,NAV_TO_STAGING,61.7,56.4,0.0,0.0192,-0.1757
8.64,2026-05-25T18:58:21.476925,NAV_TO_STAGING,63.5,56.4,0.0,0.0209,-0.1751
9.15,2026-05-25T18:58:21.980690,NAV_TO_STAGING,60.1,56.3,0.0,0.0233,-0.1729
9.64,2026-05-25T18:58:22.476711,NAV_TO_STAGING,61.2,56.3,0.0,0.0228,-0.1703
10.14,2026-05-25T18:58:22.977225,NAV_TO_STAGING,62.5,56.4,0.0,0.0224,-0.1698
10.64,2026-05-25T18:58:23.476842,NAV_TO_STAGING,64.0,56.3,0.0,0.0238,-0.1682
11.14,2026-05-25T18:58:23.977291,NAV_TO_STAGING,59.4,56.4,0.0,0.0257,-0.1661
11.64,2026-05-25T18:58:24.476842,NAV_TO_STAGING,59.9,56.3,0.0,0.0270,-0.1630
12.14,2026-05-25T18:58:24.976996,NAV_TO_STAGING,62.0,56.4,0.0,0.0273,-0.1624
12.64,2026-05-25T18:58:25.476926,NAV_TO_STAGING,62.0,56.4,0.0,0.0274,-0.1627
13.14,2026-05-25T18:58:25.977900,NAV_TO_STAGING,60.1,56.4,0.0,0.0276,-0.1631
13.64,2026-05-25T18:58:26.476825,NAV_TO_STAGING,62.0,56.4,0.0,0.0278,-0.1629
14.14,2026-05-25T18:58:26.978728,NAV_TO_STAGING,62.1,56.4,0.0,0.0280,-0.1626
14.65,2026-05-25T18:58:27.480451,NAV_TO_STAGING,63.5,56.4,0.0,0.0282,-0.1591
15.14,2026-05-25T18:58:27.977051,NAV_TO_STAGING,59.6,56.4,0.0,0.0280,-0.1546
15.64,2026-05-25T18:58:28.476641,NAV_TO_STAGING,60.8,56.4,0.0,0.0283,-0.1499
16.15,2026-05-25T18:58:28.979358,NAV_TO_STAGING,61.1,56.4,0.0,0.0280,-0.1465
16.64,2026-05-25T18:58:29.476984,NAV_TO_STAGING,58.7,56.3,0.0,0.0283,-0.1434
17.14,2026-05-25T18:58:29.977830,NAV_TO_STAGING,61.6,56.4,0.0,0.0289,-0.1394
17.64,2026-05-25T18:58:30.477211,NAV_TO_STAGING,58.2,56.4,0.0,0.0291,-0.1369
18.14,2026-05-25T18:58:30.977485,NAV_TO_STAGING,63.1,56.4,0.0,0.0295,-0.1329
18.64,2026-05-25T18:58:31.477096,NAV_TO_STAGING,63.3,56.5,0.0,0.0301,-0.1288
19.14,2026-05-25T18:58:31.977323,NAV_TO_STAGING,56.1,56.5,0.0,0.0309,-0.1251
19.64,2026-05-25T18:58:32.476849,NAV_TO_STAGING,62.9,56.5,0.0,0.0314,-0.1214
20.14,2026-05-25T18:58:32.977214,NAV_TO_STAGING,62.7,56.5,0.0,0.0314,-0.1170
20.64,2026-05-25T18:58:33.477214,NAV_TO_STAGING,60.8,56.5,0.0,0.0311,-0.1156
21.15,2026-05-25T18:58:33.982180,NAV_TO_STAGING,62.2,56.4,0.0,0.0309,-0.1142
21.64,2026-05-25T18:58:34.476669,NAV_TO_STAGING,61.9,56.5,0.0,0.0306,-0.1115
22.14,2026-05-25T18:58:34.977843,NAV_TO_STAGING,60.4,56.5,0.0,0.0304,-0.1089
22.64,2026-05-25T18:58:35.476455,NAV_TO_STAGING,63.2,56.4,0.0,0.0304,-0.1073
23.14,2026-05-25T18:58:35.977906,NAV_TO_STAGING,58.5,56.4,0.0,0.0305,-0.1054
23.64,2026-05-25T18:58:36.476876,NAV_TO_STAGING,61.9,56.4,0.0,0.0301,-0.1043
24.14,2026-05-25T18:58:36.977375,NAV_TO_STAGING,59.7,56.3,0.0,0.0298,-0.1025
24.64,2026-05-25T18:58:37.476898,NAV_TO_STAGING,61.6,56.3,0.0,0.0294,-0.1008
25.14,2026-05-25T18:58:37.977054,NAV_TO_STAGING,60.1,56.3,0.0,0.0287,-0.1001
25.64,2026-05-25T18:58:38.476922,NAV_TO_STAGING,62.2,56.3,0.0,0.0281,-0.0997
26.15,2026-05-25T18:58:38.980783,NAV_TO_STAGING,61.8,56.3,0.0,0.0277,-0.0992
26.64,2026-05-25T18:58:39.477148,NAV_TO_STAGING,63.1,56.3,0.0,0.0272,-0.0987
27.14,2026-05-25T18:58:39.978849,NAV_TO_STAGING,56.7,56.3,0.0,0.0268,-0.0981
27.64,2026-05-25T18:58:40.477031,NAV_TO_STAGING,59.3,56.3,0.0,0.0246,-0.0971
28.14,2026-05-25T18:58:40.977882,NAV_TO_STAGING,59.5,56.2,0.0,0.0221,-0.0957
28.64,2026-05-25T18:58:41.477151,NAV_TO_STAGING,61.5,56.3,0.0,0.0191,-0.0936
29.14,2026-05-25T18:58:41.977497,NAV_TO_STAGING,58.5,56.3,0.0,0.0181,-0.0911
29.64,2026-05-25T18:58:42.476814,NAV_TO_STAGING,62.1,56.3,0.0,0.0169,-0.0886
30.14,2026-05-25T18:58:42.977614,NAV_TO_STAGING,59.5,56.3,0.0,0.0140,-0.0878
30.64,2026-05-25T18:58:43.476645,NAV_TO_STAGING,61.1,56.3,0.0,0.0135,-0.0874
31.14,2026-05-25T18:58:43.978531,NAV_TO_STAGING,58.4,56.3,0.0,0.0120,-0.0864
31.64,2026-05-25T18:58:44.476960,NAV_TO_STAGING,62.2,56.3,0.0,0.0106,-0.0894
32.14,2026-05-25T18:58:44.977351,NAV_TO_STAGING,60.5,56.4,0.0,0.0105,-0.0895
32.64,2026-05-25T18:58:45.476783,NAV_TO_STAGING,61.9,56.4,0.0,0.0105,-0.0926
33.14,2026-05-25T18:58:45.977310,NAV_TO_STAGING,58.6,56.3,0.0,0.0109,-0.0938
33.65,2026-05-25T18:58:46.481700,NAV_TO_STAGING,59.6,56.3,0.0,0.0000,-0.0936
34.14,2026-05-25T18:58:46.978693,NAV_TO_STAGING,61.8,56.4,0.0,0.0000,-0.0952
34.64,2026-05-25T18:58:47.476606,NAV_TO_STAGING,66.4,56.3,0.0,0.0101,-0.0978
35.14,2026-05-25T18:58:47.977287,NAV_TO_STAGING,56.9,56.4,0.0,0.0000,-0.1008
35.64,2026-05-25T18:58:48.477011,NAV_TO_STAGING,58.2,56.3,0.0,0.0000,-0.1042
36.14,2026-05-25T18:58:48.978166,NAV_TO_STAGING,59.7,56.3,0.0,0.0000,-0.1084
36.64,2026-05-25T18:58:49.478785,NAV_TO_STAGING,63.0,56.3,0.0,0.0000,-0.1089
37.14,2026-05-25T18:58:49.977772,NAV_TO_STAGING,60.9,56.4,0.0,0.0000,-0.1109
37.64,2026-05-25T18:58:50.477113,NAV_TO_STAGING,63.2,56.4,0.0,0.0000,-0.1100
38.14,2026-05-25T18:58:50.977399,NAV_TO_STAGING,61.5,56.4,0.0,0.0000,-0.1093
38.65,2026-05-25T18:58:51.480121,NAV_TO_STAGING,61.3,56.4,0.0,0.0000,-0.1117
39.14,2026-05-25T18:58:51.978525,NAV_TO_STAGING,62.8,56.4,0.0,0.0000,-0.1118
39.64,2026-05-25T18:58:52.476537,NAV_TO_STAGING,60.8,56.4,0.0,0.0000,-0.1112
40.14,2026-05-25T18:58:52.977640,NAV_TO_STAGING,62.7,56.3,0.0,0.0000,-0.1136
40.64,2026-05-25T18:58:53.477098,NAV_TO_STAGING,62.3,56.3,0.0,0.0000,-0.1177
41.15,2026-05-25T18:58:53.982164,NAV_TO_STAGING,64.0,56.3,0.0,0.0000,-0.1220
41.64,2026-05-25T18:58:54.476995,NAV_TO_STAGING,60.1,56.3,0.0,0.0000,-0.1252
42.14,2026-05-25T18:58:54.977817,NAV_TO_STAGING,63.2,56.4,0.0,0.0000,-0.1277
42.64,2026-05-25T18:58:55.477093,NAV_TO_STAGING,64.1,56.4,0.0,0.0000,-0.1307
43.14,2026-05-25T18:58:55.977136,NAV_TO_STAGING,58.0,56.4,0.0,0.0000,-0.1362
43.64,2026-05-25T18:58:56.476996,NAV_TO_STAGING,61.3,56.4,0.0,0.0000,0.0000
44.14,2026-05-25T18:58:56.978365,NAV_TO_STAGING,65.0,56.4,0.0,0.0000,0.0000
44.64,2026-05-25T18:58:57.477744,IDLE,60.8,56.4,0.0,0.0000,0.0000
45.15,2026-05-25T18:58:57.980596,IDLE,59.5,56.4,0.0,0.0000,0.0000
45.64,2026-05-25T18:58:58.476944,IDLE,58.4,56.4,0.0,0.0000,0.0000
46.14,2026-05-25T18:58:58.978624,IDLE,60.6,56.4,0.0,0.0000,0.0000
46.64,2026-05-25T18:58:59.476897,IDLE,61.1,56.4,0.0,0.0000,0.0000
47.14,2026-05-25T18:58:59.977112,IDLE,57.5,56.5,0.0,0.0000,0.0000
47.64,2026-05-25T18:59:00.477235,IDLE,62.4,56.5,0.0,0.0000,0.0000
48.14,2026-05-25T18:59:00.977340,IDLE,60.1,56.5,0.0,0.0000,0.0000
48.64,2026-05-25T18:59:01.476948,IDLE,59.8,56.5,0.0,0.0000,0.0000
49.14,2026-05-25T18:59:01.977412,IDLE,60.5,56.5,0.0,0.0000,0.0000
49.64,2026-05-25T18:59:02.477019,IDLE,60.1,56.4,0.0,0.0000,0.0000
50.14,2026-05-25T18:59:02.978470,IDLE,57.4,56.5,0.0,0.0000,0.0000
50.64,2026-05-25T18:59:03.476704,IDLE,62.5,56.5,0.0,0.0000,0.0000
51.14,2026-05-25T18:59:03.977407,IDLE,57.9,56.5,0.0,0.0000,0.0000
51.64,2026-05-25T18:59:04.477374,IDLE,59.1,56.5,0.0,0.0000,0.0000
52.14,2026-05-25T18:59:04.977575,IDLE,55.9,56.5,0.0,0.0000,0.0000
52.64,2026-05-25T18:59:05.477423,IDLE,61.1,56.3,0.0,0.0000,0.0000
53.14,2026-05-25T18:59:05.978171,IDLE,62.2,56.6,0.0,0.0000,0.0000
53.64,2026-05-25T18:59:06.476888,IDLE,60.9,56.6,0.0,0.0000,0.0000
54.14,2026-05-25T18:59:06.977481,IDLE,64.3,57.0,0.0,0.0000,0.0000
54.65,2026-05-25T18:59:07.481457,IDLE,66.2,56.9,0.0,0.0000,0.0000
55.14,2026-05-25T18:59:07.977126,IDLE,61.4,55.6,0.0,0.0000,0.0000
55.64,2026-05-25T18:59:08.477915,IDLE,58.6,55.6,0.0,0.0000,0.0000
56.14,2026-05-25T18:59:08.977958,IDLE,58.7,55.6,0.0,0.0000,0.0000
56.64,2026-05-25T18:59:09.477167,IDLE,60.7,55.6,0.0,0.0000,0.0000
57.14,2026-05-25T18:59:09.978055,IDLE,58.0,55.7,0.0,0.0000,0.0000
57.64,2026-05-25T18:59:10.478284,IDLE,57.0,55.7,0.0,0.0000,0.0000
58.14,2026-05-25T18:59:10.976673,IDLE,57.6,55.6,0.0,0.0000,0.0000
58.64,2026-05-25T18:59:11.477726,IDLE,61.9,55.7,0.0,0.0000,0.0000
59.14,2026-05-25T18:59:11.977755,IDLE,57.1,55.6,0.0,0.0000,0.0000
59.64,2026-05-25T18:59:12.476960,IDLE,59.3,55.6,0.0,0.0000,0.0000
60.14,2026-05-25T18:59:12.977778,IDLE,61.7,55.6,0.0,0.0000,0.0000
60.64,2026-05-25T18:59:13.476942,IDLE,58.1,55.7,0.0,0.0000,0.0000
61.14,2026-05-25T18:59:13.977684,IDLE,60.5,55.8,0.0,0.0000,0.0000
61.64,2026-05-25T18:59:14.477127,IDLE,56.0,55.7,0.0,0.0000,0.0000
62.14,2026-05-25T18:59:14.977468,IDLE,59.4,55.8,0.0,0.0000,0.0000
62.64,2026-05-25T18:59:15.477665,IDLE,59.2,55.8,0.0,0.0000,0.0000
63.14,2026-05-25T18:59:15.977819,IDLE,57.8,55.8,0.0,0.0000,0.0000
63.64,2026-05-25T18:59:16.477028,IDLE,58.3,55.8,0.0,0.0000,0.0000
64.15,2026-05-25T18:59:16.979564,IDLE,57.0,55.7,0.0,0.0000,0.0000
64.64,2026-05-25T18:59:17.477189,IDLE,60.6,55.7,0.0,0.0000,0.0000
65.14,2026-05-25T18:59:17.977674,IDLE,61.4,55.8,0.0,0.0000,0.0000
65.64,2026-05-25T18:59:18.477159,IDLE,54.1,55.8,0.0,0.0000,0.0000
66.14,2026-05-25T18:59:18.977956,IDLE,56.9,55.8,0.0,0.0000,0.0000
66.64,2026-05-25T18:59:19.477193,IDLE,61.6,55.8,0.0,0.0000,0.0000
67.14,2026-05-25T18:59:19.977327,IDLE,58.0,55.7,0.0,0.0000,0.0000
67.64,2026-05-25T18:59:20.477082,IDLE,58.0,55.8,0.0,0.0000,0.0000
68.14,2026-05-25T18:59:20.977391,IDLE,58.9,55.7,0.0,0.0000,0.0000
68.64,2026-05-25T18:59:21.477241,IDLE,58.6,55.7,0.0,0.0000,0.0000
69.14,2026-05-25T18:59:21.977657,IDLE,55.8,55.8,0.0,0.0000,0.0000
69.64,2026-05-25T18:59:22.476971,IDLE,58.5,55.8,0.0,0.0000,0.0000
70.14,2026-05-25T18:59:22.977468,IDLE,57.1,55.7,0.0,0.0000,0.0000
70.64,2026-05-25T18:59:23.477340,IDLE,58.6,55.8,0.0,0.0000,0.0000
71.14,2026-05-25T18:59:23.978227,IDLE,60.0,55.8,0.0,0.0000,0.0000
71.64,2026-05-25T18:59:24.477259,IDLE,57.0,55.8,0.0,0.0000,0.0000
72.14,2026-05-25T18:59:24.977503,IDLE,57.5,55.8,0.0,0.0000,0.0000
72.64,2026-05-25T18:59:25.477165,IDLE,62.1,55.8,0.0,0.0000,0.0000
73.15,2026-05-25T18:59:25.979827,IDLE,60.2,55.7,0.0,0.0000,0.0000
73.64,2026-05-25T18:59:26.477217,IDLE,57.8,55.9,0.0,0.0000,0.0000
74.14,2026-05-25T18:59:26.977927,IDLE,57.7,55.9,0.0,0.0000,0.0000
74.65,2026-05-25T18:59:27.480626,IDLE,66.0,55.8,0.0,0.0000,0.0000
75.14,2026-05-25T18:59:27.977346,IDLE,57.6,55.8,0.0,0.0000,0.0000
75.64,2026-05-25T18:59:28.477394,IDLE,56.9,55.8,0.0,0.0000,0.0000
76.14,2026-05-25T18:59:28.977110,IDLE,61.2,55.9,0.0,0.0000,0.0000
76.64,2026-05-25T18:59:29.478323,IDLE,58.9,55.9,0.0,0.0000,0.0000
77.14,2026-05-25T18:59:29.978344,IDLE,58.3,55.9,0.0,0.0000,0.0000
77.64,2026-05-25T18:59:30.476940,IDLE,63.3,55.9,0.0,0.0000,0.0000
78.14,2026-05-25T18:59:30.977876,IDLE,58.6,55.7,0.0,0.0000,0.0000
78.64,2026-05-25T18:59:31.477168,IDLE,63.1,55.7,0.0,0.0000,0.0000
79.14,2026-05-25T18:59:31.977767,IDLE,56.9,55.8,0.0,0.0000,0.0000
79.64,2026-05-25T18:59:32.477795,IDLE,61.1,55.7,0.0,0.0000,0.0000
80.14,2026-05-25T18:59:32.977758,IDLE,58.1,55.7,0.0,0.0000,0.0000
80.64,2026-05-25T18:59:33.477076,IDLE,60.0,55.7,0.0,0.0000,0.0000
81.14,2026-05-25T18:59:33.977613,IDLE,59.9,55.6,0.0,0.0000,0.0000
81.64,2026-05-25T18:59:34.477191,IDLE,60.4,55.7,0.0,0.0000,0.0000
82.14,2026-05-25T18:59:34.977631,IDLE,57.3,55.7,0.0,0.0000,0.0000
82.64,2026-05-25T18:59:35.477678,IDLE,63.6,55.8,0.0,0.0000,0.0000
83.14,2026-05-25T18:59:35.977708,IDLE,60.2,55.7,0.0,0.0000,0.0000
83.64,2026-05-25T18:59:36.477120,IDLE,58.6,55.7,0.0,0.0000,0.0000
84.14,2026-05-25T18:59:36.977289,IDLE,59.9,55.8,0.0,0.0000,0.0000
84.64,2026-05-25T18:59:37.478363,IDLE,58.6,55.8,0.0,0.0000,0.0000
85.14,2026-05-25T18:59:37.977717,IDLE,59.1,55.8,0.0,0.0000,0.0000
85.65,2026-05-25T18:59:38.480094,IDLE,60.1,55.7,0.0,0.0000,0.0000
86.15,2026-05-25T18:59:38.981795,IDLE,60.3,55.7,0.0,0.0000,0.0000
86.64,2026-05-25T18:59:39.476845,IDLE,63.0,55.7,0.0,0.0000,0.0000
87.14,2026-05-25T18:59:39.977895,IDLE,56.3,55.7,0.0,0.0000,0.0000
87.64,2026-05-25T18:59:40.477660,IDLE,61.1,55.8,0.0,0.0000,0.0000
88.15,2026-05-25T18:59:40.978953,IDLE,62.3,55.8,0.0,0.0000,0.0000
88.64,2026-05-25T18:59:41.477938,IDLE,62.8,55.8,0.0,0.0000,0.0000
89.14,2026-05-25T18:59:41.977315,IDLE,56.9,55.9,0.0,0.0000,0.0000
89.64,2026-05-25T18:59:42.477279,IDLE,57.6,55.8,0.0,0.0000,0.0000
90.14,2026-05-25T18:59:42.977827,IDLE,60.3,55.7,0.0,0.0000,0.0000
90.65,2026-05-25T18:59:43.479037,IDLE,62.5,55.8,0.0,0.0000,0.0000
91.14,2026-05-25T18:59:43.977757,IDLE,57.8,55.8,0.0,0.0000,0.0000
91.64,2026-05-25T18:59:44.477720,IDLE,61.7,55.8,0.0,0.0000,0.0000
92.15,2026-05-25T18:59:44.979281,IDLE,61.2,55.8,0.0,0.0000,0.0000
92.64,2026-05-25T18:59:45.477247,IDLE,59.8,55.8,0.0,0.0000,0.0000
93.14,2026-05-25T18:59:45.977335,IDLE,57.6,55.8,0.0,0.0000,0.0000
93.64,2026-05-25T18:59:46.478145,IDLE,59.0,55.8,0.0,0.0000,0.0000
94.14,2026-05-25T18:59:46.977329,IDLE,57.9,55.8,0.0,0.0000,0.0000
94.64,2026-05-25T18:59:47.476944,IDLE,60.3,55.7,0.0,0.0000,0.0000
95.14,2026-05-25T18:59:47.977500,IDLE,55.6,55.8,0.0,0.0000,0.0000
95.64,2026-05-25T18:59:48.477063,IDLE,57.6,55.8,0.0,0.0000,0.0000
96.14,2026-05-25T18:59:48.977264,IDLE,56.0,55.8,0.0,0.0000,0.0000
96.64,2026-05-25T18:59:49.478484,IDLE,64.6,55.8,0.0,0.0000,0.0000
97.15,2026-05-25T18:59:49.979734,IDLE,59.4,55.8,0.0,0.0000,0.0000
97.64,2026-05-25T18:59:50.477200,IDLE,59.0,55.8,0.0,0.0000,0.0000
98.14,2026-05-25T18:59:50.977088,IDLE,59.5,55.8,0.0,0.0000,0.0000
98.64,2026-05-25T18:59:51.476987,IDLE,63.1,55.9,0.0,0.0000,0.0000
99.14,2026-05-25T18:59:51.977693,IDLE,57.7,55.9,0.0,0.0000,0.0000
99.64,2026-05-25T18:59:52.478605,IDLE,58.8,55.9,0.0,0.0000,0.0000
100.15,2026-05-25T18:59:52.980604,IDLE,59.1,55.9,0.0,0.0000,0.0000
100.64,2026-05-25T18:59:53.477213,IDLE,57.2,55.9,0.0,0.0000,0.0000
101.14,2026-05-25T18:59:53.977358,IDLE,57.5,55.9,0.0,0.0000,0.0000
101.64,2026-05-25T18:59:54.477107,IDLE,56.9,55.9,0.0,0.0000,0.0000
102.14,2026-05-25T18:59:54.978244,IDLE,59.4,55.9,0.0,0.0000,0.0000
102.64,2026-05-25T18:59:55.476983,IDLE,60.6,55.9,0.0,0.0000,0.0000
103.15,2026-05-25T18:59:55.978930,IDLE,59.0,55.9,0.0,0.0000,0.0000
103.64,2026-05-25T18:59:56.476953,IDLE,57.5,56.0,0.0,0.0000,0.0000
104.14,2026-05-25T18:59:56.977387,IDLE,60.3,55.9,0.0,0.0000,0.0000
104.64,2026-05-25T18:59:57.477058,IDLE,63.3,55.9,0.0,0.0000,0.0000
105.15,2026-05-25T18:59:57.978938,IDLE,59.5,55.9,0.0,0.0000,0.0000
105.64,2026-05-25T18:59:58.478205,IDLE,57.7,55.9,0.0,0.0000,0.0000
106.14,2026-05-25T18:59:58.977293,IDLE,61.4,55.9,0.0,0.0000,0.0000
106.64,2026-05-25T18:59:59.476833,IDLE,63.6,55.9,0.0,0.0000,0.0000
107.14,2026-05-25T18:59:59.976988,IDLE,58.4,55.9,0.0,0.0000,0.0000
107.64,2026-05-25T19:00:00.477044,IDLE,58.8,55.9,0.0,0.0000,0.0000
108.14,2026-05-25T19:00:00.978070,IDLE,60.3,56.0,0.0,0.0000,0.0000
108.64,2026-05-25T19:00:01.477077,IDLE,58.6,55.9,0.0,0.0000,0.0000
109.15,2026-05-25T19:00:01.981078,IDLE,61.5,55.9,0.0,0.0000,0.0000
109.64,2026-05-25T19:00:02.477186,IDLE,61.2,55.9,0.0,0.0000,0.0000
110.14,2026-05-25T19:00:02.977347,IDLE,59.4,55.9,0.0,0.0000,0.0000
110.64,2026-05-25T19:00:03.476983,IDLE,59.5,56.0,0.0,0.0000,0.0000
111.14,2026-05-25T19:00:03.978105,IDLE,57.1,56.0,0.0,0.0000,0.0000
111.64,2026-05-25T19:00:04.477426,IDLE,60.3,56.0,0.0,0.0000,0.0000
112.14,2026-05-25T19:00:04.978356,IDLE,56.5,56.0,0.0,0.0000,0.0000
112.64,2026-05-25T19:00:05.477050,IDLE,58.6,56.0,0.0,0.0000,0.0000
113.14,2026-05-25T19:00:05.978276,IDLE,59.7,56.0,0.0,0.0000,0.0000
113.64,2026-05-25T19:00:06.477161,IDLE,58.6,56.0,0.0,0.0000,0.0000
114.14,2026-05-25T19:00:06.977451,IDLE,59.4,56.0,0.0,0.0000,0.0000
114.64,2026-05-25T19:00:07.477175,IDLE,62.3,56.1,0.0,0.0000,0.0000
115.14,2026-05-25T19:00:07.977117,IDLE,57.1,56.0,0.0,0.0000,0.0000
115.64,2026-05-25T19:00:08.477194,IDLE,61.8,56.0,0.0,0.0000,0.0000
116.14,2026-05-25T19:00:08.978199,IDLE,57.3,56.0,0.0,0.0000,0.0000
116.64,2026-05-25T19:00:09.477145,IDLE,58.6,56.0,0.0,0.0000,0.0000
117.14,2026-05-25T19:00:09.977937,IDLE,56.9,56.0,0.0,0.0000,0.0000
117.64,2026-05-25T19:00:10.477139,IDLE,57.1,56.1,0.0,0.0000,0.0000
118.14,2026-05-25T19:00:10.977333,IDLE,56.9,56.1,0.0,0.0000,0.0000
118.65,2026-05-25T19:00:11.480626,IDLE,62.2,56.1,0.0,0.0000,0.0000
119.15,2026-05-25T19:00:11.982696,IDLE,56.6,56.1,0.0,0.0000,0.0000
119.64,2026-05-25T19:00:12.477012,IDLE,64.0,56.1,0.0,0.0000,0.0000
120.14,2026-05-25T19:00:12.977619,IDLE,60.3,55.7,0.0,0.0000,0.0000
120.64,2026-05-25T19:00:13.477632,IDLE,59.9,55.7,0.0,0.0000,0.0000
121.14,2026-05-25T19:00:13.977646,IDLE,58.7,55.7,0.0,0.0000,0.0000
121.64,2026-05-25T19:00:14.477745,IDLE,59.8,55.8,0.0,0.0000,0.0000
122.15,2026-05-25T19:00:14.978968,IDLE,55.3,55.8,0.0,0.0000,0.0000
122.64,2026-05-25T19:00:15.476710,IDLE,61.7,55.8,0.0,0.0000,0.0000
123.14,2026-05-25T19:00:15.977650,IDLE,55.8,55.8,0.0,0.0000,0.0000
123.64,2026-05-25T19:00:16.477074,IDLE,58.9,55.8,0.0,0.0000,0.0000
124.14,2026-05-25T19:00:16.977759,IDLE,60.1,55.8,0.0,0.0000,0.0000
124.64,2026-05-25T19:00:17.477257,IDLE,59.4,55.8,0.0,0.0000,0.0000
125.14,2026-05-25T19:00:17.977296,IDLE,60.3,55.8,0.0,0.0000,0.0000
125.64,2026-05-25T19:00:18.477152,IDLE,59.7,55.8,0.0,0.0000,0.0000
126.14,2026-05-25T19:00:18.978096,IDLE,58.1,55.8,0.0,0.0000,0.0000
126.64,2026-05-25T19:00:19.477652,IDLE,58.7,55.8,0.0,0.0000,0.0000
127.15,2026-05-25T19:00:19.979691,IDLE,56.6,55.9,0.0,0.0000,0.0000
127.64,2026-05-25T19:00:20.476911,IDLE,58.0,55.8,0.0,0.0000,0.0000
128.14,2026-05-25T19:00:20.976930,IDLE,59.5,55.8,0.0,0.0000,0.0000
128.64,2026-05-25T19:00:21.477108,IDLE,58.1,55.8,0.0,0.0000,0.0000
129.14,2026-05-25T19:00:21.977708,IDLE,58.3,55.8,0.0,0.0000,0.0000
129.64,2026-05-25T19:00:22.477218,IDLE,58.2,55.8,0.0,0.0000,0.0000
130.14,2026-05-25T19:00:22.978005,IDLE,57.3,55.8,0.0,0.0000,0.0000
130.64,2026-05-25T19:00:23.476909,IDLE,61.4,55.9,0.0,0.0000,0.0000
131.14,2026-05-25T19:00:23.976886,IDLE,54.0,55.8,0.0,0.0000,0.0000
131.65,2026-05-25T19:00:24.479175,IDLE,56.1,55.8,0.0,0.0000,0.0000
132.15,2026-05-25T19:00:24.979188,IDLE,56.1,55.8,0.0,0.0000,0.0000
132.64,2026-05-25T19:00:25.477836,IDLE,59.9,55.8,0.0,0.0000,0.0000
133.14,2026-05-25T19:00:25.977349,IDLE,57.4,55.8,0.0,0.0000,0.0000
133.64,2026-05-25T19:00:26.477615,IDLE,57.5,55.8,0.0,0.0000,0.0000
134.15,2026-05-25T19:00:26.979573,IDLE,58.6,55.8,0.0,0.0000,0.0000
134.64,2026-05-25T19:00:27.476813,IDLE,60.1,55.8,0.0,0.0000,0.0000
135.15,2026-05-25T19:00:27.979776,IDLE,60.1,55.8,0.0,0.0000,0.0000
135.65,2026-05-25T19:00:28.479395,IDLE,59.7,55.8,0.0,0.0000,0.0000
136.15,2026-05-25T19:00:28.979685,IDLE,57.0,55.9,0.0,0.0000,0.0000
136.64,2026-05-25T19:00:29.477559,IDLE,58.6,55.9,0.0,0.0000,0.0000
137.15,2026-05-25T19:00:29.979057,IDLE,62.5,55.8,0.0,0.0000,0.0000
137.64,2026-05-25T19:00:30.477587,IDLE,57.2,55.9,0.0,0.0000,0.0000
138.14,2026-05-25T19:00:30.977439,IDLE,55.7,55.8,0.0,0.0000,0.0000
138.64,2026-05-25T19:00:31.476777,IDLE,62.6,55.8,0.0,0.0000,0.0000
139.14,2026-05-25T19:00:31.977804,IDLE,56.7,55.9,0.0,0.0000,0.0000
139.64,2026-05-25T19:00:32.477361,IDLE,58.5,55.9,0.0,0.0000,0.0000
140.14,2026-05-25T19:00:32.977363,IDLE,59.7,55.9,0.0,0.0000,0.0000
140.64,2026-05-25T19:00:33.478114,IDLE,61.7,56.0,0.0,0.0000,0.0000
141.15,2026-05-25T19:00:33.978964,IDLE,57.1,55.9,0.0,0.0000,0.0000
141.64,2026-05-25T19:00:34.477143,IDLE,58.8,55.9,0.0,0.0000,0.0000
142.14,2026-05-25T19:00:34.978775,IDLE,58.1,55.9,0.0,0.0000,0.0000
142.64,2026-05-25T19:00:35.476951,IDLE,58.4,56.0,0.0,0.0000,0.0000
143.14,2026-05-25T19:00:35.977479,IDLE,56.1,55.8,0.0,0.0000,0.0000
143.64,2026-05-25T19:00:36.477387,IDLE,56.2,55.9,0.0,0.0000,0.0000
144.14,2026-05-25T19:00:36.977851,IDLE,57.8,55.8,0.0,0.0000,0.0000
144.64,2026-05-25T19:00:37.476922,IDLE,60.8,55.8,0.0,0.0000,0.0000
145.14,2026-05-25T19:00:37.977800,IDLE,57.4,55.8,0.0,0.0000,0.0000
145.64,2026-05-25T19:00:38.477162,IDLE,57.2,55.9,0.0,0.0000,0.0000
146.15,2026-05-25T19:00:38.979267,IDLE,56.1,55.9,0.0,0.0000,0.0000
146.64,2026-05-25T19:00:39.477614,IDLE,61.5,55.8,0.0,0.0000,0.0000
147.15,2026-05-25T19:00:39.979911,IDLE,60.4,55.9,0.0,0.0000,0.0000
147.64,2026-05-25T19:00:40.477098,IDLE,56.7,55.8,0.0,0.0000,0.0000
148.14,2026-05-25T19:00:40.978191,IDLE,56.7,55.7,0.0,0.0000,0.0000
148.64,2026-05-25T19:00:41.477566,IDLE,60.2,55.6,0.0,0.0000,0.0000
149.14,2026-05-25T19:00:41.978534,IDLE,56.4,55.7,0.0,0.0000,0.0000
149.64,2026-05-25T19:00:42.477124,IDLE,58.3,55.7,0.0,0.0000,0.0000
150.15,2026-05-25T19:00:42.980200,IDLE,56.4,55.7,0.0,0.0000,0.0000
150.64,2026-05-25T19:00:43.477274,IDLE,58.5,55.8,0.0,0.0000,0.0000
151.15,2026-05-25T19:00:43.982573,IDLE,59.9,55.8,0.0,0.0000,0.0000
151.64,2026-05-25T19:00:44.477281,IDLE,55.7,55.7,0.0,0.0000,0.0000
152.14,2026-05-25T19:00:44.977090,IDLE,56.7,55.8,0.0,0.0000,0.0000
152.64,2026-05-25T19:00:45.476936,IDLE,61.7,55.7,0.0,0.0000,0.0000
153.15,2026-05-25T19:00:45.979413,IDLE,62.3,55.9,0.0,0.0000,0.0000
153.64,2026-05-25T19:00:46.476996,IDLE,54.8,55.7,0.0,0.0000,0.0000
154.14,2026-05-25T19:00:46.977109,IDLE,55.0,55.8,0.0,0.0000,0.0000
154.64,2026-05-25T19:00:47.477343,IDLE,60.9,55.7,0.0,0.0000,0.0000
155.14,2026-05-25T19:00:47.977340,IDLE,54.1,55.7,0.0,0.0000,0.0000
155.64,2026-05-25T19:00:48.477523,IDLE,59.3,55.7,0.0,0.0000,0.0000
156.15,2026-05-25T19:00:48.978978,IDLE,61.5,55.7,0.0,0.0000,0.0000
156.64,2026-05-25T19:00:49.477213,IDLE,57.1,55.7,0.0,0.0000,0.0000
157.15,2026-05-25T19:00:49.984026,IDLE,59.6,55.7,0.0,0.0000,0.0000
157.64,2026-05-25T19:00:50.477514,IDLE,54.9,55.7,0.0,0.0000,0.0000
158.15,2026-05-25T19:00:50.979988,IDLE,56.7,55.7,0.0,0.0000,0.0000
158.64,2026-05-25T19:00:51.477272,IDLE,59.5,55.6,0.0,0.0000,0.0000
159.15,2026-05-25T19:00:51.979177,IDLE,57.1,55.8,0.0,0.0000,0.0000
159.64,2026-05-25T19:00:52.477085,IDLE,57.4,55.8,0.0,0.0000,0.0000
160.14,2026-05-25T19:00:52.977382,IDLE,58.5,55.7,0.0,0.0000,0.0000
160.64,2026-05-25T19:00:53.477039,IDLE,60.4,55.7,0.0,0.0000,0.0000
161.14,2026-05-25T19:00:53.978481,IDLE,54.9,55.7,0.0,0.0000,0.0000
161.64,2026-05-25T19:00:54.477110,IDLE,54.7,55.7,0.0,0.0000,0.0000
162.14,2026-05-25T19:00:54.976593,IDLE,58.8,55.7,0.0,0.0000,0.0000
162.64,2026-05-25T19:00:55.476927,IDLE,63.4,55.7,0.0,0.0000,0.0000
163.15,2026-05-25T19:00:55.982553,IDLE,54.8,55.7,0.0,0.0000,0.0000
163.64,2026-05-25T19:00:56.477263,IDLE,56.4,55.7,0.0,0.0000,0.0000
164.14,2026-05-25T19:00:56.977677,IDLE,54.5,55.7,0.0,0.0000,0.0000
164.64,2026-05-25T19:00:57.477429,IDLE,56.5,55.7,0.0,0.0000,0.0000
165.14,2026-05-25T19:00:57.978458,IDLE,59.7,55.6,0.0,0.0000,0.0000
165.64,2026-05-25T19:00:58.477365,IDLE,60.1,55.6,0.0,0.0000,0.0000
166.14,2026-05-25T19:00:58.978571,IDLE,54.9,55.7,0.0,0.0000,0.0000
166.64,2026-05-25T19:00:59.477409,IDLE,56.9,55.7,0.0,0.0000,0.0000
167.14,2026-05-25T19:00:59.978331,IDLE,60.3,55.7,0.0,0.0000,0.0000
167.65,2026-05-25T19:01:00.479595,IDLE,52.1,55.8,0.0,0.0000,0.0000
168.14,2026-05-25T19:01:00.977635,IDLE,58.0,55.7,0.0,0.0000,0.0000
168.64,2026-05-25T19:01:01.477979,IDLE,59.0,55.7,0.0,0.0000,0.0000
169.14,2026-05-25T19:01:01.977503,IDLE,61.2,55.7,0.0,0.0000,0.0000
169.64,2026-05-25T19:01:02.478266,IDLE,58.4,55.7,0.0,0.0000,0.0000
170.14,2026-05-25T19:01:02.977433,IDLE,57.4,55.6,0.0,0.0000,0.0000
170.64,2026-05-25T19:01:03.476823,IDLE,61.3,55.5,0.0,0.0000,0.0000
171.14,2026-05-25T19:01:03.977466,IDLE,56.3,55.5,0.0,0.0000,0.0000
171.64,2026-05-25T19:01:04.477036,IDLE,57.9,55.5,0.0,0.0000,0.0000
172.15,2026-05-25T19:01:04.979792,IDLE,59.7,55.6,0.0,0.0000,0.0000
172.64,2026-05-25T19:01:05.477367,IDLE,58.3,55.6,0.0,0.0000,0.0000
173.15,2026-05-25T19:01:05.979783,IDLE,57.6,55.5,0.0,0.0000,0.0000
173.64,2026-05-25T19:01:06.477187,IDLE,55.0,55.6,0.0,0.0000,0.0000
174.14,2026-05-25T19:01:06.978707,IDLE,57.0,55.6,0.0,0.0000,0.0000
174.64,2026-05-25T19:01:07.477140,IDLE,59.6,55.5,0.0,0.0000,0.0000
175.14,2026-05-25T19:01:07.977132,IDLE,57.2,55.5,0.0,0.0000,0.0000
175.64,2026-05-25T19:01:08.477243,IDLE,58.4,55.5,0.0,0.0000,0.0000
176.14,2026-05-25T19:01:08.976832,IDLE,58.5,55.6,0.0,0.0000,0.0000
176.64,2026-05-25T19:01:09.476837,IDLE,62.9,55.5,0.0,0.0000,0.0000
177.15,2026-05-25T19:01:09.980982,IDLE,58.6,55.6,0.0,0.0000,0.0000
177.64,2026-05-25T19:01:10.478235,IDLE,56.5,55.6,0.0,0.0000,0.0000
178.15,2026-05-25T19:01:10.979886,IDLE,57.8,55.6,0.0,0.0000,0.0000
178.64,2026-05-25T19:01:11.476959,IDLE,63.7,55.5,0.0,0.0000,0.0000
179.14,2026-05-25T19:01:11.977657,IDLE,57.7,55.6,0.0,0.0000,0.0000
179.64,2026-05-25T19:01:12.477277,IDLE,57.7,55.5,0.0,0.0000,0.0000
180.15,2026-05-25T19:01:12.979835,IDLE,58.8,55.6,0.0,0.0000,0.0000
180.64,2026-05-25T19:01:13.477657,IDLE,62.2,55.6,0.0,0.0000,0.0000
181.14,2026-05-25T19:01:13.978764,IDLE,56.7,55.6,0.0,0.0000,0.0000
181.64,2026-05-25T19:01:14.477245,IDLE,58.1,55.6,0.0,0.0000,0.0000
182.15,2026-05-25T19:01:14.979946,IDLE,61.4,55.6,0.0,0.0000,0.0000
182.64,2026-05-25T19:01:15.477500,IDLE,59.2,55.6,0.0,0.0000,0.0000
183.14,2026-05-25T19:01:15.977752,IDLE,57.4,55.6,0.0,0.0000,0.0000
183.64,2026-05-25T19:01:16.477231,IDLE,59.3,55.6,0.0,0.0000,0.0000
184.14,2026-05-25T19:01:16.977767,IDLE,58.5,55.6,0.0,0.0000,0.0000
184.64,2026-05-25T19:01:17.477274,IDLE,60.9,55.7,0.0,0.0000,0.0000
185.14,2026-05-25T19:01:17.977799,IDLE,58.9,55.7,0.0,0.0000,0.0000
185.64,2026-05-25T19:01:18.477121,IDLE,58.3,55.6,0.0,0.0000,0.0000
186.14,2026-05-25T19:01:18.978733,IDLE,60.4,55.7,0.0,0.0000,0.0000
186.64,2026-05-25T19:01:19.476752,IDLE,65.2,55.7,0.0,0.0000,0.0000
187.14,2026-05-25T19:01:19.976813,IDLE,58.1,55.6,0.0,0.0000,0.0000
187.64,2026-05-25T19:01:20.477175,IDLE,57.9,55.7,0.0,0.0000,0.0000
188.14,2026-05-25T19:01:20.977225,IDLE,58.8,55.7,0.0,0.0000,0.0000
188.64,2026-05-25T19:01:21.477549,IDLE,56.0,55.7,0.0,0.0000,0.0000
189.14,2026-05-25T19:01:21.976651,IDLE,62.3,55.7,0.0,0.0000,0.0000
189.64,2026-05-25T19:01:22.477139,IDLE,55.0,55.6,0.0,0.0000,0.0000
190.14,2026-05-25T19:01:22.977537,IDLE,56.0,55.7,0.0,0.0000,0.0000
190.64,2026-05-25T19:01:23.477137,IDLE,58.2,55.7,0.0,0.0000,0.0000
191.14,2026-05-25T19:01:23.977858,IDLE,60.6,55.7,0.0,0.0000,0.0000
191.64,2026-05-25T19:01:24.477435,IDLE,58.0,55.6,0.0,0.0000,0.0000
192.15,2026-05-25T19:01:24.979852,IDLE,60.1,55.7,0.0,0.0000,0.0000
192.64,2026-05-25T19:01:25.477039,IDLE,60.5,55.6,0.0,0.0000,0.0000
193.14,2026-05-25T19:01:25.978041,IDLE,58.5,55.7,0.0,0.0000,0.0000
193.64,2026-05-25T19:01:26.477367,IDLE,56.6,55.7,0.0,0.0000,0.0000
194.14,2026-05-25T19:01:26.977875,IDLE,58.9,55.6,0.0,0.0000,0.0000
194.64,2026-05-25T19:01:27.476896,IDLE,63.5,55.7,0.0,0.0000,0.0000
195.15,2026-05-25T19:01:27.979762,IDLE,59.1,55.7,0.0,0.0000,0.0000
195.64,2026-05-25T19:01:28.477339,IDLE,56.1,55.7,0.0,0.0000,0.0000
196.14,2026-05-25T19:01:28.978350,IDLE,61.1,55.7,0.0,0.0000,0.0000
196.64,2026-05-25T19:01:29.477175,IDLE,60.1,55.7,0.0,0.0000,0.0000
197.14,2026-05-25T19:01:29.978505,IDLE,58.7,55.7,0.0,0.0000,0.0000
197.64,2026-05-25T19:01:30.477277,IDLE,56.7,55.7,0.0,0.0000,0.0000
198.14,2026-05-25T19:01:30.977260,IDLE,58.8,55.7,0.0,0.0000,0.0000
198.64,2026-05-25T19:01:31.476824,IDLE,63.9,55.8,0.0,0.0000,0.0000
199.14,2026-05-25T19:01:31.978483,IDLE,59.9,55.8,0.0,0.0000,0.0000
199.65,2026-05-25T19:01:32.480608,IDLE,57.8,55.8,0.0,0.0000,0.0000
200.14,2026-05-25T19:01:32.976673,IDLE,60.3,55.8,0.0,0.0000,0.0000
200.64,2026-05-25T19:01:33.477561,IDLE,61.1,55.8,0.0,0.0000,0.0000
201.14,2026-05-25T19:01:33.977735,IDLE,56.0,55.7,0.0,0.0000,0.0000
201.64,2026-05-25T19:01:34.477600,IDLE,56.9,55.8,0.0,0.0000,0.0000
202.14,2026-05-25T19:01:34.977777,IDLE,58.8,55.7,0.0,0.0000,0.0000
202.64,2026-05-25T19:01:35.476886,IDLE,59.5,55.8,0.0,0.0000,0.0000
203.14,2026-05-25T19:01:35.977989,IDLE,57.6,55.8,0.0,0.0000,0.0000
203.64,2026-05-25T19:01:36.477122,IDLE,56.0,55.7,0.0,0.0000,0.0000
204.15,2026-05-25T19:01:36.979521,IDLE,56.6,55.8,0.0,0.0000,0.0000
204.64,2026-05-25T19:01:37.477370,IDLE,60.1,55.8,0.0,0.0000,0.0000
205.15,2026-05-25T19:01:37.981031,IDLE,60.2,55.7,0.0,0.0000,0.0000
205.64,2026-05-25T19:01:38.477336,IDLE,58.4,55.8,0.0,0.0000,0.0000
206.15,2026-05-25T19:01:38.983828,IDLE,59.4,55.9,0.0,0.0000,0.0000
206.64,2026-05-25T19:01:39.477924,IDLE,57.5,55.8,0.0,0.0000,0.0000
207.14,2026-05-25T19:01:39.977467,IDLE,59.1,55.8,0.0,0.0000,0.0000
207.65,2026-05-25T19:01:40.480203,IDLE,59.2,55.7,0.0,0.0000,0.0000
208.14,2026-05-25T19:01:40.977565,IDLE,57.5,55.7,0.0,0.0000,0.0000
208.64,2026-05-25T19:01:41.477311,IDLE,60.9,55.8,0.0,0.0000,0.0000
209.14,2026-05-25T19:01:41.977414,IDLE,60.8,55.8,0.0,0.0000,0.0000
209.64,2026-05-25T19:01:42.477240,IDLE,56.2,55.8,0.0,0.0000,0.0000
210.14,2026-05-25T19:01:42.978556,IDLE,60.6,55.8,0.0,0.0000,0.0000
210.64,2026-05-25T19:01:43.477013,IDLE,63.9,55.8,0.0,0.0000,0.0000
211.14,2026-05-25T19:01:43.978327,IDLE,55.9,55.9,0.0,0.0000,0.0000
211.64,2026-05-25T19:01:44.477415,IDLE,56.7,55.8,0.0,0.0000,0.0000
212.14,2026-05-25T19:01:44.978210,IDLE,60.6,55.9,0.0,0.0000,0.0000
212.64,2026-05-25T19:01:45.478343,IDLE,62.0,55.9,0.0,0.0000,0.0000
213.14,2026-05-25T19:01:45.978446,IDLE,61.0,55.9,0.0,0.0000,0.0000
213.64,2026-05-25T19:01:46.477085,IDLE,58.1,55.8,0.0,0.0000,0.0000
214.14,2026-05-25T19:01:46.978009,IDLE,57.0,55.9,0.0,0.0000,0.0000
214.64,2026-05-25T19:01:47.476954,IDLE,58.5,55.9,0.0,0.0000,0.0000
215.14,2026-05-25T19:01:47.977360,IDLE,59.2,55.8,0.0,0.0000,0.0000
215.64,2026-05-25T19:01:48.477167,IDLE,59.0,55.9,0.0,0.0000,0.0000
216.15,2026-05-25T19:01:48.981481,IDLE,57.2,55.9,0.0,0.0000,0.0000
216.64,2026-05-25T19:01:49.477539,IDLE,59.9,55.8,0.0,0.0000,0.0000
217.14,2026-05-25T19:01:49.977780,IDLE,59.9,55.9,0.0,0.0000,0.0000
217.64,2026-05-25T19:01:50.477337,IDLE,59.5,56.0,0.0,0.0000,0.0000
218.14,2026-05-25T19:01:50.976914,IDLE,59.3,56.0,0.0,0.0000,0.0000
218.64,2026-05-25T19:01:51.478562,IDLE,63.4,56.0,0.0,0.0000,0.0000
219.15,2026-05-25T19:01:51.979820,IDLE,62.0,56.0,0.0,0.0000,0.0000
219.64,2026-05-25T19:01:52.477329,IDLE,60.1,56.0,0.0,0.0000,0.0000
220.15,2026-05-25T19:01:52.979382,IDLE,60.8,56.1,0.0,0.0000,0.0000
220.64,2026-05-25T19:01:53.477212,IDLE,57.6,56.0,0.0,0.0000,0.0000
221.14,2026-05-25T19:01:53.977279,IDLE,61.1,56.0,0.0,0.0000,0.0000
221.64,2026-05-25T19:01:54.477069,IDLE,57.8,56.0,0.0,0.0000,0.0000
222.14,2026-05-25T19:01:54.978521,IDLE,61.3,56.0,0.0,0.0000,0.0000
222.64,2026-05-25T19:01:55.477146,IDLE,62.0,56.0,0.0,0.0000,0.0000
223.14,2026-05-25T19:01:55.977866,IDLE,57.1,56.0,0.0,0.0000,0.0000
223.64,2026-05-25T19:01:56.477156,IDLE,56.9,56.0,0.0,0.0000,0.0000
224.14,2026-05-25T19:01:56.976863,IDLE,58.4,56.0,0.0,0.0000,0.0000
224.64,2026-05-25T19:01:57.477122,IDLE,64.0,56.0,0.0,0.0000,0.0000
225.14,2026-05-25T19:01:57.978832,IDLE,55.6,56.1,0.0,0.0000,0.0000
225.64,2026-05-25T19:01:58.477420,IDLE,57.5,56.1,0.0,0.0000,0.0000
226.14,2026-05-25T19:01:58.977821,IDLE,58.9,56.1,0.0,0.0000,0.0000
226.64,2026-05-25T19:01:59.477006,IDLE,63.0,56.1,0.0,0.0000,0.0000
227.14,2026-05-25T19:01:59.977120,IDLE,57.7,56.0,0.0,0.0000,0.0000
227.64,2026-05-25T19:02:00.477172,IDLE,56.9,56.1,0.0,0.0000,0.0000
228.14,2026-05-25T19:02:00.977309,IDLE,63.1,56.0,0.0,0.0000,0.0000
228.64,2026-05-25T19:02:01.477166,IDLE,56.3,56.1,0.0,0.0000,0.0000
229.15,2026-05-25T19:02:01.981854,IDLE,62.0,56.1,0.0,0.0000,0.0000
229.64,2026-05-25T19:02:02.477137,IDLE,59.4,56.1,0.0,0.0000,0.0000
230.14,2026-05-25T19:02:02.978123,IDLE,61.1,55.8,0.0,0.0000,0.0000
230.64,2026-05-25T19:02:03.477403,IDLE,58.3,55.8,0.0,0.0000,0.0000
231.15,2026-05-25T19:02:03.979557,IDLE,59.0,55.7,0.0,0.0000,0.0000
231.64,2026-05-25T19:02:04.477050,IDLE,59.0,55.8,0.0,0.0000,0.0000
232.15,2026-05-25T19:02:04.979300,IDLE,59.9,55.8,0.0,0.0000,0.0000
232.64,2026-05-25T19:02:05.477094,IDLE,60.1,55.7,0.0,0.0000,0.0000
233.14,2026-05-25T19:02:05.977737,IDLE,58.7,55.8,0.0,0.0000,0.0000
233.64,2026-05-25T19:02:06.477223,IDLE,59.3,55.8,0.0,0.0000,0.0000
234.14,2026-05-25T19:02:06.977537,IDLE,61.2,55.8,0.0,0.0000,0.0000
234.64,2026-05-25T19:02:07.476764,IDLE,62.9,55.8,0.0,0.0000,0.0000
235.14,2026-05-25T19:02:07.977858,IDLE,57.6,55.8,0.0,0.0000,0.0000
235.64,2026-05-25T19:02:08.477178,IDLE,55.7,55.7,0.0,0.0000,0.0000
236.14,2026-05-25T19:02:08.977841,IDLE,59.6,55.8,0.0,0.0000,0.0000
236.64,2026-05-25T19:02:09.477689,IDLE,59.1,55.8,0.0,0.0000,0.0000
237.14,2026-05-25T19:02:09.977767,IDLE,60.5,55.8,0.0,0.0000,0.0000
237.64,2026-05-25T19:02:10.477235,IDLE,58.6,55.8,0.0,0.0000,0.0000
238.14,2026-05-25T19:02:10.978449,IDLE,65.0,55.8,0.0,0.0000,0.0000
238.64,2026-05-25T19:02:11.476945,IDLE,62.4,55.8,0.0,0.0000,0.0000
239.14,2026-05-25T19:02:11.978104,IDLE,58.5,55.9,0.0,0.0000,0.0000
239.64,2026-05-25T19:02:12.477371,IDLE,57.4,55.8,0.0,0.0000,0.0000
240.14,2026-05-25T19:02:12.977529,IDLE,58.8,55.8,0.0,0.0000,0.0000
240.64,2026-05-25T19:02:13.477117,IDLE,55.8,55.8,0.0,0.0000,0.0000
241.14,2026-05-25T19:02:13.978295,IDLE,55.6,55.8,0.0,0.0000,0.0000
241.64,2026-05-25T19:02:14.477049,IDLE,61.3,55.8,0.0,0.0000,0.0000
242.14,2026-05-25T19:02:14.977711,IDLE,58.4,55.8,0.0,0.0000,0.0000
242.64,2026-05-25T19:02:15.476885,IDLE,64.4,55.8,0.0,0.0000,0.0000
243.15,2026-05-25T19:02:15.979537,IDLE,58.7,55.9,0.0,0.0000,0.0000
243.64,2026-05-25T19:02:16.477510,IDLE,60.8,55.9,0.0,0.0000,0.0000
244.14,2026-05-25T19:02:16.977344,IDLE,58.7,55.9,0.0,0.0000,0.0000
244.64,2026-05-25T19:02:17.477113,IDLE,59.3,55.9,0.0,0.0000,0.0000
245.14,2026-05-25T19:02:17.978227,IDLE,57.7,55.9,0.0,0.0000,0.0000
245.64,2026-05-25T19:02:18.477112,IDLE,60.1,55.8,0.0,0.0000,0.0000
246.14,2026-05-25T19:02:18.977302,IDLE,63.0,55.8,0.0,0.0000,0.0000
246.64,2026-05-25T19:02:19.477183,IDLE,60.5,55.8,0.0,0.0000,0.0000
247.14,2026-05-25T19:02:19.978394,IDLE,57.8,55.8,0.0,0.0000,0.0000
247.64,2026-05-25T19:02:20.477341,IDLE,58.0,55.8,0.0,0.0000,0.0000
248.14,2026-05-25T19:02:20.978532,IDLE,58.7,55.8,0.0,0.0000,0.0000
248.64,2026-05-25T19:02:21.477247,IDLE,60.5,55.8,0.0,0.0000,0.0000
249.15,2026-05-25T19:02:21.983513,IDLE,57.2,55.8,0.0,0.0000,0.0000
249.64,2026-05-25T19:02:22.477453,IDLE,55.6,55.8,0.0,0.0000,0.0000
250.14,2026-05-25T19:02:22.977928,IDLE,58.7,55.8,0.0,0.0000,0.0000
250.64,2026-05-25T19:02:23.476745,IDLE,60.2,55.8,0.0,0.0000,0.0000
251.14,2026-05-25T19:02:23.977635,IDLE,56.8,55.9,0.0,0.0000,0.0000
251.64,2026-05-25T19:02:24.477233,IDLE,57.7,55.8,0.0,0.0000,0.0000
252.15,2026-05-25T19:02:24.980469,IDLE,55.3,55.8,0.0,0.0000,0.0000
252.64,2026-05-25T19:02:25.477414,IDLE,56.5,55.8,0.0,0.0000,0.0000
253.14,2026-05-25T19:02:25.977503,IDLE,57.4,55.9,0.0,0.0000,0.0000
253.64,2026-05-25T19:02:26.477401,IDLE,54.7,55.8,0.0,0.0000,0.0000
254.14,2026-05-25T19:02:26.978810,IDLE,55.5,55.9,0.0,0.0000,0.0000
254.64,2026-05-25T19:02:27.477246,IDLE,59.7,55.9,0.0,0.0000,0.0000
255.14,2026-05-25T19:02:27.977617,IDLE,55.7,55.8,0.0,0.0000,0.0000
255.64,2026-05-25T19:02:28.477696,IDLE,57.7,55.8,0.0,0.0000,0.0000
256.14,2026-05-25T19:02:28.977534,IDLE,55.6,55.8,0.0,0.0000,0.0000
256.64,2026-05-25T19:02:29.477860,IDLE,60.7,55.8,0.0,0.0000,0.0000
257.14,2026-05-25T19:02:29.977271,IDLE,59.6,55.9,0.0,0.0000,0.0000
257.64,2026-05-25T19:02:30.477142,IDLE,55.8,55.9,0.0,0.0000,0.0000
258.14,2026-05-25T19:02:30.978495,IDLE,57.9,55.8,0.0,0.0000,0.0000
258.64,2026-05-25T19:02:31.477374,IDLE,60.1,55.8,0.0,0.0000,0.0000
259.15,2026-05-25T19:02:31.978914,IDLE,56.8,55.8,0.0,0.0000,0.0000
259.64,2026-05-25T19:02:32.477063,IDLE,57.8,55.8,0.0,0.0000,0.0000
260.14,2026-05-25T19:02:32.978090,IDLE,58.3,55.8,0.0,0.0000,0.0000
260.64,2026-05-25T19:02:33.477431,IDLE,59.0,55.8,0.0,0.0000,0.0000
261.14,2026-05-25T19:02:33.977523,IDLE,61.7,55.9,0.0,0.0000,0.0000
261.64,2026-05-25T19:02:34.477121,IDLE,56.5,55.8,0.0,0.0000,0.0000
262.14,2026-05-25T19:02:34.977656,IDLE,54.9,55.9,0.0,0.0000,0.0000
262.64,2026-05-25T19:02:35.477526,IDLE,59.0,55.9,0.0,0.0000,0.0000
263.14,2026-05-25T19:02:35.978185,IDLE,58.2,55.9,0.0,0.0000,0.0000
263.64,2026-05-25T19:02:36.477487,IDLE,57.4,55.9,0.0,0.0000,0.0000
264.15,2026-05-25T19:02:36.979156,IDLE,54.4,55.9,0.0,0.0000,0.0000
264.64,2026-05-25T19:02:37.477326,IDLE,60.4,55.8,0.0,0.0000,0.0000
265.15,2026-05-25T19:02:37.979752,IDLE,57.1,55.8,0.0,0.0000,0.0000
265.64,2026-05-25T19:02:38.477478,IDLE,58.2,55.8,0.0,0.0000,0.0000
266.15,2026-05-25T19:02:38.979712,IDLE,54.1,55.8,0.0,0.0000,0.0000
266.64,2026-05-25T19:02:39.476952,IDLE,61.1,55.9,0.0,0.0000,0.0000
267.15,2026-05-25T19:02:39.979396,IDLE,58.6,55.9,0.0,0.0000,0.0000
267.64,2026-05-25T19:02:40.477253,IDLE,57.0,55.8,0.0,0.0000,0.0000
268.14,2026-05-25T19:02:40.978096,IDLE,60.9,55.8,0.0,0.0000,0.0000
268.64,2026-05-25T19:02:41.477422,IDLE,58.8,55.8,0.0,0.0000,0.0000
269.14,2026-05-25T19:02:41.977107,IDLE,59.3,55.9,0.0,0.0000,0.0000
269.64,2026-05-25T19:02:42.477346,IDLE,62.5,56.0,0.0,0.0000,0.0000
270.14,2026-05-25T19:02:42.977325,IDLE,62.5,56.2,0.0,0.0000,0.0000
270.65,2026-05-25T19:02:43.479575,IDLE,64.0,56.4,0.0,0.0000,0.0000
271.14,2026-05-25T19:02:43.977748,IDLE,60.6,56.3,0.0,0.0000,0.0000
271.64,2026-05-25T19:02:44.477080,IDLE,58.4,55.8,0.0,0.0000,0.0000
272.14,2026-05-25T19:02:44.977469,IDLE,59.7,55.9,0.0,0.0000,0.0000
272.64,2026-05-25T19:02:45.477169,IDLE,59.2,55.9,0.0,0.0000,0.0000
273.14,2026-05-25T19:02:45.978118,IDLE,63.5,55.9,0.0,0.0000,0.0000
273.64,2026-05-25T19:02:46.477602,IDLE,60.0,55.8,0.0,0.0000,0.0000
274.14,2026-05-25T19:02:46.977132,IDLE,60.5,55.9,0.0,0.0000,0.0000
274.64,2026-05-25T19:02:47.476874,IDLE,60.7,55.8,0.0,0.0000,0.0000
275.15,2026-05-25T19:02:47.979592,IDLE,59.4,55.7,0.0,0.0000,0.0000
275.64,2026-05-25T19:02:48.478519,IDLE,57.2,55.7,0.0,0.0000,0.0000
276.14,2026-05-25T19:02:48.977951,IDLE,60.7,55.8,0.0,0.0000,0.0000
276.64,2026-05-25T19:02:49.477002,IDLE,56.1,55.8,0.0,0.0000,0.0000
277.15,2026-05-25T19:02:49.979197,IDLE,59.4,55.8,0.0,0.0000,0.0000
277.64,2026-05-25T19:02:50.477266,IDLE,60.0,55.7,0.0,0.0000,0.0000
278.14,2026-05-25T19:02:50.977811,IDLE,59.2,55.7,0.0,0.0000,0.0000
278.64,2026-05-25T19:02:51.478734,IDLE,59.1,55.7,0.0,0.0000,0.0000
279.14,2026-05-25T19:02:51.977771,IDLE,58.8,55.8,0.0,0.0000,0.0000
279.64,2026-05-25T19:02:52.477041,IDLE,57.6,55.7,0.0,0.0000,0.0000
280.14,2026-05-25T19:02:52.977393,IDLE,57.9,55.7,0.0,0.0000,0.0000
280.64,2026-05-25T19:02:53.477254,IDLE,59.3,55.8,0.0,0.0000,0.0000
281.14,2026-05-25T19:02:53.977432,IDLE,58.5,55.8,0.0,0.0000,0.0000
281.64,2026-05-25T19:02:54.477588,IDLE,56.2,55.8,0.0,0.0000,0.0000
282.15,2026-05-25T19:02:54.979902,IDLE,59.5,55.8,0.0,0.0000,0.0000
282.64,2026-05-25T19:02:55.476923,IDLE,61.1,55.8,0.0,0.0000,0.0000
283.14,2026-05-25T19:02:55.977351,IDLE,54.7,55.8,0.0,0.0000,0.0000
283.65,2026-05-25T19:02:56.483249,IDLE,57.2,55.7,0.0,0.0000,0.0000
284.15,2026-05-25T19:02:56.980477,IDLE,62.5,55.7,0.0,0.0000,0.0000
284.64,2026-05-25T19:02:57.477304,IDLE,57.0,55.7,0.0,0.0000,0.0000
285.14,2026-05-25T19:02:57.977965,IDLE,56.8,55.8,0.0,0.0000,0.0000
285.64,2026-05-25T19:02:58.477131,IDLE,56.9,55.9,0.0,0.0000,0.0000
286.15,2026-05-25T19:02:58.983993,IDLE,57.2,55.8,0.0,0.0000,0.0000
286.65,2026-05-25T19:02:59.478895,IDLE,56.2,55.8,0.0,0.0000,0.0000
287.14,2026-05-25T19:02:59.977967,IDLE,55.2,55.8,0.0,0.0000,0.0000
287.64,2026-05-25T19:03:00.477171,IDLE,55.0,55.8,0.0,0.0000,0.0000
288.14,2026-05-25T19:03:00.977540,IDLE,56.4,55.7,0.0,0.0000,0.0000
288.64,2026-05-25T19:03:01.477078,IDLE,58.2,55.8,0.0,0.0000,0.0000
289.14,2026-05-25T19:03:01.977574,IDLE,56.9,55.7,0.0,0.0000,0.0000
289.64,2026-05-25T19:03:02.477687,IDLE,56.6,55.7,0.0,0.0000,0.0000
290.14,2026-05-25T19:03:02.977952,IDLE,59.2,55.7,0.0,0.0000,0.0000
290.65,2026-05-25T19:03:03.480364,IDLE,62.2,55.7,0.0,0.0000,0.0000
291.14,2026-05-25T19:03:03.978537,IDLE,54.7,55.8,0.0,0.0000,0.0000
291.64,2026-05-25T19:03:04.477260,IDLE,56.8,55.7,0.0,0.0000,0.0000
292.14,2026-05-25T19:03:04.977922,IDLE,59.9,55.7,0.0,0.0000,0.0000
292.64,2026-05-25T19:03:05.477662,IDLE,55.4,55.8,0.0,0.0000,0.0000
293.14,2026-05-25T19:03:05.977583,IDLE,57.6,55.8,0.0,0.0000,0.0000
293.64,2026-05-25T19:03:06.477065,IDLE,58.3,55.7,0.0,0.0000,0.0000
294.14,2026-05-25T19:03:06.977533,IDLE,58.5,55.6,0.0,0.0000,0.0000
294.64,2026-05-25T19:03:07.477985,IDLE,55.7,55.7,0.0,0.0000,0.0000
295.15,2026-05-25T19:03:07.981284,IDLE,58.1,55.6,0.0,0.0000,0.0000
295.64,2026-05-25T19:03:08.477126,IDLE,56.3,55.6,0.0,0.0000,0.0000
296.14,2026-05-25T19:03:08.978225,IDLE,56.0,55.7,0.0,0.0000,0.0000
296.64,2026-05-25T19:03:09.476987,IDLE,68.8,55.8,0.0,0.0000,0.0000
297.14,2026-05-25T19:03:09.977349,IDLE,67.5,55.8,0.0,0.0000,0.0000
297.64,2026-05-25T19:03:10.477248,IDLE,59.3,55.8,0.0,0.0000,0.0000
298.14,2026-05-25T19:03:10.977487,IDLE,61.3,55.9,0.0,0.0000,0.0000
298.64,2026-05-25T19:03:11.477140,IDLE,62.3,56.0,0.0,0.0000,0.0000
299.14,2026-05-25T19:03:11.977413,IDLE,53.5,56.0,0.0,0.0000,0.0000
299.64,2026-05-25T19:03:12.477892,IDLE,57.2,56.0,0.0,0.0000,0.0000
300.14,2026-05-25T19:03:12.977656,IDLE,59.7,56.0,0.0,0.0000,0.0000
300.64,2026-05-25T19:03:13.476859,IDLE,60.6,56.7,0.0,0.0000,0.0000
301.14,2026-05-25T19:03:13.977051,IDLE,66.9,57.4,0.0,0.0000,0.0000
301.64,2026-05-25T19:03:14.476749,IDLE,60.5,58.0,0.0,0.0000,0.0000
302.14,2026-05-25T19:03:14.978069,IDLE,58.0,58.5,0.0,0.0000,0.0000
302.64,2026-05-25T19:03:15.477026,IDLE,60.2,58.5,0.0,0.0000,0.0000
303.14,2026-05-25T19:03:15.977239,IDLE,55.4,58.5,0.0,0.0000,0.0000
303.64,2026-05-25T19:03:16.477813,IDLE,55.0,58.5,0.0,0.0000,0.0000
304.14,2026-05-25T19:03:16.977610,IDLE,58.5,58.5,0.0,0.0000,0.0000
304.64,2026-05-25T19:03:17.476986,IDLE,62.8,58.5,0.0,0.0000,0.0000
305.14,2026-05-25T19:03:17.978482,IDLE,55.4,58.5,0.0,0.0000,0.0000
305.64,2026-05-25T19:03:18.477383,IDLE,58.8,58.5,0.0,0.0000,0.0000
306.14,2026-05-25T19:03:18.977688,IDLE,55.2,58.5,0.0,0.0000,0.0000
306.64,2026-05-25T19:03:19.477031,IDLE,61.4,58.5,0.0,0.0000,0.0000
307.14,2026-05-25T19:03:19.977621,IDLE,58.3,58.5,0.0,0.0000,0.0000
307.64,2026-05-25T19:03:20.477678,IDLE,56.4,58.5,0.0,0.0000,0.0000
308.15,2026-05-25T19:03:20.979843,IDLE,58.0,58.5,0.0,0.0000,0.0000
308.64,2026-05-25T19:03:21.477795,IDLE,62.5,58.2,0.0,0.0000,0.0000
309.14,2026-05-25T19:03:21.978181,IDLE,58.8,58.2,0.0,0.0000,0.0000
309.64,2026-05-25T19:03:22.476853,IDLE,55.3,58.1,0.0,0.0000,0.0000
310.14,2026-05-25T19:03:22.977363,IDLE,59.3,58.2,0.0,0.0000,0.0000
310.64,2026-05-25T19:03:23.476934,IDLE,59.7,58.1,0.0,0.0000,0.0000
311.14,2026-05-25T19:03:23.977210,IDLE,60.1,58.2,0.0,0.0000,0.0000
311.64,2026-05-25T19:03:24.476985,IDLE,57.8,58.2,0.0,0.0000,0.0000
312.14,2026-05-25T19:03:24.977885,IDLE,57.5,58.2,0.0,0.0000,0.0000
312.64,2026-05-25T19:03:25.476960,IDLE,61.7,58.2,0.0,0.0000,0.0000
313.14,2026-05-25T19:03:25.977915,IDLE,61.1,58.1,0.0,0.0000,0.0000
313.64,2026-05-25T19:03:26.477255,IDLE,55.3,58.1,0.0,0.0000,0.0000
314.14,2026-05-25T19:03:26.977639,IDLE,60.6,58.2,0.0,0.0000,0.0000
314.64,2026-05-25T19:03:27.476795,IDLE,60.8,58.2,0.0,0.0000,0.0000
315.14,2026-05-25T19:03:27.977821,IDLE,59.3,58.2,0.0,0.0000,0.0000
315.64,2026-05-25T19:03:28.477708,IDLE,57.4,58.2,0.0,0.0000,0.0000
316.14,2026-05-25T19:03:28.978208,IDLE,56.1,58.1,0.0,0.0000,0.0000
316.64,2026-05-25T19:03:29.477772,IDLE,55.9,56.7,0.0,0.0000,0.0000
317.14,2026-05-25T19:03:29.977632,IDLE,58.8,55.6,0.0,0.0000,0.0000
317.64,2026-05-25T19:03:30.477371,IDLE,56.2,55.7,0.0,0.0000,0.0000
318.15,2026-05-25T19:03:30.980547,IDLE,60.9,55.6,0.0,0.0000,0.0000
318.64,2026-05-25T19:03:31.477711,IDLE,60.7,55.6,0.0,0.0000,0.0000
319.14,2026-05-25T19:03:31.977531,IDLE,57.2,55.6,0.0,0.0000,0.0000
319.64,2026-05-25T19:03:32.477730,IDLE,59.3,55.6,0.0,0.0000,0.0000
320.14,2026-05-25T19:03:32.977920,IDLE,56.5,55.6,0.0,0.0000,0.0000
320.65,2026-05-25T19:03:33.479042,IDLE,62.8,55.5,0.0,0.0000,0.0000
321.14,2026-05-25T19:03:33.977790,IDLE,59.1,55.6,0.0,0.0000,0.0000
321.64,2026-05-25T19:03:34.477339,IDLE,58.9,55.5,0.0,0.0000,0.0000
322.14,2026-05-25T19:03:34.977827,IDLE,56.0,55.5,0.0,0.0000,0.0000
322.64,2026-05-25T19:03:35.477517,IDLE,60.5,55.6,0.0,0.0000,0.0000
323.14,2026-05-25T19:03:35.978444,IDLE,57.2,55.6,0.0,0.0000,0.0000
323.64,2026-05-25T19:03:36.477271,IDLE,56.6,55.6,0.0,0.0000,0.0000
324.14,2026-05-25T19:03:36.977978,IDLE,59.3,55.6,0.0,0.0000,0.0000
324.64,2026-05-25T19:03:37.477179,IDLE,59.2,55.6,0.0,0.0000,0.0000
325.14,2026-05-25T19:03:37.978199,IDLE,58.5,55.6,0.0,0.0000,0.0000
325.64,2026-05-25T19:03:38.477083,IDLE,58.8,55.5,0.0,0.0000,0.0000
326.14,2026-05-25T19:03:38.978220,IDLE,61.4,55.5,0.0,0.0000,0.0000
326.64,2026-05-25T19:03:39.476683,IDLE,61.5,55.5,0.0,0.0000,0.0000
327.14,2026-05-25T19:03:39.978424,IDLE,62.2,55.6,0.0,0.0000,0.0000
327.65,2026-05-25T19:03:40.479719,IDLE,55.2,55.6,0.0,0.0000,0.0000
328.14,2026-05-25T19:03:40.977989,IDLE,58.1,55.6,0.0,0.0000,0.0000
328.64,2026-05-25T19:03:41.477218,IDLE,61.4,55.6,0.0,0.0000,0.0000
329.14,2026-05-25T19:03:41.977709,IDLE,60.8,55.6,0.0,0.0000,0.0000
329.64,2026-05-25T19:03:42.476958,IDLE,57.7,55.6,0.0,0.0000,0.0000
330.14,2026-05-25T19:03:42.977277,IDLE,55.9,55.5,0.0,0.0000,0.0000
330.64,2026-05-25T19:03:43.476896,IDLE,64.6,55.6,0.0,0.0000,0.0000
331.14,2026-05-25T19:03:43.977150,IDLE,57.6,55.4,0.0,0.0000,0.0000
331.64,2026-05-25T19:03:44.477119,IDLE,59.1,55.5,0.0,0.0000,0.0000
332.14,2026-05-25T19:03:44.977508,IDLE,59.1,55.5,0.0,0.0000,0.0000
332.64,2026-05-25T19:03:45.477238,IDLE,55.7,55.4,0.0,0.0000,0.0000
333.15,2026-05-25T19:03:45.979106,IDLE,59.1,55.5,0.0,0.0000,0.0000
333.64,2026-05-25T19:03:46.477247,IDLE,59.0,55.5,0.0,0.0000,0.0000
334.14,2026-05-25T19:03:46.977220,IDLE,59.7,55.5,0.0,0.0000,0.0000
334.64,2026-05-25T19:03:47.477063,IDLE,60.3,55.5,0.0,0.0000,0.0000
335.14,2026-05-25T19:03:47.977728,IDLE,56.9,55.5,0.0,0.0000,0.0000
335.64,2026-05-25T19:03:48.477208,IDLE,58.4,55.5,0.0,0.0000,0.0000
336.14,2026-05-25T19:03:48.978618,IDLE,59.7,55.4,0.0,0.0000,0.0000
336.64,2026-05-25T19:03:49.477096,IDLE,58.6,55.5,0.0,0.0000,0.0000
337.14,2026-05-25T19:03:49.977671,IDLE,58.1,55.5,0.0,0.0000,0.0000
337.64,2026-05-25T19:03:50.477457,IDLE,56.5,55.4,0.0,0.0000,0.0000
338.14,2026-05-25T19:03:50.978415,IDLE,56.7,55.5,0.0,0.0000,0.0000
338.64,2026-05-25T19:03:51.477244,IDLE,64.5,55.5,0.0,0.0000,0.0000
339.14,2026-05-25T19:03:51.977632,IDLE,57.6,55.4,0.0,0.0000,0.0000
339.65,2026-05-25T19:03:52.480494,IDLE,56.3,55.4,0.0,0.0000,0.0000
340.15,2026-05-25T19:03:52.981652,IDLE,60.1,55.4,0.0,0.0000,0.0000
340.64,2026-05-25T19:03:53.477873,IDLE,60.4,55.5,0.0,0.0000,0.0000
341.14,2026-05-25T19:03:53.978138,IDLE,58.8,55.5,0.0,0.0000,0.0000
341.64,2026-05-25T19:03:54.477074,IDLE,60.0,55.5,0.0,0.0000,0.0000
342.15,2026-05-25T19:03:54.980158,IDLE,58.5,55.4,0.0,0.0000,0.0000
342.64,2026-05-25T19:03:55.477388,IDLE,57.6,55.5,0.0,0.0000,0.0000
343.14,2026-05-25T19:03:55.977171,IDLE,61.3,55.5,0.0,0.0000,0.0000
343.64,2026-05-25T19:03:56.477149,IDLE,56.4,55.5,0.0,0.0000,0.0000
344.14,2026-05-25T19:03:56.977307,IDLE,61.4,55.4,0.0,0.0000,0.0000
344.64,2026-05-25T19:03:57.477130,IDLE,61.0,55.4,0.0,0.0000,0.0000
345.14,2026-05-25T19:03:57.977217,IDLE,57.1,55.5,0.0,0.0000,0.0000
345.64,2026-05-25T19:03:58.477065,IDLE,57.3,55.5,0.0,0.0000,0.0000
346.15,2026-05-25T19:03:58.979236,IDLE,57.7,55.4,0.0,0.0000,0.0000
346.65,2026-05-25T19:03:59.480003,IDLE,63.5,55.5,0.0,0.0000,0.0000
347.14,2026-05-25T19:03:59.977586,IDLE,54.8,55.4,0.0,0.0000,0.0000
347.64,2026-05-25T19:04:00.477255,IDLE,60.1,55.5,0.0,0.0000,0.0000
348.14,2026-05-25T19:04:00.977211,IDLE,59.4,55.6,0.0,0.0000,0.0000
348.64,2026-05-25T19:04:01.477854,IDLE,58.2,55.5,0.0,0.0000,0.0000
349.14,2026-05-25T19:04:01.977329,IDLE,58.2,55.4,0.0,0.0000,0.0000
349.64,2026-05-25T19:04:02.477283,IDLE,60.1,55.5,0.0,0.0000,0.0000
350.14,2026-05-25T19:04:02.978135,IDLE,56.9,55.5,0.0,0.0000,0.0000
350.64,2026-05-25T19:04:03.478309,IDLE,61.4,55.5,0.0,0.0000,0.0000
351.14,2026-05-25T19:04:03.978005,IDLE,57.4,55.5,0.0,0.0000,0.0000
351.64,2026-05-25T19:04:04.478129,IDLE,58.7,55.5,0.0,0.0000,0.0000
352.14,2026-05-25T19:04:04.978704,IDLE,59.0,55.5,0.0,0.0000,0.0000
352.64,2026-05-25T19:04:05.476935,IDLE,62.0,55.5,0.0,0.0000,0.0000
353.14,2026-05-25T19:04:05.977667,IDLE,61.5,55.5,0.0,0.0000,0.0000
353.64,2026-05-25T19:04:06.477068,IDLE,61.3,55.4,0.0,0.0000,0.0000
354.14,2026-05-25T19:04:06.976965,IDLE,59.0,55.4,0.0,0.0000,0.0000
354.64,2026-05-25T19:04:07.476720,IDLE,61.3,55.4,0.0,0.0000,0.0000
355.14,2026-05-25T19:04:07.977224,IDLE,59.5,55.5,0.0,0.0000,0.0000
355.64,2026-05-25T19:04:08.477278,IDLE,56.6,55.5,0.0,0.0000,0.0000
356.15,2026-05-25T19:04:08.983206,IDLE,62.7,55.5,0.0,0.0000,0.0000
356.64,2026-05-25T19:04:09.477119,IDLE,60.4,55.5,0.0,0.0000,0.0000
357.14,2026-05-25T19:04:09.977702,IDLE,56.2,55.5,0.0,0.0000,0.0000
357.64,2026-05-25T19:04:10.477432,IDLE,55.2,55.5,0.0,0.0000,0.0000
358.14,2026-05-25T19:04:10.977647,IDLE,58.6,55.5,0.0,0.0000,0.0000
358.64,2026-05-25T19:04:11.476939,IDLE,59.8,55.5,0.0,0.0000,0.0000
359.14,2026-05-25T19:04:11.978235,IDLE,59.8,55.5,0.0,0.0000,0.0000
359.64,2026-05-25T19:04:12.477286,IDLE,55.7,55.6,0.0,0.0000,0.0000
360.14,2026-05-25T19:04:12.977437,IDLE,57.3,55.5,0.0,0.0000,0.0000
360.64,2026-05-25T19:04:13.477134,IDLE,60.1,55.5,0.0,0.0000,0.0000
361.14,2026-05-25T19:04:13.977585,IDLE,56.3,55.6,0.0,0.0000,0.0000
361.64,2026-05-25T19:04:14.477135,IDLE,55.9,55.6,0.0,0.0000,0.0000
362.14,2026-05-25T19:04:14.978070,IDLE,57.2,55.5,0.0,0.0000,0.0000
362.64,2026-05-25T19:04:15.476889,IDLE,63.3,55.5,0.0,0.0000,0.0000
363.14,2026-05-25T19:04:15.978405,IDLE,53.3,55.5,0.0,0.0000,0.0000
363.64,2026-05-25T19:04:16.477113,IDLE,55.2,55.5,0.0,0.0000,0.0000
364.15,2026-05-25T19:04:16.979287,IDLE,58.8,55.6,0.0,0.0000,0.0000
364.64,2026-05-25T19:04:17.476903,IDLE,57.0,55.5,0.0,0.0000,0.0000
365.14,2026-05-25T19:04:17.978069,IDLE,60.6,55.6,0.0,0.0000,0.0000
365.64,2026-05-25T19:04:18.477191,IDLE,55.8,55.5,0.0,0.0000,0.0000
366.14,2026-05-25T19:04:18.977764,IDLE,58.6,55.5,0.0,0.0000,0.0000
366.64,2026-05-25T19:04:19.477100,IDLE,59.5,55.5,0.0,0.0000,0.0000
367.15,2026-05-25T19:04:19.979336,IDLE,58.4,55.6,0.0,0.0000,0.0000
367.64,2026-05-25T19:04:20.476840,IDLE,56.5,55.5,0.0,0.0000,0.0000
368.14,2026-05-25T19:04:20.977401,IDLE,55.7,55.6,0.0,0.0000,0.0000
368.64,2026-05-25T19:04:21.477041,IDLE,59.5,55.6,0.0,0.0000,0.0000
369.14,2026-05-25T19:04:21.977221,IDLE,55.9,55.5,0.0,0.0000,0.0000
369.64,2026-05-25T19:04:22.477145,IDLE,57.9,55.4,0.0,0.0000,0.0000
370.15,2026-05-25T19:04:22.980409,IDLE,54.1,55.5,0.0,0.0000,0.0000
370.64,2026-05-25T19:04:23.477005,IDLE,62.8,55.5,0.0,0.0000,0.0000
371.14,2026-05-25T19:04:23.977192,IDLE,58.7,55.5,0.0,0.0000,0.0000
371.64,2026-05-25T19:04:24.477418,IDLE,52.9,55.5,0.0,0.0000,0.0000
372.14,2026-05-25T19:04:24.977935,IDLE,59.1,55.5,0.0,0.0000,0.0000
372.64,2026-05-25T19:04:25.478013,IDLE,56.9,55.5,0.0,0.0000,0.0000
373.14,2026-05-25T19:04:25.978200,IDLE,58.5,55.5,0.0,0.0000,0.0000
373.64,2026-05-25T19:04:26.477309,IDLE,56.6,55.5,0.0,0.0000,0.0000
374.15,2026-05-25T19:04:26.981092,IDLE,58.5,55.5,0.0,0.0000,0.0000
374.64,2026-05-25T19:04:27.477391,IDLE,58.0,55.5,0.0,0.0000,0.0000
375.15,2026-05-25T19:04:27.979662,IDLE,60.8,55.5,0.0,0.0000,0.0000
375.64,2026-05-25T19:04:28.477051,IDLE,57.7,55.5,0.0,0.0000,0.0000
376.14,2026-05-25T19:04:28.977375,IDLE,56.0,55.4,0.0,0.0000,0.0000
376.64,2026-05-25T19:04:29.478432,IDLE,59.9,55.4,0.0,0.0000,0.0000
377.14,2026-05-25T19:04:29.977501,IDLE,55.2,55.5,0.0,0.0000,0.0000
377.65,2026-05-25T19:04:30.481327,IDLE,55.2,55.5,0.0,0.0000,0.0000
378.14,2026-05-25T19:04:30.977435,IDLE,56.0,55.5,0.0,0.0000,0.0000
378.64,2026-05-25T19:04:31.477063,IDLE,62.9,55.5,0.0,0.0000,0.0000
379.14,2026-05-25T19:04:31.978210,IDLE,56.7,55.5,0.0,0.0000,0.0000
379.64,2026-05-25T19:04:32.477021,IDLE,55.8,55.5,0.0,0.0000,0.0000
380.14,2026-05-25T19:04:32.978888,IDLE,57.3,55.5,0.0,0.0000,0.0000
380.64,2026-05-25T19:04:33.476715,IDLE,55.4,55.5,0.0,0.0000,0.0000
381.14,2026-05-25T19:04:33.977874,IDLE,60.4,55.6,0.0,0.0000,0.0000
381.64,2026-05-25T19:04:34.477343,IDLE,57.2,55.6,0.0,0.0000,0.0000
382.15,2026-05-25T19:04:34.979869,IDLE,60.7,55.5,0.0,0.0000,0.0000
382.64,2026-05-25T19:04:35.477284,IDLE,60.2,55.6,0.0,0.0000,0.0000
383.14,2026-05-25T19:04:35.977915,IDLE,59.1,55.6,0.0,0.0000,0.0000
383.64,2026-05-25T19:04:36.476826,IDLE,59.2,55.6,0.0,0.0000,0.0000
384.14,2026-05-25T19:04:36.977160,IDLE,54.4,55.6,0.0,0.0000,0.0000
384.64,2026-05-25T19:04:37.478577,IDLE,59.3,55.6,0.0,0.0000,0.0000
385.14,2026-05-25T19:04:37.977700,IDLE,57.0,55.6,0.0,0.0000,0.0000
385.64,2026-05-25T19:04:38.477245,IDLE,57.3,55.5,0.0,0.0000,0.0000
386.14,2026-05-25T19:04:38.977779,IDLE,56.7,55.5,0.0,0.0000,0.0000
386.64,2026-05-25T19:04:39.477029,IDLE,61.3,55.6,0.0,0.0000,0.0000
387.15,2026-05-25T19:04:39.979951,IDLE,55.4,55.6,0.0,0.0000,0.0000
387.64,2026-05-25T19:04:40.476911,IDLE,55.7,55.5,0.0,0.0000,0.0000
388.14,2026-05-25T19:04:40.977507,IDLE,54.3,55.6,0.0,0.0000,0.0000
388.64,2026-05-25T19:04:41.477052,IDLE,57.7,55.6,0.0,0.0000,0.0000
389.15,2026-05-25T19:04:41.978975,IDLE,59.7,55.6,0.0,0.0000,0.0000
389.64,2026-05-25T19:04:42.476880,IDLE,58.0,55.6,0.0,0.0000,0.0000
390.14,2026-05-25T19:04:42.977455,IDLE,60.3,55.6,0.0,0.0000,0.0000
390.64,2026-05-25T19:04:43.477247,IDLE,62.0,55.6,0.0,0.0000,0.0000
391.14,2026-05-25T19:04:43.977103,IDLE,57.6,55.6,0.0,0.0000,0.0000
391.64,2026-05-25T19:04:44.476971,IDLE,54.9,55.6,0.0,0.0000,0.0000
392.14,2026-05-25T19:04:44.977195,IDLE,58.1,55.7,0.0,0.0000,0.0000
392.64,2026-05-25T19:04:45.477554,IDLE,59.3,55.6,0.0,0.0000,0.0000
393.14,2026-05-25T19:04:45.978608,IDLE,56.0,55.6,0.0,0.0000,0.0000
393.64,2026-05-25T19:04:46.477236,IDLE,57.7,55.7,0.0,0.0000,0.0000
394.14,2026-05-25T19:04:46.977451,IDLE,59.1,55.6,0.0,0.0000,0.0000
394.64,2026-05-25T19:04:47.476930,IDLE,63.0,55.7,0.0,0.0000,0.0000
395.14,2026-05-25T19:04:47.977239,IDLE,55.9,55.7,0.0,0.0000,0.0000
395.64,2026-05-25T19:04:48.477469,IDLE,63.8,55.7,0.0,0.0000,0.0000
396.14,2026-05-25T19:04:48.977653,IDLE,58.5,55.7,0.0,0.0000,0.0000
396.64,2026-05-25T19:04:49.477181,IDLE,58.8,55.7,0.0,0.0000,0.0000
397.14,2026-05-25T19:04:49.978612,IDLE,57.9,55.7,0.0,0.0000,0.0000
397.64,2026-05-25T19:04:50.478167,IDLE,57.1,55.6,0.0,0.0000,0.0000
398.15,2026-05-25T19:04:50.978913,IDLE,61.1,55.6,0.0,0.0000,0.0000
398.64,2026-05-25T19:04:51.476940,IDLE,59.2,55.6,0.0,0.0000,0.0000
399.14,2026-05-25T19:04:51.977523,IDLE,56.9,55.6,0.0,0.0000,0.0000
399.64,2026-05-25T19:04:52.477154,IDLE,57.5,55.6,0.0,0.0000,0.0000
400.14,2026-05-25T19:04:52.977374,IDLE,60.4,55.7,0.0,0.0000,0.0000
400.64,2026-05-25T19:04:53.478161,IDLE,58.9,55.6,0.0,0.0000,0.0000
401.14,2026-05-25T19:04:53.978014,IDLE,57.4,55.7,0.0,0.0000,0.0000
401.64,2026-05-25T19:04:54.476973,IDLE,57.2,55.6,0.0,0.0000,0.0000
402.14,2026-05-25T19:04:54.977317,IDLE,60.9,55.7,0.0,0.0000,0.0000
402.64,2026-05-25T19:04:55.477388,IDLE,62.4,55.6,0.0,0.0000,0.0000
403.14,2026-05-25T19:04:55.978119,IDLE,58.2,55.6,0.0,0.0000,0.0000
403.64,2026-05-25T19:04:56.477362,IDLE,61.7,55.7,0.0,0.0000,0.0000
404.14,2026-05-25T19:04:56.977638,IDLE,70.8,56.8,0.0,0.0000,0.0000
404.64,2026-05-25T19:04:57.477870,IDLE,62.5,57.2,0.0,0.0000,0.0000
405.14,2026-05-25T19:04:57.978245,IDLE,59.7,57.2,0.0,0.0000,0.0000
405.64,2026-05-25T19:04:58.476894,IDLE,64.4,58.2,0.0,0.0000,0.0000
406.14,2026-05-25T19:04:58.977449,IDLE,59.4,58.2,0.0,0.0000,0.0000
406.64,2026-05-25T19:04:59.477010,IDLE,60.6,58.3,0.0,0.0000,0.0000
407.14,2026-05-25T19:04:59.978445,IDLE,58.2,58.3,0.0,0.0000,0.0000
407.64,2026-05-25T19:05:00.477151,IDLE,54.2,58.2,0.0,0.0000,0.0000
408.15,2026-05-25T19:05:00.979360,IDLE,58.5,58.3,0.0,0.0000,0.0000
408.64,2026-05-25T19:05:01.477709,IDLE,56.7,58.2,0.0,0.0000,0.0000
409.14,2026-05-25T19:05:01.978420,IDLE,57.5,58.2,0.0,0.0000,0.0000
409.64,2026-05-25T19:05:02.477250,IDLE,58.2,58.2,0.0,0.0000,0.0000
410.14,2026-05-25T19:05:02.978317,IDLE,57.5,58.2,0.0,0.0000,0.0000
410.64,2026-05-25T19:05:03.476690,IDLE,62.0,58.3,0.0,0.0000,0.0000
411.15,2026-05-25T19:05:03.979620,IDLE,56.0,58.2,0.0,0.0000,0.0000
411.64,2026-05-25T19:05:04.476867,IDLE,58.3,58.2,0.0,0.0000,0.0000
412.14,2026-05-25T19:05:04.977416,IDLE,56.8,58.3,0.0,0.0000,0.0000
412.64,2026-05-25T19:05:05.477392,IDLE,60.4,58.2,0.0,0.0000,0.0000
413.14,2026-05-25T19:05:05.977680,IDLE,57.3,58.2,0.0,0.0000,0.0000
413.64,2026-05-25T19:05:06.477200,IDLE,56.2,58.2,0.0,0.0000,0.0000
414.14,2026-05-25T19:05:06.977331,IDLE,61.1,58.3,0.0,0.0000,0.0000
414.64,2026-05-25T19:05:07.477194,IDLE,61.1,58.3,0.0,0.0000,0.0000
415.15,2026-05-25T19:05:07.983058,IDLE,60.7,58.2,0.0,0.0000,0.0000
415.64,2026-05-25T19:05:08.477046,IDLE,56.4,58.3,0.0,0.0000,0.0000
416.15,2026-05-25T19:05:08.978977,IDLE,55.3,58.3,0.0,0.0000,0.0000
416.64,2026-05-25T19:05:09.477298,IDLE,62.8,58.3,0.0,0.0000,0.0000
417.14,2026-05-25T19:05:09.978121,IDLE,56.3,58.2,0.0,0.0000,0.0000
417.64,2026-05-25T19:05:10.476999,IDLE,56.2,58.2,0.0,0.0000,0.0000
418.14,2026-05-25T19:05:10.977964,IDLE,57.5,58.3,0.0,0.0000,0.0000
418.64,2026-05-25T19:05:11.476944,IDLE,63.7,58.3,0.0,0.0000,0.0000
419.14,2026-05-25T19:05:11.977490,IDLE,55.7,58.3,0.0,0.0000,0.0000
419.64,2026-05-25T19:05:12.477361,IDLE,55.2,58.3,0.0,0.0000,0.0000
420.14,2026-05-25T19:05:12.978610,IDLE,59.0,58.3,0.0,0.0000,0.0000
420.64,2026-05-25T19:05:13.477179,IDLE,57.4,57.3,0.0,0.0000,0.0000
421.14,2026-05-25T19:05:13.977886,IDLE,59.3,55.9,0.0,0.0000,0.0000
421.64,2026-05-25T19:05:14.476858,IDLE,60.7,55.9,0.0,0.0000,0.0000
422.14,2026-05-25T19:05:14.977655,IDLE,59.4,55.7,0.0,0.0000,0.0000
422.65,2026-05-25T19:05:15.481954,IDLE,59.7,55.8,0.0,0.0000,0.0000
423.14,2026-05-25T19:05:15.978026,IDLE,60.8,55.8,0.0,0.0000,0.0000
423.64,2026-05-25T19:05:16.477227,IDLE,61.0,55.7,0.0,0.0000,0.0000
424.14,2026-05-25T19:05:16.977570,IDLE,59.5,55.7,0.0,0.0000,0.0000
424.64,2026-05-25T19:05:17.477666,IDLE,60.8,55.7,0.0,0.0000,0.0000
425.14,2026-05-25T19:05:17.978869,IDLE,57.6,55.7,0.0,0.0000,0.0000
425.64,2026-05-25T19:05:18.477603,IDLE,58.9,55.7,0.0,0.0000,0.0000
426.14,2026-05-25T19:05:18.977289,IDLE,57.9,55.6,0.0,0.0000,0.0000
426.64,2026-05-25T19:05:19.476644,IDLE,63.8,55.7,0.0,0.0000,0.0000
427.14,2026-05-25T19:05:19.976890,IDLE,61.1,55.7,0.0,0.0000,0.0000
427.65,2026-05-25T19:05:20.480226,IDLE,53.9,55.7,0.0,0.0000,0.0000
428.14,2026-05-25T19:05:20.978277,IDLE,62.8,55.7,0.0,0.0000,0.0000
428.64,2026-05-25T19:05:21.477035,IDLE,62.7,55.8,0.0,0.0000,0.0000
429.14,2026-05-25T19:05:21.978066,IDLE,58.8,55.7,0.0,0.0000,0.0000
429.64,2026-05-25T19:05:22.477259,IDLE,55.8,55.7,0.0,0.0000,0.0000
430.14,2026-05-25T19:05:22.977328,IDLE,63.6,55.8,0.0,0.0000,0.0000
430.64,2026-05-25T19:05:23.476730,IDLE,63.9,56.9,0.0,0.0000,0.0000
431.14,2026-05-25T19:05:23.977031,IDLE,62.5,57.6,0.0,0.0000,0.0000
431.64,2026-05-25T19:05:24.477173,IDLE,58.7,58.2,0.0,0.0000,0.0000
432.14,2026-05-25T19:05:24.978026,IDLE,57.8,58.2,0.0,0.0000,0.0000
432.64,2026-05-25T19:05:25.477354,IDLE,63.5,58.2,0.0,0.0000,0.0000
433.15,2026-05-25T19:05:25.980966,IDLE,59.9,58.2,0.0,0.0000,0.0000
433.64,2026-05-25T19:05:26.477447,IDLE,57.7,58.2,0.0,0.0000,0.0000
434.14,2026-05-25T19:05:26.978222,IDLE,58.1,58.2,0.0,0.0000,0.0000
434.64,2026-05-25T19:05:27.477620,IDLE,62.1,58.2,0.0,0.0000,0.0000
435.14,2026-05-25T19:05:27.978119,IDLE,52.6,58.2,0.0,0.0000,0.0000
435.64,2026-05-25T19:05:28.477628,IDLE,59.2,58.2,0.0,0.0000,0.0000
436.14,2026-05-25T19:05:28.978466,IDLE,58.9,58.2,0.0,0.0000,0.0000
436.64,2026-05-25T19:05:29.477127,IDLE,60.5,58.2,0.0,0.0000,0.0000
437.14,2026-05-25T19:05:29.977191,IDLE,58.7,58.2,0.0,0.0000,0.0000
437.64,2026-05-25T19:05:30.477167,IDLE,57.1,58.2,0.0,0.0000,0.0000
438.14,2026-05-25T19:05:30.978140,IDLE,60.1,58.2,0.0,0.0000,0.0000
438.64,2026-05-25T19:05:31.476979,IDLE,60.4,58.2,0.0,0.0000,0.0000
439.14,2026-05-25T19:05:31.977628,IDLE,59.2,58.2,0.0,0.0000,0.0000
439.64,2026-05-25T19:05:32.477151,IDLE,61.5,58.2,0.0,0.0000,0.0000
440.14,2026-05-25T19:05:32.977377,IDLE,55.7,58.2,0.0,0.0000,0.0000
440.64,2026-05-25T19:05:33.477105,IDLE,57.6,58.2,0.0,0.0000,0.0000
441.15,2026-05-25T19:05:33.979423,IDLE,56.0,58.2,0.0,0.0000,0.0000
441.64,2026-05-25T19:05:34.476787,IDLE,64.3,58.2,0.0,0.0000,0.0000
442.14,2026-05-25T19:05:34.977868,IDLE,58.6,58.3,0.0,0.0000,0.0000
442.64,2026-05-25T19:05:35.477286,IDLE,63.3,58.3,0.0,0.0000,0.0000
443.14,2026-05-25T19:05:35.978835,IDLE,55.6,58.3,0.0,0.0000,0.0000
443.64,2026-05-25T19:05:36.477028,IDLE,59.1,58.3,0.0,0.0000,0.0000
444.15,2026-05-25T19:05:36.981563,IDLE,59.2,58.3,0.0,0.0000,0.0000
444.64,2026-05-25T19:05:37.476988,IDLE,56.5,58.3,0.0,0.0000,0.0000
445.15,2026-05-25T19:05:37.979794,IDLE,57.7,58.3,0.0,0.0000,0.0000
445.64,2026-05-25T19:05:38.477203,IDLE,57.2,58.3,0.0,0.0000,0.0000
446.15,2026-05-25T19:05:38.979807,IDLE,58.1,56.9,0.0,0.0000,0.0000
446.64,2026-05-25T19:05:39.477036,IDLE,60.3,55.9,0.0,0.0000,0.0000
447.14,2026-05-25T19:05:39.978191,IDLE,57.7,55.9,0.0,0.0000,0.0000
447.64,2026-05-25T19:05:40.477140,IDLE,56.2,55.9,0.0,0.0000,0.0000
448.15,2026-05-25T19:05:40.982557,IDLE,61.9,56.0,0.0,0.0000,0.0000
448.64,2026-05-25T19:05:41.477547,IDLE,59.0,55.9,0.0,0.0000,0.0000
449.15,2026-05-25T19:05:41.979082,IDLE,61.2,55.9,0.0,0.0000,0.0000
449.64,2026-05-25T19:05:42.477187,IDLE,58.9,55.9,0.0,0.0000,0.0000
450.14,2026-05-25T19:05:42.977114,IDLE,56.9,55.9,0.0,0.0000,0.0000
450.64,2026-05-25T19:05:43.477342,IDLE,62.4,55.9,0.0,0.0000,0.0000
451.14,2026-05-25T19:05:43.977098,IDLE,58.3,55.9,0.0,0.0000,0.0000
451.64,2026-05-25T19:05:44.477026,IDLE,58.8,55.9,0.0,0.0000,0.0000
452.14,2026-05-25T19:05:44.977156,IDLE,57.4,55.9,0.0,0.0000,0.0000
452.64,2026-05-25T19:05:45.477232,IDLE,60.3,55.9,0.0,0.0000,0.0000
453.14,2026-05-25T19:05:45.977197,IDLE,58.7,55.9,0.0,0.0000,0.0000
453.64,2026-05-25T19:05:46.477811,IDLE,57.8,56.0,0.0,0.0000,0.0000
454.14,2026-05-25T19:05:46.977801,IDLE,60.8,55.9,0.0,0.0000,0.0000
454.64,2026-05-25T19:05:47.476929,IDLE,60.9,55.8,0.0,0.0000,0.0000
455.15,2026-05-25T19:05:47.979913,IDLE,57.5,55.8,0.0,0.0000,0.0000
455.64,2026-05-25T19:05:48.476996,IDLE,57.5,55.8,0.0,0.0000,0.0000
456.14,2026-05-25T19:05:48.978633,IDLE,58.2,55.8,0.0,0.0000,0.0000
456.64,2026-05-25T19:05:49.477701,IDLE,59.6,55.8,0.0,0.0000,0.0000
457.15,2026-05-25T19:05:49.979499,IDLE,60.4,55.8,0.0,0.0000,0.0000
457.64,2026-05-25T19:05:50.477190,IDLE,57.7,55.7,0.0,0.0000,0.0000
458.14,2026-05-25T19:05:50.977728,IDLE,57.4,55.7,0.0,0.0000,0.0000
458.64,2026-05-25T19:05:51.477532,IDLE,63.5,55.8,0.0,0.0000,0.0000
459.14,2026-05-25T19:05:51.977076,IDLE,58.8,55.8,0.0,0.0000,0.0000
459.64,2026-05-25T19:05:52.477011,IDLE,57.4,55.9,0.0,0.0000,0.0000
460.14,2026-05-25T19:05:52.977018,IDLE,58.5,55.8,0.0,0.0000,0.0000
460.64,2026-05-25T19:05:53.477565,IDLE,56.7,55.8,0.0,0.0000,0.0000
461.14,2026-05-25T19:05:53.978508,IDLE,58.7,55.9,0.0,0.0000,0.0000
461.64,2026-05-25T19:05:54.478633,IDLE,58.4,55.8,0.0,0.0000,0.0000
462.14,2026-05-25T19:05:54.977804,IDLE,64.1,56.1,0.0,0.0000,0.0000
462.64,2026-05-25T19:05:55.476514,IDLE,67.0,57.2,0.0,0.0000,0.0000
463.14,2026-05-25T19:05:55.977198,IDLE,61.9,57.4,0.0,0.0000,0.0000
463.64,2026-05-25T19:05:56.477183,IDLE,65.3,58.4,0.0,0.0000,0.0000
464.16,2026-05-25T19:05:56.989477,IDLE,55.2,58.4,0.0,0.0000,0.0000
464.64,2026-05-25T19:05:57.477866,IDLE,63.7,58.4,0.0,0.0000,0.0000
465.14,2026-05-25T19:05:57.977614,IDLE,61.9,58.4,0.0,0.0000,0.0000
465.64,2026-05-25T19:05:58.477693,IDLE,58.2,58.4,0.0,0.0000,0.0000
466.14,2026-05-25T19:05:58.977171,IDLE,60.3,58.4,0.0,0.0000,0.0000
466.64,2026-05-25T19:05:59.477007,IDLE,63.1,58.4,0.0,0.0000,0.0000
467.14,2026-05-25T19:05:59.978022,IDLE,58.2,58.4,0.0,0.0000,0.0000
467.64,2026-05-25T19:06:00.478517,IDLE,59.4,58.5,0.0,0.0000,0.0000
468.15,2026-05-25T19:06:00.979049,IDLE,60.1,58.5,0.0,0.0000,0.0000
468.64,2026-05-25T19:06:01.477075,IDLE,59.8,58.5,0.0,0.0000,0.0000
469.15,2026-05-25T19:06:01.979296,IDLE,60.7,58.5,0.0,0.0000,0.0000
469.64,2026-05-25T19:06:02.477240,IDLE,59.5,58.5,0.0,0.0000,0.0000
470.14,2026-05-25T19:06:02.978632,IDLE,59.7,58.5,0.0,0.0000,0.0000
470.64,2026-05-25T19:06:03.477805,IDLE,59.1,58.5,0.0,0.0000,0.0000
471.14,2026-05-25T19:06:03.977877,IDLE,74.8,58.5,0.0,0.0000,0.0000
471.64,2026-05-25T19:06:04.478194,IDLE,55.2,58.5,0.0,0.0000,0.0000
472.14,2026-05-25T19:06:04.977133,IDLE,62.0,58.6,0.0,0.0000,0.0000
472.64,2026-05-25T19:06:05.477460,IDLE,60.6,58.6,0.0,0.0000,0.0000
473.14,2026-05-25T19:06:05.977302,IDLE,58.0,58.5,0.0,0.0000,0.0000
473.64,2026-05-25T19:06:06.477269,IDLE,59.5,58.5,0.0,0.0000,0.0000
474.14,2026-05-25T19:06:06.978482,IDLE,57.8,58.5,0.0,0.0000,0.0000
474.64,2026-05-25T19:06:07.476904,IDLE,60.5,58.5,0.0,0.0000,0.0000
475.14,2026-05-25T19:06:07.978503,IDLE,60.5,58.6,0.0,0.0000,0.0000
475.64,2026-05-25T19:06:08.477268,IDLE,59.1,58.6,0.0,0.0000,0.0000
476.14,2026-05-25T19:06:08.978052,IDLE,57.0,58.5,0.0,0.0000,0.0000
476.64,2026-05-25T19:06:09.477573,IDLE,59.6,58.5,0.0,0.0000,0.0000
477.14,2026-05-25T19:06:09.977062,IDLE,61.6,58.6,0.0,0.0000,0.0000
477.64,2026-05-25T19:06:10.477268,IDLE,59.1,58.6,0.0,0.0000,0.0000
478.14,2026-05-25T19:06:10.977384,IDLE,59.2,58.6,0.0,0.0000,0.0000
478.64,2026-05-25T19:06:11.477608,IDLE,61.9,58.7,0.0,0.0000,0.0000
479.14,2026-05-25T19:06:11.978005,IDLE,58.7,58.8,0.0,0.0000,0.0000
479.64,2026-05-25T19:06:12.477256,IDLE,61.6,58.3,0.0,0.0000,0.0000
480.14,2026-05-25T19:06:12.977168,IDLE,59.2,58.3,0.0,0.0000,0.0000
480.65,2026-05-25T19:06:13.479225,IDLE,63.1,58.3,0.0,0.0000,0.0000
481.15,2026-05-25T19:06:13.979710,IDLE,60.1,58.3,0.0,0.0000,0.0000
481.64,2026-05-25T19:06:14.478602,IDLE,57.8,58.3,0.0,0.0000,0.0000
482.14,2026-05-25T19:06:14.977582,IDLE,59.1,58.3,0.0,0.0000,0.0000
482.64,2026-05-25T19:06:15.476961,IDLE,60.8,58.3,0.0,0.0000,0.0000
483.14,2026-05-25T19:06:15.977329,IDLE,59.9,58.3,0.0,0.0000,0.0000
483.64,2026-05-25T19:06:16.477422,IDLE,60.9,58.3,0.0,0.0000,0.0000
484.14,2026-05-25T19:06:16.977431,IDLE,58.2,58.3,0.0,0.0000,0.0000
484.64,2026-05-25T19:06:17.477157,IDLE,59.9,58.3,0.0,0.0000,0.0000
485.14,2026-05-25T19:06:17.977367,IDLE,62.0,58.3,0.0,0.0000,0.0000
485.64,2026-05-25T19:06:18.477303,IDLE,57.5,58.3,0.0,0.0000,0.0000
486.14,2026-05-25T19:06:18.977681,IDLE,58.9,58.3,0.0,0.0000,0.0000
486.64,2026-05-25T19:06:19.477177,IDLE,62.7,57.8,0.0,0.0000,0.0000
487.14,2026-05-25T19:06:19.977500,IDLE,60.6,57.8,0.0,0.0000,0.0000
487.64,2026-05-25T19:06:20.477088,IDLE,57.0,57.7,0.0,0.0000,0.0000
488.14,2026-05-25T19:06:20.977203,IDLE,58.9,57.8,0.0,0.0000,0.0000
488.64,2026-05-25T19:06:21.478338,IDLE,62.2,57.7,0.0,0.0000,0.0000
489.14,2026-05-25T19:06:21.977639,IDLE,59.7,57.7,0.0,0.0000,0.0000
489.64,2026-05-25T19:06:22.478022,IDLE,58.3,57.7,0.0,0.0000,0.0000
490.14,2026-05-25T19:06:22.977576,IDLE,57.1,57.8,0.0,0.0000,0.0000
490.64,2026-05-25T19:06:23.476941,IDLE,59.3,57.7,0.0,0.0000,0.0000
491.14,2026-05-25T19:06:23.978261,IDLE,60.8,57.8,0.0,0.0000,0.0000
491.64,2026-05-25T19:06:24.477532,IDLE,56.9,57.8,0.0,0.0000,0.0000
492.14,2026-05-25T19:06:24.977090,IDLE,58.8,57.7,0.0,0.0000,0.0000
492.64,2026-05-25T19:06:25.477613,IDLE,57.2,57.6,0.0,0.0000,0.0000
493.14,2026-05-25T19:06:25.978320,IDLE,58.2,57.6,0.0,0.0000,0.0000
493.64,2026-05-25T19:06:26.476927,IDLE,57.2,57.7,0.0,0.0000,0.0000
494.15,2026-05-25T19:06:26.979052,IDLE,60.3,56.2,0.0,0.0000,0.0000
494.64,2026-05-25T19:06:27.478576,IDLE,61.2,56.2,0.0,0.0000,0.0000
495.14,2026-05-25T19:06:27.977935,IDLE,58.1,56.2,0.0,0.0000,0.0000
495.64,2026-05-25T19:06:28.477070,IDLE,58.3,56.2,0.0,0.0000,0.0000
496.14,2026-05-25T19:06:28.977302,IDLE,55.9,56.1,0.0,0.0000,0.0000
496.64,2026-05-25T19:06:29.478545,IDLE,62.2,56.2,0.0,0.0000,0.0000
497.14,2026-05-25T19:06:29.977918,IDLE,59.7,56.1,0.0,0.0000,0.0000
497.64,2026-05-25T19:06:30.477170,IDLE,56.8,56.1,0.0,0.0000,0.0000
498.14,2026-05-25T19:06:30.977384,IDLE,59.9,56.1,0.0,0.0000,0.0000
498.65,2026-05-25T19:06:31.480229,IDLE,62.8,56.1,0.0,0.0000,0.0000
499.15,2026-05-25T19:06:31.983864,IDLE,59.5,56.1,0.0,0.0000,0.0000
499.64,2026-05-25T19:06:32.477591,IDLE,55.7,56.1,0.0,0.0000,0.0000
500.15,2026-05-25T19:06:32.979491,IDLE,55.2,56.1,0.0,0.0000,0.0000
500.64,2026-05-25T19:06:33.477573,IDLE,59.5,56.2,0.0,0.0000,0.0000
501.14,2026-05-25T19:06:33.977600,IDLE,56.1,56.1,0.0,0.0000,0.0000
501.64,2026-05-25T19:06:34.477060,IDLE,57.6,56.1,0.0,0.0000,0.0000
502.14,2026-05-25T19:06:34.977659,IDLE,55.9,56.1,0.0,0.0000,0.0000
502.64,2026-05-25T19:06:35.477282,IDLE,61.2,56.2,0.0,0.0000,0.0000
503.14,2026-05-25T19:06:35.977456,IDLE,56.3,56.2,0.0,0.0000,0.0000
503.64,2026-05-25T19:06:36.477809,IDLE,56.2,56.2,0.0,0.0000,0.0000
504.14,2026-05-25T19:06:36.978206,IDLE,60.1,56.1,0.0,0.0000,0.0000
504.64,2026-05-25T19:06:37.478500,IDLE,62.2,56.1,0.0,0.0000,0.0000
505.15,2026-05-25T19:06:37.980737,IDLE,58.5,56.2,0.0,0.0000,0.0000
505.64,2026-05-25T19:06:38.477428,IDLE,56.3,56.1,0.0,0.0000,0.0000
506.15,2026-05-25T19:06:38.980493,IDLE,56.7,56.2,0.0,0.0000,0.0000
506.64,2026-05-25T19:06:39.478179,IDLE,60.1,56.2,0.0,0.0000,0.0000
507.14,2026-05-25T19:06:39.977810,IDLE,57.0,56.2,0.0,0.0000,0.0000
507.64,2026-05-25T19:06:40.477478,IDLE,56.0,56.2,0.0,0.0000,0.0000
508.14,2026-05-25T19:06:40.977484,IDLE,56.2,56.1,0.0,0.0000,0.0000
508.64,2026-05-25T19:06:41.477539,IDLE,55.8,56.1,0.0,0.0000,0.0000
509.14,2026-05-25T19:06:41.977411,IDLE,58.3,56.2,0.0,0.0000,0.0000
509.64,2026-05-25T19:06:42.478566,IDLE,57.2,56.2,0.0,0.0000,0.0000
510.14,2026-05-25T19:06:42.977875,IDLE,60.6,56.2,0.0,0.0000,0.0000
510.64,2026-05-25T19:06:43.477599,IDLE,59.8,56.2,0.0,0.0000,0.0000
511.14,2026-05-25T19:06:43.977368,IDLE,55.5,56.2,0.0,0.0000,0.0000
511.64,2026-05-25T19:06:44.477254,IDLE,56.2,56.2,0.0,0.0000,0.0000
512.14,2026-05-25T19:06:44.977252,IDLE,57.2,56.2,0.0,0.0000,0.0000
512.64,2026-05-25T19:06:45.477433,IDLE,60.5,56.2,0.0,0.0000,0.0000
513.14,2026-05-25T19:06:45.977062,IDLE,57.0,56.1,0.0,0.0000,0.0000
513.64,2026-05-25T19:06:46.477557,IDLE,56.6,56.1,0.0,0.0000,0.0000
514.15,2026-05-25T19:06:46.984762,IDLE,58.3,56.1,0.0,0.0000,0.0000
514.64,2026-05-25T19:06:47.478010,IDLE,63.3,56.2,0.0,0.0000,0.0000
515.15,2026-05-25T19:06:47.981952,IDLE,55.6,56.3,0.0,0.0000,0.0000
515.64,2026-05-25T19:06:48.477487,IDLE,56.0,56.2,0.0,0.0000,0.0000
516.14,2026-05-25T19:06:48.978013,IDLE,55.4,56.2,0.0,0.0000,0.0000
516.64,2026-05-25T19:06:49.477390,IDLE,52.5,56.2,0.0,0.0000,0.0000
517.14,2026-05-25T19:06:49.977069,IDLE,57.2,56.2,0.0,0.0000,0.0000
517.65,2026-05-25T19:06:50.481603,IDLE,52.1,56.2,0.0,0.0000,0.0000
518.14,2026-05-25T19:06:50.978430,IDLE,56.0,56.2,0.0,0.0000,0.0000
518.64,2026-05-25T19:06:51.477120,IDLE,57.4,56.3,0.0,0.0000,0.0000
519.14,2026-05-25T19:06:51.977683,IDLE,53.8,56.2,0.0,0.0000,0.0000
519.64,2026-05-25T19:06:52.477720,IDLE,55.5,56.3,0.0,0.0000,0.0000
520.14,2026-05-25T19:06:52.977491,IDLE,57.7,56.2,0.0,0.0000,0.0000
520.65,2026-05-25T19:06:53.479744,IDLE,62.4,56.1,0.0,0.0000,0.0000
521.14,2026-05-25T19:06:53.977420,IDLE,56.1,56.2,0.0,0.0000,0.0000
521.64,2026-05-25T19:06:54.477332,IDLE,53.7,56.2,0.0,0.0000,0.0000
522.14,2026-05-25T19:06:54.978038,IDLE,57.1,56.2,0.0,0.0000,0.0000
522.64,2026-05-25T19:06:55.477421,IDLE,64.6,56.2,0.0,0.0000,0.0000
523.14,2026-05-25T19:06:55.976937,IDLE,54.3,56.2,0.0,0.0000,0.0000
523.64,2026-05-25T19:06:56.477425,IDLE,54.6,56.2,0.0,0.0000,0.0000
524.15,2026-05-25T19:06:56.982225,IDLE,58.3,56.3,0.0,0.0000,0.0000
524.64,2026-05-25T19:06:57.477234,IDLE,57.3,56.3,0.0,0.0000,0.0000
525.14,2026-05-25T19:06:57.977777,IDLE,58.9,56.2,0.0,0.0000,0.0000
525.64,2026-05-25T19:06:58.477523,IDLE,56.9,56.2,0.0,0.0000,0.0000
526.14,2026-05-25T19:06:58.977545,IDLE,55.8,56.3,0.0,0.0000,0.0000
526.64,2026-05-25T19:06:59.477717,IDLE,55.7,56.2,0.0,0.0000,0.0000
527.14,2026-05-25T19:06:59.978091,IDLE,59.0,56.2,0.0,0.0000,0.0000
527.64,2026-05-25T19:07:00.476953,IDLE,54.5,56.2,0.0,0.0000,0.0000
528.14,2026-05-25T19:07:00.977269,IDLE,57.6,56.2,0.0,0.0000,0.0000
528.64,2026-05-25T19:07:01.477334,IDLE,60.7,56.2,0.0,0.0000,0.0000
529.14,2026-05-25T19:07:01.978132,IDLE,60.9,56.3,0.0,0.0000,0.0000
529.64,2026-05-25T19:07:02.477058,IDLE,55.9,56.1,0.0,0.0000,0.0000
530.14,2026-05-25T19:07:02.977713,IDLE,54.9,56.1,0.0,0.0000,0.0000
530.64,2026-05-25T19:07:03.477405,IDLE,61.2,56.0,0.0,0.0000,0.0000
531.14,2026-05-25T19:07:03.977518,IDLE,57.8,56.0,0.0,0.0000,0.0000
531.64,2026-05-25T19:07:04.478735,IDLE,57.9,56.1,0.0,0.0000,0.0000
532.14,2026-05-25T19:07:04.978590,IDLE,58.3,56.1,0.0,0.0000,0.0000
532.64,2026-05-25T19:07:05.477194,IDLE,56.1,56.0,0.0,0.0000,0.0000
533.14,2026-05-25T19:07:05.977512,IDLE,56.1,56.1,0.0,0.0000,0.0000
533.64,2026-05-25T19:07:06.477372,IDLE,56.3,56.1,0.0,0.0000,0.0000
534.14,2026-05-25T19:07:06.977851,IDLE,57.0,56.2,0.0,0.0000,0.0000
534.64,2026-05-25T19:07:07.477547,IDLE,58.5,56.1,0.0,0.0000,0.0000
535.14,2026-05-25T19:07:07.977385,IDLE,59.9,56.2,0.0,0.0000,0.0000
535.64,2026-05-25T19:07:08.477466,IDLE,60.5,56.2,0.0,0.0000,0.0000
536.14,2026-05-25T19:07:08.978275,IDLE,57.6,56.2,0.0,0.0000,0.0000
536.64,2026-05-25T19:07:09.477780,IDLE,62.8,56.2,0.0,0.0000,0.0000
537.15,2026-05-25T19:07:09.981051,IDLE,58.1,56.2,0.0,0.0000,0.0000
537.64,2026-05-25T19:07:10.477944,IDLE,56.3,56.2,0.0,0.0000,0.0000
538.14,2026-05-25T19:07:10.977294,IDLE,57.3,56.1,0.0,0.0000,0.0000
538.64,2026-05-25T19:07:11.476866,IDLE,63.4,56.1,0.0,0.0000,0.0000
539.14,2026-05-25T19:07:11.977196,IDLE,56.0,56.1,0.0,0.0000,0.0000
539.64,2026-05-25T19:07:12.478172,IDLE,54.8,56.2,0.0,0.0000,0.0000
540.14,2026-05-25T19:07:12.977703,IDLE,57.0,56.1,0.0,0.0000,0.0000
540.64,2026-05-25T19:07:13.477882,IDLE,55.7,56.0,0.0,0.0000,0.0000
541.14,2026-05-25T19:07:13.977912,IDLE,57.2,56.1,0.0,0.0000,0.0000
541.64,2026-05-25T19:07:14.477344,IDLE,56.3,56.1,0.0,0.0000,0.0000
542.14,2026-05-25T19:07:14.977385,IDLE,60.2,56.2,0.0,0.0000,0.0000
542.64,2026-05-25T19:07:15.477915,IDLE,58.2,56.2,0.0,0.0000,0.0000
543.14,2026-05-25T19:07:15.977086,IDLE,57.5,56.2,0.0,0.0000,0.0000
543.64,2026-05-25T19:07:16.477117,IDLE,52.3,56.2,0.0,0.0000,0.0000
544.14,2026-05-25T19:07:16.977969,IDLE,58.9,56.1,0.0,0.0000,0.0000
544.64,2026-05-25T19:07:17.477407,IDLE,60.7,56.1,0.0,0.0000,0.0000
545.14,2026-05-25T19:07:17.977486,IDLE,56.6,56.1,0.0,0.0000,0.0000
545.64,2026-05-25T19:07:18.477316,IDLE,58.6,56.1,0.0,0.0000,0.0000
546.14,2026-05-25T19:07:18.978324,IDLE,57.9,56.2,0.0,0.0000,0.0000
546.64,2026-05-25T19:07:19.477760,IDLE,64.2,56.2,0.0,0.0000,0.0000
547.14,2026-05-25T19:07:19.977134,IDLE,55.3,56.1,0.0,0.0000,0.0000
547.64,2026-05-25T19:07:20.477310,IDLE,56.7,56.2,0.0,0.0000,0.0000
548.14,2026-05-25T19:07:20.978810,IDLE,59.2,56.2,0.0,0.0000,0.0000
548.64,2026-05-25T19:07:21.478069,IDLE,52.7,56.2,0.0,0.0000,0.0000
549.14,2026-05-25T19:07:21.977001,IDLE,59.0,56.2,0.0,0.0000,0.0000
549.64,2026-05-25T19:07:22.477079,IDLE,57.5,56.2,0.0,0.0000,0.0000
550.14,2026-05-25T19:07:22.978106,IDLE,55.6,56.2,0.0,0.0000,0.0000
550.65,2026-05-25T19:07:23.479567,IDLE,56.6,56.2,0.0,0.0000,0.0000
551.14,2026-05-25T19:07:23.978473,IDLE,58.2,56.2,0.0,0.0000,0.0000
551.64,2026-05-25T19:07:24.477302,IDLE,57.8,56.2,0.0,0.0000,0.0000
552.14,2026-05-25T19:07:24.977182,IDLE,57.3,56.2,0.0,0.0000,0.0000
552.64,2026-05-25T19:07:25.477595,IDLE,59.6,56.3,0.0,0.0000,0.0000
553.14,2026-05-25T19:07:25.977034,IDLE,57.0,56.2,0.0,0.0000,0.0000
553.64,2026-05-25T19:07:26.478280,IDLE,56.8,56.2,0.0,0.0000,0.0000
554.14,2026-05-25T19:07:26.977446,IDLE,53.8,56.2,0.0,0.0000,0.0000
554.64,2026-05-25T19:07:27.477268,IDLE,60.2,56.2,0.0,0.0000,0.0000
555.14,2026-05-25T19:07:27.977187,IDLE,57.2,56.2,0.0,0.0000,0.0000
555.64,2026-05-25T19:07:28.477143,IDLE,57.2,56.2,0.0,0.0000,0.0000
556.14,2026-05-25T19:07:28.977239,IDLE,60.9,56.2,0.0,0.0000,0.0000
556.64,2026-05-25T19:07:29.477626,IDLE,56.0,56.2,0.0,0.0000,0.0000
557.14,2026-05-25T19:07:29.977189,IDLE,60.9,56.3,0.0,0.0000,0.0000
557.64,2026-05-25T19:07:30.477372,IDLE,54.6,56.3,0.0,0.0000,0.0000
558.15,2026-05-25T19:07:30.979875,IDLE,60.8,56.2,0.0,0.0000,0.0000
558.64,2026-05-25T19:07:31.477360,IDLE,58.5,56.3,0.0,0.0000,0.0000
559.14,2026-05-25T19:07:31.977511,IDLE,60.3,56.3,0.0,0.0000,0.0000
559.64,2026-05-25T19:07:32.477500,IDLE,58.3,56.3,0.0,0.0000,0.0000
560.14,2026-05-25T19:07:32.977197,IDLE,56.3,56.3,0.0,0.0000,0.0000
560.64,2026-05-25T19:07:33.476946,IDLE,60.8,56.3,0.0,0.0000,0.0000
561.14,2026-05-25T19:07:33.978209,IDLE,57.0,56.3,0.0,0.0000,0.0000
561.64,2026-05-25T19:07:34.477202,IDLE,56.4,56.3,0.0,0.0000,0.0000
562.14,2026-05-25T19:07:34.978483,IDLE,57.8,56.3,0.0,0.0000,0.0000
562.64,2026-05-25T19:07:35.476847,IDLE,64.5,56.4,0.0,0.0000,0.0000
563.14,2026-05-25T19:07:35.978505,IDLE,58.2,56.3,0.0,0.0000,0.0000
563.64,2026-05-25T19:07:36.478518,IDLE,59.7,56.2,0.0,0.0000,0.0000
564.14,2026-05-25T19:07:36.977870,IDLE,58.0,56.4,0.0,0.0000,0.0000
564.64,2026-05-25T19:07:37.477290,IDLE,55.4,56.3,0.0,0.0000,0.0000
565.14,2026-05-25T19:07:37.977166,IDLE,58.8,56.3,0.0,0.0000,0.0000
565.64,2026-05-25T19:07:38.477123,IDLE,61.4,56.2,0.0,0.0000,0.0000
566.14,2026-05-25T19:07:38.977620,IDLE,59.9,56.3,0.0,0.0000,0.0000
566.65,2026-05-25T19:07:39.478924,IDLE,60.0,56.2,0.0,0.0000,0.0000
567.14,2026-05-25T19:07:39.977243,IDLE,57.6,56.1,0.0,0.0000,0.0000
567.64,2026-05-25T19:07:40.477181,IDLE,56.4,56.2,0.0,0.0000,0.0000
568.14,2026-05-25T19:07:40.977034,IDLE,57.6,56.1,0.0,0.0000,0.0000
568.64,2026-05-25T19:07:41.477385,IDLE,61.2,56.1,0.0,0.0000,0.0000
569.14,2026-05-25T19:07:41.977532,IDLE,59.7,56.1,0.0,0.0000,0.0000
569.65,2026-05-25T19:07:42.479246,IDLE,58.1,56.2,0.0,0.0000,0.0000
570.15,2026-05-25T19:07:42.979592,IDLE,58.5,56.1,0.0,0.0000,0.0000
570.64,2026-05-25T19:07:43.477402,IDLE,64.0,56.2,0.0,0.0000,0.0000
571.14,2026-05-25T19:07:43.978221,IDLE,56.7,56.3,0.0,0.0000,0.0000
571.64,2026-05-25T19:07:44.476933,IDLE,62.0,56.3,0.0,0.0000,0.0000
572.14,2026-05-25T19:07:44.977099,IDLE,55.6,56.3,0.0,0.0000,0.0000
572.64,2026-05-25T19:07:45.477248,IDLE,59.3,56.3,0.0,0.0000,0.0000
573.14,2026-05-25T19:07:45.978471,IDLE,59.1,56.2,0.0,0.0000,0.0000
573.64,2026-05-25T19:07:46.477354,IDLE,60.5,56.1,0.0,0.0000,0.0000
574.15,2026-05-25T19:07:46.979764,IDLE,58.8,56.2,0.0,0.0000,0.0000
574.64,2026-05-25T19:07:47.477455,IDLE,58.8,56.2,0.0,0.0000,0.0000
575.14,2026-05-25T19:07:47.977493,IDLE,58.2,56.2,0.0,0.0000,0.0000
575.64,2026-05-25T19:07:48.477976,IDLE,60.7,56.3,0.0,0.0000,0.0000
576.14,2026-05-25T19:07:48.977281,IDLE,61.1,56.3,0.0,0.0000,0.0000
576.64,2026-05-25T19:07:49.477571,IDLE,60.5,56.3,0.0,0.0000,0.0000
577.15,2026-05-25T19:07:49.979649,IDLE,60.5,56.2,0.0,0.0000,0.0000
577.64,2026-05-25T19:07:50.477364,IDLE,59.0,56.3,0.0,0.0000,0.0000
578.14,2026-05-25T19:07:50.977618,IDLE,58.2,56.3,0.0,0.0000,0.0000
578.64,2026-05-25T19:07:51.476839,IDLE,62.8,56.2,0.0,0.0000,0.0000
579.14,2026-05-25T19:07:51.977466,IDLE,59.1,56.3,0.0,0.0000,0.0000
579.64,2026-05-25T19:07:52.476790,IDLE,58.9,56.3,0.0,0.0000,0.0000
580.14,2026-05-25T19:07:52.977541,IDLE,56.7,56.3,0.0,0.0000,0.0000
580.64,2026-05-25T19:07:53.477248,IDLE,62.9,56.4,0.0,0.0000,0.0000
581.14,2026-05-25T19:07:53.977438,IDLE,59.9,56.4,0.0,0.0000,0.0000
581.64,2026-05-25T19:07:54.477377,IDLE,61.3,56.3,0.0,0.0000,0.0000
582.14,2026-05-25T19:07:54.977206,IDLE,57.9,56.4,0.0,0.0000,0.0000
582.64,2026-05-25T19:07:55.477243,IDLE,60.3,56.3,0.0,0.0000,0.0000
583.14,2026-05-25T19:07:55.977614,IDLE,56.2,56.3,0.0,0.0000,0.0000
583.64,2026-05-25T19:07:56.478513,IDLE,58.0,56.3,0.0,0.0000,0.0000
584.14,2026-05-25T19:07:56.977342,IDLE,59.3,56.3,0.0,0.0000,0.0000
584.64,2026-05-25T19:07:57.477160,IDLE,62.5,56.3,0.0,0.0000,0.0000
585.14,2026-05-25T19:07:57.977451,IDLE,59.3,56.3,0.0,0.0000,0.0000
585.64,2026-05-25T19:07:58.477637,IDLE,57.2,56.4,0.0,0.0000,0.0000
586.14,2026-05-25T19:07:58.977949,IDLE,61.1,56.4,0.0,0.0000,0.0000
586.64,2026-05-25T19:07:59.476838,IDLE,62.8,56.3,0.0,0.0000,0.0000
587.14,2026-05-25T19:07:59.977466,IDLE,58.5,56.4,0.0,0.0000,0.0000
587.64,2026-05-25T19:08:00.476910,IDLE,60.3,56.4,0.0,0.0000,0.0000
588.14,2026-05-25T19:08:00.977364,IDLE,58.8,56.4,0.0,0.0000,0.0000
588.65,2026-05-25T19:08:01.481682,IDLE,59.5,56.5,0.0,0.0000,0.0000
589.14,2026-05-25T19:08:01.977342,IDLE,58.7,56.4,0.0,0.0000,0.0000
589.64,2026-05-25T19:08:02.477269,IDLE,57.1,56.4,0.0,0.0000,0.0000
590.14,2026-05-25T19:08:02.977091,IDLE,57.7,56.5,0.0,0.0000,0.0000
590.64,2026-05-25T19:08:03.477339,IDLE,61.7,56.5,0.0,0.0000,0.0000
591.14,2026-05-25T19:08:03.977379,IDLE,59.7,56.4,0.0,0.0000,0.0000
591.64,2026-05-25T19:08:04.477936,IDLE,58.0,56.4,0.0,0.0000,0.0000
592.14,2026-05-25T19:08:04.977641,IDLE,60.7,56.4,0.0,0.0000,0.0000
592.64,2026-05-25T19:08:05.477807,IDLE,61.1,56.5,0.0,0.0000,0.0000
593.14,2026-05-25T19:08:05.977389,IDLE,60.1,56.5,0.0,0.0000,0.0000
593.64,2026-05-25T19:08:06.477434,IDLE,58.7,56.4,0.0,0.0000,0.0000
594.14,2026-05-25T19:08:06.977708,IDLE,65.0,56.5,0.0,0.0000,0.0000
594.64,2026-05-25T19:08:07.477073,IDLE,63.5,56.3,0.0,0.0000,0.0000
595.14,2026-05-25T19:08:07.977103,IDLE,56.7,56.3,0.0,0.0000,0.0000
595.64,2026-05-25T19:08:08.477634,IDLE,57.8,56.2,0.0,0.0000,0.0000
596.14,2026-05-25T19:08:08.977547,IDLE,58.9,56.2,0.0,0.0000,0.0000
596.64,2026-05-25T19:08:09.477280,IDLE,57.8,56.3,0.0,0.0000,0.0000
597.14,2026-05-25T19:08:09.977334,IDLE,61.9,56.3,0.0,0.0000,0.0000
597.64,2026-05-25T19:08:10.477243,IDLE,55.1,56.3,0.0,0.0000,0.0000
598.14,2026-05-25T19:08:10.977333,IDLE,58.5,56.3,0.0,0.0000,0.0000
598.64,2026-05-25T19:08:11.477362,IDLE,57.7,56.3,0.0,0.0000,0.0000
599.14,2026-05-25T19:08:11.978256,IDLE,59.8,56.4,0.0,0.0000,0.0000
599.64,2026-05-25T19:08:12.477405,IDLE,61.0,56.3,0.0,0.0000,0.0000
600.14,2026-05-25T19:08:12.977292,IDLE,56.6,56.4,0.0,0.0000,0.0000
600.64,2026-05-25T19:08:13.477473,IDLE,61.1,56.3,0.0,0.0000,0.0000
601.14,2026-05-25T19:08:13.977448,IDLE,59.2,56.3,0.0,0.0000,0.0000
601.64,2026-05-25T19:08:14.477658,IDLE,57.6,56.3,0.0,0.0000,0.0000
602.14,2026-05-25T19:08:14.977339,IDLE,59.0,56.3,0.0,0.0000,0.0000
602.64,2026-05-25T19:08:15.477139,IDLE,62.4,56.3,0.0,0.0000,0.0000
603.14,2026-05-25T19:08:15.977228,IDLE,58.4,56.4,0.0,0.0000,0.0000
603.65,2026-05-25T19:08:16.480292,IDLE,59.3,56.4,0.0,0.0000,0.0000
604.14,2026-05-25T19:08:16.977449,IDLE,60.3,56.3,0.0,0.0000,0.0000
604.64,2026-05-25T19:08:17.478232,IDLE,59.9,56.3,0.0,0.0000,0.0000
605.14,2026-05-25T19:08:17.978192,IDLE,60.2,56.4,0.0,0.0000,0.0000
605.64,2026-05-25T19:08:18.477156,IDLE,58.8,56.4,0.0,0.0000,0.0000
606.14,2026-05-25T19:08:18.977533,IDLE,60.1,56.4,0.0,0.0000,0.0000
606.64,2026-05-25T19:08:19.477216,IDLE,60.6,56.4,0.0,0.0000,0.0000
607.14,2026-05-25T19:08:19.978634,IDLE,58.9,56.4,0.0,0.0000,0.0000
607.64,2026-05-25T19:08:20.478224,IDLE,61.2,56.3,0.0,0.0000,0.0000
608.14,2026-05-25T19:08:20.977230,IDLE,61.6,56.3,0.0,0.0000,0.0000
608.64,2026-05-25T19:08:21.477312,IDLE,61.6,56.4,0.0,0.0000,0.0000
609.14,2026-05-25T19:08:21.977195,IDLE,60.0,56.4,0.0,0.0000,0.0000
609.64,2026-05-25T19:08:22.478484,IDLE,57.4,56.4,0.0,0.0000,0.0000
610.14,2026-05-25T19:08:22.977604,IDLE,59.5,56.4,0.0,0.0000,0.0000
610.64,2026-05-25T19:08:23.478520,IDLE,63.0,56.4,0.0,0.0000,0.0000
611.14,2026-05-25T19:08:23.977459,IDLE,61.4,56.5,0.0,0.0000,0.0000
611.65,2026-05-25T19:08:24.480455,IDLE,61.1,56.5,0.0,0.0000,0.0000
612.14,2026-05-25T19:08:24.977854,IDLE,62.1,56.5,0.0,0.0000,0.0000
612.65,2026-05-25T19:08:25.479842,IDLE,59.2,56.4,0.0,0.0000,0.0000
613.14,2026-05-25T19:08:25.977801,IDLE,57.6,56.4,0.0,0.0000,0.0000
613.64,2026-05-25T19:08:26.478793,IDLE,59.5,56.5,0.0,0.0000,0.0000
614.14,2026-05-25T19:08:26.977206,IDLE,59.6,56.4,0.0,0.0000,0.0000
614.64,2026-05-25T19:08:27.477886,IDLE,62.2,56.5,0.0,0.0000,0.0000
615.14,2026-05-25T19:08:27.977530,IDLE,55.7,56.5,0.0,0.0000,0.0000
615.64,2026-05-25T19:08:28.477255,IDLE,62.3,56.5,0.0,0.0000,0.0000
616.14,2026-05-25T19:08:28.978286,IDLE,62.0,56.5,0.0,0.0000,0.0000
616.64,2026-05-25T19:08:29.477654,IDLE,58.7,56.4,0.0,0.0000,0.0000
617.14,2026-05-25T19:08:29.977439,IDLE,61.0,56.4,0.0,0.0000,0.0000
617.64,2026-05-25T19:08:30.477461,IDLE,59.3,56.4,0.0,0.0000,0.0000
618.14,2026-05-25T19:08:30.977734,IDLE,63.5,56.4,0.0,0.0000,0.0000
618.64,2026-05-25T19:08:31.477061,IDLE,62.9,56.4,0.0,0.0000,0.0000
619.14,2026-05-25T19:08:31.977839,IDLE,59.9,56.5,0.0,0.0000,0.0000
619.64,2026-05-25T19:08:32.477522,IDLE,58.1,56.5,0.0,0.0000,0.0000
620.14,2026-05-25T19:08:32.977553,IDLE,62.3,56.5,0.0,0.0000,0.0000
620.64,2026-05-25T19:08:33.477320,IDLE,56.5,56.5,0.0,0.0000,0.0000
621.14,2026-05-25T19:08:33.977264,IDLE,59.3,56.5,0.0,0.0000,0.0000
621.64,2026-05-25T19:08:34.477079,IDLE,58.1,56.4,0.0,0.0000,0.0000
622.15,2026-05-25T19:08:34.979207,IDLE,61.3,56.5,0.0,0.0000,0.0000
622.64,2026-05-25T19:08:35.478654,IDLE,58.9,56.5,0.0,0.0000,0.0000
623.14,2026-05-25T19:08:35.977607,IDLE,60.4,56.4,0.0,0.0000,0.0000
623.64,2026-05-25T19:08:36.477733,IDLE,57.2,56.5,0.0,0.0000,0.0000
624.15,2026-05-25T19:08:36.978897,IDLE,58.4,56.5,0.0,0.0000,0.0000
624.64,2026-05-25T19:08:37.477780,IDLE,60.1,56.5,0.0,0.0000,0.0000
625.14,2026-05-25T19:08:37.977042,IDLE,60.4,56.5,0.0,0.0000,0.0000
625.64,2026-05-25T19:08:38.476964,IDLE,60.3,56.6,0.0,0.0000,0.0000
626.14,2026-05-25T19:08:38.977450,IDLE,61.0,56.6,0.0,0.0000,0.0000
626.64,2026-05-25T19:08:39.478572,IDLE,60.3,56.6,0.0,0.0000,0.0000
627.14,2026-05-25T19:08:39.978054,IDLE,58.7,56.6,0.0,0.0000,0.0000
627.64,2026-05-25T19:08:40.478493,IDLE,57.8,56.6,0.0,0.0000,0.0000
628.14,2026-05-25T19:08:40.978208,IDLE,56.2,56.6,0.0,0.0000,0.0000
628.64,2026-05-25T19:08:41.477669,IDLE,62.7,56.6,0.0,0.0000,0.0000
629.14,2026-05-25T19:08:41.977913,IDLE,57.2,56.6,0.0,0.0000,0.0000
629.64,2026-05-25T19:08:42.477106,IDLE,56.7,56.7,0.0,0.0000,0.0000
630.14,2026-05-25T19:08:42.977407,IDLE,58.0,56.7,0.0,0.0000,0.0000
630.64,2026-05-25T19:08:43.477962,IDLE,60.9,56.6,0.0,0.0000,0.0000
631.14,2026-05-25T19:08:43.977482,IDLE,57.7,56.6,0.0,0.0000,0.0000
631.64,2026-05-25T19:08:44.477104,IDLE,56.4,56.5,0.0,0.0000,0.0000
632.14,2026-05-25T19:08:44.978156,IDLE,59.5,56.7,0.0,0.0000,0.0000
632.64,2026-05-25T19:08:45.478059,IDLE,60.3,56.6,0.0,0.0000,0.0000
633.14,2026-05-25T19:08:45.978684,IDLE,58.0,56.6,0.0,0.0000,0.0000
633.64,2026-05-25T19:08:46.477439,IDLE,58.9,56.6,0.0,0.0000,0.0000
634.14,2026-05-25T19:08:46.977936,IDLE,58.3,56.6,0.0,0.0000,0.0000
634.64,2026-05-25T19:08:47.477036,IDLE,57.4,56.7,0.0,0.0000,0.0000
635.14,2026-05-25T19:08:47.978642,IDLE,58.8,56.7,0.0,0.0000,0.0000
635.65,2026-05-25T19:08:48.480743,IDLE,59.3,56.7,0.0,0.0000,0.0000
636.14,2026-05-25T19:08:48.978356,IDLE,59.9,56.7,0.0,0.0000,0.0000
636.64,2026-05-25T19:08:49.477316,IDLE,57.6,56.6,0.0,0.0000,0.0000
637.14,2026-05-25T19:08:49.977722,IDLE,57.7,56.5,0.0,0.0000,0.0000
637.64,2026-05-25T19:08:50.477289,IDLE,58.2,56.6,0.0,0.0000,0.0000
638.14,2026-05-25T19:08:50.977382,IDLE,58.5,56.7,0.0,0.0000,0.0000
638.64,2026-05-25T19:08:51.477012,IDLE,57.4,56.7,0.0,0.0000,0.0000
639.14,2026-05-25T19:08:51.977415,IDLE,55.0,56.7,0.0,0.0000,0.0000
639.64,2026-05-25T19:08:52.477280,IDLE,54.6,56.7,0.0,0.0000,0.0000
640.14,2026-05-25T19:08:52.978289,IDLE,61.7,56.6,0.0,0.0000,0.0000
640.65,2026-05-25T19:08:53.479576,IDLE,59.2,56.4,0.0,0.0000,0.0000
641.14,2026-05-25T19:08:53.978351,IDLE,57.7,56.5,0.0,0.0000,0.0000
641.64,2026-05-25T19:08:54.477585,IDLE,55.7,56.4,0.0,0.0000,0.0000
642.14,2026-05-25T19:08:54.977474,IDLE,53.5,56.5,0.0,0.0000,0.0000
642.64,2026-05-25T19:08:55.477372,IDLE,62.3,56.5,0.0,0.0000,0.0000
643.14,2026-05-25T19:08:55.977915,IDLE,57.1,56.5,0.0,0.0000,0.0000
643.64,2026-05-25T19:08:56.477596,IDLE,59.3,56.5,0.0,0.0000,0.0000
644.14,2026-05-25T19:08:56.977182,IDLE,58.0,56.5,0.0,0.0000,0.0000
644.64,2026-05-25T19:08:57.477564,IDLE,57.0,56.5,0.0,0.0000,0.0000
645.14,2026-05-25T19:08:57.978662,IDLE,57.5,56.5,0.0,0.0000,0.0000
645.64,2026-05-25T19:08:58.477698,IDLE,58.0,56.5,0.0,0.0000,0.0000
646.14,2026-05-25T19:08:58.977686,IDLE,56.2,56.5,0.0,0.0000,0.0000
646.64,2026-05-25T19:08:59.477778,IDLE,59.9,56.5,0.0,0.0000,0.0000
647.14,2026-05-25T19:08:59.977927,IDLE,57.7,56.5,0.0,0.0000,0.0000
647.64,2026-05-25T19:09:00.478037,IDLE,55.8,56.6,0.0,0.0000,0.0000
648.14,2026-05-25T19:09:00.977558,IDLE,55.3,56.5,0.0,0.0000,0.0000
648.65,2026-05-25T19:09:01.481186,IDLE,60.1,56.6,0.0,0.0000,0.0000
649.14,2026-05-25T19:09:01.978231,IDLE,54.7,56.6,0.0,0.0000,0.0000
649.64,2026-05-25T19:09:02.477180,IDLE,54.1,56.6,0.0,0.0000,0.0000
650.14,2026-05-25T19:09:02.978660,IDLE,61.0,56.6,0.0,0.0000,0.0000
650.65,2026-05-25T19:09:03.485148,IDLE,61.9,56.6,0.0,0.0000,0.0000
651.14,2026-05-25T19:09:03.977485,IDLE,56.8,56.6,0.0,0.0000,0.0000
651.65,2026-05-25T19:09:04.479153,IDLE,58.9,56.5,0.0,0.0000,0.0000
652.14,2026-05-25T19:09:04.977240,IDLE,59.4,56.8,0.0,0.0000,0.0000
652.64,2026-05-25T19:09:05.476658,IDLE,61.7,57.0,0.0,0.0000,0.0000
653.14,2026-05-25T19:09:05.977303,IDLE,57.4,57.2,0.0,0.0000,0.0000
653.64,2026-05-25T19:09:06.476921,IDLE,60.7,57.1,0.0,0.0000,0.0000
654.14,2026-05-25T19:09:06.978185,IDLE,65.3,56.6,0.0,0.0000,0.0000
654.64,2026-05-25T19:09:07.477262,IDLE,58.5,56.6,0.0,0.0000,0.0000
655.14,2026-05-25T19:09:07.977700,IDLE,56.9,56.7,0.0,0.0000,0.0000
655.64,2026-05-25T19:09:08.477275,IDLE,58.4,56.6,0.0,0.0000,0.0000
656.14,2026-05-25T19:09:08.977518,IDLE,60.1,56.7,0.0,0.0000,0.0000
656.64,2026-05-25T19:09:09.478510,IDLE,59.3,56.6,0.0,0.0000,0.0000
657.14,2026-05-25T19:09:09.977706,IDLE,60.6,56.8,0.0,0.0000,0.0000
657.64,2026-05-25T19:09:10.478242,IDLE,58.0,56.7,0.0,0.0000,0.0000
658.14,2026-05-25T19:09:10.978260,IDLE,57.5,56.8,0.0,0.0000,0.0000
658.64,2026-05-25T19:09:11.477759,IDLE,58.7,56.7,0.0,0.0000,0.0000
659.14,2026-05-25T19:09:11.978616,IDLE,56.0,56.8,0.0,0.0000,0.0000
659.64,2026-05-25T19:09:12.477416,IDLE,59.2,56.7,0.0,0.0000,0.0000
660.14,2026-05-25T19:09:12.978347,IDLE,58.2,56.8,0.0,0.0000,0.0000
660.64,2026-05-25T19:09:13.477868,IDLE,56.5,56.8,0.0,0.0000,0.0000
661.14,2026-05-25T19:09:13.977816,IDLE,59.8,56.7,0.0,0.0000,0.0000
661.64,2026-05-25T19:09:14.477408,IDLE,56.0,56.7,0.0,0.0000,0.0000
662.14,2026-05-25T19:09:14.977704,IDLE,56.0,56.7,0.0,0.0000,0.0000
662.64,2026-05-25T19:09:15.478282,IDLE,58.4,56.7,0.0,0.0000,0.0000
663.14,2026-05-25T19:09:15.977856,IDLE,56.6,56.6,0.0,0.0000,0.0000
663.64,2026-05-25T19:09:16.477849,IDLE,59.7,56.7,0.0,0.0000,0.0000
664.14,2026-05-25T19:09:16.977782,IDLE,59.6,56.6,0.0,0.0000,0.0000
664.65,2026-05-25T19:09:17.480082,IDLE,62.7,56.7,0.0,0.0000,0.0000
665.14,2026-05-25T19:09:17.977617,IDLE,56.7,56.7,0.0,0.0000,0.0000
665.64,2026-05-25T19:09:18.477425,IDLE,55.7,56.7,0.0,0.0000,0.0000
666.14,2026-05-25T19:09:18.978509,IDLE,58.6,56.7,0.0,0.0000,0.0000
666.64,2026-05-25T19:09:19.478143,IDLE,61.8,56.7,0.0,0.0000,0.0000
667.14,2026-05-25T19:09:19.978322,IDLE,59.1,56.7,0.0,0.0000,0.0000
667.64,2026-05-25T19:09:20.478171,IDLE,53.8,56.7,0.0,0.0000,0.0000
668.14,2026-05-25T19:09:20.977648,IDLE,58.1,56.7,0.0,0.0000,0.0000
668.64,2026-05-25T19:09:21.477619,IDLE,54.5,56.7,0.0,0.0000,0.0000
669.14,2026-05-25T19:09:21.977722,IDLE,62.6,56.7,0.0,0.0000,0.0000
669.64,2026-05-25T19:09:22.477569,IDLE,58.4,56.4,0.0,0.0000,0.0000
670.15,2026-05-25T19:09:22.979551,IDLE,56.4,56.4,0.0,0.0000,0.0000
670.64,2026-05-25T19:09:23.478588,IDLE,57.6,56.4,0.0,0.0000,0.0000
671.14,2026-05-25T19:09:23.977468,IDLE,61.1,56.4,0.0,0.0000,0.0000
671.65,2026-05-25T19:09:24.481538,IDLE,56.7,56.4,0.0,0.0000,0.0000
672.14,2026-05-25T19:09:24.978229,IDLE,56.0,56.4,0.0,0.0000,0.0000
672.65,2026-05-25T19:09:25.482936,IDLE,60.5,56.4,0.0,0.0000,0.0000
673.15,2026-05-25T19:09:25.979658,IDLE,58.2,56.4,0.0,0.0000,0.0000
673.65,2026-05-25T19:09:26.482164,IDLE,55.4,56.5,0.0,0.0000,0.0000
674.14,2026-05-25T19:09:26.978587,IDLE,52.0,56.5,0.0,0.0000,0.0000
674.64,2026-05-25T19:09:27.476976,IDLE,61.8,56.4,0.0,0.0000,0.0000
675.14,2026-05-25T19:09:27.977945,IDLE,55.0,56.5,0.0,0.0000,0.0000
675.64,2026-05-25T19:09:28.478742,IDLE,60.8,56.5,0.0,0.0000,0.0000
676.15,2026-05-25T19:09:28.979792,IDLE,57.0,56.4,0.0,0.0000,0.0000
676.64,2026-05-25T19:09:29.478279,IDLE,59.9,56.4,0.0,0.0000,0.0000
677.14,2026-05-25T19:09:29.977479,IDLE,60.0,56.4,0.0,0.0000,0.0000
677.64,2026-05-25T19:09:30.477504,IDLE,55.8,56.3,0.0,0.0000,0.0000
678.14,2026-05-25T19:09:30.978040,IDLE,56.6,56.4,0.0,0.0000,0.0000
678.64,2026-05-25T19:09:31.478185,IDLE,58.6,56.4,0.0,0.0000,0.0000
679.15,2026-05-25T19:09:31.979050,IDLE,58.5,56.4,0.0,0.0000,0.0000
679.64,2026-05-25T19:09:32.478703,IDLE,56.6,56.3,0.0,0.0000,0.0000
680.14,2026-05-25T19:09:32.978011,IDLE,57.7,56.4,0.0,0.0000,0.0000
680.64,2026-05-25T19:09:33.478415,IDLE,59.7,56.5,0.0,0.0000,0.0000
681.15,2026-05-25T19:09:33.978950,IDLE,57.7,56.4,0.0,0.0000,0.0000
681.64,2026-05-25T19:09:34.478664,IDLE,56.0,56.4,0.0,0.0000,0.0000
682.14,2026-05-25T19:09:34.978116,IDLE,59.2,56.3,0.0,0.0000,0.0000
682.64,2026-05-25T19:09:35.478755,IDLE,58.0,56.4,0.0,0.0000,0.0000
683.14,2026-05-25T19:09:35.978862,IDLE,57.9,56.4,0.0,0.0000,0.0000
683.65,2026-05-25T19:09:36.479140,IDLE,54.9,56.4,0.0,0.0000,0.0000
684.14,2026-05-25T19:09:36.978409,IDLE,55.9,56.4,0.0,0.0000,0.0000
684.65,2026-05-25T19:09:37.479256,IDLE,58.9,56.3,0.0,0.0000,0.0000
685.14,2026-05-25T19:09:37.978640,IDLE,56.8,56.4,0.0,0.0000,0.0000
685.64,2026-05-25T19:09:38.477806,IDLE,55.1,56.4,0.0,0.0000,0.0000
686.15,2026-05-25T19:09:38.979596,IDLE,56.8,56.4,0.0,0.0000,0.0000
686.64,2026-05-25T19:09:39.478333,IDLE,60.4,56.4,0.0,0.0000,0.0000
687.15,2026-05-25T19:09:39.979547,IDLE,57.7,56.3,0.0,0.0000,0.0000
687.64,2026-05-25T19:09:40.478516,IDLE,56.7,56.3,0.0,0.0000,0.0000
688.14,2026-05-25T19:09:40.978173,IDLE,59.9,56.3,0.0,0.0000,0.0000
688.65,2026-05-25T19:09:41.479517,IDLE,62.4,56.4,0.0,0.0000,0.0000
689.15,2026-05-25T19:09:41.979066,IDLE,55.0,56.4,0.0,0.0000,0.0000
689.64,2026-05-25T19:09:42.478688,IDLE,57.8,56.4,0.0,0.0000,0.0000
690.14,2026-05-25T19:09:42.977411,IDLE,59.1,56.4,0.0,0.0000,0.0000
690.64,2026-05-25T19:09:43.478191,IDLE,60.7,56.4,0.0,0.0000,0.0000
691.14,2026-05-25T19:09:43.977693,IDLE,56.7,56.4,0.0,0.0000,0.0000
691.64,2026-05-25T19:09:44.478054,IDLE,54.7,56.4,0.0,0.0000,0.0000
692.15,2026-05-25T19:09:44.979433,IDLE,55.5,56.5,0.0,0.0000,0.0000
692.65,2026-05-25T19:09:45.480200,IDLE,56.6,56.5,0.0,0.0000,0.0000
693.14,2026-05-25T19:09:45.978658,IDLE,56.4,56.4,0.0,0.0000,0.0000
693.64,2026-05-25T19:09:46.478038,IDLE,56.1,56.4,0.0,0.0000,0.0000
694.14,2026-05-25T19:09:46.978184,IDLE,55.1,56.4,0.0,0.0000,0.0000
694.65,2026-05-25T19:09:47.481315,IDLE,60.9,56.4,0.0,0.0000,0.0000
695.14,2026-05-25T19:09:47.978797,IDLE,61.8,56.4,0.0,0.0000,0.0000
695.64,2026-05-25T19:09:48.478356,IDLE,56.8,56.3,0.0,0.0000,0.0000
696.14,2026-05-25T19:09:48.978199,IDLE,54.5,56.4,0.0,0.0000,0.0000
696.65,2026-05-25T19:09:49.480220,IDLE,61.0,56.5,0.0,0.0000,0.0000
697.14,2026-05-25T19:09:49.977902,IDLE,57.2,56.5,0.0,0.0000,0.0000
697.65,2026-05-25T19:09:50.479493,IDLE,58.0,56.4,0.0,0.0000,0.0000
698.14,2026-05-25T19:09:50.977521,IDLE,57.8,56.4,0.0,0.0000,0.0000
698.65,2026-05-25T19:09:51.478919,IDLE,61.1,56.5,0.0,0.0000,0.0000
699.14,2026-05-25T19:09:51.977371,IDLE,56.7,56.5,0.0,0.0000,0.0000
699.64,2026-05-25T19:09:52.477773,IDLE,56.6,56.5,0.0,0.0000,0.0000
700.14,2026-05-25T19:09:52.977929,IDLE,56.5,56.3,0.0,0.0000,0.0000
700.64,2026-05-25T19:09:53.478746,IDLE,62.0,56.4,0.0,0.0000,0.0000
701.14,2026-05-25T19:09:53.978377,IDLE,56.7,56.4,0.0,0.0000,0.0000
701.64,2026-05-25T19:09:54.477569,IDLE,54.1,56.4,0.0,0.0000,0.0000
702.14,2026-05-25T19:09:54.978025,IDLE,59.0,56.3,0.0,0.0000,0.0000
702.64,2026-05-25T19:09:55.477930,IDLE,56.5,56.3,0.0,0.0000,0.0000
703.14,2026-05-25T19:09:55.978713,IDLE,55.9,56.4,0.0,0.0000,0.0000
703.65,2026-05-25T19:09:56.479014,IDLE,57.6,56.4,0.0,0.0000,0.0000
704.14,2026-05-25T19:09:56.978610,IDLE,56.6,56.3,0.0,0.0000,0.0000
704.64,2026-05-25T19:09:57.478166,IDLE,59.7,56.3,0.0,0.0000,0.0000
705.15,2026-05-25T19:09:57.979351,IDLE,55.6,56.4,0.0,0.0000,0.0000
705.64,2026-05-25T19:09:58.478400,IDLE,55.5,56.4,0.0,0.0000,0.0000
706.14,2026-05-25T19:09:58.978518,IDLE,60.1,56.4,0.0,0.0000,0.0000
706.64,2026-05-25T19:09:59.476814,IDLE,61.2,56.3,0.0,0.0000,0.0000
707.15,2026-05-25T19:09:59.979141,IDLE,55.1,56.4,0.0,0.0000,0.0000
707.64,2026-05-25T19:10:00.478075,IDLE,57.1,56.4,0.0,0.0000,0.0000
708.14,2026-05-25T19:10:00.977740,IDLE,57.4,56.4,0.0,0.0000,0.0000
708.65,2026-05-25T19:10:01.480189,IDLE,61.6,56.5,0.0,0.0000,0.0000
709.14,2026-05-25T19:10:01.978225,IDLE,56.1,56.4,0.0,0.0000,0.0000
709.64,2026-05-25T19:10:02.477715,IDLE,57.3,56.4,0.0,0.0000,0.0000
710.14,2026-05-25T19:10:02.978115,IDLE,57.9,56.4,0.0,0.0000,0.0000
710.65,2026-05-25T19:10:03.479057,IDLE,58.2,56.4,0.0,0.0000,0.0000
711.15,2026-05-25T19:10:03.979016,IDLE,59.0,56.4,0.0,0.0000,0.0000
711.65,2026-05-25T19:10:04.480882,IDLE,58.3,56.4,0.0,0.0000,0.0000
712.14,2026-05-25T19:10:04.978703,IDLE,60.4,56.4,0.0,0.0000,0.0000
712.64,2026-05-25T19:10:05.477292,IDLE,61.9,56.4,0.0,0.0000,0.0000
713.14,2026-05-25T19:10:05.977969,IDLE,59.9,56.4,0.0,0.0000,0.0000
713.64,2026-05-25T19:10:06.477231,IDLE,57.4,56.5,0.0,0.0000,0.0000
714.14,2026-05-25T19:10:06.978179,IDLE,57.7,56.4,0.0,0.0000,0.0000
714.64,2026-05-25T19:10:07.476991,IDLE,58.7,56.5,0.0,0.0000,0.0000
715.14,2026-05-25T19:10:07.977398,IDLE,56.0,56.5,0.0,0.0000,0.0000
715.64,2026-05-25T19:10:08.477280,IDLE,60.7,56.5,0.0,0.0000,0.0000
716.14,2026-05-25T19:10:08.977443,IDLE,57.6,56.4,0.0,0.0000,0.0000
716.65,2026-05-25T19:10:09.481563,IDLE,56.9,56.4,0.0,0.0000,0.0000
717.15,2026-05-25T19:10:09.980662,IDLE,57.9,56.4,0.0,0.0000,0.0000
717.64,2026-05-25T19:10:10.478333,IDLE,57.6,56.4,0.0,0.0000,0.0000
718.15,2026-05-25T19:10:10.980291,IDLE,58.1,56.4,0.0,0.0000,0.0000
718.64,2026-05-25T19:10:11.476889,IDLE,58.4,56.4,0.0,0.0000,0.0000
719.14,2026-05-25T19:10:11.977860,IDLE,56.5,56.4,0.0,0.0000,0.0000
719.64,2026-05-25T19:10:12.477541,IDLE,59.2,56.5,0.0,0.0000,0.0000
720.15,2026-05-25T19:10:12.979282,IDLE,59.0,56.4,0.0,0.0000,0.0000
720.65,2026-05-25T19:10:13.480575,IDLE,59.3,56.4,0.0,0.0000,0.0000
721.14,2026-05-25T19:10:13.977219,IDLE,56.6,56.5,0.0,0.0000,0.0000
721.65,2026-05-25T19:10:14.478944,IDLE,59.2,56.5,0.0,0.0000,0.0000
722.14,2026-05-25T19:10:14.977259,IDLE,56.8,56.5,0.0,0.0000,0.0000
722.64,2026-05-25T19:10:15.477116,IDLE,62.2,56.5,0.0,0.0000,0.0000
723.15,2026-05-25T19:10:15.979620,IDLE,54.8,56.4,0.0,0.0000,0.0000
723.65,2026-05-25T19:10:16.479104,IDLE,56.7,56.4,0.0,0.0000,0.0000
724.14,2026-05-25T19:10:16.977189,IDLE,55.5,56.4,0.0,0.0000,0.0000
724.65,2026-05-25T19:10:17.479212,IDLE,58.8,56.5,0.0,0.0000,0.0000
725.14,2026-05-25T19:10:17.977316,IDLE,56.0,56.5,0.0,0.0000,0.0000
725.64,2026-05-25T19:10:18.477054,IDLE,57.3,56.5,0.0,0.0000,0.0000
726.14,2026-05-25T19:10:18.977316,IDLE,55.6,56.5,0.0,0.0000,0.0000
726.64,2026-05-25T19:10:19.478071,IDLE,58.9,56.4,0.0,0.0000,0.0000
727.14,2026-05-25T19:10:19.977428,IDLE,58.0,56.5,0.0,0.0000,0.0000
727.64,2026-05-25T19:10:20.476949,IDLE,58.0,56.4,0.0,0.0000,0.0000
728.14,2026-05-25T19:10:20.977028,IDLE,56.9,56.4,0.0,0.0000,0.0000
728.64,2026-05-25T19:10:21.477271,IDLE,61.3,56.4,0.0,0.0000,0.0000
729.14,2026-05-25T19:10:21.977355,IDLE,56.1,56.5,0.0,0.0000,0.0000
729.65,2026-05-25T19:10:22.478969,IDLE,55.6,56.4,0.0,0.0000,0.0000
730.15,2026-05-25T19:10:22.979266,IDLE,56.8,56.4,0.0,0.0000,0.0000
730.64,2026-05-25T19:10:23.476937,IDLE,61.0,56.4,0.0,0.0000,0.0000
731.14,2026-05-25T19:10:23.977190,IDLE,54.6,56.5,0.0,0.0000,0.0000
731.64,2026-05-25T19:10:24.478376,IDLE,58.7,56.4,0.0,0.0000,0.0000
732.14,2026-05-25T19:10:24.977463,IDLE,57.9,56.4,0.0,0.0000,0.0000
732.64,2026-05-25T19:10:25.477231,IDLE,54.4,56.4,0.0,0.0000,0.0000
733.15,2026-05-25T19:10:25.980923,IDLE,58.6,56.4,0.0,0.0000,0.0000
733.64,2026-05-25T19:10:26.476762,IDLE,54.1,56.4,0.0,0.0000,0.0000
734.15,2026-05-25T19:10:26.982322,IDLE,59.0,56.4,0.0,0.0000,0.0000
734.64,2026-05-25T19:10:27.477393,IDLE,59.5,56.4,0.0,0.0000,0.0000
735.14,2026-05-25T19:10:27.977356,IDLE,56.2,56.4,0.0,0.0000,0.0000
735.64,2026-05-25T19:10:28.477295,IDLE,58.0,56.4,0.0,0.0000,0.0000
736.14,2026-05-25T19:10:28.977473,IDLE,59.8,56.4,0.0,0.0000,0.0000
736.64,2026-05-25T19:10:29.477080,IDLE,63.6,56.4,0.0,0.0000,0.0000
737.14,2026-05-25T19:10:29.978345,IDLE,56.6,56.4,0.0,0.0000,0.0000
737.64,2026-05-25T19:10:30.477031,IDLE,54.6,56.4,0.0,0.0000,0.0000
738.14,2026-05-25T19:10:30.977278,IDLE,54.5,56.5,0.0,0.0000,0.0000
738.64,2026-05-25T19:10:31.476893,IDLE,63.5,56.5,0.0,0.0000,0.0000
739.15,2026-05-25T19:10:31.980201,IDLE,58.0,56.5,0.0,0.0000,0.0000
739.64,2026-05-25T19:10:32.476996,IDLE,57.1,56.5,0.0,0.0000,0.0000
740.14,2026-05-25T19:10:32.977169,IDLE,56.6,56.5,0.0,0.0000,0.0000
740.64,2026-05-25T19:10:33.477481,IDLE,59.1,56.5,0.0,0.0000,0.0000
741.15,2026-05-25T19:10:33.980495,IDLE,59.1,56.4,0.0,0.0000,0.0000
741.64,2026-05-25T19:10:34.477289,IDLE,57.4,56.4,0.0,0.0000,0.0000
742.15,2026-05-25T19:10:34.979544,IDLE,57.4,56.4,0.0,0.0000,0.0000
742.64,2026-05-25T19:10:35.477657,IDLE,60.1,56.5,0.0,0.0000,0.0000
743.14,2026-05-25T19:10:35.977555,IDLE,56.7,56.5,0.0,0.0000,0.0000
743.64,2026-05-25T19:10:36.478134,IDLE,60.7,56.4,0.0,0.0000,0.0000
744.14,2026-05-25T19:10:36.977141,IDLE,57.6,56.3,0.0,0.0000,0.0000
744.65,2026-05-25T19:10:37.479553,IDLE,58.7,56.4,0.0,0.0000,0.0000
745.14,2026-05-25T19:10:37.977830,IDLE,62.5,56.4,0.0,0.0000,0.0000
745.64,2026-05-25T19:10:38.477331,IDLE,57.9,56.4,0.0,0.0000,0.0000
746.14,2026-05-25T19:10:38.977292,IDLE,55.2,56.4,0.0,0.0000,0.0000
746.64,2026-05-25T19:10:39.477232,IDLE,62.9,56.5,0.0,0.0000,0.0000
747.14,2026-05-25T19:10:39.977362,IDLE,57.6,56.4,0.0,0.0000,0.0000
747.65,2026-05-25T19:10:40.481115,IDLE,59.3,56.5,0.0,0.0000,0.0000
748.14,2026-05-25T19:10:40.977348,IDLE,58.4,56.4,0.0,0.0000,0.0000
748.64,2026-05-25T19:10:41.477131,IDLE,57.0,56.4,0.0,0.0000,0.0000
749.14,2026-05-25T19:10:41.977149,IDLE,59.0,56.5,0.0,0.0000,0.0000
749.64,2026-05-25T19:10:42.477194,IDLE,58.5,56.5,0.0,0.0000,0.0000
750.14,2026-05-25T19:10:42.977241,IDLE,57.0,56.4,0.0,0.0000,0.0000
750.65,2026-05-25T19:10:43.480347,IDLE,58.4,56.4,0.0,0.0000,0.0000
751.15,2026-05-25T19:10:43.979083,IDLE,58.6,56.4,0.0,0.0000,0.0000
751.65,2026-05-25T19:10:44.478894,IDLE,57.2,56.4,0.0,0.0000,0.0000
752.14,2026-05-25T19:10:44.977745,IDLE,56.7,56.4,0.0,0.0000,0.0000
752.65,2026-05-25T19:10:45.480964,IDLE,59.9,56.5,0.0,0.0000,0.0000
753.14,2026-05-25T19:10:45.978163,IDLE,58.5,56.5,0.0,0.0000,0.0000
753.64,2026-05-25T19:10:46.478199,IDLE,57.1,56.5,0.0,0.0000,0.0000
754.14,2026-05-25T19:10:46.977913,IDLE,57.4,56.5,0.0,0.0000,0.0000
754.64,2026-05-25T19:10:47.477299,IDLE,60.5,56.5,0.0,0.0000,0.0000
755.14,2026-05-25T19:10:47.977099,IDLE,59.2,56.6,0.0,0.0000,0.0000
755.64,2026-05-25T19:10:48.477229,IDLE,55.2,56.6,0.0,0.0000,0.0000
756.14,2026-05-25T19:10:48.977821,IDLE,57.3,56.6,0.0,0.0000,0.0000
756.65,2026-05-25T19:10:49.481596,IDLE,55.1,56.5,0.0,0.0000,0.0000
757.14,2026-05-25T19:10:49.978459,IDLE,57.4,56.5,0.0,0.0000,0.0000
757.64,2026-05-25T19:10:50.477140,IDLE,57.7,56.6,0.0,0.0000,0.0000
758.14,2026-05-25T19:10:50.977611,IDLE,57.6,56.6,0.0,0.0000,0.0000
758.65,2026-05-25T19:10:51.479850,IDLE,58.5,56.6,0.0,0.0000,0.0000
759.14,2026-05-25T19:10:51.977389,IDLE,57.6,56.5,0.0,0.0000,0.0000
759.64,2026-05-25T19:10:52.477251,IDLE,57.6,56.5,0.0,0.0000,0.0000
760.14,2026-05-25T19:10:52.977385,IDLE,58.8,56.5,0.0,0.0000,0.0000
760.64,2026-05-25T19:10:53.478299,IDLE,60.5,56.5,0.0,0.0000,0.0000
761.14,2026-05-25T19:10:53.977252,IDLE,60.4,56.5,0.0,0.0000,0.0000
761.64,2026-05-25T19:10:54.477594,IDLE,61.5,56.4,0.0,0.0000,0.0000
762.14,2026-05-25T19:10:54.977534,IDLE,55.3,56.5,0.0,0.0000,0.0000
762.64,2026-05-25T19:10:55.477113,IDLE,63.4,56.4,0.0,0.0000,0.0000
763.14,2026-05-25T19:10:55.977917,IDLE,56.4,56.4,0.0,0.0000,0.0000
763.64,2026-05-25T19:10:56.477029,IDLE,55.9,56.4,0.0,0.0000,0.0000
764.14,2026-05-25T19:10:56.978497,IDLE,57.1,56.4,0.0,0.0000,0.0000
764.64,2026-05-25T19:10:57.477755,IDLE,55.6,56.4,0.0,0.0000,0.0000
765.14,2026-05-25T19:10:57.977699,IDLE,59.9,56.3,0.0,0.0000,0.0000
765.64,2026-05-25T19:10:58.477457,IDLE,57.6,56.3,0.0,0.0000,0.0000
766.14,2026-05-25T19:10:58.977271,IDLE,55.0,56.4,0.0,0.0000,0.0000
766.64,2026-05-25T19:10:59.477046,IDLE,60.4,56.3,0.0,0.0000,0.0000
767.14,2026-05-25T19:10:59.977519,IDLE,59.0,56.4,0.0,0.0000,0.0000
767.64,2026-05-25T19:11:00.477050,IDLE,57.1,56.3,0.0,0.0000,0.0000
768.14,2026-05-25T19:11:00.977660,IDLE,59.0,56.4,0.0,0.0000,0.0000
768.64,2026-05-25T19:11:01.477439,IDLE,61.2,56.5,0.0,0.0000,0.0000
769.14,2026-05-25T19:11:01.977672,IDLE,57.3,56.4,0.0,0.0000,0.0000
769.64,2026-05-25T19:11:02.477724,IDLE,53.7,56.4,0.0,0.0000,0.0000
770.14,2026-05-25T19:11:02.977929,IDLE,58.0,56.4,0.0,0.0000,0.0000
770.65,2026-05-25T19:11:03.481839,IDLE,61.8,56.5,0.0,0.0000,0.0000
771.14,2026-05-25T19:11:03.977446,IDLE,57.7,56.5,0.0,0.0000,0.0000
771.64,2026-05-25T19:11:04.477289,IDLE,56.2,56.4,0.0,0.0000,0.0000
772.14,2026-05-25T19:11:04.977300,IDLE,59.4,56.4,0.0,0.0000,0.0000
772.64,2026-05-25T19:11:05.477445,IDLE,59.5,56.4,0.0,0.0000,0.0000
773.14,2026-05-25T19:11:05.978090,IDLE,60.6,56.4,0.0,0.0000,0.0000
773.64,2026-05-25T19:11:06.477387,IDLE,54.8,56.3,0.0,0.0000,0.0000
774.14,2026-05-25T19:11:06.978163,IDLE,58.2,56.4,0.0,0.0000,0.0000
774.64,2026-05-25T19:11:07.476803,IDLE,60.7,56.4,0.0,0.0000,0.0000
775.14,2026-05-25T19:11:07.977166,IDLE,55.7,56.4,0.0,0.0000,0.0000
775.64,2026-05-25T19:11:08.477042,IDLE,56.9,56.4,0.0,0.0000,0.0000
776.14,2026-05-25T19:11:08.977282,IDLE,57.8,56.5,0.0,0.0000,0.0000
776.65,2026-05-25T19:11:09.480628,IDLE,56.8,56.4,0.0,0.0000,0.0000
777.14,2026-05-25T19:11:09.977473,IDLE,57.4,56.3,0.0,0.0000,0.0000
777.64,2026-05-25T19:11:10.477730,IDLE,56.3,56.4,0.0,0.0000,0.0000
778.14,2026-05-25T19:11:10.977792,IDLE,56.2,56.3,0.0,0.0000,0.0000
778.64,2026-05-25T19:11:11.477294,IDLE,59.9,56.4,0.0,0.0000,0.0000
779.14,2026-05-25T19:11:11.977269,IDLE,55.1,56.3,0.0,0.0000,0.0000
779.64,2026-05-25T19:11:12.477413,IDLE,56.4,56.4,0.0,0.0000,0.0000
780.14,2026-05-25T19:11:12.977382,IDLE,53.3,56.4,0.0,0.0000,0.0000
780.64,2026-05-25T19:11:13.476918,IDLE,54.7,56.5,0.0,0.0000,0.0000
781.14,2026-05-25T19:11:13.977859,IDLE,55.0,56.4,0.0,0.0000,0.0000
781.64,2026-05-25T19:11:14.477223,IDLE,58.6,56.4,0.0,0.0000,0.0000
782.14,2026-05-25T19:11:14.977543,IDLE,57.4,56.4,0.0,0.0000,0.0000
782.64,2026-05-25T19:11:15.476813,IDLE,59.1,56.4,0.0,0.0000,0.0000
783.14,2026-05-25T19:11:15.977298,IDLE,54.2,56.5,0.0,0.0000,0.0000
783.64,2026-05-25T19:11:16.477350,IDLE,57.8,56.4,0.0,0.0000,0.0000
784.14,2026-05-25T19:11:16.978254,IDLE,61.0,56.4,0.0,0.0000,0.0000
784.65,2026-05-25T19:11:17.480058,IDLE,60.0,56.4,0.0,0.0000,0.0000
785.14,2026-05-25T19:11:17.977353,IDLE,60.1,56.4,0.0,0.0000,0.0000
785.64,2026-05-25T19:11:18.477942,IDLE,58.2,56.5,0.0,0.0000,0.0000
786.14,2026-05-25T19:11:18.977805,IDLE,59.7,56.5,0.0,0.0000,0.0000
786.64,2026-05-25T19:11:19.477051,IDLE,59.5,56.5,0.0,0.0000,0.0000
787.14,2026-05-25T19:11:19.977240,IDLE,56.3,56.5,0.0,0.0000,0.0000
787.64,2026-05-25T19:11:20.478333,IDLE,57.3,56.6,0.0,0.0000,0.0000
788.14,2026-05-25T19:11:20.977212,IDLE,56.8,56.5,0.0,0.0000,0.0000
788.64,2026-05-25T19:11:21.476833,IDLE,57.8,56.5,0.0,0.0000,0.0000
789.14,2026-05-25T19:11:21.977511,IDLE,57.3,56.5,0.0,0.0000,0.0000
789.64,2026-05-25T19:11:22.477095,IDLE,58.6,56.5,0.0,0.0000,0.0000
790.14,2026-05-25T19:11:22.978091,IDLE,56.4,56.5,0.0,0.0000,0.0000
790.64,2026-05-25T19:11:23.477167,IDLE,57.7,56.4,0.0,0.0000,0.0000
791.14,2026-05-25T19:11:23.977997,IDLE,57.4,56.4,0.0,0.0000,0.0000
791.64,2026-05-25T19:11:24.477107,IDLE,58.1,56.5,0.0,0.0000,0.0000
792.14,2026-05-25T19:11:24.977331,IDLE,57.8,56.5,0.0,0.0000,0.0000
792.64,2026-05-25T19:11:25.477360,IDLE,61.2,56.4,0.0,0.0000,0.0000
793.14,2026-05-25T19:11:25.977480,IDLE,59.1,56.5,0.0,0.0000,0.0000
793.64,2026-05-25T19:11:26.477322,IDLE,56.0,56.4,0.0,0.0000,0.0000
794.14,2026-05-25T19:11:26.978286,IDLE,59.6,56.5,0.0,0.0000,0.0000
794.64,2026-05-25T19:11:27.476863,IDLE,65.1,56.5,0.0,0.0000,0.0000
795.14,2026-05-25T19:11:27.977352,IDLE,58.5,56.5,0.0,0.0000,0.0000
795.65,2026-05-25T19:11:28.480660,IDLE,55.9,56.5,0.0,0.0000,0.0000
796.14,2026-05-25T19:11:28.977265,IDLE,58.8,56.5,0.0,0.0000,0.0000
796.64,2026-05-25T19:11:29.477454,IDLE,58.2,56.5,0.0,0.0000,0.0000
797.15,2026-05-25T19:11:29.978963,IDLE,58.4,56.5,0.0,0.0000,0.0000
797.64,2026-05-25T19:11:30.477928,IDLE,56.4,56.5,0.0,0.0000,0.0000
798.14,2026-05-25T19:11:30.977797,IDLE,61.3,56.4,0.0,0.0000,0.0000
798.64,2026-05-25T19:11:31.477103,IDLE,62.5,56.4,0.0,0.0000,0.0000
799.14,2026-05-25T19:11:31.977343,IDLE,57.8,56.4,0.0,0.0000,0.0000
799.64,2026-05-25T19:11:32.477140,IDLE,57.0,56.4,0.0,0.0000,0.0000
800.14,2026-05-25T19:11:32.978331,IDLE,61.7,56.5,0.0,0.0000,0.0000
800.64,2026-05-25T19:11:33.477307,IDLE,62.4,56.5,0.0,0.0000,0.0000
801.14,2026-05-25T19:11:33.977186,IDLE,56.9,56.5,0.0,0.0000,0.0000
801.65,2026-05-25T19:11:34.485384,IDLE,56.6,56.5,0.0,0.0000,0.0000
802.14,2026-05-25T19:11:34.977964,IDLE,58.2,56.5,0.0,0.0000,0.0000
802.65,2026-05-25T19:11:35.479513,IDLE,60.6,56.5,0.0,0.0000,0.0000
803.14,2026-05-25T19:11:35.977331,IDLE,54.1,56.5,0.0,0.0000,0.0000
803.64,2026-05-25T19:11:36.477211,IDLE,56.1,56.5,0.0,0.0000,0.0000
804.14,2026-05-25T19:11:36.977407,IDLE,54.2,56.5,0.0,0.0000,0.0000
804.65,2026-05-25T19:11:37.479428,IDLE,60.9,56.5,0.0,0.0000,0.0000
805.14,2026-05-25T19:11:37.977538,IDLE,56.8,56.5,0.0,0.0000,0.0000
805.64,2026-05-25T19:11:38.478093,IDLE,56.3,56.5,0.0,0.0000,0.0000
806.15,2026-05-25T19:11:38.981623,IDLE,59.3,56.5,0.0,0.0000,0.0000
806.64,2026-05-25T19:11:39.478429,IDLE,58.5,56.4,0.0,0.0000,0.0000
807.14,2026-05-25T19:11:39.978717,IDLE,55.4,56.5,0.0,0.0000,0.0000
807.64,2026-05-25T19:11:40.477720,IDLE,56.1,56.5,0.0,0.0000,0.0000
808.14,2026-05-25T19:11:40.977944,IDLE,57.1,56.5,0.0,0.0000,0.0000
808.64,2026-05-25T19:11:41.477417,IDLE,55.9,56.5,0.0,0.0000,0.0000
809.14,2026-05-25T19:11:41.977485,IDLE,59.2,56.5,0.0,0.0000,0.0000
809.64,2026-05-25T19:11:42.477725,IDLE,57.2,56.6,0.0,0.0000,0.0000
810.15,2026-05-25T19:11:42.979727,IDLE,57.6,56.5,0.0,0.0000,0.0000
810.64,2026-05-25T19:11:43.478729,IDLE,59.9,56.6,0.0,0.0000,0.0000
811.14,2026-05-25T19:11:43.977689,IDLE,59.1,56.5,0.0,0.0000,0.0000
811.64,2026-05-25T19:11:44.478120,IDLE,59.1,56.4,0.0,0.0000,0.0000
812.14,2026-05-25T19:11:44.977887,IDLE,63.3,56.5,0.0,0.0000,0.0000
812.64,2026-05-25T19:11:45.477937,IDLE,55.3,56.5,0.0,0.0000,0.0000
813.15,2026-05-25T19:11:45.978936,IDLE,62.8,56.5,0.0,0.0000,0.0000
813.64,2026-05-25T19:11:46.477840,IDLE,57.3,56.6,0.0,0.0000,0.0000
814.15,2026-05-25T19:11:46.979700,IDLE,62.5,56.6,0.0,0.0000,0.0000
814.64,2026-05-25T19:11:47.478061,IDLE,60.1,56.6,0.0,0.0000,0.0000
815.15,2026-05-25T19:11:47.981432,IDLE,55.6,56.5,0.0,0.0000,0.0000
815.64,2026-05-25T19:11:48.477123,IDLE,56.2,56.6,0.0,0.0000,0.0000
816.14,2026-05-25T19:11:48.977554,IDLE,58.2,56.6,0.0,0.0000,0.0000
816.64,2026-05-25T19:11:49.478449,IDLE,61.0,56.7,0.0,0.0000,0.0000
817.15,2026-05-25T19:11:49.979748,IDLE,56.3,56.6,0.0,0.0000,0.0000
817.64,2026-05-25T19:11:50.477418,IDLE,56.8,56.6,0.0,0.0000,0.0000
818.14,2026-05-25T19:11:50.978166,IDLE,56.5,56.5,0.0,0.0000,0.0000
818.64,2026-05-25T19:11:51.477346,IDLE,59.9,56.5,0.0,0.0000,0.0000
819.14,2026-05-25T19:11:51.977796,IDLE,53.6,56.5,0.0,0.0000,0.0000
819.64,2026-05-25T19:11:52.477463,IDLE,58.6,56.5,0.0,0.0000,0.0000
820.14,2026-05-25T19:11:52.977988,IDLE,60.2,56.5,0.0,0.0000,0.0000
820.64,2026-05-25T19:11:53.478033,IDLE,56.8,56.5,0.0,0.0000,0.0000
821.14,2026-05-25T19:11:53.977248,IDLE,55.7,56.5,0.0,0.0000,0.0000
821.64,2026-05-25T19:11:54.477585,IDLE,62.2,56.5,0.0,0.0000,0.0000
822.14,2026-05-25T19:11:54.977924,IDLE,55.1,56.5,0.0,0.0000,0.0000
822.64,2026-05-25T19:11:55.476892,IDLE,60.6,56.6,0.0,0.0000,0.0000
823.14,2026-05-25T19:11:55.978424,IDLE,60.0,56.6,0.0,0.0000,0.0000
823.64,2026-05-25T19:11:56.476982,IDLE,56.0,56.5,0.0,0.0000,0.0000
824.14,2026-05-25T19:11:56.977237,IDLE,55.8,56.6,0.0,0.0000,0.0000
824.64,2026-05-25T19:11:57.477221,IDLE,59.6,56.5,0.0,0.0000,0.0000
825.14,2026-05-25T19:11:57.978237,IDLE,57.9,56.6,0.0,0.0000,0.0000
825.64,2026-05-25T19:11:58.477663,IDLE,54.7,56.6,0.0,0.0000,0.0000
826.14,2026-05-25T19:11:58.977789,IDLE,58.4,56.5,0.0,0.0000,0.0000
826.64,2026-05-25T19:11:59.476983,IDLE,61.6,56.6,0.0,0.0000,0.0000
827.14,2026-05-25T19:11:59.977623,IDLE,56.2,56.6,0.0,0.0000,0.0000
827.64,2026-05-25T19:12:00.477860,IDLE,56.1,56.6,0.0,0.0000,0.0000
828.14,2026-05-25T19:12:00.977628,IDLE,56.4,56.6,0.0,0.0000,0.0000
828.64,2026-05-25T19:12:01.477600,IDLE,55.7,56.6,0.0,0.0000,0.0000
829.14,2026-05-25T19:12:01.978478,IDLE,57.3,56.7,0.0,0.0000,0.0000
829.65,2026-05-25T19:12:02.485100,IDLE,59.2,56.6,0.0,0.0000,0.0000
830.15,2026-05-25T19:12:02.980455,IDLE,61.1,56.7,0.0,0.0000,0.0000
830.64,2026-05-25T19:12:03.477077,IDLE,60.2,56.7,0.0,0.0000,0.0000
831.15,2026-05-25T19:12:03.979194,IDLE,57.2,56.7,0.0,0.0000,0.0000
831.64,2026-05-25T19:12:04.477222,IDLE,58.4,56.7,0.0,0.0000,0.0000
832.14,2026-05-25T19:12:04.977096,IDLE,61.5,56.6,0.0,0.0000,0.0000
832.64,2026-05-25T19:12:05.477629,IDLE,61.3,56.6,0.0,0.0000,0.0000
833.15,2026-05-25T19:12:05.979112,IDLE,59.7,56.6,0.0,0.0000,0.0000
833.64,2026-05-25T19:12:06.477728,IDLE,60.8,56.6,0.0,0.0000,0.0000
834.14,2026-05-25T19:12:06.977540,IDLE,56.2,56.7,0.0,0.0000,0.0000
834.64,2026-05-25T19:12:07.476680,IDLE,63.9,56.7,0.0,0.0000,0.0000
835.14,2026-05-25T19:12:07.977694,IDLE,58.4,56.7,0.0,0.0000,0.0000
835.64,2026-05-25T19:12:08.477436,IDLE,57.7,56.7,0.0,0.0000,0.0000
836.15,2026-05-25T19:12:08.979217,IDLE,57.7,56.6,0.0,0.0000,0.0000
836.64,2026-05-25T19:12:09.477455,IDLE,60.8,56.7,0.0,0.0000,0.0000
837.14,2026-05-25T19:12:09.978601,IDLE,55.2,56.7,0.0,0.0000,0.0000
837.64,2026-05-25T19:12:10.477467,IDLE,59.0,56.7,0.0,0.0000,0.0000
838.14,2026-05-25T19:12:10.978088,IDLE,58.0,56.7,0.0,0.0000,0.0000
838.64,2026-05-25T19:12:11.477062,IDLE,58.2,56.7,0.0,0.0000,0.0000
839.14,2026-05-25T19:12:11.978410,IDLE,56.9,56.7,0.0,0.0000,0.0000
839.65,2026-05-25T19:12:12.479445,IDLE,58.2,56.6,0.0,0.0000,0.0000
840.14,2026-05-25T19:12:12.977985,IDLE,59.3,56.7,0.0,0.0000,0.0000
840.64,2026-05-25T19:12:13.477083,IDLE,60.7,56.7,0.0,0.0000,0.0000
841.14,2026-05-25T19:12:13.977401,IDLE,60.3,56.6,0.0,0.0000,0.0000
841.64,2026-05-25T19:12:14.477569,IDLE,58.1,56.7,0.0,0.0000,0.0000
842.14,2026-05-25T19:12:14.978158,IDLE,61.9,56.8,0.0,0.0000,0.0000
842.64,2026-05-25T19:12:15.477879,IDLE,63.3,56.5,0.0,0.0000,0.0000
843.14,2026-05-25T19:12:15.978269,IDLE,56.6,56.4,0.0,0.0000,0.0000
843.64,2026-05-25T19:12:16.477492,IDLE,57.8,56.4,0.0,0.0000,0.0000
844.14,2026-05-25T19:12:16.977474,IDLE,57.6,56.4,0.0,0.0000,0.0000
844.65,2026-05-25T19:12:17.480764,IDLE,61.6,56.4,0.0,0.0000,0.0000
845.14,2026-05-25T19:12:17.978377,IDLE,59.9,56.4,0.0,0.0000,0.0000
845.65,2026-05-25T19:12:18.479406,IDLE,60.0,56.5,0.0,0.0000,0.0000
846.14,2026-05-25T19:12:18.977201,IDLE,58.6,56.4,0.0,0.0000,0.0000
846.64,2026-05-25T19:12:19.477102,IDLE,58.9,56.5,0.0,0.0000,0.0000
847.14,2026-05-25T19:12:19.977919,IDLE,61.0,56.5,0.0,0.0000,0.0000
847.64,2026-05-25T19:12:20.477359,IDLE,57.4,56.5,0.0,0.0000,0.0000
848.14,2026-05-25T19:12:20.978472,IDLE,58.0,56.5,0.0,0.0000,0.0000
848.64,2026-05-25T19:12:21.477458,IDLE,57.0,56.5,0.0,0.0000,0.0000
849.15,2026-05-25T19:12:21.979015,IDLE,58.6,56.5,0.0,0.0000,0.0000
849.64,2026-05-25T19:12:22.477189,IDLE,54.9,56.4,0.0,0.0000,0.0000
850.14,2026-05-25T19:12:22.978403,IDLE,58.2,56.5,0.0,0.0000,0.0000
850.64,2026-05-25T19:12:23.477332,IDLE,61.8,56.4,0.0,0.0000,0.0000
851.14,2026-05-25T19:12:23.978324,IDLE,55.8,56.5,0.0,0.0000,0.0000
851.64,2026-05-25T19:12:24.477524,IDLE,57.6,56.4,0.0,0.0000,0.0000
852.14,2026-05-25T19:12:24.977351,IDLE,56.2,56.5,0.0,0.0000,0.0000
852.64,2026-05-25T19:12:25.477159,IDLE,57.8,56.5,0.0,0.0000,0.0000
853.14,2026-05-25T19:12:25.977399,IDLE,58.8,56.5,0.0,0.0000,0.0000
853.64,2026-05-25T19:12:26.477805,IDLE,57.2,56.5,0.0,0.0000,0.0000
854.14,2026-05-25T19:12:26.978826,IDLE,58.7,56.5,0.0,0.0000,0.0000
854.64,2026-05-25T19:12:27.476914,IDLE,59.0,56.5,0.0,0.0000,0.0000
855.15,2026-05-25T19:12:27.982978,IDLE,56.2,56.5,0.0,0.0000,0.0000
855.64,2026-05-25T19:12:28.477444,IDLE,56.6,56.4,0.0,0.0000,0.0000
856.14,2026-05-25T19:12:28.977678,IDLE,57.5,56.5,0.0,0.0000,0.0000
856.64,2026-05-25T19:12:29.477343,IDLE,62.2,56.5,0.0,0.0000,0.0000
857.14,2026-05-25T19:12:29.977794,IDLE,58.6,56.5,0.0,0.0000,0.0000
857.64,2026-05-25T19:12:30.477239,IDLE,57.1,56.4,0.0,0.0000,0.0000
858.14,2026-05-25T19:12:30.977343,IDLE,57.3,56.4,0.0,0.0000,0.0000
858.64,2026-05-25T19:12:31.476902,IDLE,61.5,56.4,0.0,0.0000,0.0000
859.14,2026-05-25T19:12:31.977896,IDLE,56.6,56.4,0.0,0.0000,0.0000
859.64,2026-05-25T19:12:32.477143,IDLE,57.9,56.4,0.0,0.0000,0.0000
860.14,2026-05-25T19:12:32.977192,IDLE,60.0,56.5,0.0,0.0000,0.0000
860.64,2026-05-25T19:12:33.477117,IDLE,56.3,56.5,0.0,0.0000,0.0000
861.14,2026-05-25T19:12:33.977347,IDLE,54.6,56.4,0.0,0.0000,0.0000
861.65,2026-05-25T19:12:34.479898,IDLE,57.7,56.4,0.0,0.0000,0.0000
862.15,2026-05-25T19:12:34.984367,IDLE,55.5,56.4,0.0,0.0000,0.0000
862.64,2026-05-25T19:12:35.476920,IDLE,57.1,56.4,0.0,0.0000,0.0000
863.14,2026-05-25T19:12:35.977574,IDLE,56.3,56.5,0.0,0.0000,0.0000
863.64,2026-05-25T19:12:36.477433,IDLE,55.8,56.5,0.0,0.0000,0.0000
864.14,2026-05-25T19:12:36.977369,IDLE,56.6,56.5,0.0,0.0000,0.0000
864.65,2026-05-25T19:12:37.485294,IDLE,58.6,56.5,0.0,0.0000,0.0000
865.14,2026-05-25T19:12:37.977386,IDLE,57.8,56.4,0.0,0.0000,0.0000
865.64,2026-05-25T19:12:38.477408,IDLE,57.3,56.5,0.0,0.0000,0.0000
866.14,2026-05-25T19:12:38.977465,IDLE,57.9,56.4,0.0,0.0000,0.0000
866.64,2026-05-25T19:12:39.477443,IDLE,59.2,56.4,0.0,0.0000,0.0000
867.14,2026-05-25T19:12:39.977994,IDLE,58.9,56.4,0.0,0.0000,0.0000
867.64,2026-05-25T19:12:40.477311,IDLE,57.8,56.4,0.0,0.0000,0.0000
868.14,2026-05-25T19:12:40.977393,IDLE,56.9,56.4,0.0,0.0000,0.0000
868.64,2026-05-25T19:12:41.477714,IDLE,56.8,56.4,0.0,0.0000,0.0000
869.14,2026-05-25T19:12:41.977999,IDLE,58.2,56.4,0.0,0.0000,0.0000
869.64,2026-05-25T19:12:42.477030,IDLE,59.1,56.4,0.0,0.0000,0.0000
870.14,2026-05-25T19:12:42.978529,IDLE,58.8,56.4,0.0,0.0000,0.0000
870.64,2026-05-25T19:12:43.477369,IDLE,58.0,56.4,0.0,0.0000,0.0000
871.15,2026-05-25T19:12:43.979637,IDLE,59.9,56.3,0.0,0.0000,0.0000
871.64,2026-05-25T19:12:44.477339,IDLE,58.6,56.3,0.0,0.0000,0.0000
872.14,2026-05-25T19:12:44.978442,IDLE,58.3,56.4,0.0,0.0000,0.0000
872.64,2026-05-25T19:12:45.477559,IDLE,60.8,56.3,0.0,0.0000,0.0000
873.14,2026-05-25T19:12:45.977039,IDLE,61.6,56.4,0.0,0.0000,0.0000
873.64,2026-05-25T19:12:46.477806,IDLE,53.5,56.4,0.0,0.0000,0.0000
874.15,2026-05-25T19:12:46.980226,IDLE,58.1,56.4,0.0,0.0000,0.0000
874.64,2026-05-25T19:12:47.476952,IDLE,62.5,56.5,0.0,0.0000,0.0000
875.14,2026-05-25T19:12:47.977388,IDLE,56.1,56.5,0.0,0.0000,0.0000
875.65,2026-05-25T19:12:48.481247,IDLE,58.3,56.4,0.0,0.0000,0.0000
876.14,2026-05-25T19:12:48.977419,IDLE,56.4,56.5,0.0,0.0000,0.0000
876.65,2026-05-25T19:12:49.484494,IDLE,59.5,56.5,0.0,0.0000,0.0000
877.14,2026-05-25T19:12:49.977305,IDLE,56.9,56.5,0.0,0.0000,0.0000
877.64,2026-05-25T19:12:50.477887,IDLE,57.2,56.4,0.0,0.0000,0.0000
878.14,2026-05-25T19:12:50.977257,IDLE,58.2,56.4,0.0,0.0000,0.0000
878.64,2026-05-25T19:12:51.476995,IDLE,61.3,56.5,0.0,0.0000,0.0000
879.14,2026-05-25T19:12:51.977208,IDLE,58.0,56.5,0.0,0.0000,0.0000
879.64,2026-05-25T19:12:52.477466,IDLE,56.1,56.4,0.0,0.0000,0.0000
880.14,2026-05-25T19:12:52.977586,IDLE,60.8,56.4,0.0,0.0000,0.0000
880.64,2026-05-25T19:12:53.477368,IDLE,61.9,56.4,0.0,0.0000,0.0000
881.14,2026-05-25T19:12:53.977557,IDLE,56.4,56.4,0.0,0.0000,0.0000
881.64,2026-05-25T19:12:54.477142,IDLE,57.7,56.4,0.0,0.0000,0.0000
882.14,2026-05-25T19:12:54.977383,IDLE,56.9,56.4,0.0,0.0000,0.0000
882.64,2026-05-25T19:12:55.478276,IDLE,60.1,56.4,0.0,0.0000,0.0000
883.14,2026-05-25T19:12:55.978021,IDLE,54.8,56.4,0.0,0.0000,0.0000
883.64,2026-05-25T19:12:56.478391,IDLE,53.6,56.4,0.0,0.0000,0.0000
884.15,2026-05-25T19:12:56.980326,IDLE,59.3,56.4,0.0,0.0000,0.0000
884.64,2026-05-25T19:12:57.478093,IDLE,57.1,56.4,0.0,0.0000,0.0000
885.14,2026-05-25T19:12:57.977675,IDLE,60.0,56.4,0.0,0.0000,0.0000
885.64,2026-05-25T19:12:58.477532,IDLE,56.0,56.4,0.0,0.0000,0.0000
886.14,2026-05-25T19:12:58.978018,IDLE,57.3,56.4,0.0,0.0000,0.0000
886.64,2026-05-25T19:12:59.476898,IDLE,58.3,56.4,0.0,0.0000,0.0000
887.14,2026-05-25T19:12:59.977208,IDLE,56.2,56.4,0.0,0.0000,0.0000
887.64,2026-05-25T19:13:00.478647,IDLE,55.8,56.4,0.0,0.0000,0.0000
888.14,2026-05-25T19:13:00.977396,IDLE,58.5,56.4,0.0,0.0000,0.0000
888.64,2026-05-25T19:13:01.477402,IDLE,56.8,56.4,0.0,0.0000,0.0000
889.14,2026-05-25T19:13:01.977242,IDLE,55.6,56.4,0.0,0.0000,0.0000
889.64,2026-05-25T19:13:02.476934,IDLE,58.7,56.3,0.0,0.0000,0.0000
890.14,2026-05-25T19:13:02.977670,IDLE,55.1,56.4,0.0,0.0000,0.0000
890.64,2026-05-25T19:13:03.477085,IDLE,62.6,56.5,0.0,0.0000,0.0000
891.15,2026-05-25T19:13:03.979407,IDLE,52.6,56.5,0.0,0.0000,0.0000
891.64,2026-05-25T19:13:04.477200,IDLE,56.4,56.5,0.0,0.0000,0.0000
892.14,2026-05-25T19:13:04.977820,IDLE,57.3,56.4,0.0,0.0000,0.0000
892.64,2026-05-25T19:13:05.476845,IDLE,57.8,56.4,0.0,0.0000,0.0000
893.14,2026-05-25T19:13:05.977817,IDLE,59.0,56.4,0.0,0.0000,0.0000
893.64,2026-05-25T19:13:06.477414,IDLE,58.4,56.4,0.0,0.0000,0.0000
894.14,2026-05-25T19:13:06.978255,IDLE,58.8,56.5,0.0,0.0000,0.0000
894.64,2026-05-25T19:13:07.477744,IDLE,55.3,56.5,0.0,0.0000,0.0000
895.14,2026-05-25T19:13:07.977949,IDLE,56.6,56.5,0.0,0.0000,0.0000
895.64,2026-05-25T19:13:08.477380,IDLE,58.1,56.5,0.0,0.0000,0.0000
896.14,2026-05-25T19:13:08.977687,IDLE,59.0,56.5,0.0,0.0000,0.0000
896.64,2026-05-25T19:13:09.477605,IDLE,58.5,56.4,0.0,0.0000,0.0000
897.14,2026-05-25T19:13:09.977449,IDLE,56.7,56.4,0.0,0.0000,0.0000
897.64,2026-05-25T19:13:10.477597,IDLE,56.4,56.5,0.0,0.0000,0.0000
898.14,2026-05-25T19:13:10.977719,IDLE,54.5,56.5,0.0,0.0000,0.0000
898.64,2026-05-25T19:13:11.477474,IDLE,61.2,56.4,0.0,0.0000,0.0000
899.14,2026-05-25T19:13:11.978255,IDLE,55.9,56.5,0.0,0.0000,0.0000
899.64,2026-05-25T19:13:12.477200,IDLE,55.2,56.5,0.0,0.0000,0.0000
900.14,2026-05-25T19:13:12.977328,IDLE,56.0,56.6,0.0,0.0000,0.0000
900.64,2026-05-25T19:13:13.477972,IDLE,51.8,56.6,0.0,0.0000,0.0000
901.14,2026-05-25T19:13:13.977593,IDLE,55.0,56.5,0.0,0.0000,0.0000
901.64,2026-05-25T19:13:14.477258,IDLE,57.0,56.5,0.0,0.0000,0.0000
902.14,2026-05-25T19:13:14.977282,IDLE,55.1,56.5,0.0,0.0000,0.0000
902.64,2026-05-25T19:13:15.477170,IDLE,58.5,56.5,0.0,0.0000,0.0000
903.14,2026-05-25T19:13:15.977551,IDLE,56.1,56.5,0.0,0.0000,0.0000
903.64,2026-05-25T19:13:16.477400,IDLE,58.7,56.5,0.0,0.0000,0.0000
904.14,2026-05-25T19:13:16.977192,IDLE,57.6,56.4,0.0,0.0000,0.0000
904.64,2026-05-25T19:13:17.477070,IDLE,61.4,56.5,0.0,0.0000,0.0000
905.14,2026-05-25T19:13:17.977316,IDLE,54.4,56.5,0.0,0.0000,0.0000
905.65,2026-05-25T19:13:18.482179,IDLE,58.4,56.5,0.0,0.0000,0.0000
906.14,2026-05-25T19:13:18.977460,IDLE,58.1,56.5,0.0,0.0000,0.0000
906.64,2026-05-25T19:13:19.477421,IDLE,60.7,56.4,0.0,0.0000,0.0000
907.14,2026-05-25T19:13:19.977831,IDLE,56.3,56.4,0.0,0.0000,0.0000
907.64,2026-05-25T19:13:20.477629,IDLE,54.5,56.5,0.0,0.0000,0.0000
908.14,2026-05-25T19:13:20.977124,IDLE,58.8,56.5,0.0,0.0000,0.0000
908.64,2026-05-25T19:13:21.477518,IDLE,59.5,56.4,0.0,0.0000,0.0000
909.14,2026-05-25T19:13:21.977726,IDLE,57.9,56.5,0.0,0.0000,0.0000
909.64,2026-05-25T19:13:22.477652,IDLE,58.3,56.5,0.0,0.0000,0.0000
910.15,2026-05-25T19:13:22.979515,IDLE,56.1,56.5,0.0,0.0000,0.0000
910.64,2026-05-25T19:13:23.477881,IDLE,59.7,56.5,0.0,0.0000,0.0000
911.15,2026-05-25T19:13:23.980748,IDLE,56.3,56.5,0.0,0.0000,0.0000
911.64,2026-05-25T19:13:24.477134,IDLE,52.0,56.5,0.0,0.0000,0.0000
912.15,2026-05-25T19:13:24.980459,IDLE,56.5,56.5,0.0,0.0000,0.0000
912.64,2026-05-25T19:13:25.477409,IDLE,59.1,56.6,0.0,0.0000,0.0000
913.14,2026-05-25T19:13:25.977530,IDLE,55.2,56.6,0.0,0.0000,0.0000
913.64,2026-05-25T19:13:26.477251,IDLE,56.6,56.5,0.0,0.0000,0.0000
914.14,2026-05-25T19:13:26.977232,IDLE,57.5,56.4,0.0,0.0000,0.0000
914.64,2026-05-25T19:13:27.477750,IDLE,59.9,56.5,0.0,0.0000,0.0000
915.14,2026-05-25T19:13:27.977579,IDLE,52.9,56.5,0.0,0.0000,0.0000
915.64,2026-05-25T19:13:28.477558,IDLE,57.4,56.5,0.0,0.0000,0.0000
916.14,2026-05-25T19:13:28.977301,IDLE,59.6,56.5,0.0,0.0000,0.0000
916.64,2026-05-25T19:13:29.477290,IDLE,56.9,56.5,0.0,0.0000,0.0000
917.14,2026-05-25T19:13:29.977108,IDLE,57.4,56.5,0.0,0.0000,0.0000
917.64,2026-05-25T19:13:30.477217,IDLE,55.3,56.5,0.0,0.0000,0.0000
918.14,2026-05-25T19:13:30.978322,IDLE,54.9,56.5,0.0,0.0000,0.0000
918.64,2026-05-25T19:13:31.478080,IDLE,58.4,56.5,0.0,0.0000,0.0000
919.14,2026-05-25T19:13:31.978049,IDLE,57.2,56.4,0.0,0.0000,0.0000
919.65,2026-05-25T19:13:32.480437,IDLE,58.8,56.5,0.0,0.0000,0.0000
920.14,2026-05-25T19:13:32.978084,IDLE,56.1,56.5,0.0,0.0000,0.0000
920.64,2026-05-25T19:13:33.477038,IDLE,58.2,56.5,0.0,0.0000,0.0000
921.14,2026-05-25T19:13:33.977660,IDLE,58.4,56.5,0.0,0.0000,0.0000
921.64,2026-05-25T19:13:34.477118,IDLE,56.2,56.5,0.0,0.0000,0.0000
922.14,2026-05-25T19:13:34.977233,IDLE,54.9,56.5,0.0,0.0000,0.0000
922.64,2026-05-25T19:13:35.477519,IDLE,63.2,56.5,0.0,0.0000,0.0000
923.14,2026-05-25T19:13:35.977391,IDLE,55.6,56.5,0.0,0.0000,0.0000
923.64,2026-05-25T19:13:36.478590,IDLE,57.8,56.4,0.0,0.0000,0.0000
924.14,2026-05-25T19:13:36.977874,IDLE,54.2,56.4,0.0,0.0000,0.0000
924.64,2026-05-25T19:13:37.477391,IDLE,60.2,56.5,0.0,0.0000,0.0000
925.14,2026-05-25T19:13:37.978153,IDLE,59.4,56.5,0.0,0.0000,0.0000
925.64,2026-05-25T19:13:38.477558,IDLE,59.8,56.5,0.0,0.0000,0.0000
926.14,2026-05-25T19:13:38.977560,IDLE,57.0,56.5,0.0,0.0000,0.0000
926.64,2026-05-25T19:13:39.476925,IDLE,58.4,56.5,0.0,0.0000,0.0000
927.14,2026-05-25T19:13:39.977266,IDLE,56.9,56.5,0.0,0.0000,0.0000
927.64,2026-05-25T19:13:40.478520,IDLE,56.2,56.5,0.0,0.0000,0.0000
928.14,2026-05-25T19:13:40.977733,IDLE,58.7,56.4,0.0,0.0000,0.0000
928.64,2026-05-25T19:13:41.477576,IDLE,62.5,56.5,0.0,0.0000,0.0000
929.14,2026-05-25T19:13:41.977292,IDLE,59.1,56.5,0.0,0.0000,0.0000
929.64,2026-05-25T19:13:42.477440,IDLE,59.7,56.4,0.0,0.0000,0.0000
930.14,2026-05-25T19:13:42.977509,IDLE,58.7,56.5,0.0,0.0000,0.0000
930.64,2026-05-25T19:13:43.477218,IDLE,62.5,56.5,0.0,0.0000,0.0000
931.14,2026-05-25T19:13:43.978188,IDLE,56.2,56.5,0.0,0.0000,0.0000
931.65,2026-05-25T19:13:44.479378,IDLE,54.1,56.5,0.0,0.0000,0.0000
932.15,2026-05-25T19:13:44.979541,IDLE,57.8,56.5,0.0,0.0000,0.0000
932.65,2026-05-25T19:13:45.479378,IDLE,59.1,56.5,0.0,0.0000,0.0000
933.14,2026-05-25T19:13:45.977596,IDLE,58.5,56.5,0.0,0.0000,0.0000
933.65,2026-05-25T19:13:46.480234,IDLE,58.4,56.6,0.0,0.0000,0.0000
934.14,2026-05-25T19:13:46.977841,IDLE,57.4,56.5,0.0,0.0000,0.0000
934.64,2026-05-25T19:13:47.477209,IDLE,59.2,56.5,0.0,0.0000,0.0000
935.14,2026-05-25T19:13:47.977263,IDLE,59.5,56.5,0.0,0.0000,0.0000
935.64,2026-05-25T19:13:48.478548,IDLE,58.2,56.5,0.0,0.0000,0.0000
936.14,2026-05-25T19:13:48.977760,IDLE,56.9,56.5,0.0,0.0000,0.0000
936.65,2026-05-25T19:13:49.479413,IDLE,61.9,56.5,0.0,0.0000,0.0000
937.14,2026-05-25T19:13:49.977281,IDLE,55.8,56.5,0.0,0.0000,0.0000
937.64,2026-05-25T19:13:50.477327,IDLE,58.6,56.6,0.0,0.0000,0.0000
938.14,2026-05-25T19:13:50.978056,IDLE,56.1,56.5,0.0,0.0000,0.0000
938.65,2026-05-25T19:13:51.479592,IDLE,64.2,56.4,0.0,0.0000,0.0000
939.14,2026-05-25T19:13:51.977925,IDLE,55.3,56.5,0.0,0.0000,0.0000
939.64,2026-05-25T19:13:52.477190,IDLE,55.7,56.5,0.0,0.0000,0.0000
940.14,2026-05-25T19:13:52.977907,IDLE,55.9,56.5,0.0,0.0000,0.0000
940.64,2026-05-25T19:13:53.478770,IDLE,59.3,56.5,0.0,0.0000,0.0000
941.14,2026-05-25T19:13:53.977498,IDLE,56.4,56.5,0.0,0.0000,0.0000
941.64,2026-05-25T19:13:54.477525,IDLE,56.7,56.6,0.0,0.0000,0.0000
942.15,2026-05-25T19:13:54.980371,IDLE,56.4,56.6,0.0,0.0000,0.0000
942.64,2026-05-25T19:13:55.477196,IDLE,57.2,56.5,0.0,0.0000,0.0000
943.14,2026-05-25T19:13:55.976992,IDLE,57.5,56.5,0.0,0.0000,0.0000
943.64,2026-05-25T19:13:56.477949,IDLE,57.7,56.6,0.0,0.0000,0.0000
944.15,2026-05-25T19:13:56.980644,IDLE,58.7,56.5,0.0,0.0000,0.0000
944.64,2026-05-25T19:13:57.477413,IDLE,56.7,56.6,0.0,0.0000,0.0000
945.14,2026-05-25T19:13:57.977935,IDLE,57.2,56.5,0.0,0.0000,0.0000
945.64,2026-05-25T19:13:58.477082,IDLE,57.3,56.5,0.0,0.0000,0.0000
946.14,2026-05-25T19:13:58.978736,IDLE,57.1,56.5,0.0,0.0000,0.0000
946.65,2026-05-25T19:13:59.479190,IDLE,59.3,56.6,0.0,0.0000,0.0000
947.14,2026-05-25T19:13:59.977167,IDLE,54.7,56.5,0.0,0.0000,0.0000
947.64,2026-05-25T19:14:00.477050,IDLE,53.6,56.5,0.0,0.0000,0.0000
948.14,2026-05-25T19:14:00.977749,IDLE,56.9,56.5,0.0,0.0000,0.0000
948.65,2026-05-25T19:14:01.482315,IDLE,58.5,56.6,0.0,0.0000,0.0000
949.14,2026-05-25T19:14:01.977407,IDLE,58.0,56.5,0.0,0.0000,0.0000
949.64,2026-05-25T19:14:02.477130,IDLE,54.6,56.5,0.0,0.0000,0.0000
950.14,2026-05-25T19:14:02.978170,IDLE,59.7,56.6,0.0,0.0000,0.0000
950.64,2026-05-25T19:14:03.477473,IDLE,60.8,56.6,0.0,0.0000,0.0000
951.14,2026-05-25T19:14:03.978402,IDLE,57.8,56.6,0.0,0.0000,0.0000
951.64,2026-05-25T19:14:04.477922,IDLE,56.7,56.6,0.0,0.0000,0.0000
952.15,2026-05-25T19:14:04.979978,IDLE,58.1,56.6,0.0,0.0000,0.0000
952.64,2026-05-25T19:14:05.477342,IDLE,58.7,56.6,0.0,0.0000,0.0000
953.14,2026-05-25T19:14:05.977355,IDLE,57.1,56.6,0.0,0.0000,0.0000
953.65,2026-05-25T19:14:06.480946,IDLE,59.9,56.5,0.0,0.0000,0.0000
954.14,2026-05-25T19:14:06.977439,IDLE,57.5,56.6,0.0,0.0000,0.0000
954.64,2026-05-25T19:14:07.476761,IDLE,59.2,56.5,0.0,0.0000,0.0000
955.14,2026-05-25T19:14:07.977874,IDLE,55.2,56.6,0.0,0.0000,0.0000
955.65,2026-05-25T19:14:08.483555,IDLE,57.3,56.5,0.0,0.0000,0.0000
956.14,2026-05-25T19:14:08.977709,IDLE,59.8,56.6,0.0,0.0000,0.0000
956.64,2026-05-25T19:14:09.477917,IDLE,56.5,56.6,0.0,0.0000,0.0000
957.14,2026-05-25T19:14:09.978233,IDLE,59.5,56.6,0.0,0.0000,0.0000
957.64,2026-05-25T19:14:10.477084,IDLE,56.1,56.6,0.0,0.0000,0.0000
958.14,2026-05-25T19:14:10.977906,IDLE,56.0,56.5,0.0,0.0000,0.0000
958.64,2026-05-25T19:14:11.477130,IDLE,58.0,56.6,0.0,0.0000,0.0000
959.14,2026-05-25T19:14:11.977786,IDLE,58.0,56.6,0.0,0.0000,0.0000
959.65,2026-05-25T19:14:12.478987,IDLE,56.6,56.6,0.0,0.0000,0.0000
960.15,2026-05-25T19:14:12.979277,IDLE,58.2,56.5,0.0,0.0000,0.0000
960.64,2026-05-25T19:14:13.477159,IDLE,60.5,56.5,0.0,0.0000,0.0000
961.14,2026-05-25T19:14:13.977318,IDLE,55.2,56.6,0.0,0.0000,0.0000
961.64,2026-05-25T19:14:14.478148,IDLE,56.7,56.6,0.0,0.0000,0.0000
962.14,2026-05-25T19:14:14.977295,IDLE,58.7,56.6,0.0,0.0000,0.0000
962.64,2026-05-25T19:14:15.476754,IDLE,64.0,56.6,0.0,0.0000,0.0000
963.14,2026-05-25T19:14:15.977975,IDLE,55.4,56.6,0.0,0.0000,0.0000
963.64,2026-05-25T19:14:16.477620,IDLE,60.0,56.5,0.0,0.0000,0.0000
964.15,2026-05-25T19:14:16.979022,IDLE,58.1,56.5,0.0,0.0000,0.0000
964.65,2026-05-25T19:14:17.481534,IDLE,58.0,56.5,0.0,0.0000,0.0000
965.14,2026-05-25T19:14:17.977206,IDLE,59.1,56.5,0.0,0.0000,0.0000
965.64,2026-05-25T19:14:18.477512,IDLE,57.2,56.6,0.0,0.0000,0.0000
966.14,2026-05-25T19:14:18.978527,IDLE,59.5,56.5,0.0,0.0000,0.0000
966.65,2026-05-25T19:14:19.479213,IDLE,56.6,56.6,0.0,0.0000,0.0000
967.14,2026-05-25T19:14:19.978658,IDLE,57.1,56.6,0.0,0.0000,0.0000
967.64,2026-05-25T19:14:20.477200,IDLE,59.0,56.6,0.0,0.0000,0.0000
968.14,2026-05-25T19:14:20.977833,IDLE,58.8,56.5,0.0,0.0000,0.0000
968.65,2026-05-25T19:14:21.480369,IDLE,60.0,56.5,0.0,0.0000,0.0000
969.14,2026-05-25T19:14:21.978093,IDLE,59.4,56.6,0.0,0.0000,0.0000
969.64,2026-05-25T19:14:22.478103,IDLE,57.9,56.5,0.0,0.0000,0.0000
970.14,2026-05-25T19:14:22.977785,IDLE,56.7,56.5,0.0,0.0000,0.0000
970.65,2026-05-25T19:14:23.480888,IDLE,62.5,56.5,0.0,0.0000,0.0000
971.14,2026-05-25T19:14:23.977494,IDLE,55.7,56.6,0.0,0.0000,0.0000
971.64,2026-05-25T19:14:24.478406,IDLE,57.0,56.5,0.0,0.0000,0.0000
972.14,2026-05-25T19:14:24.977537,IDLE,53.4,56.6,0.0,0.0000,0.0000
972.64,2026-05-25T19:14:25.477839,IDLE,56.2,56.6,0.0,0.0000,0.0000
973.14,2026-05-25T19:14:25.977209,IDLE,61.3,56.5,0.0,0.0000,0.0000
973.64,2026-05-25T19:14:26.478447,IDLE,59.9,56.5,0.0,0.0000,0.0000
974.14,2026-05-25T19:14:26.977850,IDLE,55.8,56.6,0.0,0.0000,0.0000
974.64,2026-05-25T19:14:27.478539,IDLE,57.8,56.6,0.0,0.0000,0.0000
975.14,2026-05-25T19:14:27.978022,IDLE,58.4,56.6,0.0,0.0000,0.0000
975.64,2026-05-25T19:14:28.477165,IDLE,60.4,56.5,0.0,0.0000,0.0000
976.14,2026-05-25T19:14:28.977740,IDLE,60.3,56.6,0.0,0.0000,0.0000
976.64,2026-05-25T19:14:29.477114,IDLE,59.5,56.5,0.0,0.0000,0.0000
977.14,2026-05-25T19:14:29.977290,IDLE,56.9,56.6,0.0,0.0000,0.0000
977.64,2026-05-25T19:14:30.478431,IDLE,60.1,56.6,0.0,0.0000,0.0000
978.14,2026-05-25T19:14:30.977983,IDLE,57.8,56.7,0.0,0.0000,0.0000
978.64,2026-05-25T19:14:31.476637,IDLE,64.4,56.6,0.0,0.0000,0.0000
979.14,2026-05-25T19:14:31.978004,IDLE,55.3,56.6,0.0,0.0000,0.0000
979.64,2026-05-25T19:14:32.478427,IDLE,58.8,56.6,0.0,0.0000,0.0000
980.14,2026-05-25T19:14:32.976857,IDLE,57.8,56.6,0.0,0.0000,0.0000
980.64,2026-05-25T19:14:33.477179,IDLE,59.2,56.6,0.0,0.0000,0.0000
981.14,2026-05-25T19:14:33.977552,IDLE,58.0,56.6,0.0,0.0000,0.0000
981.65,2026-05-25T19:14:34.479707,IDLE,59.5,56.6,0.0,0.0000,0.0000
982.15,2026-05-25T19:14:34.979090,IDLE,54.7,56.6,0.0,0.0000,0.0000
982.64,2026-05-25T19:14:35.477838,IDLE,62.1,56.6,0.0,0.0000,0.0000
983.14,2026-05-25T19:14:35.977399,IDLE,54.5,56.6,0.0,0.0000,0.0000
983.65,2026-05-25T19:14:36.481515,IDLE,58.5,56.6,0.0,0.0000,0.0000
984.14,2026-05-25T19:14:36.977600,IDLE,58.7,56.6,0.0,0.0000,0.0000
984.64,2026-05-25T19:14:37.477536,IDLE,58.6,56.6,0.0,0.0000,0.0000
985.14,2026-05-25T19:14:37.977566,IDLE,61.1,56.5,0.0,0.0000,0.0000
985.64,2026-05-25T19:14:38.477336,IDLE,58.2,56.5,0.0,0.0000,0.0000
986.14,2026-05-25T19:14:38.977604,IDLE,59.0,56.6,0.0,0.0000,0.0000
986.64,2026-05-25T19:14:39.476815,IDLE,62.3,56.5,0.0,0.0000,0.0000
987.14,2026-05-25T19:14:39.976960,IDLE,59.1,56.5,0.0,0.0000,0.0000
987.64,2026-05-25T19:14:40.477451,IDLE,57.5,56.5,0.0,0.0000,0.0000
988.14,2026-05-25T19:14:40.977352,IDLE,53.6,56.5,0.0,0.0000,0.0000
988.64,2026-05-25T19:14:41.477841,IDLE,57.2,56.5,0.0,0.0000,0.0000
989.14,2026-05-25T19:14:41.978267,IDLE,59.4,56.5,0.0,0.0000,0.0000
989.64,2026-05-25T19:14:42.477367,IDLE,58.7,56.6,0.0,0.0000,0.0000
990.15,2026-05-25T19:14:42.979147,IDLE,58.9,56.5,0.0,0.0000,0.0000
990.64,2026-05-25T19:14:43.477060,IDLE,56.9,56.6,0.0,0.0000,0.0000
991.14,2026-05-25T19:14:43.977792,IDLE,58.1,56.6,0.0,0.0000,0.0000
991.65,2026-05-25T19:14:44.480228,IDLE,58.4,56.6,0.0,0.0000,0.0000
992.14,2026-05-25T19:14:44.977916,IDLE,55.0,56.6,0.0,0.0000,0.0000
992.65,2026-05-25T19:14:45.481704,IDLE,59.3,56.6,0.0,0.0000,0.0000
993.15,2026-05-25T19:14:45.982612,IDLE,57.4,56.4,0.0,0.0000,0.0000
993.64,2026-05-25T19:14:46.477233,IDLE,58.5,56.6,0.0,0.0000,0.0000
994.15,2026-05-25T19:14:46.980476,IDLE,60.1,56.6,0.0,0.0000,0.0000
994.64,2026-05-25T19:14:47.477749,IDLE,62.9,56.5,0.0,0.0000,0.0000
995.14,2026-05-25T19:14:47.978805,IDLE,57.2,56.6,0.0,0.0000,0.0000
995.64,2026-05-25T19:14:48.477516,IDLE,55.9,56.5,0.0,0.0000,0.0000
996.14,2026-05-25T19:14:48.977391,IDLE,59.1,56.5,0.0,0.0000,0.0000
996.64,2026-05-25T19:14:49.478269,IDLE,56.4,56.6,0.0,0.0000,0.0000
997.14,2026-05-25T19:14:49.977642,IDLE,57.6,56.6,0.0,0.0000,0.0000
997.64,2026-05-25T19:14:50.477450,IDLE,56.4,56.6,0.0,0.0000,0.0000
998.15,2026-05-25T19:14:50.979350,IDLE,55.7,56.7,0.0,0.0000,0.0000
998.64,2026-05-25T19:14:51.477385,IDLE,63.0,56.6,0.0,0.0000,0.0000
999.14,2026-05-25T19:14:51.978483,IDLE,56.5,56.6,0.0,0.0000,0.0000
999.65,2026-05-25T19:14:52.480011,IDLE,58.5,56.6,0.0,0.0000,0.0000
1000.14,2026-05-25T19:14:52.977821,IDLE,56.9,56.6,0.0,0.0000,0.0000
1000.64,2026-05-25T19:14:53.478699,IDLE,58.6,56.6,0.0,0.0000,0.0000
1001.15,2026-05-25T19:14:53.979777,IDLE,58.8,56.6,0.0,0.0000,0.0000
1001.65,2026-05-25T19:14:54.484063,IDLE,56.3,56.6,0.0,0.0000,0.0000
1002.15,2026-05-25T19:14:54.979188,IDLE,57.3,56.6,0.0,0.0000,0.0000
1002.65,2026-05-25T19:14:55.481626,IDLE,60.5,56.6,0.0,0.0000,0.0000
1003.14,2026-05-25T19:14:55.977662,IDLE,57.3,56.6,0.0,0.0000,0.0000
1003.65,2026-05-25T19:14:56.480413,IDLE,59.9,56.6,0.0,0.0000,0.0000
1004.14,2026-05-25T19:14:56.977915,IDLE,55.9,56.6,0.0,0.0000,0.0000
1004.64,2026-05-25T19:14:57.478164,IDLE,55.6,56.6,0.0,0.0000,0.0000
1005.15,2026-05-25T19:14:57.981834,IDLE,59.9,56.6,0.0,0.0000,0.0000
1005.65,2026-05-25T19:14:58.482531,IDLE,58.6,56.6,0.0,0.0000,0.0000
1006.14,2026-05-25T19:14:58.978656,IDLE,57.9,56.6,0.0,0.0000,0.0000
1006.64,2026-05-25T19:14:59.477862,IDLE,59.0,56.5,0.0,0.0000,0.0000
1007.15,2026-05-25T19:14:59.979466,IDLE,56.9,56.6,0.0,0.0000,0.0000
1007.64,2026-05-25T19:15:00.478431,IDLE,57.1,56.5,0.0,0.0000,0.0000
1008.14,2026-05-25T19:15:00.978708,IDLE,58.4,56.6,0.0,0.0000,0.0000
1008.64,2026-05-25T19:15:01.477988,IDLE,58.3,56.6,0.0,0.0000,0.0000
1009.14,2026-05-25T19:15:01.977856,IDLE,60.6,56.6,0.0,0.0000,0.0000
1009.64,2026-05-25T19:15:02.477957,IDLE,56.0,56.6,0.0,0.0000,0.0000
1010.14,2026-05-25T19:15:02.977613,IDLE,53.2,56.7,0.0,0.0000,0.0000
1010.65,2026-05-25T19:15:03.480809,IDLE,61.6,56.7,0.0,0.0000,0.0000
1011.14,2026-05-25T19:15:03.978693,IDLE,56.9,56.6,0.0,0.0000,0.0000
1011.64,2026-05-25T19:15:04.477505,IDLE,54.2,56.5,0.0,0.0000,0.0000
1012.15,2026-05-25T19:15:04.979086,IDLE,55.3,56.5,0.0,0.0000,0.0000
1012.64,2026-05-25T19:15:05.478057,IDLE,54.6,56.6,0.0,0.0000,0.0000
1013.14,2026-05-25T19:15:05.977116,IDLE,60.5,56.5,0.0,0.0000,0.0000
1013.64,2026-05-25T19:15:06.478044,IDLE,55.7,56.5,0.0,0.0000,0.0000
1014.14,2026-05-25T19:15:06.978352,IDLE,60.1,56.5,0.0,0.0000,0.0000
1014.64,2026-05-25T19:15:07.478037,IDLE,59.1,56.5,0.0,0.0000,0.0000
1015.15,2026-05-25T19:15:07.979648,IDLE,56.3,56.6,0.0,0.0000,0.0000
1015.64,2026-05-25T19:15:08.478075,IDLE,57.0,56.5,0.0,0.0000,0.0000
1016.15,2026-05-25T19:15:08.980064,IDLE,57.9,56.5,0.0,0.0000,0.0000
1016.64,2026-05-25T19:15:09.477810,IDLE,59.3,56.6,0.0,0.0000,0.0000
1017.14,2026-05-25T19:15:09.978352,IDLE,56.9,56.5,0.0,0.0000,0.0000
1017.64,2026-05-25T19:15:10.477476,IDLE,54.5,56.6,0.0,0.0000,0.0000
1018.15,2026-05-25T19:15:10.979922,IDLE,56.4,56.6,0.0,0.0000,0.0000
1018.65,2026-05-25T19:15:11.478943,IDLE,60.5,56.5,0.0,0.0000,0.0000
1019.14,2026-05-25T19:15:11.978164,IDLE,53.7,56.5,0.0,0.0000,0.0000
1019.64,2026-05-25T19:15:12.478377,IDLE,55.8,56.5,0.0,0.0000,0.0000
1020.14,2026-05-25T19:15:12.977773,IDLE,55.5,56.5,0.0,0.0000,0.0000
1020.64,2026-05-25T19:15:13.478364,IDLE,59.0,56.5,0.0,0.0000,0.0000
1021.14,2026-05-25T19:15:13.978190,IDLE,58.4,56.5,0.0,0.0000,0.0000
1021.64,2026-05-25T19:15:14.478071,IDLE,56.5,56.6,0.0,0.0000,0.0000
1022.14,2026-05-25T19:15:14.978087,IDLE,58.7,56.6,0.0,0.0000,0.0000
1022.65,2026-05-25T19:15:15.483446,IDLE,58.7,56.6,0.0,0.0000,0.0000
1023.14,2026-05-25T19:15:15.977940,IDLE,56.8,56.5,0.0,0.0000,0.0000
1023.64,2026-05-25T19:15:16.478420,IDLE,55.6,56.6,0.0,0.0000,0.0000
1024.14,2026-05-25T19:15:16.978865,IDLE,57.0,56.6,0.0,0.0000,0.0000
1024.64,2026-05-25T19:15:17.477985,IDLE,61.6,56.6,0.0,0.0000,0.0000
1025.15,2026-05-25T19:15:17.979466,IDLE,57.6,56.5,0.0,0.0000,0.0000
1025.64,2026-05-25T19:15:18.478167,IDLE,57.0,56.6,0.0,0.0000,0.0000
1026.15,2026-05-25T19:15:18.979247,IDLE,56.4,56.6,0.0,0.0000,0.0000
1026.64,2026-05-25T19:15:19.478496,IDLE,62.8,56.6,0.0,0.0000,0.0000
1027.15,2026-05-25T19:15:19.982486,IDLE,54.1,56.6,0.0,0.0000,0.0000
1027.64,2026-05-25T19:15:20.478459,IDLE,59.5,56.6,0.0,0.0000,0.0000
1028.14,2026-05-25T19:15:20.978137,IDLE,60.8,56.6,0.0,0.0000,0.0000
1028.64,2026-05-25T19:15:21.478884,IDLE,60.0,56.6,0.0,0.0000,0.0000
1029.14,2026-05-25T19:15:21.978062,IDLE,58.3,56.6,0.0,0.0000,0.0000
1029.65,2026-05-25T19:15:22.482085,IDLE,58.1,56.5,0.0,0.0000,0.0000
1030.14,2026-05-25T19:15:22.978161,IDLE,56.2,56.5,0.0,0.0000,0.0000
1030.64,2026-05-25T19:15:23.478032,IDLE,60.8,56.5,0.0,0.0000,0.0000
1031.14,2026-05-25T19:15:23.977805,IDLE,56.4,56.5,0.0,0.0000,0.0000
1031.64,2026-05-25T19:15:24.478475,IDLE,57.7,56.6,0.0,0.0000,0.0000
1032.15,2026-05-25T19:15:24.979429,IDLE,57.2,56.6,0.0,0.0000,0.0000
1032.64,2026-05-25T19:15:25.477375,IDLE,58.7,56.6,0.0,0.0000,0.0000
1033.14,2026-05-25T19:15:25.978130,IDLE,56.7,56.6,0.0,0.0000,0.0000
1033.64,2026-05-25T19:15:26.477438,IDLE,55.9,56.6,0.0,0.0000,0.0000
1034.15,2026-05-25T19:15:26.984879,IDLE,55.1,56.6,0.0,0.0000,0.0000
1034.64,2026-05-25T19:15:27.478759,IDLE,62.6,56.7,0.0,0.0000,0.0000
1035.14,2026-05-25T19:15:27.978050,IDLE,54.5,56.7,0.0,0.0000,0.0000
1035.64,2026-05-25T19:15:28.477800,IDLE,52.8,56.7,0.0,0.0000,0.0000
1036.14,2026-05-25T19:15:28.978046,IDLE,56.1,56.6,0.0,0.0000,0.0000
1036.65,2026-05-25T19:15:29.480981,IDLE,56.0,56.6,0.0,0.0000,0.0000
1037.15,2026-05-25T19:15:29.982465,IDLE,56.1,56.6,0.0,0.0000,0.0000
1037.65,2026-05-25T19:15:30.483703,IDLE,56.1,56.5,0.0,0.0000,0.0000
1038.15,2026-05-25T19:15:30.979533,IDLE,55.2,56.5,0.0,0.0000,0.0000
1038.65,2026-05-25T19:15:31.482649,IDLE,58.7,56.6,0.0,0.0000,0.0000
1039.15,2026-05-25T19:15:31.979014,IDLE,53.1,56.6,0.0,0.0000,0.0000
1039.65,2026-05-25T19:15:32.478988,IDLE,58.9,56.6,0.0,0.0000,0.0000
1040.15,2026-05-25T19:15:32.982048,IDLE,55.2,56.6,0.0,0.0000,0.0000
1040.65,2026-05-25T19:15:33.479078,IDLE,59.0,56.6,0.0,0.0000,0.0000
1041.14,2026-05-25T19:15:33.978287,IDLE,56.1,56.6,0.0,0.0000,0.0000
1041.64,2026-05-25T19:15:34.477102,IDLE,53.1,56.6,0.0,0.0000,0.0000
1042.15,2026-05-25T19:15:34.979858,IDLE,54.3,56.7,0.0,0.0000,0.0000
1042.64,2026-05-25T19:15:35.478825,IDLE,59.1,56.7,0.0,0.0000,0.0000
1043.14,2026-05-25T19:15:35.977512,IDLE,54.6,56.7,0.0,0.0000,0.0000
1043.65,2026-05-25T19:15:36.481635,IDLE,55.7,56.7,0.0,0.0000,0.0000
1044.14,2026-05-25T19:15:36.977687,IDLE,58.3,56.7,0.0,0.0000,0.0000
1044.65,2026-05-25T19:15:37.480471,IDLE,54.5,56.7,0.0,0.0000,0.0000
1045.14,2026-05-25T19:15:37.978776,IDLE,60.2,56.6,0.0,0.0000,0.0000
1045.64,2026-05-25T19:15:38.476954,IDLE,54.0,56.6,0.0,0.0000,0.0000
1046.14,2026-05-25T19:15:38.978706,IDLE,55.8,56.6,0.0,0.0000,0.0000
1046.65,2026-05-25T19:15:39.480167,IDLE,55.9,56.6,0.0,0.0000,0.0000
1047.15,2026-05-25T19:15:39.982089,IDLE,58.2,56.6,0.0,0.0000,0.0000
1047.64,2026-05-25T19:15:40.476616,IDLE,55.5,56.6,0.0,0.0000,0.0000
1048.15,2026-05-25T19:15:40.982243,IDLE,53.7,56.7,0.0,0.0000,0.0000
1048.65,2026-05-25T19:15:41.479442,IDLE,59.6,56.6,0.0,0.0000,0.0000
1049.15,2026-05-25T19:15:41.978930,IDLE,58.2,56.6,0.0,0.0000,0.0000
1049.65,2026-05-25T19:15:42.480910,IDLE,57.5,56.7,0.0,0.0000,0.0000
1050.15,2026-05-25T19:15:42.984302,IDLE,58.4,56.7,0.0,0.0000,0.0000
1050.64,2026-05-25T19:15:43.478328,IDLE,62.3,56.7,0.0,0.0000,0.0000
1051.15,2026-05-25T19:15:43.979044,IDLE,54.8,56.6,0.0,0.0000,0.0000
1051.65,2026-05-25T19:15:44.481929,IDLE,55.8,56.6,0.0,0.0000,0.0000
1052.14,2026-05-25T19:15:44.977387,IDLE,60.5,56.6,0.0,0.0000,0.0000
1052.64,2026-05-25T19:15:45.477529,IDLE,57.9,56.6,0.0,0.0000,0.0000
1053.15,2026-05-25T19:15:45.979649,IDLE,52.9,56.6,0.0,0.0000,0.0000
1053.65,2026-05-25T19:15:46.479006,IDLE,57.7,56.6,0.0,0.0000,0.0000
1054.14,2026-05-25T19:15:46.978660,IDLE,56.4,56.7,0.0,0.0000,0.0000
1054.64,2026-05-25T19:15:47.477707,IDLE,55.1,56.7,0.0,0.0000,0.0000
1055.14,2026-05-25T19:15:47.977672,IDLE,58.2,56.6,0.0,0.0000,0.0000
1055.64,2026-05-25T19:15:48.477382,IDLE,57.4,56.6,0.0,0.0000,0.0000
1056.15,2026-05-25T19:15:48.979706,IDLE,54.8,56.6,0.0,0.0000,0.0000
1056.64,2026-05-25T19:15:49.477192,IDLE,61.0,56.6,0.0,0.0000,0.0000
1057.14,2026-05-25T19:15:49.978118,IDLE,59.6,56.6,0.0,0.0000,0.0000
1057.64,2026-05-25T19:15:50.477816,IDLE,55.9,56.7,0.0,0.0000,0.0000
1058.14,2026-05-25T19:15:50.978700,IDLE,57.7,56.6,0.0,0.0000,0.0000
1058.65,2026-05-25T19:15:51.480180,IDLE,62.3,56.6,0.0,0.0000,0.0000
1059.15,2026-05-25T19:15:51.980561,IDLE,56.3,56.7,0.0,0.0000,0.0000
1059.65,2026-05-25T19:15:52.480800,IDLE,55.5,56.7,0.0,0.0000,0.0000
1060.15,2026-05-25T19:15:52.979129,IDLE,56.2,56.8,0.0,0.0000,0.0000
1060.64,2026-05-25T19:15:53.477283,IDLE,56.4,56.7,0.0,0.0000,0.0000
1061.15,2026-05-25T19:15:53.979892,IDLE,58.4,56.7,0.0,0.0000,0.0000
1061.65,2026-05-25T19:15:54.479798,IDLE,59.4,56.7,0.0,0.0000,0.0000
1062.15,2026-05-25T19:15:54.979600,IDLE,56.6,56.7,0.0,0.0000,0.0000
1062.65,2026-05-25T19:15:55.481587,IDLE,56.3,56.6,0.0,0.0000,0.0000
1063.14,2026-05-25T19:15:55.977249,IDLE,56.9,56.6,0.0,0.0000,0.0000
1063.65,2026-05-25T19:15:56.480220,IDLE,58.5,56.6,0.0,0.0000,0.0000
1064.14,2026-05-25T19:15:56.977942,IDLE,56.1,56.6,0.0,0.0000,0.0000
1064.64,2026-05-25T19:15:57.478111,IDLE,58.0,56.6,0.0,0.0000,0.0000
1065.14,2026-05-25T19:15:57.978700,IDLE,60.1,56.6,0.0,0.0000,0.0000
1065.64,2026-05-25T19:15:58.478055,IDLE,57.2,56.6,0.0,0.0000,0.0000
1066.14,2026-05-25T19:15:58.978385,IDLE,53.8,56.6,0.0,0.0000,0.0000
1066.64,2026-05-25T19:15:59.478124,IDLE,64.9,56.6,0.0,0.0000,0.0000
1067.14,2026-05-25T19:15:59.978613,IDLE,55.3,56.6,0.0,0.0000,0.0000
1067.65,2026-05-25T19:16:00.479038,IDLE,54.5,56.6,0.0,0.0000,0.0000
1068.14,2026-05-25T19:16:00.977428,IDLE,55.6,56.6,0.0,0.0000,0.0000
1068.64,2026-05-25T19:16:01.476957,IDLE,56.5,56.7,0.0,0.0000,0.0000
1069.14,2026-05-25T19:16:01.978103,IDLE,57.5,56.7,0.0,0.0000,0.0000
1069.65,2026-05-25T19:16:02.481682,IDLE,54.2,56.7,0.0,0.0000,0.0000
1070.14,2026-05-25T19:16:02.977922,IDLE,54.9,56.6,0.0,0.0000,0.0000
1070.65,2026-05-25T19:16:03.484086,IDLE,58.9,56.6,0.0,0.0000,0.0000
1071.15,2026-05-25T19:16:03.980289,IDLE,58.2,56.7,0.0,0.0000,0.0000
1071.64,2026-05-25T19:16:04.477244,IDLE,60.0,56.7,0.0,0.0000,0.0000
1072.15,2026-05-25T19:16:04.979036,IDLE,56.1,56.7,0.0,0.0000,0.0000
1072.64,2026-05-25T19:16:05.477177,IDLE,58.5,56.7,0.0,0.0000,0.0000
1073.15,2026-05-25T19:16:05.979016,IDLE,55.2,56.6,0.0,0.0000,0.0000
1073.64,2026-05-25T19:16:06.477264,IDLE,58.7,56.5,0.0,0.0000,0.0000
1074.14,2026-05-25T19:16:06.978856,IDLE,56.3,56.6,0.0,0.0000,0.0000
1074.65,2026-05-25T19:16:07.484493,IDLE,59.4,56.5,0.0,0.0000,0.0000
1075.14,2026-05-25T19:16:07.978097,IDLE,57.2,56.5,0.0,0.0000,0.0000
1075.65,2026-05-25T19:16:08.481473,IDLE,56.0,56.6,0.0,0.0000,0.0000
1076.15,2026-05-25T19:16:08.980100,IDLE,55.1,56.6,0.0,0.0000,0.0000
1076.64,2026-05-25T19:16:09.476767,IDLE,58.8,56.6,0.0,0.0000,0.0000
1077.15,2026-05-25T19:16:09.982113,IDLE,59.7,56.7,0.0,0.0000,0.0000
1077.64,2026-05-25T19:16:10.476822,IDLE,56.6,56.7,0.0,0.0000,0.0000
1078.14,2026-05-25T19:16:10.977486,IDLE,58.4,56.7,0.0,0.0000,0.0000
1078.64,2026-05-25T19:16:11.476788,IDLE,57.3,56.6,0.0,0.0000,0.0000
1079.15,2026-05-25T19:16:11.979061,IDLE,59.3,56.7,0.0,0.0000,0.0000
1079.64,2026-05-25T19:16:12.477109,IDLE,56.7,56.6,0.0,0.0000,0.0000
1080.14,2026-05-25T19:16:12.977710,IDLE,56.8,56.7,0.0,0.0000,0.0000
1080.65,2026-05-25T19:16:13.479181,IDLE,60.4,56.7,0.0,0.0000,0.0000
1081.14,2026-05-25T19:16:13.977247,IDLE,54.5,56.7,0.0,0.0000,0.0000
1081.64,2026-05-25T19:16:14.477727,IDLE,57.2,56.7,0.0,0.0000,0.0000
1082.14,2026-05-25T19:16:14.977491,IDLE,58.0,56.7,0.0,0.0000,0.0000
1082.65,2026-05-25T19:16:15.481263,IDLE,60.0,56.6,0.0,0.0000,0.0000
1083.14,2026-05-25T19:16:15.977671,IDLE,53.7,56.7,0.0,0.0000,0.0000
1083.65,2026-05-25T19:16:16.484518,IDLE,58.3,56.5,0.0,0.0000,0.0000
1084.15,2026-05-25T19:16:16.980122,IDLE,57.2,56.6,0.0,0.0000,0.0000
1084.65,2026-05-25T19:16:17.481992,IDLE,57.3,56.7,0.0,0.0000,0.0000
1085.15,2026-05-25T19:16:17.983703,IDLE,58.2,56.7,0.0,0.0000,0.0000
1085.65,2026-05-25T19:16:18.482166,IDLE,56.4,56.6,0.0,0.0000,0.0000
1086.15,2026-05-25T19:16:18.984699,IDLE,56.5,56.7,0.0,0.0000,0.0000
1086.64,2026-05-25T19:16:19.476819,IDLE,57.4,56.7,0.0,0.0000,0.0000
1087.14,2026-05-25T19:16:19.977595,IDLE,55.6,56.6,0.0,0.0000,0.0000
1087.64,2026-05-25T19:16:20.477175,IDLE,58.1,56.6,0.0,0.0000,0.0000
1088.15,2026-05-25T19:16:20.980039,IDLE,55.9,56.6,0.0,0.0000,0.0000
1088.64,2026-05-25T19:16:21.478783,IDLE,60.1,56.6,0.0,0.0000,0.0000
1089.14,2026-05-25T19:16:21.977709,IDLE,57.4,56.6,0.0,0.0000,0.0000
1089.65,2026-05-25T19:16:22.480316,IDLE,59.0,56.6,0.0,0.0000,0.0000
1090.15,2026-05-25T19:16:22.979012,IDLE,54.8,56.6,0.0,0.0000,0.0000
1090.65,2026-05-25T19:16:23.486638,IDLE,62.9,56.7,0.0,0.0000,0.0000
1091.14,2026-05-25T19:16:23.977382,IDLE,55.9,56.7,0.0,0.0000,0.0000
1091.64,2026-05-25T19:16:24.476953,IDLE,58.2,56.7,0.0,0.0000,0.0000
1092.14,2026-05-25T19:16:24.978097,IDLE,57.0,56.7,0.0,0.0000,0.0000
1092.64,2026-05-25T19:16:25.477169,IDLE,60.9,56.6,0.0,0.0000,0.0000
1093.14,2026-05-25T19:16:25.977718,IDLE,57.1,56.7,0.0,0.0000,0.0000
1093.65,2026-05-25T19:16:26.479118,IDLE,58.1,56.7,0.0,0.0000,0.0000
1094.14,2026-05-25T19:16:26.977921,IDLE,54.1,56.7,0.0,0.0000,0.0000
1094.64,2026-05-25T19:16:27.477068,IDLE,61.6,56.7,0.0,0.0000,0.0000
1095.14,2026-05-25T19:16:27.978097,IDLE,59.4,56.7,0.0,0.0000,0.0000
1095.64,2026-05-25T19:16:28.476846,IDLE,57.6,56.6,0.0,0.0000,0.0000
1096.15,2026-05-25T19:16:28.981668,IDLE,56.6,56.6,0.0,0.0000,0.0000
1096.64,2026-05-25T19:16:29.477666,IDLE,58.3,56.6,0.0,0.0000,0.0000
1097.14,2026-05-25T19:16:29.978161,IDLE,59.5,56.7,0.0,0.0000,0.0000
1097.64,2026-05-25T19:16:30.477203,IDLE,58.0,56.7,0.0,0.0000,0.0000
1098.15,2026-05-25T19:16:30.983904,IDLE,56.9,56.6,0.0,0.0000,0.0000
1098.65,2026-05-25T19:16:31.481108,IDLE,59.4,56.6,0.0,0.0000,0.0000
1099.14,2026-05-25T19:16:31.977726,IDLE,58.4,56.6,0.0,0.0000,0.0000
1099.64,2026-05-25T19:16:32.478280,IDLE,57.6,56.5,0.0,0.0000,0.0000
1100.14,2026-05-25T19:16:32.978557,IDLE,58.4,56.6,0.0,0.0000,0.0000
1100.64,2026-05-25T19:16:33.477290,IDLE,58.1,56.6,0.0,0.0000,0.0000
1101.14,2026-05-25T19:16:33.977993,IDLE,57.9,56.7,0.0,0.0000,0.0000
1101.64,2026-05-25T19:16:34.477151,IDLE,59.7,56.6,0.0,0.0000,0.0000
1102.14,2026-05-25T19:16:34.977713,IDLE,58.5,56.6,0.0,0.0000,0.0000
1102.64,2026-05-25T19:16:35.476936,IDLE,60.5,56.6,0.0,0.0000,0.0000
1103.14,2026-05-25T19:16:35.978265,IDLE,58.6,56.7,0.0,0.0000,0.0000
1103.64,2026-05-25T19:16:36.477380,IDLE,58.4,56.7,0.0,0.0000,0.0000
1104.14,2026-05-25T19:16:36.977373,IDLE,58.2,56.6,0.0,0.0000,0.0000
1104.65,2026-05-25T19:16:37.482417,IDLE,58.7,56.6,0.0,0.0000,0.0000
1105.14,2026-05-25T19:16:37.977782,IDLE,55.5,56.7,0.0,0.0000,0.0000
1105.64,2026-05-25T19:16:38.477047,IDLE,56.2,56.6,0.0,0.0000,0.0000
1106.15,2026-05-25T19:16:38.978995,IDLE,56.8,56.6,0.0,0.0000,0.0000
1106.65,2026-05-25T19:16:39.483038,IDLE,61.1,56.6,0.0,0.0000,0.0000
1107.15,2026-05-25T19:16:39.984512,IDLE,53.7,56.6,0.0,0.0000,0.0000
1107.64,2026-05-25T19:16:40.476836,IDLE,58.0,56.6,0.0,0.0000,0.0000
1108.15,2026-05-25T19:16:40.979550,IDLE,59.2,56.6,0.0,0.0000,0.0000
1108.65,2026-05-25T19:16:41.482054,IDLE,57.6,56.6,0.0,0.0000,0.0000
1109.15,2026-05-25T19:16:41.979484,IDLE,59.5,56.6,0.0,0.0000,0.0000
1109.65,2026-05-25T19:16:42.479582,IDLE,57.7,56.5,0.0,0.0000,0.0000
1110.15,2026-05-25T19:16:42.983946,IDLE,59.3,56.5,0.0,0.0000,0.0000
1110.64,2026-05-25T19:16:43.478347,IDLE,59.1,56.6,0.0,0.0000,0.0000
1111.14,2026-05-25T19:16:43.978459,IDLE,58.4,56.6,0.0,0.0000,0.0000
1111.65,2026-05-25T19:16:44.479441,IDLE,59.7,56.6,0.0,0.0000,0.0000
1112.14,2026-05-25T19:16:44.977167,IDLE,55.4,56.5,0.0,0.0000,0.0000
1112.65,2026-05-25T19:16:45.479422,IDLE,58.7,56.6,0.0,0.0000,0.0000
1113.14,2026-05-25T19:16:45.977629,IDLE,57.1,56.6,0.0,0.0000,0.0000
1113.64,2026-05-25T19:16:46.477026,IDLE,60.1,56.6,0.0,0.0000,0.0000
1114.14,2026-05-25T19:16:46.978113,IDLE,55.1,56.5,0.0,0.0000,0.0000
1114.64,2026-05-25T19:16:47.477437,IDLE,62.2,56.6,0.0,0.0000,0.0000
1115.14,2026-05-25T19:16:47.978281,IDLE,57.0,56.5,0.0,0.0000,0.0000
1115.64,2026-05-25T19:16:48.477883,IDLE,58.0,56.4,0.0,0.0000,0.0000
1116.14,2026-05-25T19:16:48.977254,IDLE,57.9,56.6,0.0,0.0000,0.0000
1116.65,2026-05-25T19:16:49.479715,IDLE,60.1,56.6,0.0,0.0000,0.0000
1117.14,2026-05-25T19:16:49.977468,IDLE,57.6,56.5,0.0,0.0000,0.0000
1117.65,2026-05-25T19:16:50.482468,IDLE,57.6,56.6,0.0,0.0000,0.0000
1118.15,2026-05-25T19:16:50.981445,IDLE,60.2,56.5,0.0,0.0000,0.0000
1118.64,2026-05-25T19:16:51.478647,IDLE,59.4,56.6,0.0,0.0000,0.0000
1119.15,2026-05-25T19:16:51.981514,IDLE,55.7,56.5,0.0,0.0000,0.0000
1119.64,2026-05-25T19:16:52.477167,IDLE,59.0,56.5,0.0,0.0000,0.0000
1120.15,2026-05-25T19:16:52.983508,IDLE,57.8,56.6,0.0,0.0000,0.0000
1120.64,2026-05-25T19:16:53.478825,IDLE,56.2,56.7,0.0,0.0000,0.0000
1121.14,2026-05-25T19:16:53.978356,IDLE,59.3,56.6,0.0,0.0000,0.0000
1121.64,2026-05-25T19:16:54.477713,IDLE,61.3,56.6,0.0,0.0000,0.0000
1122.15,2026-05-25T19:16:54.979093,IDLE,55.9,56.7,0.0,0.0000,0.0000
1122.65,2026-05-25T19:16:55.479830,IDLE,59.1,56.7,0.0,0.0000,0.0000
1123.14,2026-05-25T19:16:55.978504,IDLE,57.0,56.6,0.0,0.0000,0.0000
1123.65,2026-05-25T19:16:56.483412,IDLE,58.3,56.6,0.0,0.0000,0.0000
1124.14,2026-05-25T19:16:56.977837,IDLE,55.7,56.6,0.0,0.0000,0.0000
1124.65,2026-05-25T19:16:57.479180,IDLE,59.2,56.5,0.0,0.0000,0.0000
1125.14,2026-05-25T19:16:57.977466,IDLE,56.3,56.6,0.0,0.0000,0.0000
1125.64,2026-05-25T19:16:58.477519,IDLE,59.5,56.6,0.0,0.0000,0.0000
1126.14,2026-05-25T19:16:58.977600,IDLE,60.5,56.6,0.0,0.0000,0.0000
1126.64,2026-05-25T19:16:59.477644,IDLE,60.4,56.6,0.0,0.0000,0.0000
1127.14,2026-05-25T19:16:59.977383,IDLE,56.6,56.7,0.0,0.0000,0.0000
1127.65,2026-05-25T19:17:00.481341,IDLE,58.2,56.6,0.0,0.0000,0.0000
1128.14,2026-05-25T19:17:00.977441,IDLE,57.9,56.6,0.0,0.0000,0.0000
1128.64,2026-05-25T19:17:01.476556,IDLE,59.7,56.6,0.0,0.0000,0.0000
1129.14,2026-05-25T19:17:01.978253,IDLE,57.8,56.6,0.0,0.0000,0.0000
1129.64,2026-05-25T19:17:02.477136,IDLE,56.2,56.6,0.0,0.0000,0.0000
1130.14,2026-05-25T19:17:02.978149,IDLE,60.9,56.7,0.0,0.0000,0.0000
1130.65,2026-05-25T19:17:03.481425,IDLE,62.6,56.7,0.0,0.0000,0.0000
1131.15,2026-05-25T19:17:03.980946,IDLE,56.2,56.7,0.0,0.0000,0.0000
1131.64,2026-05-25T19:17:04.476504,IDLE,57.9,56.6,0.0,0.0000,0.0000
1132.14,2026-05-25T19:17:04.977532,IDLE,59.1,56.6,0.0,0.0000,0.0000
1132.64,2026-05-25T19:17:05.478133,IDLE,58.6,56.6,0.0,0.0000,0.0000
1133.14,2026-05-25T19:17:05.978266,IDLE,57.3,56.6,0.0,0.0000,0.0000
1133.64,2026-05-25T19:17:06.477977,IDLE,55.4,56.6,0.0,0.0000,0.0000
1134.14,2026-05-25T19:17:06.977158,IDLE,56.7,56.6,0.0,0.0000,0.0000
1134.64,2026-05-25T19:17:07.478328,IDLE,64.4,56.6,0.0,0.0000,0.0000
1135.14,2026-05-25T19:17:07.978532,IDLE,58.4,56.6,0.0,0.0000,0.0000
1135.65,2026-05-25T19:17:08.479244,IDLE,57.2,56.6,0.0,0.0000,0.0000
1136.15,2026-05-25T19:17:08.980887,IDLE,57.0,56.7,0.0,0.0000,0.0000
1136.64,2026-05-25T19:17:09.477192,IDLE,60.6,56.7,0.0,0.0000,0.0000
1137.14,2026-05-25T19:17:09.978006,IDLE,58.4,56.7,0.0,0.0000,0.0000
1137.64,2026-05-25T19:17:10.477735,IDLE,58.2,56.7,0.0,0.0000,0.0000
1138.14,2026-05-25T19:17:10.977895,IDLE,57.8,56.7,0.0,0.0000,0.0000
1138.64,2026-05-25T19:17:11.477739,IDLE,60.7,56.7,0.0,0.0000,0.0000
1139.14,2026-05-25T19:17:11.977586,IDLE,57.5,56.6,0.0,0.0000,0.0000
1139.64,2026-05-25T19:17:12.476822,IDLE,57.7,56.7,0.0,0.0000,0.0000
1140.15,2026-05-25T19:17:12.981790,IDLE,55.0,56.6,0.0,0.0000,0.0000
1140.64,2026-05-25T19:17:13.478396,IDLE,58.9,56.6,0.0,0.0000,0.0000
1141.15,2026-05-25T19:17:13.980317,IDLE,56.7,56.6,0.0,0.0000,0.0000
1141.64,2026-05-25T19:17:14.478377,IDLE,56.9,56.6,0.0,0.0000,0.0000
1142.14,2026-05-25T19:17:14.978504,IDLE,57.6,56.7,0.0,0.0000,0.0000
1142.64,2026-05-25T19:17:15.477688,IDLE,60.9,56.6,0.0,0.0000,0.0000
1143.15,2026-05-25T19:17:15.979259,IDLE,59.4,56.6,0.0,0.0000,0.0000
1143.65,2026-05-25T19:17:16.481001,IDLE,56.5,56.7,0.0,0.0000,0.0000
1144.14,2026-05-25T19:17:16.977757,IDLE,57.8,56.6,0.0,0.0000,0.0000
1144.64,2026-05-25T19:17:17.477328,IDLE,60.2,56.6,0.0,0.0000,0.0000
1145.14,2026-05-25T19:17:17.978205,IDLE,56.4,56.7,0.0,0.0000,0.0000
1145.65,2026-05-25T19:17:18.479869,IDLE,59.5,56.6,0.0,0.0000,0.0000
1146.14,2026-05-25T19:17:18.978089,IDLE,56.6,56.7,0.0,0.0000,0.0000
1146.65,2026-05-25T19:17:19.487537,IDLE,59.7,56.7,0.0,0.0000,0.0000
1147.14,2026-05-25T19:17:19.978056,IDLE,58.9,56.6,0.0,0.0000,0.0000
1147.64,2026-05-25T19:17:20.477497,IDLE,56.0,56.7,0.0,0.0000,0.0000
1148.14,2026-05-25T19:17:20.977250,IDLE,59.2,56.7,0.0,0.0000,0.0000
1148.65,2026-05-25T19:17:21.482648,IDLE,59.3,56.6,0.0,0.0000,0.0000
1149.15,2026-05-25T19:17:21.979024,IDLE,55.7,56.6,0.0,0.0000,0.0000
1149.64,2026-05-25T19:17:22.478416,IDLE,56.5,56.6,0.0,0.0000,0.0000
1150.14,2026-05-25T19:17:22.977700,IDLE,57.2,56.7,0.0,0.0000,0.0000
1150.64,2026-05-25T19:17:23.477348,IDLE,58.4,56.6,0.0,0.0000,0.0000
1151.14,2026-05-25T19:17:23.978133,IDLE,55.4,56.6,0.0,0.0000,0.0000
1151.65,2026-05-25T19:17:24.481084,IDLE,56.6,56.7,0.0,0.0000,0.0000
1152.14,2026-05-25T19:17:24.978629,IDLE,54.8,56.6,0.0,0.0000,0.0000
1152.64,2026-05-25T19:17:25.477370,IDLE,60.6,56.6,0.0,0.0000,0.0000
1153.14,2026-05-25T19:17:25.978319,IDLE,57.0,56.6,0.0,0.0000,0.0000
1153.65,2026-05-25T19:17:26.484071,IDLE,58.8,56.6,0.0,0.0000,0.0000
1154.14,2026-05-25T19:17:26.977072,IDLE,56.4,56.6,0.0,0.0000,0.0000
1154.65,2026-05-25T19:17:27.481737,IDLE,59.4,56.7,0.0,0.0000,0.0000
1155.15,2026-05-25T19:17:27.979524,IDLE,57.9,56.7,0.0,0.0000,0.0000
1155.65,2026-05-25T19:17:28.480102,IDLE,55.9,56.7,0.0,0.0000,0.0000
1156.15,2026-05-25T19:17:28.981602,IDLE,56.0,56.6,0.0,0.0000,0.0000
1156.65,2026-05-25T19:17:29.480522,IDLE,57.4,56.6,0.0,0.0000,0.0000
1157.14,2026-05-25T19:17:29.978367,IDLE,57.5,56.6,0.0,0.0000,0.0000
1157.64,2026-05-25T19:17:30.477184,IDLE,55.2,56.7,0.0,0.0000,0.0000
1158.14,2026-05-25T19:17:30.977465,IDLE,57.2,56.7,0.0,0.0000,0.0000
1158.65,2026-05-25T19:17:31.479944,IDLE,58.7,56.6,0.0,0.0000,0.0000
1159.15,2026-05-25T19:17:31.979041,IDLE,58.2,56.7,0.0,0.0000,0.0000
1159.64,2026-05-25T19:17:32.477542,IDLE,56.8,56.7,0.0,0.0000,0.0000
1160.14,2026-05-25T19:17:32.978716,IDLE,56.7,56.6,0.0,0.0000,0.0000
1160.64,2026-05-25T19:17:33.476824,IDLE,60.9,56.6,0.0,0.0000,0.0000
1161.14,2026-05-25T19:17:33.978185,IDLE,61.0,56.6,0.0,0.0000,0.0000
1161.64,2026-05-25T19:17:34.477154,IDLE,56.0,56.6,0.0,0.0000,0.0000
1162.14,2026-05-25T19:17:34.977878,IDLE,56.6,56.6,0.0,0.0000,0.0000
1162.65,2026-05-25T19:17:35.484392,IDLE,61.3,56.6,0.0,0.0000,0.0000
1163.14,2026-05-25T19:17:35.977990,IDLE,57.2,56.6,0.0,0.0000,0.0000
1163.64,2026-05-25T19:17:36.477849,IDLE,57.0,56.6,0.0,0.0000,0.0000
1164.15,2026-05-25T19:17:36.981794,IDLE,58.1,56.6,0.0,0.0000,0.0000
1164.64,2026-05-25T19:17:37.478313,IDLE,57.6,56.6,0.0,0.0000,0.0000
1165.15,2026-05-25T19:17:37.981423,IDLE,53.4,56.6,0.0,0.0000,0.0000
1165.64,2026-05-25T19:17:38.477939,IDLE,56.3,56.5,0.0,0.0000,0.0000
1166.15,2026-05-25T19:17:38.983169,IDLE,60.9,56.6,0.0,0.0000,0.0000
1166.64,2026-05-25T19:17:39.477815,IDLE,59.3,56.6,0.0,0.0000,0.0000
1167.14,2026-05-25T19:17:39.978622,IDLE,57.8,56.6,0.0,0.0000,0.0000
1167.64,2026-05-25T19:17:40.476660,IDLE,53.0,56.6,0.0,0.0000,0.0000
1168.14,2026-05-25T19:17:40.978605,IDLE,56.9,56.6,0.0,0.0000,0.0000
1168.64,2026-05-25T19:17:41.477024,IDLE,58.7,56.5,0.0,0.0000,0.0000
1169.14,2026-05-25T19:17:41.978455,IDLE,56.6,56.6,0.0,0.0000,0.0000
1169.64,2026-05-25T19:17:42.477051,IDLE,53.5,56.6,0.0,0.0000,0.0000
1170.15,2026-05-25T19:17:42.980345,IDLE,55.5,56.6,0.0,0.0000,0.0000
1170.64,2026-05-25T19:17:43.477678,IDLE,58.2,56.5,0.0,0.0000,0.0000
1171.14,2026-05-25T19:17:43.978130,IDLE,54.6,56.7,0.0,0.0000,0.0000
1171.64,2026-05-25T19:17:44.477335,IDLE,56.2,56.7,0.0,0.0000,0.0000
1172.15,2026-05-25T19:17:44.979468,IDLE,55.9,56.6,0.0,0.0000,0.0000
1172.64,2026-05-25T19:17:45.478848,IDLE,54.7,56.6,0.0,0.0000,0.0000
1173.14,2026-05-25T19:17:45.978012,IDLE,60.3,56.6,0.0,0.0000,0.0000
1173.65,2026-05-25T19:17:46.484669,IDLE,55.9,56.7,0.0,0.0000,0.0000
1174.15,2026-05-25T19:17:46.979831,IDLE,58.4,56.6,0.0,0.0000,0.0000
1174.64,2026-05-25T19:17:47.477093,IDLE,58.0,56.6,0.0,0.0000,0.0000
1175.14,2026-05-25T19:17:47.978539,IDLE,56.7,56.6,0.0,0.0000,0.0000
1175.65,2026-05-25T19:17:48.480121,IDLE,57.2,56.6,0.0,0.0000,0.0000
1176.15,2026-05-25T19:17:48.978967,IDLE,55.2,56.6,0.0,0.0000,0.0000
1176.65,2026-05-25T19:17:49.479423,IDLE,58.8,56.6,0.0,0.0000,0.0000
1177.15,2026-05-25T19:17:49.979369,IDLE,53.6,56.6,0.0,0.0000,0.0000
1177.65,2026-05-25T19:17:50.485547,IDLE,58.1,56.6,0.0,0.0000,0.0000
1178.14,2026-05-25T19:17:50.978085,IDLE,54.5,56.6,0.0,0.0000,0.0000
1178.65,2026-05-25T19:17:51.483211,IDLE,61.7,56.6,0.0,0.0000,0.0000
1179.15,2026-05-25T19:17:51.979522,IDLE,55.7,56.7,0.0,0.0000,0.0000
1179.65,2026-05-25T19:17:52.482929,IDLE,56.5,56.6,0.0,0.0000,0.0000
1180.14,2026-05-25T19:17:52.978562,IDLE,57.1,56.6,0.0,0.0000,0.0000
1180.64,2026-05-25T19:17:53.477274,IDLE,57.6,56.6,0.0,0.0000,0.0000
1181.14,2026-05-25T19:17:53.978706,IDLE,57.7,56.6,0.0,0.0000,0.0000
1181.65,2026-05-25T19:17:54.479355,IDLE,58.4,56.6,0.0,0.0000,0.0000
1182.14,2026-05-25T19:17:54.978188,IDLE,54.7,56.6,0.0,0.0000,0.0000
1182.64,2026-05-25T19:17:55.477083,IDLE,57.3,56.6,0.0,0.0000,0.0000
1183.14,2026-05-25T19:17:55.977612,IDLE,56.4,56.7,0.0,0.0000,0.0000
1183.64,2026-05-25T19:17:56.477658,IDLE,54.2,56.7,0.0,0.0000,0.0000
1184.14,2026-05-25T19:17:56.978683,IDLE,57.5,56.6,0.0,0.0000,0.0000
1184.65,2026-05-25T19:17:57.482212,IDLE,59.5,56.7,0.0,0.0000,0.0000
1185.14,2026-05-25T19:17:57.977722,IDLE,55.4,56.7,0.0,0.0000,0.0000
1185.65,2026-05-25T19:17:58.483781,IDLE,57.3,56.5,0.0,0.0000,0.0000
1186.15,2026-05-25T19:17:58.979713,IDLE,53.4,56.7,0.0,0.0000,0.0000
1186.65,2026-05-25T19:17:59.479522,IDLE,60.7,56.6,0.0,0.0000,0.0000
1187.15,2026-05-25T19:17:59.982188,IDLE,54.0,56.6,0.0,0.0000,0.0000
1187.64,2026-05-25T19:18:00.478381,IDLE,55.2,56.6,0.0,0.0000,0.0000
1188.15,2026-05-25T19:18:00.981223,IDLE,56.5,56.6,0.0,0.0000,0.0000
1188.65,2026-05-25T19:18:01.483704,IDLE,56.5,56.6,0.0,0.0000,0.0000
1189.14,2026-05-25T19:18:01.978134,IDLE,54.7,56.6,0.0,0.0000,0.0000
1189.64,2026-05-25T19:18:02.478361,IDLE,55.1,56.6,0.0,0.0000,0.0000
1190.15,2026-05-25T19:18:02.979247,IDLE,56.7,56.5,0.0,0.0000,0.0000
1190.65,2026-05-25T19:18:03.485215,IDLE,58.1,56.5,0.0,0.0000,0.0000
1191.15,2026-05-25T19:18:03.978971,IDLE,57.6,56.5,0.0,0.0000,0.0000
1191.64,2026-05-25T19:18:04.478330,IDLE,59.8,56.6,0.0,0.0000,0.0000
1192.15,2026-05-25T19:18:04.979730,IDLE,55.2,56.6,0.0,0.0000,0.0000
1192.65,2026-05-25T19:18:05.479421,IDLE,60.1,56.6,0.0,0.0000,0.0000
1193.15,2026-05-25T19:18:05.980548,IDLE,55.6,56.6,0.0,0.0000,0.0000
1193.65,2026-05-25T19:18:06.479248,IDLE,55.7,56.6,0.0,0.0000,0.0000
1194.14,2026-05-25T19:18:06.978009,IDLE,54.6,56.7,0.0,0.0000,0.0000
1194.65,2026-05-25T19:18:07.481040,IDLE,59.7,56.7,0.0,0.0000,0.0000
1195.15,2026-05-25T19:18:07.979447,IDLE,54.3,56.7,0.0,0.0000,0.0000
1195.64,2026-05-25T19:18:08.477495,IDLE,54.0,56.7,0.0,0.0000,0.0000
1196.15,2026-05-25T19:18:08.979485,IDLE,53.9,56.7,0.0,0.0000,0.0000
1196.65,2026-05-25T19:18:09.480405,IDLE,58.8,56.6,0.0,0.0000,0.0000
1197.14,2026-05-25T19:18:09.978810,IDLE,59.6,56.6,0.0,0.0000,0.0000
1197.64,2026-05-25T19:18:10.478019,IDLE,57.7,56.5,0.0,0.0000,0.0000
1198.15,2026-05-25T19:18:10.981754,IDLE,52.6,56.6,0.0,0.0000,0.0000
1198.64,2026-05-25T19:18:11.478408,IDLE,56.8,56.6,0.0,0.0000,0.0000
1199.15,2026-05-25T19:18:11.981898,IDLE,57.0,56.7,0.0,0.0000,0.0000
1199.64,2026-05-25T19:18:12.478217,IDLE,53.2,56.7,0.0,0.0000,0.0000
1200.14,2026-05-25T19:18:12.977686,IDLE,55.4,56.7,0.0,0.0000,0.0000
1200.65,2026-05-25T19:18:13.479898,IDLE,58.5,56.6,0.0,0.0000,0.0000
1201.14,2026-05-25T19:18:13.977952,IDLE,57.3,56.6,0.0,0.0000,0.0000
1201.65,2026-05-25T19:18:14.480385,IDLE,55.1,56.6,0.0,0.0000,0.0000
1202.14,2026-05-25T19:18:14.978217,IDLE,56.3,56.7,0.0,0.0000,0.0000
1202.65,2026-05-25T19:18:15.479163,IDLE,61.0,56.6,0.0,0.0000,0.0000
1203.15,2026-05-25T19:18:15.982470,IDLE,56.3,56.7,0.0,0.0000,0.0000
1203.64,2026-05-25T19:18:16.478707,IDLE,55.4,56.7,0.0,0.0000,0.0000
1204.15,2026-05-25T19:18:16.980260,IDLE,57.0,56.7,0.0,0.0000,0.0000
1204.65,2026-05-25T19:18:17.484771,IDLE,56.2,56.7,0.0,0.0000,0.0000
1205.15,2026-05-25T19:18:17.978990,IDLE,54.9,56.7,0.0,0.0000,0.0000
1205.65,2026-05-25T19:18:18.479475,IDLE,57.5,56.6,0.0,0.0000,0.0000
1206.14,2026-05-25T19:18:18.978410,IDLE,57.1,56.6,0.0,0.0000,0.0000
1206.65,2026-05-25T19:18:19.479275,IDLE,58.9,56.6,0.0,0.0000,0.0000
1207.15,2026-05-25T19:18:19.979598,IDLE,55.7,56.7,0.0,0.0000,0.0000
1207.65,2026-05-25T19:18:20.486337,IDLE,55.8,56.7,0.0,0.0000,0.0000
1208.15,2026-05-25T19:18:20.979199,IDLE,54.3,56.7,0.0,0.0000,0.0000
1208.65,2026-05-25T19:18:21.485830,IDLE,59.7,56.6,0.0,0.0000,0.0000
1209.15,2026-05-25T19:18:21.979110,IDLE,60.2,56.7,0.0,0.0000,0.0000
1209.64,2026-05-25T19:18:22.478792,IDLE,55.0,56.7,0.0,0.0000,0.0000
1210.15,2026-05-25T19:18:22.979008,IDLE,59.9,56.7,0.0,0.0000,0.0000
1210.64,2026-05-25T19:18:23.477746,IDLE,63.2,56.7,0.0,0.0000,0.0000
1211.15,2026-05-25T19:18:23.981032,IDLE,54.6,56.7,0.0,0.0000,0.0000
1211.64,2026-05-25T19:18:24.478335,IDLE,54.6,56.7,0.0,0.0000,0.0000
1212.15,2026-05-25T19:18:24.979872,IDLE,57.3,56.7,0.0,0.0000,0.0000
1212.65,2026-05-25T19:18:25.479415,IDLE,56.4,56.8,0.0,0.0000,0.0000
1213.14,2026-05-25T19:18:25.978175,IDLE,54.8,56.7,0.0,0.0000,0.0000
1213.65,2026-05-25T19:18:26.479174,IDLE,57.2,56.7,0.0,0.0000,0.0000
1214.15,2026-05-25T19:18:26.979787,IDLE,58.2,56.8,0.0,0.0000,0.0000
1214.65,2026-05-25T19:18:27.480246,IDLE,59.5,56.7,0.0,0.0000,0.0000
1215.15,2026-05-25T19:18:27.979478,IDLE,56.6,56.7,0.0,0.0000,0.0000
1215.65,2026-05-25T19:18:28.483921,IDLE,61.4,56.8,0.0,0.0000,0.0000
1216.14,2026-05-25T19:18:28.978868,IDLE,56.7,56.8,0.0,0.0000,0.0000
1216.64,2026-05-25T19:18:29.478682,IDLE,60.4,56.8,0.0,0.0000,0.0000
1217.15,2026-05-25T19:18:29.980591,IDLE,58.1,56.8,0.0,0.0000,0.0000
1217.65,2026-05-25T19:18:30.479934,IDLE,59.1,56.8,0.0,0.0000,0.0000
1218.15,2026-05-25T19:18:30.980478,IDLE,60.7,56.9,0.0,0.0000,0.0000
1218.65,2026-05-25T19:18:31.480577,IDLE,62.5,56.8,0.0,0.0000,0.0000
1219.15,2026-05-25T19:18:31.979219,IDLE,54.2,56.8,0.0,0.0000,0.0000
1219.65,2026-05-25T19:18:32.479139,IDLE,57.6,56.8,0.0,0.0000,0.0000
1220.15,2026-05-25T19:18:32.980246,IDLE,54.2,56.8,0.0,0.0000,0.0000
1220.65,2026-05-25T19:18:33.485430,IDLE,57.7,56.8,0.0,0.0000,0.0000
1221.15,2026-05-25T19:18:33.986161,IDLE,56.8,56.8,0.0,0.0000,0.0000
1221.65,2026-05-25T19:18:34.480042,IDLE,57.7,56.8,0.0,0.0000,0.0000
1222.14,2026-05-25T19:18:34.977722,IDLE,55.1,56.7,0.0,0.0000,0.0000
1222.65,2026-05-25T19:18:35.485693,IDLE,55.0,56.6,0.0,0.0000,0.0000
1223.14,2026-05-25T19:18:35.978810,IDLE,54.9,56.6,0.0,0.0000,0.0000
1223.64,2026-05-25T19:18:36.477760,IDLE,57.5,56.7,0.0,0.0000,0.0000
1224.14,2026-05-25T19:18:36.977838,IDLE,59.3,56.7,0.0,0.0000,0.0000
1224.64,2026-05-25T19:18:37.477238,IDLE,57.4,56.7,0.0,0.0000,0.0000
1225.15,2026-05-25T19:18:37.980612,IDLE,57.2,56.7,0.0,0.0000,0.0000
1225.65,2026-05-25T19:18:38.479615,IDLE,57.0,56.6,0.0,0.0000,0.0000
1226.15,2026-05-25T19:18:38.979828,IDLE,56.0,56.8,0.0,0.0000,0.0000
1226.65,2026-05-25T19:18:39.480872,IDLE,65.0,56.7,0.0,0.0000,0.0000
1227.14,2026-05-25T19:18:39.978286,IDLE,56.1,56.7,0.0,0.0000,0.0000
1227.65,2026-05-25T19:18:40.479181,IDLE,60.1,56.8,0.0,0.0000,0.0000
1228.14,2026-05-25T19:18:40.978171,IDLE,57.7,56.7,0.0,0.0000,0.0000
1228.64,2026-05-25T19:18:41.478345,IDLE,55.3,56.7,0.0,0.0000,0.0000
1229.14,2026-05-25T19:18:41.978575,IDLE,57.1,56.7,0.0,0.0000,0.0000
1229.65,2026-05-25T19:18:42.486568,IDLE,57.9,56.7,0.0,0.0000,0.0000
1230.15,2026-05-25T19:18:42.978900,IDLE,56.7,56.7,0.0,0.0000,0.0000
1230.64,2026-05-25T19:18:43.477740,IDLE,58.3,56.6,0.0,0.0000,0.0000
1231.15,2026-05-25T19:18:43.979588,IDLE,55.7,56.7,0.0,0.0000,0.0000
1231.65,2026-05-25T19:18:44.482624,IDLE,57.7,56.7,0.0,0.0000,0.0000
1232.14,2026-05-25T19:18:44.978820,IDLE,58.0,56.7,0.0,0.0000,0.0000
1232.64,2026-05-25T19:18:45.477172,IDLE,57.4,56.7,0.0,0.0000,0.0000
1233.15,2026-05-25T19:18:45.982060,IDLE,59.0,56.7,0.0,0.0000,0.0000
1233.64,2026-05-25T19:18:46.478668,IDLE,56.9,56.7,0.0,0.0000,0.0000
1234.15,2026-05-25T19:18:46.979646,IDLE,55.7,56.7,0.0,0.0000,0.0000
1234.64,2026-05-25T19:18:47.477842,IDLE,59.5,56.7,0.0,0.0000,0.0000
1235.15,2026-05-25T19:18:47.979004,IDLE,56.8,56.7,0.0,0.0000,0.0000
1235.64,2026-05-25T19:18:48.478431,IDLE,55.9,56.7,0.0,0.0000,0.0000
1236.15,2026-05-25T19:18:48.980663,IDLE,58.3,56.7,0.0,0.0000,0.0000
1236.64,2026-05-25T19:18:49.477755,IDLE,58.5,56.8,0.0,0.0000,0.0000
1237.15,2026-05-25T19:18:49.979750,IDLE,56.2,56.7,0.0,0.0000,0.0000
1237.64,2026-05-25T19:18:50.477730,IDLE,58.1,56.7,0.0,0.0000,0.0000
1238.15,2026-05-25T19:18:50.980250,IDLE,59.2,56.7,0.0,0.0000,0.0000
1238.64,2026-05-25T19:18:51.478653,IDLE,59.7,56.7,0.0,0.0000,0.0000
1239.15,2026-05-25T19:18:51.980639,IDLE,57.4,56.8,0.0,0.0000,0.0000
1239.65,2026-05-25T19:18:52.480485,IDLE,54.6,56.8,0.0,0.0000,0.0000
1240.15,2026-05-25T19:18:52.979117,IDLE,60.9,56.8,0.0,0.0000,0.0000
1240.65,2026-05-25T19:18:53.480697,IDLE,60.4,56.7,0.0,0.0000,0.0000
1241.15,2026-05-25T19:18:53.979976,IDLE,59.2,56.8,0.0,0.0000,0.0000
1241.65,2026-05-25T19:18:54.483731,IDLE,56.2,56.8,0.0,0.0000,0.0000
1242.15,2026-05-25T19:18:54.982142,IDLE,59.9,56.8,0.0,0.0000,0.0000
1242.64,2026-05-25T19:18:55.477625,IDLE,63.0,56.8,0.0,0.0000,0.0000
1243.15,2026-05-25T19:18:55.979810,IDLE,53.1,56.9,0.0,0.0000,0.0000
1243.65,2026-05-25T19:18:56.480090,IDLE,58.0,56.8,0.0,0.0000,0.0000
1244.15,2026-05-25T19:18:56.980859,IDLE,56.5,56.8,0.0,0.0000,0.0000
1244.65,2026-05-25T19:18:57.481467,IDLE,58.7,56.7,0.0,0.0000,0.0000
1245.15,2026-05-25T19:18:57.979643,IDLE,56.4,56.8,0.0,0.0000,0.0000
1245.64,2026-05-25T19:18:58.478811,IDLE,55.6,56.7,0.0,0.0000,0.0000
1246.15,2026-05-25T19:18:58.979983,IDLE,56.0,56.8,0.0,0.0000,0.0000
1246.64,2026-05-25T19:18:59.478024,IDLE,55.8,56.8,0.0,0.0000,0.0000
1247.15,2026-05-25T19:18:59.985702,IDLE,57.8,56.8,0.0,0.0000,0.0000
1247.65,2026-05-25T19:19:00.479019,IDLE,57.1,56.8,0.0,0.0000,0.0000
1248.14,2026-05-25T19:19:00.978837,IDLE,56.6,56.8,0.0,0.0000,0.0000
1248.64,2026-05-25T19:19:01.478361,IDLE,59.7,56.8,0.0,0.0000,0.0000
1249.15,2026-05-25T19:19:01.980280,IDLE,56.1,56.8,0.0,0.0000,0.0000
1249.64,2026-05-25T19:19:02.478225,IDLE,58.2,56.8,0.0,0.0000,0.0000
1250.14,2026-05-25T19:19:02.977326,IDLE,58.1,56.8,0.0,0.0000,0.0000
1250.65,2026-05-25T19:19:03.482678,IDLE,61.3,56.8,0.0,0.0000,0.0000
1251.15,2026-05-25T19:19:03.979237,IDLE,57.3,56.8,0.0,0.0000,0.0000
1251.64,2026-05-25T19:19:04.477028,IDLE,57.3,56.8,0.0,0.0000,0.0000
1252.15,2026-05-25T19:19:04.981747,IDLE,56.0,56.8,0.0,0.0000,0.0000
1252.64,2026-05-25T19:19:05.477335,IDLE,56.9,56.8,0.0,0.0000,0.0000
1253.14,2026-05-25T19:19:05.977899,IDLE,59.7,56.8,0.0,0.0000,0.0000
1253.65,2026-05-25T19:19:06.479122,IDLE,55.8,56.8,0.0,0.0000,0.0000
1254.15,2026-05-25T19:19:06.979611,IDLE,58.8,56.8,0.0,0.0000,0.0000
1254.65,2026-05-25T19:19:07.484047,IDLE,58.1,56.8,0.0,0.0000,0.0000
1255.14,2026-05-25T19:19:07.977431,IDLE,55.1,56.7,0.0,0.0000,0.0000
1255.65,2026-05-25T19:19:08.479141,IDLE,56.1,56.8,0.0,0.0000,0.0000
1256.15,2026-05-25T19:19:08.981875,IDLE,59.7,56.8,0.0,0.0000,0.0000
1256.65,2026-05-25T19:19:09.481760,IDLE,57.0,56.7,0.0,0.0000,0.0000
1257.15,2026-05-25T19:19:09.984473,IDLE,55.5,56.7,0.0,0.0000,0.0000
1257.64,2026-05-25T19:19:10.477997,IDLE,56.7,56.7,0.0,0.0000,0.0000
1258.15,2026-05-25T19:19:10.980962,IDLE,59.1,56.7,0.0,0.0000,0.0000
1258.64,2026-05-25T19:19:11.478648,IDLE,62.9,56.6,0.0,0.0000,0.0000
1259.15,2026-05-25T19:19:11.980053,IDLE,55.4,56.8,0.0,0.0000,0.0000
1259.65,2026-05-25T19:19:12.485480,IDLE,60.5,56.8,0.0,0.0000,0.0000
1260.14,2026-05-25T19:19:12.978739,IDLE,59.0,56.9,0.0,0.0000,0.0000
1260.64,2026-05-25T19:19:13.478656,IDLE,64.0,56.9,0.0,0.0000,0.0000
1261.14,2026-05-25T19:19:13.978646,IDLE,68.3,57.9,0.0,0.0000,0.0000
1261.64,2026-05-25T19:19:14.477043,IDLE,66.0,58.4,0.0,0.0000,0.0000
1262.14,2026-05-25T19:19:14.977756,IDLE,70.3,58.2,0.0,0.0000,0.0000
1262.64,2026-05-25T19:19:15.477785,IDLE,60.8,58.2,0.0,0.0000,0.0000
1263.14,2026-05-25T19:19:15.978250,IDLE,57.7,58.2,0.0,0.0000,0.0000
1263.64,2026-05-25T19:19:16.478652,IDLE,60.4,58.3,0.0,0.0000,0.0000
1264.14,2026-05-25T19:19:16.977688,IDLE,61.1,58.3,0.0,0.0000,0.0000
1264.64,2026-05-25T19:19:17.478087,IDLE,62.6,58.2,0.0,0.0000,0.0000
1265.14,2026-05-25T19:19:17.977996,IDLE,59.5,58.6,0.0,0.0000,0.0000
1265.65,2026-05-25T19:19:18.482166,IDLE,62.4,59.3,0.0,0.0000,0.0000
1266.15,2026-05-25T19:19:18.981279,IDLE,57.8,59.3,0.0,0.0000,0.0000
1266.65,2026-05-25T19:19:19.480752,IDLE,60.8,59.2,0.0,0.0000,0.0000
1267.15,2026-05-25T19:19:19.982047,IDLE,53.6,59.2,0.0,0.0000,0.0000
1267.64,2026-05-25T19:19:20.478841,IDLE,56.0,59.2,0.0,0.0000,0.0000
1268.15,2026-05-25T19:19:20.982204,IDLE,60.7,59.2,0.0,0.0000,0.0000
1268.65,2026-05-25T19:19:21.484836,IDLE,60.3,59.2,0.0,0.0000,0.0000
1269.15,2026-05-25T19:19:21.985063,IDLE,60.4,59.2,0.0,0.0000,0.0000
1269.64,2026-05-25T19:19:22.477140,IDLE,59.1,59.2,0.0,0.0000,0.0000
1270.14,2026-05-25T19:19:22.977599,IDLE,55.7,59.2,0.0,0.0000,0.0000
1270.65,2026-05-25T19:19:23.487581,IDLE,61.5,59.2,0.0,0.0000,0.0000
1271.15,2026-05-25T19:19:23.979060,IDLE,57.9,59.2,0.0,0.0000,0.0000
1271.64,2026-05-25T19:19:24.478058,IDLE,59.7,59.2,0.0,0.0000,0.0000
1272.14,2026-05-25T19:19:24.978878,IDLE,58.2,59.2,0.0,0.0000,0.0000
1272.64,2026-05-25T19:19:25.478167,IDLE,59.8,59.2,0.0,0.0000,0.0000
1273.15,2026-05-25T19:19:25.980014,IDLE,59.3,59.2,0.0,0.0000,0.0000
1273.64,2026-05-25T19:19:26.478415,IDLE,56.6,59.2,0.0,0.0000,0.0000
1274.15,2026-05-25T19:19:26.979736,IDLE,54.7,59.2,0.0,0.0000,0.0000
1274.64,2026-05-25T19:19:27.477147,IDLE,61.2,59.2,0.0,0.0000,0.0000
1275.14,2026-05-25T19:19:27.977765,IDLE,56.5,59.2,0.0,0.0000,0.0000
1275.64,2026-05-25T19:19:28.478536,IDLE,58.3,59.2,0.0,0.0000,0.0000
1276.14,2026-05-25T19:19:28.977917,IDLE,57.6,59.2,0.0,0.0000,0.0000
1276.64,2026-05-25T19:19:29.477367,IDLE,56.6,59.3,0.0,0.0000,0.0000
1277.15,2026-05-25T19:19:29.979971,IDLE,55.5,59.2,0.0,0.0000,0.0000
1277.64,2026-05-25T19:19:30.478525,IDLE,55.9,59.2,0.0,0.0000,0.0000
1278.15,2026-05-25T19:19:30.981530,IDLE,57.8,59.3,0.0,0.0000,0.0000
1278.64,2026-05-25T19:19:31.478050,IDLE,57.8,59.3,0.0,0.0000,0.0000
1279.15,2026-05-25T19:19:31.980172,IDLE,57.0,59.3,0.0,0.0000,0.0000
1279.64,2026-05-25T19:19:32.478827,IDLE,56.4,59.3,0.0,0.0000,0.0000
1280.15,2026-05-25T19:19:32.982230,IDLE,57.7,59.3,0.0,0.0000,0.0000
1280.65,2026-05-25T19:19:33.483084,IDLE,60.8,58.2,0.0,0.0000,0.0000
1281.14,2026-05-25T19:19:33.978476,IDLE,57.9,56.7,0.0,0.0000,0.0000
1281.65,2026-05-25T19:19:34.479444,IDLE,57.7,56.6,0.0,0.0000,0.0000
1282.15,2026-05-25T19:19:34.980125,IDLE,55.0,56.7,0.0,0.0000,0.0000
1282.65,2026-05-25T19:19:35.479459,IDLE,62.0,56.7,0.0,0.0000,0.0000
1283.15,2026-05-25T19:19:35.982628,IDLE,53.7,56.7,0.0,0.0000,0.0000
1283.65,2026-05-25T19:19:36.479253,IDLE,57.6,56.7,0.0,0.0000,0.0000
1284.14,2026-05-25T19:19:36.977542,IDLE,57.8,56.7,0.0,0.0000,0.0000
1284.65,2026-05-25T19:19:37.481647,IDLE,59.9,56.7,0.0,0.0000,0.0000
1285.15,2026-05-25T19:19:37.980077,IDLE,57.4,56.7,0.0,0.0000,0.0000
1285.64,2026-05-25T19:19:38.478127,IDLE,59.9,56.7,0.0,0.0000,0.0000
1286.14,2026-05-25T19:19:38.978616,IDLE,57.0,56.7,0.0,0.0000,0.0000
1286.65,2026-05-25T19:19:39.483247,IDLE,60.2,56.8,0.0,0.0000,0.0000
1287.14,2026-05-25T19:19:39.977767,IDLE,58.9,56.7,0.0,0.0000,0.0000
1287.65,2026-05-25T19:19:40.482202,IDLE,58.3,56.7,0.0,0.0000,0.0000
1288.15,2026-05-25T19:19:40.982265,IDLE,56.6,56.7,0.0,0.0000,0.0000
1288.64,2026-05-25T19:19:41.477302,IDLE,60.8,56.7,0.0,0.0000,0.0000
1289.15,2026-05-25T19:19:41.981087,IDLE,57.2,56.7,0.0,0.0000,0.0000
1289.65,2026-05-25T19:19:42.481342,IDLE,57.2,56.8,0.0,0.0000,0.0000
1290.15,2026-05-25T19:19:42.980046,IDLE,55.2,56.7,0.0,0.0000,0.0000
1290.65,2026-05-25T19:19:43.479847,IDLE,58.4,56.7,0.0,0.0000,0.0000
1291.15,2026-05-25T19:19:43.980580,IDLE,55.4,56.8,0.0,0.0000,0.0000
1291.65,2026-05-25T19:19:44.482786,IDLE,55.1,56.7,0.0,0.0000,0.0000
1292.15,2026-05-25T19:19:44.981337,IDLE,58.1,56.7,0.0,0.0000,0.0000
1292.65,2026-05-25T19:19:45.483490,IDLE,56.6,56.7,0.0,0.0000,0.0000
1293.15,2026-05-25T19:19:45.980794,IDLE,57.0,56.7,0.0,0.0000,0.0000
1293.65,2026-05-25T19:19:46.480447,IDLE,55.8,56.7,0.0,0.0000,0.0000
1294.14,2026-05-25T19:19:46.977827,IDLE,54.8,56.7,0.0,0.0000,0.0000
1294.64,2026-05-25T19:19:47.477277,IDLE,59.5,56.7,0.0,0.0000,0.0000
1295.14,2026-05-25T19:19:47.977820,IDLE,54.7,56.8,0.0,0.0000,0.0000
1295.64,2026-05-25T19:19:48.478484,IDLE,56.3,56.7,0.0,0.0000,0.0000
1296.14,2026-05-25T19:19:48.977433,IDLE,54.6,56.7,0.0,0.0000,0.0000
1296.64,2026-05-25T19:19:49.477328,IDLE,59.2,56.7,0.0,0.0000,0.0000
1297.15,2026-05-25T19:19:49.979045,IDLE,58.2,56.8,0.0,0.0000,0.0000
1297.64,2026-05-25T19:19:50.478627,IDLE,55.0,56.7,0.0,0.0000,0.0000
1298.14,2026-05-25T19:19:50.977664,IDLE,55.7,56.7,0.0,0.0000,0.0000
1298.65,2026-05-25T19:19:51.482291,IDLE,61.4,56.6,0.0,0.0000,0.0000
1299.15,2026-05-25T19:19:51.979112,IDLE,55.3,56.7,0.0,0.0000,0.0000
1299.64,2026-05-25T19:19:52.478049,IDLE,54.9,56.7,0.0,0.0000,0.0000
1300.14,2026-05-25T19:19:52.978786,IDLE,54.9,56.8,0.0,0.0000,0.0000
1300.65,2026-05-25T19:19:53.486085,IDLE,55.4,56.8,0.0,0.0000,0.0000
1301.14,2026-05-25T19:19:53.977472,IDLE,58.3,56.8,0.0,0.0000,0.0000
1301.65,2026-05-25T19:19:54.487145,IDLE,59.1,56.8,0.0,0.0000,0.0000
1302.15,2026-05-25T19:19:54.978995,IDLE,56.3,56.7,0.0,0.0000,0.0000
1302.64,2026-05-25T19:19:55.478318,IDLE,57.1,56.6,0.0,0.0000,0.0000
1303.15,2026-05-25T19:19:55.980323,IDLE,58.3,56.7,0.0,0.0000,0.0000
1303.64,2026-05-25T19:19:56.477540,IDLE,54.1,56.8,0.0,0.0000,0.0000
1304.15,2026-05-25T19:19:56.980425,IDLE,60.2,56.7,0.0,0.0000,0.0000
1304.64,2026-05-25T19:19:57.478358,IDLE,57.1,56.7,0.0,0.0000,0.0000
1305.15,2026-05-25T19:19:57.979636,IDLE,54.0,56.8,0.0,0.0000,0.0000
1305.64,2026-05-25T19:19:58.477616,IDLE,53.4,56.7,0.0,0.0000,0.0000
1306.14,2026-05-25T19:19:58.977161,IDLE,54.7,56.7,0.0,0.0000,0.0000
1306.65,2026-05-25T19:19:59.480328,IDLE,59.7,56.7,0.0,0.0000,0.0000
1307.14,2026-05-25T19:19:59.977527,IDLE,56.6,56.7,0.0,0.0000,0.0000
1307.64,2026-05-25T19:20:00.477730,IDLE,57.9,56.7,0.0,0.0000,0.0000
1308.15,2026-05-25T19:20:00.979919,IDLE,56.7,56.7,0.0,0.0000,0.0000
1308.65,2026-05-25T19:20:01.481543,IDLE,58.9,56.7,0.0,0.0000,0.0000
1309.14,2026-05-25T19:20:01.978572,IDLE,56.7,56.7,0.0,0.0000,0.0000
1309.65,2026-05-25T19:20:02.482362,IDLE,56.7,56.7,0.0,0.0000,0.0000
1310.15,2026-05-25T19:20:02.979523,IDLE,59.5,56.8,0.0,0.0000,0.0000
1310.65,2026-05-25T19:20:03.480164,IDLE,57.9,56.7,0.0,0.0000,0.0000
1311.14,2026-05-25T19:20:03.977601,IDLE,60.0,56.7,0.0,0.0000,0.0000
1311.65,2026-05-25T19:20:04.483290,IDLE,55.6,56.7,0.0,0.0000,0.0000
1312.15,2026-05-25T19:20:04.979606,IDLE,59.9,56.7,0.0,0.0000,0.0000
1312.65,2026-05-25T19:20:05.481276,IDLE,59.8,56.6,0.0,0.0000,0.0000
1313.15,2026-05-25T19:20:05.982272,IDLE,56.9,56.7,0.0,0.0000,0.0000
1313.65,2026-05-25T19:20:06.481135,IDLE,53.7,56.7,0.0,0.0000,0.0000
1314.15,2026-05-25T19:20:06.986821,IDLE,56.5,56.7,0.0,0.0000,0.0000
1314.66,2026-05-25T19:20:07.490258,IDLE,63.2,56.7,0.0,0.0000,0.0000
1315.14,2026-05-25T19:20:07.977650,IDLE,54.2,56.6,0.0,0.0000,0.0000
1315.64,2026-05-25T19:20:08.477622,IDLE,55.7,56.7,0.0,0.0000,0.0000
1316.15,2026-05-25T19:20:08.979681,IDLE,58.8,56.7,0.0,0.0000,0.0000
1316.64,2026-05-25T19:20:09.477306,IDLE,59.1,56.7,0.0,0.0000,0.0000
1317.14,2026-05-25T19:20:09.977940,IDLE,58.6,56.7,0.0,0.0000,0.0000
1317.65,2026-05-25T19:20:10.479602,IDLE,59.4,56.6,0.0,0.0000,0.0000
1318.14,2026-05-25T19:20:10.978139,IDLE,57.0,56.6,0.0,0.0000,0.0000
1318.65,2026-05-25T19:20:11.484228,IDLE,62.1,56.7,0.0,0.0000,0.0000
1319.15,2026-05-25T19:20:11.979600,IDLE,56.1,56.7,0.0,0.0000,0.0000
1319.64,2026-05-25T19:20:12.477733,IDLE,58.6,56.7,0.0,0.0000,0.0000
1320.15,2026-05-25T19:20:12.983346,IDLE,57.9,56.7,0.0,0.0000,0.0000
1320.64,2026-05-25T19:20:13.477091,IDLE,61.9,56.7,0.0,0.0000,0.0000
1321.14,2026-05-25T19:20:13.977929,IDLE,55.9,56.7,0.0,0.0000,0.0000
1321.64,2026-05-25T19:20:14.477794,IDLE,58.0,56.7,0.0,0.0000,0.0000
1322.14,2026-05-25T19:20:14.978414,IDLE,56.1,56.6,0.0,0.0000,0.0000
1322.65,2026-05-25T19:20:15.483380,IDLE,63.6,56.6,0.0,0.0000,0.0000
1323.14,2026-05-25T19:20:15.978666,IDLE,55.0,56.6,0.0,0.0000,0.0000
1323.64,2026-05-25T19:20:16.478866,IDLE,58.9,56.6,0.0,0.0000,0.0000
1324.14,2026-05-25T19:20:16.977876,IDLE,58.6,56.6,0.0,0.0000,0.0000
1324.64,2026-05-25T19:20:17.477858,IDLE,53.4,56.7,0.0,0.0000,0.0000
1325.14,2026-05-25T19:20:17.978117,IDLE,57.7,56.6,0.0,0.0000,0.0000
1325.65,2026-05-25T19:20:18.479651,IDLE,53.3,56.7,0.0,0.0000,0.0000
1326.15,2026-05-25T19:20:18.981409,IDLE,59.2,56.6,0.0,0.0000,0.0000
1326.65,2026-05-25T19:20:19.484587,IDLE,58.2,56.7,0.0,0.0000,0.0000
1327.14,2026-05-25T19:20:19.978422,IDLE,58.2,56.6,0.0,0.0000,0.0000
1327.64,2026-05-25T19:20:20.477972,IDLE,54.8,56.6,0.0,0.0000,0.0000
1328.15,2026-05-25T19:20:20.979744,IDLE,56.6,56.7,0.0,0.0000,0.0000
1328.65,2026-05-25T19:20:21.484183,IDLE,62.6,56.6,0.0,0.0000,0.0000
1329.14,2026-05-25T19:20:21.978102,IDLE,60.1,56.7,0.0,0.0000,0.0000
1329.64,2026-05-25T19:20:22.478695,IDLE,57.1,56.7,0.0,0.0000,0.0000
1330.15,2026-05-25T19:20:22.981264,IDLE,55.2,56.8,0.0,0.0000,0.0000
1330.64,2026-05-25T19:20:23.479111,IDLE,60.3,56.7,0.0,0.0000,0.0000
1331.14,2026-05-25T19:20:23.978572,IDLE,58.5,56.6,0.0,0.0000,0.0000
1331.64,2026-05-25T19:20:24.477572,IDLE,58.4,56.7,0.0,0.0000,0.0000
1332.15,2026-05-25T19:20:24.980934,IDLE,60.7,56.6,0.0,0.0000,0.0000
1332.64,2026-05-25T19:20:25.477441,IDLE,60.6,56.7,0.0,0.0000,0.0000
1333.15,2026-05-25T19:20:25.979059,IDLE,56.6,56.7,0.0,0.0000,0.0000
1333.64,2026-05-25T19:20:26.477607,IDLE,56.7,56.8,0.0,0.0000,0.0000
1334.14,2026-05-25T19:20:26.977066,IDLE,61.7,56.7,0.0,0.0000,0.0000
1334.65,2026-05-25T19:20:27.482934,IDLE,56.7,56.7,0.0,0.0000,0.0000
1335.15,2026-05-25T19:20:27.982283,IDLE,59.7,56.7,0.0,0.0000,0.0000
1335.64,2026-05-25T19:20:28.477946,IDLE,55.4,56.7,0.0,0.0000,0.0000
1336.15,2026-05-25T19:20:28.982904,IDLE,59.1,56.7,0.0,0.0000,0.0000
1336.64,2026-05-25T19:20:29.479983,IDLE,65.9,57.7,0.0,0.0000,0.0000
1337.14,2026-05-25T19:20:29.977334,IDLE,62.4,58.2,0.0,0.0000,0.0000
1337.65,2026-05-25T19:20:30.483656,IDLE,63.2,59.2,0.0,0.0000,0.0000
1338.14,2026-05-25T19:20:30.977916,IDLE,56.9,59.2,0.0,0.0000,0.0000
1338.65,2026-05-25T19:20:31.481021,IDLE,61.5,59.3,0.0,0.0000,0.0000
1339.15,2026-05-25T19:20:31.979290,IDLE,56.2,59.3,0.0,0.0000,0.0000
1339.64,2026-05-25T19:20:32.477599,IDLE,57.4,59.3,0.0,0.0000,0.0000
1340.14,2026-05-25T19:20:32.977353,IDLE,57.9,59.3,0.0,0.0000,0.0000
1340.64,2026-05-25T19:20:33.477522,IDLE,59.2,59.2,0.0,0.0000,0.0000
1341.15,2026-05-25T19:20:33.978905,IDLE,57.0,59.3,0.0,0.0000,0.0000
1341.64,2026-05-25T19:20:34.477532,IDLE,54.9,59.4,0.0,0.0000,0.0000
1342.15,2026-05-25T19:20:34.984172,IDLE,57.9,59.4,0.0,0.0000,0.0000
1342.64,2026-05-25T19:20:35.477304,IDLE,57.9,59.4,0.0,0.0000,0.0000
1343.15,2026-05-25T19:20:35.980118,IDLE,58.0,59.4,0.0,0.0000,0.0000
1343.64,2026-05-25T19:20:36.477448,IDLE,55.7,59.4,0.0,0.0000,0.0000
1344.14,2026-05-25T19:20:36.977389,IDLE,54.6,59.3,0.0,0.0000,0.0000
1344.64,2026-05-25T19:20:37.477394,IDLE,59.0,59.4,0.0,0.0000,0.0000
1345.15,2026-05-25T19:20:37.982854,IDLE,60.1,59.3,0.0,0.0000,0.0000
1345.65,2026-05-25T19:20:38.479553,IDLE,58.1,59.4,0.0,0.0000,0.0000
1346.14,2026-05-25T19:20:38.977736,IDLE,57.4,59.4,0.0,0.0000,0.0000
1346.64,2026-05-25T19:20:39.477766,IDLE,61.0,59.4,0.0,0.0000,0.0000
1347.15,2026-05-25T19:20:39.979970,IDLE,58.8,59.4,0.0,0.0000,0.0000
1347.64,2026-05-25T19:20:40.477446,IDLE,55.7,59.4,0.0,0.0000,0.0000
1348.14,2026-05-25T19:20:40.978824,IDLE,57.8,59.4,0.0,0.0000,0.0000
1348.64,2026-05-25T19:20:41.477746,IDLE,59.9,59.4,0.0,0.0000,0.0000
1349.14,2026-05-25T19:20:41.978319,IDLE,55.0,59.4,0.0,0.0000,0.0000
1349.64,2026-05-25T19:20:42.477819,IDLE,62.1,59.4,0.0,0.0000,0.0000
1350.14,2026-05-25T19:20:42.978611,IDLE,59.7,59.4,0.0,0.0000,0.0000
1350.65,2026-05-25T19:20:43.478917,IDLE,58.6,59.4,0.0,0.0000,0.0000
1351.14,2026-05-25T19:20:43.977805,IDLE,57.0,59.5,0.0,0.0000,0.0000
1351.64,2026-05-25T19:20:44.477654,IDLE,58.6,59.4,0.0,0.0000,0.0000
1352.15,2026-05-25T19:20:44.981811,IDLE,55.3,59.4,0.0,0.0000,0.0000
1352.64,2026-05-25T19:20:45.477257,IDLE,61.3,59.4,0.0,0.0000,0.0000
1353.14,2026-05-25T19:20:45.977626,IDLE,58.4,56.9,0.0,0.0000,0.0000
1353.64,2026-05-25T19:20:46.477813,IDLE,56.9,56.9,0.0,0.0000,0.0000
1354.14,2026-05-25T19:20:46.977985,IDLE,57.5,56.9,0.0,0.0000,0.0000
1354.65,2026-05-25T19:20:47.486762,IDLE,62.6,56.9,0.0,0.0000,0.0000
1355.14,2026-05-25T19:20:47.977974,IDLE,55.6,56.7,0.0,0.0000,0.0000
1355.65,2026-05-25T19:20:48.485166,IDLE,58.9,56.7,0.0,0.0000,0.0000
1356.15,2026-05-25T19:20:48.978957,IDLE,58.5,56.7,0.0,0.0000,0.0000
1356.64,2026-05-25T19:20:49.477783,IDLE,58.6,56.7,0.0,0.0000,0.0000
1357.14,2026-05-25T19:20:49.977899,IDLE,56.5,56.7,0.0,0.0000,0.0000
1357.65,2026-05-25T19:20:50.484328,IDLE,56.6,56.6,0.0,0.0000,0.0000
1358.14,2026-05-25T19:20:50.978366,IDLE,58.7,56.7,0.0,0.0000,0.0000
1358.65,2026-05-25T19:20:51.482217,IDLE,61.3,56.7,0.0,0.0000,0.0000
1359.15,2026-05-25T19:20:51.983849,IDLE,55.7,56.6,0.0,0.0000,0.0000
1359.64,2026-05-25T19:20:52.477835,IDLE,57.9,56.6,0.0,0.0000,0.0000
1360.14,2026-05-25T19:20:52.978136,IDLE,56.8,56.7,0.0,0.0000,0.0000
1360.65,2026-05-25T19:20:53.479262,IDLE,61.5,56.7,0.0,0.0000,0.0000
1361.14,2026-05-25T19:20:53.978641,IDLE,59.7,56.7,0.0,0.0000,0.0000
1361.64,2026-05-25T19:20:54.477560,IDLE,58.3,56.6,0.0,0.0000,0.0000
1362.15,2026-05-25T19:20:54.981980,IDLE,58.1,56.6,0.0,0.0000,0.0000
1362.65,2026-05-25T19:20:55.481822,IDLE,61.9,56.7,0.0,0.0000,0.0000
1363.14,2026-05-25T19:20:55.978375,IDLE,61.3,56.6,0.0,0.0000,0.0000
1363.64,2026-05-25T19:20:56.477538,IDLE,58.9,56.6,0.0,0.0000,0.0000
1364.14,2026-05-25T19:20:56.978660,IDLE,60.1,56.7,0.0,0.0000,0.0000
1364.64,2026-05-25T19:20:57.477472,IDLE,60.6,56.7,0.0,0.0000,0.0000
1365.14,2026-05-25T19:20:57.978359,IDLE,58.2,56.7,0.0,0.0000,0.0000
1365.65,2026-05-25T19:20:58.480845,IDLE,58.4,56.7,0.0,0.0000,0.0000
1366.14,2026-05-25T19:20:58.977725,IDLE,62.9,56.7,0.0,0.0000,0.0000
1366.65,2026-05-25T19:20:59.482284,IDLE,61.8,56.8,0.0,0.0000,0.0000
1367.14,2026-05-25T19:20:59.977925,IDLE,58.7,56.6,0.0,0.0000,0.0000
1367.65,2026-05-25T19:21:00.483609,IDLE,57.6,56.7,0.0,0.0000,0.0000
1368.14,2026-05-25T19:21:00.978575,IDLE,57.3,56.7,0.0,0.0000,0.0000
1368.64,2026-05-25T19:21:01.477295,IDLE,62.9,56.7,0.0,0.0000,0.0000
1369.15,2026-05-25T19:21:01.979460,IDLE,56.6,56.7,0.0,0.0000,0.0000
1369.65,2026-05-25T19:21:02.479460,IDLE,58.8,56.7,0.0,0.0000,0.0000
1370.14,2026-05-25T19:21:02.977637,IDLE,56.9,56.7,0.0,0.0000,0.0000
1370.66,2026-05-25T19:21:03.489848,IDLE,62.5,56.7,0.0,0.0000,0.0000
1371.15,2026-05-25T19:21:03.983695,IDLE,56.6,56.7,0.0,0.0000,0.0000
1371.65,2026-05-25T19:21:04.480727,IDLE,56.3,56.7,0.0,0.0000,0.0000
1372.14,2026-05-25T19:21:04.977920,IDLE,57.3,56.7,0.0,0.0000,0.0000
1372.64,2026-05-25T19:21:05.477157,IDLE,60.6,56.7,0.0,0.0000,0.0000
1373.15,2026-05-25T19:21:05.979604,IDLE,55.4,56.6,0.0,0.0000,0.0000
1373.65,2026-05-25T19:21:06.484192,IDLE,55.9,56.6,0.0,0.0000,0.0000
1374.14,2026-05-25T19:21:06.978529,IDLE,57.9,56.7,0.0,0.0000,0.0000
1374.65,2026-05-25T19:21:07.483488,IDLE,60.8,56.7,0.0,0.0000,0.0000
1375.14,2026-05-25T19:21:07.978396,IDLE,56.7,56.7,0.0,0.0000,0.0000
1375.65,2026-05-25T19:21:08.485889,IDLE,56.6,56.7,0.0,0.0000,0.0000
1376.15,2026-05-25T19:21:08.979098,IDLE,58.8,56.7,0.0,0.0000,0.0000
1376.64,2026-05-25T19:21:09.478333,IDLE,61.2,56.7,0.0,0.0000,0.0000
1377.14,2026-05-25T19:21:09.977783,IDLE,58.0,56.7,0.0,0.0000,0.0000
1377.64,2026-05-25T19:21:10.477941,IDLE,60.2,56.6,0.0,0.0000,0.0000
1378.14,2026-05-25T19:21:10.978218,IDLE,56.6,56.7,0.0,0.0000,0.0000
1378.64,2026-05-25T19:21:11.478097,IDLE,65.8,56.8,0.0,0.0000,0.0000
1379.15,2026-05-25T19:21:11.978963,IDLE,59.4,56.8,0.0,0.0000,0.0000
1379.64,2026-05-25T19:21:12.477888,IDLE,56.8,56.7,0.0,0.0000,0.0000
1380.14,2026-05-25T19:21:12.977556,IDLE,57.8,56.7,0.0,0.0000,0.0000
1380.64,2026-05-25T19:21:13.478639,IDLE,57.2,56.7,0.0,0.0000,0.0000
1381.15,2026-05-25T19:21:13.979092,IDLE,55.7,56.8,0.0,0.0000,0.0000
1381.65,2026-05-25T19:21:14.484269,IDLE,54.8,56.7,0.0,0.0000,0.0000
1382.14,2026-05-25T19:21:14.977104,IDLE,59.1,56.8,0.0,0.0000,0.0000
1382.65,2026-05-25T19:21:15.485802,IDLE,56.6,56.8,0.0,0.0000,0.0000
1383.15,2026-05-25T19:21:15.982796,IDLE,57.4,56.7,0.0,0.0000,0.0000
1383.65,2026-05-25T19:21:16.483913,IDLE,57.1,56.7,0.0,0.0000,0.0000
1384.14,2026-05-25T19:21:16.978545,IDLE,59.4,56.6,0.0,0.0000,0.0000
1384.65,2026-05-25T19:21:17.482279,IDLE,59.0,56.7,0.0,0.0000,0.0000
1385.15,2026-05-25T19:21:17.978980,IDLE,57.5,56.8,0.0,0.0000,0.0000
1385.65,2026-05-25T19:21:18.479023,IDLE,57.7,56.7,0.0,0.0000,0.0000
1386.15,2026-05-25T19:21:18.983986,IDLE,55.6,56.7,0.0,0.0000,0.0000
1386.65,2026-05-25T19:21:19.482424,IDLE,59.9,56.7,0.0,0.0000,0.0000
1387.15,2026-05-25T19:21:19.982390,IDLE,57.4,56.7,0.0,0.0000,0.0000
1387.65,2026-05-25T19:21:20.482127,IDLE,58.5,56.6,0.0,0.0000,0.0000
1388.15,2026-05-25T19:21:20.979164,IDLE,56.2,56.7,0.0,0.0000,0.0000
1388.64,2026-05-25T19:21:21.477427,IDLE,60.4,56.7,0.0,0.0000,0.0000
1389.14,2026-05-25T19:21:21.978756,IDLE,55.6,56.7,0.0,0.0000,0.0000
1389.65,2026-05-25T19:21:22.479743,IDLE,59.9,56.7,0.0,0.0000,0.0000
1390.14,2026-05-25T19:21:22.977949,IDLE,56.7,56.7,0.0,0.0000,0.0000
1390.65,2026-05-25T19:21:23.482698,IDLE,59.3,56.8,0.0,0.0000,0.0000
1391.14,2026-05-25T19:21:23.978598,IDLE,57.7,56.7,0.0,0.0000,0.0000
1391.65,2026-05-25T19:21:24.484126,IDLE,59.0,56.7,0.0,0.0000,0.0000
1392.15,2026-05-25T19:21:24.985119,IDLE,59.9,56.8,0.0,0.0000,0.0000
1392.65,2026-05-25T19:21:25.484285,IDLE,59.9,56.8,0.0,0.0000,0.0000
1393.15,2026-05-25T19:21:25.983271,IDLE,58.1,56.9,0.0,0.0000,0.0000
1393.65,2026-05-25T19:21:26.486515,IDLE,57.6,56.7,0.0,0.0000,0.0000
1394.15,2026-05-25T19:21:26.979891,IDLE,54.9,56.6,0.0,0.0000,0.0000
1394.64,2026-05-25T19:21:27.478362,IDLE,60.8,56.7,0.0,0.0000,0.0000
1395.15,2026-05-25T19:21:27.983471,IDLE,57.1,56.8,0.0,0.0000,0.0000
1395.64,2026-05-25T19:21:28.478837,IDLE,57.8,56.8,0.0,0.0000,0.0000
1396.14,2026-05-25T19:21:28.978270,IDLE,60.3,56.8,0.0,0.0000,0.0000
1396.64,2026-05-25T19:21:29.478759,IDLE,57.7,56.8,0.0,0.0000,0.0000
1397.14,2026-05-25T19:21:29.978155,IDLE,61.8,56.8,0.0,0.0000,0.0000
1397.66,2026-05-25T19:21:30.489569,IDLE,60.8,56.8,0.0,0.0000,0.0000
1398.15,2026-05-25T19:21:30.980150,IDLE,58.0,56.8,0.0,0.0000,0.0000
1398.64,2026-05-25T19:21:31.477754,IDLE,61.7,56.8,0.0,0.0000,0.0000
1399.15,2026-05-25T19:21:31.984669,IDLE,59.5,56.7,0.0,0.0000,0.0000
1399.64,2026-05-25T19:21:32.477654,IDLE,59.4,56.8,0.0,0.0000,0.0000
1400.14,2026-05-25T19:21:32.978752,IDLE,62.0,56.8,0.0,0.0000,0.0000
1400.64,2026-05-25T19:21:33.477869,IDLE,63.9,56.8,0.0,0.0000,0.0000
1401.14,2026-05-25T19:21:33.978261,IDLE,56.9,56.8,0.0,0.0000,0.0000
1401.65,2026-05-25T19:21:34.479172,IDLE,57.0,56.8,0.0,0.0000,0.0000
1402.15,2026-05-25T19:21:34.980291,IDLE,55.6,56.8,0.0,0.0000,0.0000
1402.65,2026-05-25T19:21:35.482777,IDLE,58.7,56.8,0.0,0.0000,0.0000
1403.14,2026-05-25T19:21:35.978103,IDLE,58.7,56.8,0.0,0.0000,0.0000
1403.64,2026-05-25T19:21:36.477109,IDLE,59.4,56.8,0.0,0.0000,0.0000
1404.14,2026-05-25T19:21:36.977392,IDLE,59.8,56.8,0.0,0.0000,0.0000
1404.65,2026-05-25T19:21:37.482457,IDLE,58.6,56.8,0.0,0.0000,0.0000
1405.15,2026-05-25T19:21:37.984302,IDLE,58.6,56.8,0.0,0.0000,0.0000
1405.65,2026-05-25T19:21:38.479621,IDLE,76.4,56.8,0.0,0.0000,0.0000
1406.14,2026-05-25T19:21:38.978714,IDLE,57.1,56.8,0.0,0.0000,0.0000
1406.65,2026-05-25T19:21:39.479409,IDLE,58.3,56.8,0.0,0.0000,0.0000
1407.15,2026-05-25T19:21:39.980943,IDLE,56.6,56.8,0.0,0.0000,0.0000
1407.65,2026-05-25T19:21:40.482410,IDLE,56.6,56.8,0.0,0.0000,0.0000
1408.14,2026-05-25T19:21:40.978387,IDLE,57.8,56.8,0.0,0.0000,0.0000
1408.64,2026-05-25T19:21:41.477304,IDLE,64.9,57.9,0.0,0.0000,0.0000
1409.15,2026-05-25T19:21:41.979546,IDLE,62.0,58.3,0.0,0.0000,0.0000
1409.64,2026-05-25T19:21:42.478760,IDLE,63.7,59.2,0.0,0.0000,0.0000
1410.14,2026-05-25T19:21:42.978873,IDLE,55.9,59.3,0.0,0.0000,0.0000
1410.65,2026-05-25T19:21:43.485045,IDLE,62.0,59.3,0.0,0.0000,0.0000
1411.15,2026-05-25T19:21:43.980736,IDLE,60.0,59.4,0.0,0.0000,0.0000
1411.64,2026-05-25T19:21:44.477337,IDLE,56.8,59.4,0.0,0.0000,0.0000
1412.15,2026-05-25T19:21:44.978969,IDLE,57.7,59.4,0.0,0.0000,0.0000
1412.65,2026-05-25T19:21:45.479083,IDLE,57.3,59.4,0.0,0.0000,0.0000
1413.15,2026-05-25T19:21:45.980173,IDLE,56.9,59.5,0.0,0.0000,0.0000
1413.64,2026-05-25T19:21:46.477783,IDLE,56.5,59.4,0.0,0.0000,0.0000
1414.14,2026-05-25T19:21:46.977467,IDLE,54.0,59.4,0.0,0.0000,0.0000
1414.65,2026-05-25T19:21:47.479980,IDLE,61.1,59.3,0.0,0.0000,0.0000
1415.15,2026-05-25T19:21:47.983010,IDLE,56.1,59.4,0.0,0.0000,0.0000
1415.65,2026-05-25T19:21:48.482922,IDLE,56.6,59.4,0.0,0.0000,0.0000
1416.15,2026-05-25T19:21:48.982458,IDLE,56.7,59.4,0.0,0.0000,0.0000
1416.65,2026-05-25T19:21:49.479434,IDLE,57.1,59.4,0.0,0.0000,0.0000
1417.15,2026-05-25T19:21:49.980289,IDLE,57.4,59.4,0.0,0.0000,0.0000
1417.64,2026-05-25T19:21:50.477926,IDLE,57.3,59.4,0.0,0.0000,0.0000
1418.14,2026-05-25T19:21:50.977679,IDLE,54.7,59.5,0.0,0.0000,0.0000
1418.64,2026-05-25T19:21:51.477707,IDLE,61.9,59.4,0.0,0.0000,0.0000
1419.15,2026-05-25T19:21:51.979777,IDLE,58.4,59.4,0.0,0.0000,0.0000
1419.65,2026-05-25T19:21:52.480038,IDLE,57.9,59.4,0.0,0.0000,0.0000
1420.15,2026-05-25T19:21:52.984570,IDLE,55.2,59.4,0.0,0.0000,0.0000
1420.64,2026-05-25T19:21:53.478239,IDLE,57.0,59.4,0.0,0.0000,0.0000
1421.15,2026-05-25T19:21:53.979036,IDLE,59.8,59.4,0.0,0.0000,0.0000
1421.64,2026-05-25T19:21:54.478761,IDLE,57.4,59.4,0.0,0.0000,0.0000
1422.14,2026-05-25T19:21:54.978197,IDLE,55.1,59.4,0.0,0.0000,0.0000
1422.64,2026-05-25T19:21:55.478890,IDLE,59.4,59.4,0.0,0.0000,0.0000
1423.15,2026-05-25T19:21:55.979116,IDLE,56.8,59.4,0.0,0.0000,0.0000
1423.65,2026-05-25T19:21:56.478906,IDLE,54.6,59.4,0.0,0.0000,0.0000
1424.14,2026-05-25T19:21:56.977789,IDLE,54.7,59.4,0.0,0.0000,0.0000
1424.64,2026-05-25T19:21:57.478445,IDLE,63.0,59.4,0.0,0.0000,0.0000
1425.14,2026-05-25T19:21:57.978466,IDLE,59.8,56.9,0.0,0.0000,0.0000
1425.65,2026-05-25T19:21:58.479036,IDLE,60.7,56.9,0.0,0.0000,0.0000
1426.14,2026-05-25T19:21:58.978194,IDLE,54.5,56.9,0.0,0.0000,0.0000
1426.64,2026-05-25T19:21:59.477722,IDLE,61.2,56.9,0.0,0.0000,0.0000
1427.15,2026-05-25T19:21:59.980612,IDLE,57.6,56.9,0.0,0.0000,0.0000
1427.65,2026-05-25T19:22:00.480017,IDLE,55.2,56.9,0.0,0.0000,0.0000
1428.15,2026-05-25T19:22:00.982162,IDLE,57.0,56.9,0.0,0.0000,0.0000
1428.64,2026-05-25T19:22:01.478490,IDLE,57.3,56.9,0.0,0.0000,0.0000
1429.15,2026-05-25T19:22:01.985315,IDLE,56.6,56.8,0.0,0.0000,0.0000
1429.65,2026-05-25T19:22:02.481852,IDLE,58.7,56.8,0.0,0.0000,0.0000
1430.14,2026-05-25T19:22:02.978499,IDLE,59.9,56.8,0.0,0.0000,0.0000
1430.64,2026-05-25T19:22:03.477909,IDLE,54.3,56.9,0.0,0.0000,0.0000
1431.15,2026-05-25T19:22:03.981684,IDLE,54.8,56.8,0.0,0.0000,0.0000
1431.64,2026-05-25T19:22:04.478883,IDLE,57.7,56.8,0.0,0.0000,0.0000
1432.15,2026-05-25T19:22:04.979154,IDLE,55.6,56.8,0.0,0.0000,0.0000
1432.64,2026-05-25T19:22:05.478137,IDLE,59.1,56.9,0.0,0.0000,0.0000
1433.15,2026-05-25T19:22:05.979964,IDLE,59.4,57.0,0.0,0.0000,0.0000
1433.64,2026-05-25T19:22:06.477729,IDLE,58.1,57.0,0.0,0.0000,0.0000
1434.14,2026-05-25T19:22:06.978128,IDLE,57.0,56.9,0.0,0.0000,0.0000
1434.64,2026-05-25T19:22:07.477631,IDLE,60.0,56.9,0.0,0.0000,0.0000
1435.15,2026-05-25T19:22:07.980417,IDLE,57.5,56.9,0.0,0.0000,0.0000
1435.65,2026-05-25T19:22:08.479622,IDLE,56.0,57.0,0.0,0.0000,0.0000
1436.15,2026-05-25T19:22:08.980159,IDLE,61.9,56.9,0.0,0.0000,0.0000
1436.65,2026-05-25T19:22:09.480163,IDLE,56.1,56.9,0.0,0.0000,0.0000
1437.15,2026-05-25T19:22:09.980019,IDLE,57.5,57.0,0.0,0.0000,0.0000
1437.65,2026-05-25T19:22:10.486413,IDLE,57.2,57.0,0.0,0.0000,0.0000
1438.15,2026-05-25T19:22:10.979675,IDLE,58.4,57.0,0.0,0.0000,0.0000
1438.65,2026-05-25T19:22:11.479821,IDLE,60.3,57.0,0.0,0.0000,0.0000
1439.15,2026-05-25T19:22:11.983065,IDLE,57.4,56.9,0.0,0.0000,0.0000
1439.64,2026-05-25T19:22:12.477256,IDLE,56.0,57.0,0.0,0.0000,0.0000
1440.15,2026-05-25T19:22:12.979935,IDLE,58.8,56.9,0.0,0.0000,0.0000
1440.64,2026-05-25T19:22:13.476725,IDLE,59.0,56.9,0.0,0.0000,0.0000
1441.15,2026-05-25T19:22:13.979121,IDLE,55.3,56.9,0.0,0.0000,0.0000
1441.65,2026-05-25T19:22:14.483176,IDLE,62.4,56.9,0.0,0.0000,0.0000
1442.14,2026-05-25T19:22:14.978845,IDLE,57.1,57.0,0.0,0.0000,0.0000
1442.65,2026-05-25T19:22:15.483897,IDLE,60.1,57.0,0.0,0.0000,0.0000
1443.15,2026-05-25T19:22:15.980425,IDLE,52.7,57.0,0.0,0.0000,0.0000
1443.64,2026-05-25T19:22:16.478525,IDLE,59.1,57.0,0.0,0.0000,0.0000
1444.14,2026-05-25T19:22:16.978786,IDLE,56.1,57.0,0.0,0.0000,0.0000
1444.64,2026-05-25T19:22:17.477804,IDLE,57.6,56.9,0.0,0.0000,0.0000
1445.14,2026-05-25T19:22:17.977175,IDLE,57.5,56.9,0.0,0.0000,0.0000
1445.65,2026-05-25T19:22:18.481672,IDLE,58.1,56.9,0.0,0.0000,0.0000
1446.14,2026-05-25T19:22:18.977383,IDLE,58.8,56.9,0.0,0.0000,0.0000
1446.64,2026-05-25T19:22:19.476825,IDLE,58.4,56.9,0.0,0.0000,0.0000
1447.15,2026-05-25T19:22:19.981270,IDLE,57.1,56.9,0.0,0.0000,0.0000
1447.65,2026-05-25T19:22:20.478966,IDLE,60.4,56.9,0.0,0.0000,0.0000
1448.15,2026-05-25T19:22:20.980623,IDLE,55.6,56.9,0.0,0.0000,0.0000
1448.64,2026-05-25T19:22:21.478891,IDLE,61.1,56.9,0.0,0.0000,0.0000
1449.15,2026-05-25T19:22:21.981278,IDLE,60.4,56.9,0.0,0.0000,0.0000
1449.65,2026-05-25T19:22:22.481477,IDLE,57.4,56.9,0.0,0.0000,0.0000
1450.15,2026-05-25T19:22:22.981797,IDLE,54.9,56.9,0.0,0.0000,0.0000
1450.65,2026-05-25T19:22:23.485568,IDLE,57.6,56.9,0.0,0.0000,0.0000
1451.15,2026-05-25T19:22:23.979924,IDLE,56.9,56.9,0.0,0.0000,0.0000
1451.64,2026-05-25T19:22:24.476966,IDLE,57.4,57.0,0.0,0.0000,0.0000
1452.15,2026-05-25T19:22:24.980242,IDLE,58.4,57.0,0.0,0.0000,0.0000
1452.65,2026-05-25T19:22:25.480717,IDLE,57.1,57.0,0.0,0.0000,0.0000
1453.15,2026-05-25T19:22:25.980573,IDLE,60.6,57.1,0.0,0.0000,0.0000
1453.64,2026-05-25T19:22:26.478783,IDLE,55.8,57.0,0.0,0.0000,0.0000
1454.15,2026-05-25T19:22:26.981864,IDLE,58.4,57.0,0.0,0.0000,0.0000
1454.64,2026-05-25T19:22:27.478569,IDLE,58.1,57.0,0.0,0.0000,0.0000
1455.14,2026-05-25T19:22:27.978042,IDLE,55.4,57.0,0.0,0.0000,0.0000
1455.64,2026-05-25T19:22:28.476712,IDLE,57.3,57.0,0.0,0.0000,0.0000
1456.15,2026-05-25T19:22:28.980051,IDLE,59.3,57.0,0.0,0.0000,0.0000
1456.65,2026-05-25T19:22:29.479375,IDLE,61.0,57.0,0.0,0.0000,0.0000
1457.15,2026-05-25T19:22:29.980104,IDLE,57.8,57.0,0.0,0.0000,0.0000
1457.65,2026-05-25T19:22:30.479755,IDLE,53.1,57.0,0.0,0.0000,0.0000
1458.14,2026-05-25T19:22:30.978039,IDLE,57.7,57.0,0.0,0.0000,0.0000
1458.65,2026-05-25T19:22:31.480008,IDLE,61.2,57.0,0.0,0.0000,0.0000
1459.15,2026-05-25T19:22:31.982148,IDLE,58.2,56.8,0.0,0.0000,0.0000
1459.65,2026-05-25T19:22:32.482198,IDLE,58.3,56.7,0.0,0.0000,0.0000
1460.14,2026-05-25T19:22:32.977633,IDLE,58.1,56.7,0.0,0.0000,0.0000
1460.65,2026-05-25T19:22:33.487556,IDLE,54.7,56.7,0.0,0.0000,0.0000
1461.15,2026-05-25T19:22:33.982540,IDLE,55.5,56.7,0.0,0.0000,0.0000
1461.64,2026-05-25T19:22:34.478868,IDLE,56.9,56.7,0.0,0.0000,0.0000
1462.15,2026-05-25T19:22:34.979574,IDLE,58.4,56.7,0.0,0.0000,0.0000
1462.65,2026-05-25T19:22:35.479405,IDLE,58.4,56.7,0.0,0.0000,0.0000
1463.14,2026-05-25T19:22:35.977562,IDLE,57.7,56.6,0.0,0.0000,0.0000
1463.64,2026-05-25T19:22:36.476731,IDLE,56.1,56.7,0.0,0.0000,0.0000
1464.14,2026-05-25T19:22:36.977616,IDLE,57.2,56.7,0.0,0.0000,0.0000
1464.64,2026-05-25T19:22:37.478760,IDLE,58.6,56.7,0.0,0.0000,0.0000
1465.14,2026-05-25T19:22:37.978246,IDLE,58.0,56.7,0.0,0.0000,0.0000
1465.64,2026-05-25T19:22:38.476719,IDLE,56.7,56.7,0.0,0.0000,0.0000
1466.15,2026-05-25T19:22:38.981102,IDLE,61.0,56.7,0.0,0.0000,0.0000
1466.65,2026-05-25T19:22:39.483037,IDLE,61.5,56.8,0.0,0.0000,0.0000
1467.15,2026-05-25T19:22:39.980701,IDLE,58.1,56.8,0.0,0.0000,0.0000
1467.65,2026-05-25T19:22:40.480589,IDLE,55.8,56.7,0.0,0.0000,0.0000
1468.14,2026-05-25T19:22:40.977491,IDLE,60.7,56.7,0.0,0.0000,0.0000
1468.64,2026-05-25T19:22:41.477170,IDLE,56.9,56.7,0.0,0.0000,0.0000
1469.14,2026-05-25T19:22:41.977248,IDLE,60.3,56.7,0.0,0.0000,0.0000
1469.65,2026-05-25T19:22:42.481033,IDLE,56.5,56.7,0.0,0.0000,0.0000
1470.15,2026-05-25T19:22:42.986052,IDLE,59.8,56.8,0.0,0.0000,0.0000
1470.65,2026-05-25T19:22:43.479149,IDLE,58.3,56.8,0.0,0.0000,0.0000
1471.14,2026-05-25T19:22:43.978128,IDLE,55.5,56.8,0.0,0.0000,0.0000
1471.65,2026-05-25T19:22:44.480454,IDLE,60.0,56.8,0.0,0.0000,0.0000
1472.15,2026-05-25T19:22:44.982516,IDLE,56.2,56.8,0.0,0.0000,0.0000
1472.65,2026-05-25T19:22:45.479402,IDLE,60.3,56.8,0.0,0.0000,0.0000
1473.15,2026-05-25T19:22:45.984025,IDLE,56.6,56.7,0.0,0.0000,0.0000
1473.65,2026-05-25T19:22:46.480885,IDLE,57.9,56.7,0.0,0.0000,0.0000
1474.15,2026-05-25T19:22:46.985084,IDLE,56.5,56.9,0.0,0.0000,0.0000
1474.65,2026-05-25T19:22:47.487379,IDLE,60.7,56.9,0.0,0.0000,0.0000
1475.15,2026-05-25T19:22:47.981730,IDLE,55.4,56.9,0.0,0.0000,0.0000
1475.64,2026-05-25T19:22:48.477023,IDLE,57.5,56.9,0.0,0.0000,0.0000
1476.15,2026-05-25T19:22:48.980300,IDLE,55.4,56.8,0.0,0.0000,0.0000
1476.64,2026-05-25T19:22:49.478523,IDLE,56.8,56.8,0.0,0.0000,0.0000
1477.15,2026-05-25T19:22:49.981293,IDLE,58.3,56.9,0.0,0.0000,0.0000
1477.65,2026-05-25T19:22:50.479422,IDLE,55.3,56.9,0.0,0.0000,0.0000
1478.14,2026-05-25T19:22:50.978058,IDLE,60.1,56.9,0.0,0.0000,0.0000
1478.65,2026-05-25T19:22:51.482079,IDLE,58.3,56.9,0.0,0.0000,0.0000
1479.15,2026-05-25T19:22:51.980939,IDLE,57.9,56.8,0.0,0.0000,0.0000
1479.64,2026-05-25T19:22:52.477590,IDLE,57.0,56.8,0.0,0.0000,0.0000
1480.15,2026-05-25T19:22:52.979289,IDLE,54.7,56.8,0.0,0.0000,0.0000
1480.64,2026-05-25T19:22:53.477173,IDLE,58.6,56.9,0.0,0.0000,0.0000
1481.14,2026-05-25T19:22:53.977625,IDLE,57.8,56.9,0.0,0.0000,0.0000
1481.64,2026-05-25T19:22:54.477527,IDLE,54.3,56.9,0.0,0.0000,0.0000
1482.14,2026-05-25T19:22:54.977905,IDLE,58.6,56.9,0.0,0.0000,0.0000
1482.65,2026-05-25T19:22:55.486805,IDLE,65.6,56.9,0.0,0.0000,0.0000
1483.15,2026-05-25T19:22:55.982013,IDLE,58.1,56.9,0.0,0.0000,0.0000
1483.64,2026-05-25T19:22:56.477947,IDLE,56.6,56.8,0.0,0.0000,0.0000
1484.15,2026-05-25T19:22:56.979013,IDLE,58.6,56.9,0.0,0.0000,0.0000
1484.64,2026-05-25T19:22:57.477701,IDLE,57.1,56.9,0.0,0.0000,0.0000
1485.15,2026-05-25T19:22:57.984027,IDLE,59.9,56.9,0.0,0.0000,0.0000
1485.65,2026-05-25T19:22:58.479528,IDLE,60.2,56.9,0.0,0.0000,0.0000
1486.14,2026-05-25T19:22:58.978395,IDLE,56.6,56.9,0.0,0.0000,0.0000
1486.65,2026-05-25T19:22:59.485722,IDLE,60.3,56.9,0.0,0.0000,0.0000
1487.15,2026-05-25T19:22:59.983250,IDLE,56.4,56.7,0.0,0.0000,0.0000
1487.65,2026-05-25T19:23:00.481235,IDLE,58.1,56.9,0.0,0.0000,0.0000
1488.15,2026-05-25T19:23:00.980515,IDLE,57.7,56.9,0.0,0.0000,0.0000
1488.64,2026-05-25T19:23:01.476730,IDLE,61.9,56.8,0.0,0.0000,0.0000
1489.15,2026-05-25T19:23:01.981145,IDLE,57.9,56.8,0.0,0.0000,0.0000
1489.64,2026-05-25T19:23:02.477568,IDLE,58.2,56.8,0.0,0.0000,0.0000
1490.15,2026-05-25T19:23:02.979895,IDLE,56.5,56.8,0.0,0.0000,0.0000
1490.65,2026-05-25T19:23:03.482104,IDLE,59.6,56.9,0.0,0.0000,0.0000
1491.14,2026-05-25T19:23:03.978062,IDLE,57.0,56.9,0.0,0.0000,0.0000
1491.64,2026-05-25T19:23:04.478828,IDLE,58.9,56.8,0.0,0.0000,0.0000
1492.14,2026-05-25T19:23:04.977810,IDLE,59.1,56.8,0.0,0.0000,0.0000
1492.65,2026-05-25T19:23:05.479238,IDLE,53.2,56.9,0.0,0.0000,0.0000
1493.14,2026-05-25T19:23:05.977495,IDLE,60.9,56.8,0.0,0.0000,0.0000
1493.65,2026-05-25T19:23:06.483408,IDLE,56.7,57.0,0.0,0.0000,0.0000
1494.15,2026-05-25T19:23:06.981675,IDLE,57.1,56.9,0.0,0.0000,0.0000
1494.65,2026-05-25T19:23:07.481729,IDLE,58.1,56.9,0.0,0.0000,0.0000
1495.16,2026-05-25T19:23:07.990094,IDLE,58.6,56.9,0.0,0.0000,0.0000
1495.65,2026-05-25T19:23:08.479638,IDLE,55.4,56.9,0.0,0.0000,0.0000
1496.14,2026-05-25T19:23:08.977976,IDLE,57.1,56.9,0.0,0.0000,0.0000
1496.64,2026-05-25T19:23:09.477977,IDLE,60.7,56.8,0.0,0.0000,0.0000
1497.14,2026-05-25T19:23:09.978510,IDLE,58.1,56.8,0.0,0.0000,0.0000
1497.65,2026-05-25T19:23:10.481700,IDLE,57.9,56.8,0.0,0.0000,0.0000
1498.15,2026-05-25T19:23:10.982847,IDLE,58.9,56.8,0.0,0.0000,0.0000
1498.64,2026-05-25T19:23:11.478070,IDLE,61.9,56.8,0.0,0.0000,0.0000
1499.15,2026-05-25T19:23:11.980114,IDLE,56.7,56.8,0.0,0.0000,0.0000
1499.65,2026-05-25T19:23:12.482238,IDLE,55.8,56.8,0.0,0.0000,0.0000
1500.15,2026-05-25T19:23:12.981736,IDLE,58.2,56.7,0.0,0.0000,0.0000
1500.64,2026-05-25T19:23:13.478033,IDLE,59.1,56.8,0.0,0.0000,0.0000
1501.15,2026-05-25T19:23:13.985130,IDLE,57.6,56.9,0.0,0.0000,0.0000
1501.64,2026-05-25T19:23:14.477867,IDLE,59.4,56.8,0.0,0.0000,0.0000
1502.15,2026-05-25T19:23:14.981448,IDLE,58.5,56.8,0.0,0.0000,0.0000
1502.64,2026-05-25T19:23:15.478166,IDLE,61.2,56.8,0.0,0.0000,0.0000
1503.14,2026-05-25T19:23:15.977551,IDLE,55.9,56.8,0.0,0.0000,0.0000
1503.64,2026-05-25T19:23:16.477757,IDLE,59.0,56.8,0.0,0.0000,0.0000
1504.14,2026-05-25T19:23:16.978128,IDLE,60.0,56.8,0.0,0.0000,0.0000
1504.64,2026-05-25T19:23:17.477661,IDLE,62.8,56.8,0.0,0.0000,0.0000
1505.14,2026-05-25T19:23:17.978300,IDLE,59.6,56.8,0.0,0.0000,0.0000
1505.64,2026-05-25T19:23:18.477759,IDLE,55.9,56.9,0.0,0.0000,0.0000
1506.15,2026-05-25T19:23:18.987416,IDLE,59.8,56.8,0.0,0.0000,0.0000
1506.65,2026-05-25T19:23:19.480960,IDLE,60.3,56.9,0.0,0.0000,0.0000
1507.14,2026-05-25T19:23:19.977812,IDLE,57.1,56.9,0.0,0.0000,0.0000
1507.64,2026-05-25T19:23:20.478427,IDLE,56.2,56.8,0.0,0.0000,0.0000
1508.15,2026-05-25T19:23:20.980848,IDLE,58.5,56.8,0.0,0.0000,0.0000
1508.64,2026-05-25T19:23:21.478035,IDLE,58.6,56.9,0.0,0.0000,0.0000
1509.14,2026-05-25T19:23:21.978890,IDLE,61.4,56.9,0.0,0.0000,0.0000
1509.64,2026-05-25T19:23:22.478411,IDLE,56.7,57.0,0.0,0.0000,0.0000
1510.15,2026-05-25T19:23:22.979121,IDLE,57.1,56.9,0.0,0.0000,0.0000
1510.64,2026-05-25T19:23:23.478883,IDLE,57.8,56.9,0.0,0.0000,0.0000
1511.14,2026-05-25T19:23:23.977650,IDLE,55.6,56.9,0.0,0.0000,0.0000
1511.64,2026-05-25T19:23:24.478610,IDLE,59.4,56.9,0.0,0.0000,0.0000
1512.14,2026-05-25T19:23:24.977670,IDLE,59.4,56.9,0.0,0.0000,0.0000
1512.64,2026-05-25T19:23:25.478725,IDLE,60.3,56.9,0.0,0.0000,0.0000
1513.15,2026-05-25T19:23:25.980883,IDLE,59.7,56.9,0.0,0.0000,0.0000
1513.64,2026-05-25T19:23:26.478531,IDLE,58.6,56.9,0.0,0.0000,0.0000
1514.14,2026-05-25T19:23:26.978427,IDLE,57.5,56.9,0.0,0.0000,0.0000
1514.64,2026-05-25T19:23:27.478594,IDLE,62.9,56.9,0.0,0.0000,0.0000
1515.14,2026-05-25T19:23:27.977785,IDLE,59.7,56.9,0.0,0.0000,0.0000
1515.65,2026-05-25T19:23:28.478994,IDLE,59.8,56.9,0.0,0.0000,0.0000
1516.15,2026-05-25T19:23:28.980908,IDLE,61.0,56.9,0.0,0.0000,0.0000
1516.64,2026-05-25T19:23:29.478523,IDLE,57.4,56.8,0.0,0.0000,0.0000
1517.15,2026-05-25T19:23:29.979700,IDLE,58.7,56.9,0.0,0.0000,0.0000
1517.64,2026-05-25T19:23:30.477488,IDLE,60.3,56.9,0.0,0.0000,0.0000
1518.14,2026-05-25T19:23:30.977992,IDLE,60.6,56.9,0.0,0.0000,0.0000
1518.65,2026-05-25T19:23:31.480590,IDLE,60.8,56.9,0.0,0.0000,0.0000
1519.14,2026-05-25T19:23:31.977613,IDLE,60.6,56.9,0.0,0.0000,0.0000
1519.65,2026-05-25T19:23:32.484918,IDLE,57.0,56.9,0.0,0.0000,0.0000
1520.15,2026-05-25T19:23:32.983452,IDLE,61.3,56.9,0.0,0.0000,0.0000
1520.65,2026-05-25T19:23:33.481769,IDLE,61.6,57.0,0.0,0.0000,0.0000
1521.14,2026-05-25T19:23:33.977911,IDLE,60.9,56.9,0.0,0.0000,0.0000
1521.64,2026-05-25T19:23:34.478791,IDLE,54.4,56.9,0.0,0.0000,0.0000
1522.15,2026-05-25T19:23:34.979109,IDLE,57.6,56.9,0.0,0.0000,0.0000
1522.64,2026-05-25T19:23:35.477302,IDLE,63.9,56.8,0.0,0.0000,0.0000
1523.14,2026-05-25T19:23:35.977976,IDLE,59.7,56.9,0.0,0.0000,0.0000
1523.65,2026-05-25T19:23:36.480008,IDLE,64.9,56.9,0.0,0.0000,0.0000
1524.15,2026-05-25T19:23:36.983885,IDLE,57.4,56.8,0.0,0.0000,0.0000
1524.65,2026-05-25T19:23:37.482916,IDLE,57.3,56.9,0.0,0.0000,0.0000
1525.15,2026-05-25T19:23:37.980451,IDLE,59.3,56.9,0.0,0.0000,0.0000
1525.64,2026-05-25T19:23:38.478299,IDLE,57.6,56.9,0.0,0.0000,0.0000
1526.14,2026-05-25T19:23:38.977922,IDLE,59.7,56.9,0.0,0.0000,0.0000
1526.64,2026-05-25T19:23:39.477672,IDLE,60.9,56.9,0.0,0.0000,0.0000
1527.15,2026-05-25T19:23:39.978983,IDLE,60.5,56.9,0.0,0.0000,0.0000
1527.65,2026-05-25T19:23:40.479879,IDLE,59.1,56.9,0.0,0.0000,0.0000
1528.14,2026-05-25T19:23:40.977759,IDLE,59.5,56.9,0.0,0.0000,0.0000
1528.64,2026-05-25T19:23:41.477542,IDLE,59.9,56.8,0.0,0.0000,0.0000
1529.14,2026-05-25T19:23:41.978387,IDLE,60.9,57.0,0.0,0.0000,0.0000
1529.64,2026-05-25T19:23:42.478623,IDLE,57.7,56.9,0.0,0.0000,0.0000
1530.15,2026-05-25T19:23:42.988317,IDLE,57.7,56.9,0.0,0.0000,0.0000
1530.65,2026-05-25T19:23:43.483485,IDLE,62.0,56.8,0.0,0.0000,0.0000
1531.15,2026-05-25T19:23:43.983538,IDLE,56.4,56.9,0.0,0.0000,0.0000
1531.65,2026-05-25T19:23:44.480674,IDLE,54.4,56.9,0.0,0.0000,0.0000
1532.14,2026-05-25T19:23:44.977868,IDLE,54.8,56.9,0.0,0.0000,0.0000
1532.64,2026-05-25T19:23:45.478658,IDLE,60.4,56.9,0.0,0.0000,0.0000
1533.14,2026-05-25T19:23:45.978110,IDLE,56.9,56.9,0.0,0.0000,0.0000
1533.65,2026-05-25T19:23:46.479012,IDLE,57.4,56.9,0.0,0.0000,0.0000
1534.14,2026-05-25T19:23:46.977638,IDLE,58.7,56.9,0.0,0.0000,0.0000
1534.65,2026-05-25T19:23:47.482496,IDLE,60.5,56.9,0.0,0.0000,0.0000
1535.15,2026-05-25T19:23:47.980433,IDLE,58.2,56.9,0.0,0.0000,0.0000
1535.64,2026-05-25T19:23:48.478389,IDLE,57.0,56.9,0.0,0.0000,0.0000
1536.15,2026-05-25T19:23:48.982168,IDLE,59.5,56.9,0.0,0.0000,0.0000
1536.64,2026-05-25T19:23:49.477189,IDLE,59.4,57.0,0.0,0.0000,0.0000
1537.14,2026-05-25T19:23:49.978704,IDLE,58.1,56.9,0.0,0.0000,0.0000
1537.65,2026-05-25T19:23:50.479074,IDLE,60.7,56.9,0.0,0.0000,0.0000
1538.14,2026-05-25T19:23:50.977758,IDLE,58.0,56.9,0.0,0.0000,0.0000
1538.64,2026-05-25T19:23:51.477318,IDLE,60.8,57.0,0.0,0.0000,0.0000
1539.14,2026-05-25T19:23:51.977972,IDLE,59.5,56.9,0.0,0.0000,0.0000
1539.65,2026-05-25T19:23:52.485306,IDLE,56.9,56.9,0.0,0.0000,0.0000
1540.14,2026-05-25T19:23:52.978458,IDLE,57.8,56.9,0.0,0.0000,0.0000
1540.64,2026-05-25T19:23:53.477353,IDLE,55.9,56.9,0.0,0.0000,0.0000
1541.14,2026-05-25T19:23:53.978799,IDLE,56.7,57.0,0.0,0.0000,0.0000
1541.65,2026-05-25T19:23:54.479834,IDLE,56.8,56.9,0.0,0.0000,0.0000
1542.14,2026-05-25T19:23:54.977634,IDLE,58.7,56.9,0.0,0.0000,0.0000
1542.65,2026-05-25T19:23:55.482969,IDLE,57.8,56.9,0.0,0.0000,0.0000
1543.15,2026-05-25T19:23:55.978915,IDLE,56.8,56.8,0.0,0.0000,0.0000
1543.65,2026-05-25T19:23:56.479349,IDLE,57.4,56.9,0.0,0.0000,0.0000
1544.14,2026-05-25T19:23:56.977287,IDLE,58.5,56.9,0.0,0.0000,0.0000
1544.64,2026-05-25T19:23:57.477481,IDLE,60.4,56.9,0.0,0.0000,0.0000
1545.14,2026-05-25T19:23:57.977653,IDLE,57.6,57.0,0.0,0.0000,0.0000
1545.65,2026-05-25T19:23:58.479037,IDLE,60.1,57.1,0.0,0.0000,0.0000
1546.15,2026-05-25T19:23:58.979898,IDLE,55.1,57.0,0.0,0.0000,0.0000
1546.64,2026-05-25T19:23:59.477716,IDLE,59.0,57.1,0.0,0.0000,0.0000
1547.14,2026-05-25T19:23:59.977897,IDLE,58.4,57.0,0.0,0.0000,0.0000
1547.64,2026-05-25T19:24:00.477420,IDLE,57.3,57.1,0.0,0.0000,0.0000
1548.14,2026-05-25T19:24:00.977551,IDLE,56.8,57.1,0.0,0.0000,0.0000
1548.65,2026-05-25T19:24:01.479562,IDLE,60.3,57.1,0.0,0.0000,0.0000
1549.15,2026-05-25T19:24:01.979161,IDLE,58.9,57.1,0.0,0.0000,0.0000
1549.65,2026-05-25T19:24:02.479970,IDLE,58.2,57.1,0.0,0.0000,0.0000
1550.15,2026-05-25T19:24:02.980552,IDLE,66.4,57.2,0.0,0.0000,0.0000
1550.65,2026-05-25T19:24:03.481732,IDLE,55.2,57.2,0.0,0.0000,0.0000
1551.14,2026-05-25T19:24:03.978161,IDLE,58.6,57.1,0.0,0.0000,0.0000
1551.64,2026-05-25T19:24:04.477916,IDLE,54.5,57.0,0.0,0.0000,0.0000
1552.14,2026-05-25T19:24:04.978404,IDLE,58.6,56.9,0.0,0.0000,0.0000
1552.64,2026-05-25T19:24:05.478477,IDLE,56.3,56.9,0.0,0.0000,0.0000
1553.15,2026-05-25T19:24:05.982478,IDLE,57.6,57.0,0.0,0.0000,0.0000
1553.65,2026-05-25T19:24:06.481765,IDLE,58.6,57.0,0.0,0.0000,0.0000
1554.14,2026-05-25T19:24:06.978008,IDLE,57.2,57.0,0.0,0.0000,0.0000
1554.65,2026-05-25T19:24:07.478908,IDLE,61.0,57.1,0.0,0.0000,0.0000
1555.14,2026-05-25T19:24:07.978042,IDLE,55.6,57.0,0.0,0.0000,0.0000
1555.65,2026-05-25T19:24:08.479069,IDLE,55.2,57.0,0.0,0.0000,0.0000
1556.14,2026-05-25T19:24:08.977575,IDLE,57.1,57.0,0.0,0.0000,0.0000
1556.65,2026-05-25T19:24:09.479870,IDLE,56.8,57.0,0.0,0.0000,0.0000
1557.14,2026-05-25T19:24:09.977767,IDLE,57.7,57.1,0.0,0.0000,0.0000
1557.64,2026-05-25T19:24:10.477898,IDLE,59.5,57.1,0.0,0.0000,0.0000
1558.14,2026-05-25T19:24:10.978274,IDLE,57.5,57.1,0.0,0.0000,0.0000
1558.64,2026-05-25T19:24:11.478070,IDLE,58.6,57.1,0.0,0.0000,0.0000
1559.15,2026-05-25T19:24:11.979221,IDLE,57.6,57.1,0.0,0.0000,0.0000
1559.65,2026-05-25T19:24:12.478996,IDLE,56.1,57.1,0.0,0.0000,0.0000
1560.14,2026-05-25T19:24:12.977946,IDLE,58.7,57.1,0.0,0.0000,0.0000
1560.64,2026-05-25T19:24:13.477348,IDLE,59.4,57.1,0.0,0.0000,0.0000
1561.14,2026-05-25T19:24:13.978589,IDLE,55.1,57.1,0.0,0.0000,0.0000
1561.64,2026-05-25T19:24:14.478728,IDLE,55.9,57.1,0.0,0.0000,0.0000
1562.15,2026-05-25T19:24:14.979739,IDLE,57.8,57.1,0.0,0.0000,0.0000
1562.65,2026-05-25T19:24:15.481548,IDLE,59.2,57.1,0.0,0.0000,0.0000
1563.14,2026-05-25T19:24:15.978136,IDLE,56.1,57.1,0.0,0.0000,0.0000
1563.64,2026-05-25T19:24:16.478331,IDLE,59.6,57.1,0.0,0.0000,0.0000
1564.15,2026-05-25T19:24:16.980688,IDLE,56.4,57.1,0.0,0.0000,0.0000
1564.65,2026-05-25T19:24:17.484065,IDLE,56.6,57.1,0.0,0.0000,0.0000
1565.14,2026-05-25T19:24:17.978138,IDLE,56.4,57.1,0.0,0.0000,0.0000
1565.65,2026-05-25T19:24:18.483213,IDLE,57.3,57.1,0.0,0.0000,0.0000
1566.15,2026-05-25T19:24:18.980180,IDLE,60.1,57.1,0.0,0.0000,0.0000
1566.65,2026-05-25T19:24:19.479364,IDLE,57.6,57.1,0.0,0.0000,0.0000
1567.16,2026-05-25T19:24:19.989995,IDLE,58.9,57.2,0.0,0.0000,0.0000
1567.64,2026-05-25T19:24:20.477578,IDLE,58.3,57.2,0.0,0.0000,0.0000
1568.15,2026-05-25T19:24:20.980626,IDLE,60.4,57.2,0.0,0.0000,0.0000
1568.64,2026-05-25T19:24:21.477446,IDLE,58.8,57.2,0.0,0.0000,0.0000
1569.14,2026-05-25T19:24:21.977790,IDLE,59.6,57.2,0.0,0.0000,0.0000
1569.64,2026-05-25T19:24:22.478265,IDLE,55.2,57.2,0.0,0.0000,0.0000
1570.15,2026-05-25T19:24:22.979428,IDLE,58.8,57.1,0.0,0.0000,0.0000
1570.65,2026-05-25T19:24:23.482161,IDLE,59.2,57.2,0.0,0.0000,0.0000
1571.15,2026-05-25T19:24:23.979725,IDLE,57.2,57.2,0.0,0.0000,0.0000
1571.64,2026-05-25T19:24:24.477427,IDLE,59.4,57.1,0.0,0.0000,0.0000
1572.15,2026-05-25T19:24:24.983294,IDLE,56.9,57.0,0.0,0.0000,0.0000
1572.64,2026-05-25T19:24:25.477768,IDLE,56.6,57.1,0.0,0.0000,0.0000
1573.14,2026-05-25T19:24:25.978140,IDLE,62.5,57.2,0.0,0.0000,0.0000
1573.64,2026-05-25T19:24:26.478766,IDLE,55.3,57.1,0.0,0.0000,0.0000
1574.14,2026-05-25T19:24:26.978772,IDLE,59.6,57.1,0.0,0.0000,0.0000
1574.64,2026-05-25T19:24:27.477858,IDLE,59.5,57.1,0.0,0.0000,0.0000
1575.14,2026-05-25T19:24:27.977626,IDLE,59.9,57.1,0.0,0.0000,0.0000
1575.64,2026-05-25T19:24:28.478469,IDLE,59.4,57.1,0.0,0.0000,0.0000
1576.14,2026-05-25T19:24:28.978169,IDLE,60.3,57.1,0.0,0.0000,0.0000
1576.65,2026-05-25T19:24:29.484870,IDLE,59.2,57.0,0.0,0.0000,0.0000
1577.15,2026-05-25T19:24:29.981197,IDLE,57.1,57.0,0.0,0.0000,0.0000
1577.65,2026-05-25T19:24:30.480072,IDLE,55.4,57.0,0.0,0.0000,0.0000
1578.14,2026-05-25T19:24:30.978109,IDLE,57.2,57.1,0.0,0.0000,0.0000
1578.65,2026-05-25T19:24:31.479637,IDLE,61.7,57.1,0.0,0.0000,0.0000
1579.14,2026-05-25T19:24:31.978710,IDLE,55.8,57.1,0.0,0.0000,0.0000
1579.64,2026-05-25T19:24:32.477708,IDLE,56.9,57.1,0.0,0.0000,0.0000
1580.15,2026-05-25T19:24:32.981085,IDLE,56.8,57.1,0.0,0.0000,0.0000
1580.65,2026-05-25T19:24:33.482577,IDLE,57.8,57.0,0.0,0.0000,0.0000
1581.15,2026-05-25T19:24:33.980011,IDLE,59.2,57.0,0.0,0.0000,0.0000
1581.65,2026-05-25T19:24:34.480098,IDLE,58.2,57.1,0.0,0.0000,0.0000
1582.14,2026-05-25T19:24:34.978451,IDLE,60.8,57.1,0.0,0.0000,0.0000
1582.64,2026-05-25T19:24:35.478642,IDLE,56.4,57.1,0.0,0.0000,0.0000
1583.14,2026-05-25T19:24:35.977496,IDLE,56.2,57.0,0.0,0.0000,0.0000
1583.64,2026-05-25T19:24:36.477676,IDLE,61.3,57.0,0.0,0.0000,0.0000
1584.14,2026-05-25T19:24:36.978582,IDLE,59.9,57.0,0.0,0.0000,0.0000
1584.64,2026-05-25T19:24:37.477253,IDLE,62.0,57.1,0.0,0.0000,0.0000
1585.14,2026-05-25T19:24:37.978835,IDLE,58.8,57.2,0.0,0.0000,0.0000
1585.64,2026-05-25T19:24:38.478121,IDLE,56.6,57.1,0.0,0.0000,0.0000
1586.14,2026-05-25T19:24:38.977958,IDLE,58.2,57.2,0.0,0.0000,0.0000
1586.64,2026-05-25T19:24:39.478080,IDLE,62.0,57.1,0.0,0.0000,0.0000
1587.14,2026-05-25T19:24:39.978341,IDLE,56.2,57.1,0.0,0.0000,0.0000
1587.65,2026-05-25T19:24:40.480704,IDLE,56.1,57.2,0.0,0.0000,0.0000
1588.15,2026-05-25T19:24:40.980464,IDLE,57.3,57.1,0.0,0.0000,0.0000
