elapsed_s,timestamp_iso,state,cpu_pct,ram_pct,gpu_pct,cmd_vel_x,cmd_vel_z
0.68,2026-05-25T19:50:54.762882,IDLE,69.4,58.5,0.0,0.0000,0.0000
1.18,2026-05-25T19:50:55.264133,IDLE,63.0,58.5,0.0,0.0000,0.0000
1.68,2026-05-25T19:50:55.763567,IDLE,60.1,58.6,0.0,0.0000,0.0000
2.19,2026-05-25T19:50:56.272844,IDLE,62.4,58.5,0.0,0.0000,0.0000
2.68,2026-05-25T19:50:56.763467,IDLE,59.7,58.5,0.0,0.0000,0.0000
3.19,2026-05-25T19:50:57.272664,IDLE,62.2,58.5,0.0,0.0000,0.0000
3.68,2026-05-25T19:50:57.764012,IDLE,64.1,58.6,0.0,0.0000,0.0000
4.18,2026-05-25T19:50:58.267829,IDLE,60.4,58.5,0.0,0.0000,0.0000
4.68,2026-05-25T19:50:58.767710,IDLE,59.0,58.5,0.0,0.0000,0.0000
5.18,2026-05-25T19:50:59.267895,IDLE,62.0,58.6,0.0,0.0000,0.0000
5.68,2026-05-25T19:50:59.763575,IDLE,62.6,58.6,0.0,0.0000,0.0000
6.18,2026-05-25T19:51:00.263927,IDLE,61.7,58.6,0.0,0.0000,0.0000
6.68,2026-05-25T19:51:00.763028,IDLE,60.3,58.6,0.0,0.0000,0.0000
7.18,2026-05-25T19:51:01.265434,IDLE,56.5,58.5,0.0,0.0000,0.0000
7.68,2026-05-25T19:51:01.766067,IDLE,63.1,58.6,0.0,0.0000,0.0000
8.18,2026-05-25T19:51:02.264908,IDLE,62.0,58.6,0.0,0.0000,0.0000
8.68,2026-05-25T19:51:02.764867,IDLE,63.5,58.6,0.0,0.0000,0.0000
9.18,2026-05-25T19:51:03.263067,IDLE,65.0,58.6,0.0,0.0000,0.0000
9.68,2026-05-25T19:51:03.764586,IDLE,61.1,58.6,0.0,0.0000,0.0000
10.18,2026-05-25T19:51:04.268393,IDLE,62.8,58.6,0.0,0.0000,0.0000
10.68,2026-05-25T19:51:04.763955,IDLE,62.5,58.6,0.0,0.0000,0.0000
11.18,2026-05-25T19:51:05.263860,IDLE,58.3,58.6,0.0,0.0000,0.0000
11.68,2026-05-25T19:51:05.765167,IDLE,63.1,58.5,0.0,0.0000,0.0000
12.18,2026-05-25T19:51:06.265517,IDLE,63.5,58.5,0.0,0.0000,0.0000
12.68,2026-05-25T19:51:06.762612,IDLE,60.8,58.6,0.0,0.0000,0.0000
13.18,2026-05-25T19:51:07.269181,IDLE,61.1,58.6,0.0,0.0000,0.0000
13.68,2026-05-25T19:51:07.763992,IDLE,60.3,58.6,0.0,0.0000,0.0000
14.18,2026-05-25T19:51:08.263692,IDLE,62.2,58.6,0.0,0.0000,0.0000
14.68,2026-05-25T19:51:08.762676,IDLE,59.6,58.6,0.0,0.0000,0.0000
15.18,2026-05-25T19:51:09.266485,IDLE,62.4,58.6,0.0,0.4832,0.0000
15.68,2026-05-25T19:51:09.767760,IDLE,63.3,58.5,0.0,0.4832,-3.1197
16.18,2026-05-25T19:51:10.269846,IDLE,60.2,58.5,0.0,0.4832,-3.1197
16.68,2026-05-25T19:51:10.765008,IDLE,60.4,58.6,0.0,0.0000,0.0000
17.18,2026-05-25T19:51:11.266005,IDLE,62.6,58.6,0.0,0.4832,-3.1197
17.68,2026-05-25T19:51:11.766081,IDLE,59.6,58.5,0.0,0.0000,0.0000
18.18,2026-05-25T19:51:12.262900,IDLE,57.1,58.6,0.0,0.4832,-3.1197
18.68,2026-05-25T19:51:12.762625,IDLE,63.2,58.6,0.0,0.4832,-3.1197
19.18,2026-05-25T19:51:13.265347,IDLE,61.3,58.6,0.0,0.4832,-3.1197
19.68,2026-05-25T19:51:13.763896,IDLE,58.9,58.6,0.0,0.4832,-3.1197
20.18,2026-05-25T19:51:14.263427,IDLE,62.6,58.6,0.0,0.4832,-3.1197
20.68,2026-05-25T19:51:14.764729,IDLE,62.0,58.6,0.0,0.4832,-3.1197
21.18,2026-05-25T19:51:15.265465,IDLE,58.7,58.6,0.0,0.0000,0.0000
21.68,2026-05-25T19:51:15.762684,IDLE,58.7,58.6,0.0,0.0000,0.0000
22.18,2026-05-25T19:51:16.269008,IDLE,63.6,58.6,0.0,0.0000,0.0000
22.68,2026-05-25T19:51:16.765110,IDLE,64.0,58.6,0.0,0.0000,0.0000
23.18,2026-05-25T19:51:17.269449,IDLE,62.0,58.6,0.0,0.0000,0.0000
23.68,2026-05-25T19:51:17.762493,IDLE,64.0,58.6,0.0,0.0000,0.0000
24.18,2026-05-25T19:51:18.267643,IDLE,63.9,58.6,0.0,0.0000,0.0000
24.68,2026-05-25T19:51:18.764068,IDLE,60.1,58.6,0.0,0.0000,0.0000
25.19,2026-05-25T19:51:19.273053,IDLE,62.8,58.6,0.0,0.0000,0.0000
25.68,2026-05-25T19:51:19.766199,IDLE,62.3,58.6,0.0,0.0000,0.0000
0.15,2026-05-25T19:51:20.265345,VISUAL_HOMING,62.0,58.6,0.0,0.0000,0.0000
0.65,2026-05-25T19:51:20.764896,VISUAL_HOMING,62.2,58.6,0.0,0.0000,0.0082
1.15,2026-05-25T19:51:21.265312,VISUAL_HOMING,64.7,58.6,0.0,0.0000,0.0173
1.65,2026-05-25T19:51:21.765024,VISUAL_HOMING,64.1,58.6,0.0,0.0000,0.0199
2.15,2026-05-25T19:51:22.271391,VISUAL_HOMING,66.0,58.6,0.0,0.0000,0.0208
2.64,2026-05-25T19:51:22.763658,VISUAL_HOMING,60.5,58.6,0.0,0.0000,0.0203
3.15,2026-05-25T19:51:23.270217,VISUAL_HOMING,64.5,58.6,0.0,0.0000,0.0203
3.64,2026-05-25T19:51:23.763893,VISUAL_HOMING,64.5,58.7,0.0,0.0000,0.0204
4.15,2026-05-25T19:51:24.265157,VISUAL_HOMING,61.0,58.6,0.0,0.0000,0.0204
4.65,2026-05-25T19:51:24.768480,VISUAL_HOMING,65.3,58.6,0.0,0.0000,0.0204
5.15,2026-05-25T19:51:25.271483,VISUAL_HOMING,63.6,58.6,0.0,0.0000,0.0204
5.65,2026-05-25T19:51:25.765215,VISUAL_HOMING,65.5,58.6,0.0,0.0000,0.0204
6.15,2026-05-25T19:51:26.268471,VISUAL_HOMING,65.3,58.6,0.0,0.0000,0.0204
6.64,2026-05-25T19:51:26.763196,VISUAL_HOMING,64.2,58.6,0.0,0.0000,0.0204
7.15,2026-05-25T19:51:27.265431,VISUAL_HOMING,62.5,58.6,0.0,0.0000,0.0204
7.64,2026-05-25T19:51:27.762715,VISUAL_HOMING,62.8,58.6,0.0,0.0000,0.0204
8.14,2026-05-25T19:51:28.264039,VISUAL_HOMING,65.1,58.6,0.0,0.0000,0.0204
8.64,2026-05-25T19:51:28.763170,VISUAL_HOMING,65.1,58.6,0.0,0.0000,0.0204
9.14,2026-05-25T19:51:29.264051,VISUAL_HOMING,61.6,58.6,0.0,0.0000,0.0204
9.64,2026-05-25T19:51:29.762104,VISUAL_HOMING,64.0,58.6,0.0,0.0000,0.0204
10.15,2026-05-25T19:51:30.266839,VISUAL_HOMING,63.4,58.6,0.0,0.0000,0.0204
10.65,2026-05-25T19:51:30.764565,VISUAL_HOMING,62.7,58.6,0.0,0.0000,0.0000
11.15,2026-05-25T19:51:31.267577,VISUAL_HOMING,62.6,58.6,0.0,0.0000,0.0000
11.64,2026-05-25T19:51:31.763197,VISUAL_HOMING,63.1,58.6,0.0,0.0000,0.0000
12.14,2026-05-25T19:51:32.264111,VISUAL_HOMING,67.4,58.7,0.0,0.0000,0.0000
12.65,2026-05-25T19:51:32.764902,VISUAL_HOMING,65.5,58.8,0.0,0.0000,0.0000
13.16,2026-05-25T19:51:33.275551,VISUAL_HOMING,63.3,58.7,0.0,0.0000,-0.0591
13.64,2026-05-25T19:51:33.762260,VISUAL_HOMING,64.4,58.8,0.0,0.0000,-0.0960
14.15,2026-05-25T19:51:34.267288,VISUAL_HOMING,62.1,58.8,0.0,0.0127,-0.1020
14.65,2026-05-25T19:51:34.766278,VISUAL_HOMING,65.8,58.8,0.0,0.0131,-0.1037
15.15,2026-05-25T19:51:35.265541,VISUAL_HOMING,75.0,59.1,0.0,0.0133,-0.1035
15.64,2026-05-25T19:51:35.763454,VISUAL_HOMING,63.7,59.1,0.0,0.0133,-0.1038
16.15,2026-05-25T19:51:36.265488,VISUAL_HOMING,64.2,58.1,0.0,0.0134,-0.1038
16.64,2026-05-25T19:51:36.763515,VISUAL_HOMING,63.2,58.1,0.0,0.0134,-0.1038
17.15,2026-05-25T19:51:37.265756,VISUAL_HOMING,62.3,58.1,0.0,0.0134,-0.1038
17.65,2026-05-25T19:51:37.764188,VISUAL_HOMING,62.6,58.1,0.0,0.0134,-0.1038
18.15,2026-05-25T19:51:38.264691,VISUAL_HOMING,65.2,58.1,0.0,0.0134,-0.1038
18.64,2026-05-25T19:51:38.764005,VISUAL_HOMING,66.9,58.0,0.0,0.0134,-0.1038
19.15,2026-05-25T19:51:39.266632,VISUAL_HOMING,63.2,58.1,0.0,0.0134,-0.1038
19.65,2026-05-25T19:51:39.764345,VISUAL_HOMING,65.8,58.0,0.0,0.0134,-0.1038
20.15,2026-05-25T19:51:40.265941,VISUAL_HOMING,63.4,58.1,0.0,0.0134,-0.1038
20.65,2026-05-25T19:51:40.764838,VISUAL_HOMING,63.1,58.2,0.0,0.0134,-0.1038
21.15,2026-05-25T19:51:41.269977,VISUAL_HOMING,64.5,58.1,0.0,0.0134,-0.1038
21.65,2026-05-25T19:51:41.765264,VISUAL_HOMING,65.6,58.1,0.0,0.0134,-0.1038
22.15,2026-05-25T19:51:42.267386,VISUAL_HOMING,63.7,58.1,0.0,0.0134,-0.1038
22.64,2026-05-25T19:51:42.763048,VISUAL_HOMING,60.5,58.1,0.0,0.0134,-0.1038
23.14,2026-05-25T19:51:43.264037,VISUAL_HOMING,66.2,58.0,0.0,0.0134,-0.1038
23.65,2026-05-25T19:51:43.764495,VISUAL_HOMING,62.5,58.1,0.0,0.0134,-0.1038
24.15,2026-05-25T19:51:44.267112,VISUAL_HOMING,62.7,58.1,0.0,0.0134,-0.1038
24.65,2026-05-25T19:51:44.764833,VISUAL_HOMING,62.2,58.1,0.0,0.0134,-0.1038
25.15,2026-05-25T19:51:45.264439,VISUAL_HOMING,61.2,58.2,0.0,0.0134,-0.1038
25.65,2026-05-25T19:51:45.767886,VISUAL_HOMING,65.0,58.1,0.0,0.0134,-0.1038
26.15,2026-05-25T19:51:46.273494,VISUAL_HOMING,64.6,58.1,0.0,0.0134,-0.1038
26.64,2026-05-25T19:51:46.763695,VISUAL_HOMING,61.6,58.1,0.0,0.0134,-0.1038
27.15,2026-05-25T19:51:47.266632,VISUAL_HOMING,61.3,58.2,0.0,0.0134,-0.1038
27.65,2026-05-25T19:51:47.765363,VISUAL_HOMING,63.1,58.1,0.0,0.0134,-0.1038
28.15,2026-05-25T19:51:48.265897,VISUAL_HOMING,61.9,58.1,0.0,0.0134,-0.1038
28.65,2026-05-25T19:51:48.765041,VISUAL_HOMING,63.6,58.1,0.0,0.0134,-0.1038
29.15,2026-05-25T19:51:49.271162,VISUAL_HOMING,62.5,58.1,0.0,0.0134,-0.1038
29.65,2026-05-25T19:51:49.765179,VISUAL_HOMING,65.3,58.1,0.0,0.0134,-0.1038
30.15,2026-05-25T19:51:50.264965,VISUAL_HOMING,61.6,58.1,0.0,0.0134,-0.1038
30.64,2026-05-25T19:51:50.763880,VISUAL_HOMING,65.2,58.1,0.0,0.0134,-0.1038
31.15,2026-05-25T19:51:51.266214,VISUAL_HOMING,64.4,58.1,0.0,0.0134,-0.1038
31.65,2026-05-25T19:51:51.768955,VISUAL_HOMING,64.7,58.1,0.0,0.0134,-0.1038
32.15,2026-05-25T19:51:52.268381,VISUAL_HOMING,65.1,58.0,0.0,0.0134,-0.1038
32.64,2026-05-25T19:51:52.764093,VISUAL_HOMING,63.8,58.0,0.0,0.0134,-0.1038
33.15,2026-05-25T19:51:53.265885,VISUAL_HOMING,60.0,58.1,0.0,0.0134,-0.1038
33.65,2026-05-25T19:51:53.765673,VISUAL_HOMING,66.3,58.1,0.0,0.0134,-0.1038
34.15,2026-05-25T19:51:54.268584,VISUAL_HOMING,65.5,58.1,0.0,0.0134,-0.1038
34.65,2026-05-25T19:51:54.766125,VISUAL_HOMING,64.1,58.1,0.0,0.0134,-0.1038
35.15,2026-05-25T19:51:55.272882,VISUAL_HOMING,64.3,58.1,0.0,0.0134,-0.1038
35.65,2026-05-25T19:51:55.764253,VISUAL_HOMING,63.6,58.1,0.0,0.0134,-0.1038
36.15,2026-05-25T19:51:56.264881,VISUAL_HOMING,60.8,58.1,0.0,0.0134,-0.1038
36.64,2026-05-25T19:51:56.763683,VISUAL_HOMING,62.0,58.1,0.0,0.0134,-0.1038
37.15,2026-05-25T19:51:57.273905,VISUAL_HOMING,64.2,58.1,0.0,0.0134,-0.1038
37.65,2026-05-25T19:51:57.764391,VISUAL_HOMING,64.1,58.1,0.0,0.0134,-0.1038
38.15,2026-05-25T19:51:58.266770,VISUAL_HOMING,65.9,58.1,0.0,0.0134,-0.1038
38.64,2026-05-25T19:51:58.764022,VISUAL_HOMING,63.2,58.1,0.0,0.0134,-0.1038
39.15,2026-05-25T19:51:59.268949,VISUAL_HOMING,65.4,58.1,0.0,0.0134,-0.1038
39.65,2026-05-25T19:51:59.764727,VISUAL_HOMING,61.4,58.1,0.0,0.0134,-0.1038
40.15,2026-05-25T19:52:00.267166,VISUAL_HOMING,62.2,58.1,0.0,0.0134,-0.1038
40.65,2026-05-25T19:52:00.764928,VISUAL_HOMING,62.1,58.1,0.0,0.0134,-0.1038
41.15,2026-05-25T19:52:01.265570,VISUAL_HOMING,60.8,58.1,0.0,0.0134,-0.1038
41.64,2026-05-25T19:52:01.762503,VISUAL_HOMING,61.2,58.1,0.0,0.0134,-0.1038
42.14,2026-05-25T19:52:02.264004,VISUAL_HOMING,61.8,58.1,0.0,0.0134,-0.1038
42.65,2026-05-25T19:52:02.765328,VISUAL_HOMING,60.2,58.1,0.0,0.0134,-0.1038
43.15,2026-05-25T19:52:03.266236,VISUAL_HOMING,63.1,58.1,0.0,0.0134,-0.1038
43.65,2026-05-25T19:52:03.764684,VISUAL_HOMING,60.6,58.1,0.0,0.0134,-0.1038
44.15,2026-05-25T19:52:04.264208,VISUAL_HOMING,61.0,58.0,0.0,0.0134,-0.1038
44.65,2026-05-25T19:52:04.764697,VISUAL_HOMING,61.0,58.1,0.0,0.0134,-0.1038
45.15,2026-05-25T19:52:05.264577,VISUAL_HOMING,62.1,58.1,0.0,0.0134,-0.1038
45.64,2026-05-25T19:52:05.764114,VISUAL_HOMING,63.0,58.1,0.0,0.0134,-0.1038
46.15,2026-05-25T19:52:06.264595,VISUAL_HOMING,63.2,58.1,0.0,0.0134,-0.1038
46.65,2026-05-25T19:52:06.765806,VISUAL_HOMING,61.1,58.0,0.0,0.0134,-0.1038
47.15,2026-05-25T19:52:07.265427,VISUAL_HOMING,64.5,58.0,0.0,0.0134,-0.1038
47.64,2026-05-25T19:52:07.763642,VISUAL_HOMING,60.0,58.0,0.0,0.0134,-0.1038
48.15,2026-05-25T19:52:08.265755,VISUAL_HOMING,61.0,58.0,0.0,0.0134,-0.1038
48.65,2026-05-25T19:52:08.766594,VISUAL_HOMING,62.3,58.1,0.0,0.0134,-0.1038
49.15,2026-05-25T19:52:09.266918,VISUAL_HOMING,61.8,58.1,0.0,0.0134,-0.1038
49.65,2026-05-25T19:52:09.766709,VISUAL_HOMING,65.7,58.1,0.0,0.0134,-0.1038
50.15,2026-05-25T19:52:10.264785,VISUAL_HOMING,59.5,58.0,0.0,0.0134,-0.1038
50.65,2026-05-25T19:52:10.765514,VISUAL_HOMING,62.7,58.1,0.0,0.0134,-0.1038
51.15,2026-05-25T19:52:11.265405,VISUAL_HOMING,60.4,58.1,0.0,0.0134,-0.1038
51.64,2026-05-25T19:52:11.764124,VISUAL_HOMING,63.5,58.0,0.0,0.0134,-0.1038
52.15,2026-05-25T19:52:12.269944,VISUAL_HOMING,62.1,58.1,0.0,0.0134,-0.1038
52.65,2026-05-25T19:52:12.771769,VISUAL_HOMING,62.2,58.0,0.0,0.0134,-0.1038
53.15,2026-05-25T19:52:13.264394,VISUAL_HOMING,61.2,58.0,0.0,0.0134,-0.1038
53.65,2026-05-25T19:52:13.765548,VISUAL_HOMING,62.1,58.0,0.0,0.0134,-0.1038
54.15,2026-05-25T19:52:14.265959,VISUAL_HOMING,58.5,58.1,0.0,0.0134,-0.1038
54.65,2026-05-25T19:52:14.764249,VISUAL_HOMING,60.3,58.1,0.0,0.0134,-0.1038
55.15,2026-05-25T19:52:15.267013,VISUAL_HOMING,64.6,58.1,0.0,0.0134,-0.1038
55.65,2026-05-25T19:52:15.766389,VISUAL_HOMING,61.4,58.1,0.0,0.0134,-0.1038
56.14,2026-05-25T19:52:16.264082,VISUAL_HOMING,61.4,58.1,0.0,0.0133,-0.1044
56.65,2026-05-25T19:52:16.765435,VISUAL_HOMING,60.8,58.1,0.0,0.0132,-0.1047
57.14,2026-05-25T19:52:17.264110,VISUAL_HOMING,62.7,58.1,0.0,0.0129,-0.1051
57.65,2026-05-25T19:52:17.764894,VISUAL_HOMING,62.4,58.0,0.0,0.0126,-0.1059
58.15,2026-05-25T19:52:18.265857,VISUAL_HOMING,61.5,58.0,0.0,0.0125,-0.1065
58.65,2026-05-25T19:52:18.765697,VISUAL_HOMING,63.0,58.0,0.0,0.0124,-0.1071
59.15,2026-05-25T19:52:19.265059,VISUAL_HOMING,62.3,58.1,0.0,0.0122,-0.1073
59.65,2026-05-25T19:52:19.764316,VISUAL_HOMING,61.2,58.1,0.0,0.0121,-0.1076
60.15,2026-05-25T19:52:20.265882,VISUAL_HOMING,62.3,58.0,0.0,0.0118,-0.1079
60.65,2026-05-25T19:52:20.765268,VISUAL_HOMING,59.9,58.1,0.0,0.0116,-0.1089
61.15,2026-05-25T19:52:21.268070,VISUAL_HOMING,61.4,58.1,0.0,0.0108,-0.1099
61.65,2026-05-25T19:52:21.765842,VISUAL_HOMING,62.0,58.1,0.0,0.0114,-0.1095
62.15,2026-05-25T19:52:22.266230,VISUAL_HOMING,59.8,58.1,0.0,0.0114,-0.1095
62.65,2026-05-25T19:52:22.765937,VISUAL_HOMING,60.3,58.2,0.0,0.0106,-0.1111
63.15,2026-05-25T19:52:23.264383,VISUAL_HOMING,62.9,58.2,0.0,0.0000,-0.1128
63.65,2026-05-25T19:52:23.765764,VISUAL_HOMING,61.3,58.1,0.0,0.0000,-0.1128
64.15,2026-05-25T19:52:24.265061,VISUAL_HOMING,57.5,58.1,0.0,0.0000,-0.1125
64.64,2026-05-25T19:52:24.762846,VISUAL_HOMING,60.1,58.1,0.0,0.0000,-0.1122
65.15,2026-05-25T19:52:25.268720,VISUAL_HOMING,60.1,58.1,0.0,0.0000,-0.1125
65.65,2026-05-25T19:52:25.766111,VISUAL_HOMING,60.8,58.0,0.0,0.0000,-0.1128
66.15,2026-05-25T19:52:26.265542,VISUAL_HOMING,62.1,58.0,0.0,0.0000,-0.1129
66.65,2026-05-25T19:52:26.765139,VISUAL_HOMING,59.0,58.1,0.0,0.0000,-0.1130
67.14,2026-05-25T19:52:27.263962,VISUAL_HOMING,60.7,58.1,0.0,0.0000,-0.1129
67.65,2026-05-25T19:52:27.766114,VISUAL_HOMING,56.8,58.0,0.0,0.0000,-0.1131
68.15,2026-05-25T19:52:28.265149,VISUAL_HOMING,60.6,58.0,0.0,0.0000,-0.1131
68.65,2026-05-25T19:52:28.765112,VISUAL_HOMING,58.8,58.0,0.0,0.0000,-0.1131
69.15,2026-05-25T19:52:29.265263,VISUAL_HOMING,60.5,58.1,0.0,0.0000,-0.1130
69.64,2026-05-25T19:52:29.763904,VISUAL_HOMING,61.5,58.1,0.0,0.0000,-0.1127
70.15,2026-05-25T19:52:30.264916,VISUAL_HOMING,58.8,58.2,0.0,0.0000,-0.1127
70.64,2026-05-25T19:52:30.764009,VISUAL_HOMING,59.4,58.1,0.0,0.0107,-0.1111
71.15,2026-05-25T19:52:31.266353,VISUAL_HOMING,62.6,58.1,0.0,0.0110,-0.1105
71.65,2026-05-25T19:52:31.764954,VISUAL_HOMING,58.6,58.1,0.0,0.0000,0.0000
72.15,2026-05-25T19:52:32.265292,VISUAL_HOMING,58.2,58.1,0.0,0.0000,0.0000
72.65,2026-05-25T19:52:32.764748,VISUAL_HOMING,58.6,58.1,0.0,0.0000,0.0000
73.14,2026-05-25T19:52:33.262893,LOCAL_SEARCH,57.9,58.2,0.0,0.0000,0.0000
73.64,2026-05-25T19:52:33.763112,LOCAL_SEARCH,58.7,58.2,0.0,0.0000,0.0000
74.15,2026-05-25T19:52:34.264466,LOCAL_SEARCH,54.8,58.1,0.0,0.0000,0.0000
74.64,2026-05-25T19:52:34.763023,LOCAL_SEARCH,55.0,58.2,0.0,0.0000,0.0000
75.15,2026-05-25T19:52:35.266486,LOCAL_SEARCH,54.3,58.2,0.0,0.0000,0.0000
75.65,2026-05-25T19:52:35.765801,LOCAL_SEARCH,52.6,58.2,0.0,0.0000,0.0000
76.15,2026-05-25T19:52:36.265841,LOCAL_SEARCH,57.7,58.1,0.0,0.0000,0.0000
76.65,2026-05-25T19:52:36.765382,LOCAL_SEARCH,55.1,58.1,0.0,0.0000,0.0000
77.15,2026-05-25T19:52:37.266493,LOCAL_SEARCH,56.1,58.1,0.0,0.0000,0.0000
77.65,2026-05-25T19:52:37.766351,LOCAL_SEARCH,55.4,58.1,0.0,0.0000,0.0000
78.15,2026-05-25T19:52:38.265625,LOCAL_SEARCH,55.2,58.2,0.0,0.0000,0.0000
78.65,2026-05-25T19:52:38.766606,LOCAL_SEARCH,57.0,58.1,0.0,0.0000,0.0000
79.15,2026-05-25T19:52:39.265832,LOCAL_SEARCH,59.0,58.1,0.0,0.0000,0.0000
79.65,2026-05-25T19:52:39.765164,LOCAL_SEARCH,57.1,58.0,0.0,0.0000,1.0000
80.15,2026-05-25T19:52:40.264644,LOCAL_SEARCH,55.8,58.1,0.0,0.0000,1.0000
80.65,2026-05-25T19:52:40.766344,LOCAL_SEARCH,55.9,58.2,0.0,0.0000,1.0000
81.15,2026-05-25T19:52:41.265843,LOCAL_SEARCH,57.9,58.1,0.0,0.0000,1.0000
81.65,2026-05-25T19:52:41.767729,LOCAL_SEARCH,59.8,58.2,0.0,0.0000,1.0000
82.15,2026-05-25T19:52:42.266017,LOCAL_SEARCH,57.5,58.0,0.0,0.0000,1.0000
82.64,2026-05-25T19:52:42.763545,LOCAL_SEARCH,55.7,58.1,0.0,0.0000,1.0000
83.15,2026-05-25T19:52:43.266276,LOCAL_SEARCH,59.6,58.1,0.0,0.0000,1.0000
83.65,2026-05-25T19:52:43.765094,LOCAL_SEARCH,58.4,58.1,0.0,0.0000,1.0000
84.15,2026-05-25T19:52:44.269794,LOCAL_SEARCH,55.6,58.1,0.0,0.0000,1.0000
84.65,2026-05-25T19:52:44.764440,LOCAL_SEARCH,56.0,58.1,0.0,0.0000,1.0000
85.15,2026-05-25T19:52:45.264277,LOCAL_SEARCH,57.1,58.1,0.0,0.0000,0.4207
85.64,2026-05-25T19:52:45.764093,IDLE,61.6,58.1,0.0,0.0000,0.0000
86.14,2026-05-25T19:52:46.262513,IDLE,61.9,58.3,0.0,0.0000,0.0000
86.65,2026-05-25T19:52:46.765465,IDLE,60.8,58.5,0.0,0.0000,0.0000
87.15,2026-05-25T19:52:47.266895,IDLE,62.5,58.5,0.0,0.0000,0.0000
87.65,2026-05-25T19:52:47.764382,IDLE,58.2,58.3,0.0,0.0000,0.0000
88.15,2026-05-25T19:52:48.269450,IDLE,60.4,58.5,0.0,0.0000,0.0000
88.65,2026-05-25T19:52:48.764528,IDLE,54.4,58.6,0.0,0.0000,0.0000
89.15,2026-05-25T19:52:49.265819,IDLE,59.6,58.5,0.0,0.0000,0.0000
89.65,2026-05-25T19:52:49.769431,IDLE,62.4,58.5,0.0,0.0000,0.0000
90.15,2026-05-25T19:52:50.266276,IDLE,63.3,58.5,0.0,0.0000,0.0000
90.65,2026-05-25T19:52:50.766176,IDLE,54.4,58.5,0.0,0.0000,0.0000
91.15,2026-05-25T19:52:51.266512,IDLE,62.4,58.6,0.0,0.0000,0.0000
91.65,2026-05-25T19:52:51.764502,IDLE,58.1,58.6,0.0,0.0000,0.0000
92.15,2026-05-25T19:52:52.266188,IDLE,59.9,58.6,0.0,0.0000,0.0000
92.65,2026-05-25T19:52:52.765477,IDLE,59.3,58.6,0.0,0.0000,0.0000
93.15,2026-05-25T19:52:53.268192,IDLE,62.7,58.6,0.0,0.0000,0.0000
93.64,2026-05-25T19:52:53.762823,IDLE,60.5,58.5,0.0,0.0000,0.0000
94.14,2026-05-25T19:52:54.264036,IDLE,63.3,58.3,0.0,0.0000,0.0000
94.65,2026-05-25T19:52:54.764449,IDLE,61.4,58.4,0.0,0.0000,0.0000
95.15,2026-05-25T19:52:55.267923,IDLE,63.6,58.5,0.0,0.0000,0.0000
95.65,2026-05-25T19:52:55.766781,IDLE,56.8,58.5,0.0,0.0000,0.0000
96.15,2026-05-25T19:52:56.266790,IDLE,58.8,58.5,0.0,0.0000,0.0000
96.65,2026-05-25T19:52:56.769439,IDLE,58.5,58.4,0.0,-0.0500,0.0000
97.15,2026-05-25T19:52:57.265691,IDLE,61.8,58.5,0.0,-0.0500,0.0000
97.65,2026-05-25T19:52:57.765580,IDLE,61.7,58.5,0.0,-0.0500,0.0000
98.15,2026-05-25T19:52:58.273414,IDLE,61.9,58.5,0.0,-0.0500,0.0000
98.64,2026-05-25T19:52:58.762481,IDLE,60.2,58.5,0.0,-0.0500,0.0000
99.15,2026-05-25T19:52:59.270624,IDLE,61.7,58.5,0.0,-0.0500,0.0000
99.64,2026-05-25T19:52:59.763103,IDLE,58.7,58.5,0.0,-0.0500,0.0000
100.15,2026-05-25T19:53:00.265864,IDLE,58.9,58.5,0.0,-0.0500,0.0000
100.64,2026-05-25T19:53:00.763886,IDLE,60.5,58.5,0.0,-0.0500,0.0000
101.15,2026-05-25T19:53:01.266284,IDLE,60.8,58.5,0.0,-0.0500,0.0000
101.65,2026-05-25T19:53:01.767068,IDLE,64.2,58.5,0.0,-0.0500,0.0000
102.15,2026-05-25T19:53:02.267816,IDLE,60.1,58.5,0.0,-0.0500,0.0000
102.65,2026-05-25T19:53:02.765867,IDLE,60.7,58.5,0.0,-0.0500,0.0000
103.15,2026-05-25T19:53:03.273119,IDLE,60.1,58.6,0.0,-0.0500,0.0000
103.65,2026-05-25T19:53:03.765383,IDLE,61.4,58.6,0.0,-0.0500,0.0000
104.15,2026-05-25T19:53:04.265946,IDLE,62.8,58.5,0.0,0.0000,0.0000
104.65,2026-05-25T19:53:04.765705,IDLE,59.6,58.5,0.0,0.0000,0.0000
105.15,2026-05-25T19:53:05.271997,IDLE,63.2,58.5,0.0,0.0000,0.0000
105.64,2026-05-25T19:53:05.764161,IDLE,63.3,58.5,0.0,0.0000,0.0000
106.14,2026-05-25T19:53:06.263867,IDLE,62.4,58.6,0.0,0.0000,0.0000
106.65,2026-05-25T19:53:06.768675,IDLE,59.1,58.6,0.0,0.0000,0.0000
107.15,2026-05-25T19:53:07.268811,IDLE,61.6,58.5,0.0,0.0000,0.0000
107.65,2026-05-25T19:53:07.765750,IDLE,58.2,58.5,0.0,0.0000,0.0000
108.15,2026-05-25T19:53:08.268625,IDLE,63.2,58.5,0.0,0.0000,0.0000
108.64,2026-05-25T19:53:08.764124,IDLE,61.5,58.5,0.0,0.0000,0.0000
109.15,2026-05-25T19:53:09.267639,IDLE,61.7,58.5,0.0,0.0000,0.0000
109.64,2026-05-25T19:53:09.763672,IDLE,59.6,58.6,0.0,0.0000,0.0000
110.15,2026-05-25T19:53:10.267783,IDLE,58.8,58.5,0.0,0.0000,0.0000
110.65,2026-05-25T19:53:10.764557,IDLE,59.9,58.5,0.0,0.0000,0.0000
111.15,2026-05-25T19:53:11.265527,IDLE,63.1,58.5,0.0,0.0000,0.0000
111.65,2026-05-25T19:53:11.767588,IDLE,58.6,58.5,0.0,0.0000,0.0000
112.15,2026-05-25T19:53:12.270331,IDLE,62.2,58.5,0.0,0.0000,0.0000
112.64,2026-05-25T19:53:12.762969,IDLE,58.2,58.5,0.0,0.0000,1.0000
113.15,2026-05-25T19:53:13.267639,IDLE,59.5,58.5,0.0,0.0000,1.0000
113.65,2026-05-25T19:53:13.765004,IDLE,60.4,58.5,0.0,0.0000,1.0000
114.15,2026-05-25T19:53:14.267697,IDLE,58.1,58.6,0.0,0.0000,1.0000
114.65,2026-05-25T19:53:14.766536,IDLE,59.0,58.5,0.0,0.0000,1.0000
115.15,2026-05-25T19:53:15.270423,IDLE,59.8,58.6,0.0,0.0000,1.0000
115.65,2026-05-25T19:53:15.766668,IDLE,56.8,58.5,0.0,0.0000,1.0000
116.15,2026-05-25T19:53:16.264382,IDLE,56.8,58.5,0.0,0.0000,1.0000
116.65,2026-05-25T19:53:16.764474,IDLE,58.8,58.7,0.0,0.0000,1.0000
117.14,2026-05-25T19:53:17.263469,IDLE,58.7,58.6,0.0,0.0000,1.0000
117.65,2026-05-25T19:53:17.765806,IDLE,60.2,58.6,0.0,0.0000,1.0000
118.15,2026-05-25T19:53:18.264569,IDLE,56.9,58.6,0.0,0.0000,0.0000
118.65,2026-05-25T19:53:18.765178,IDLE,56.4,58.6,0.0,0.0000,0.0000
119.15,2026-05-25T19:53:19.265137,IDLE,59.0,58.6,0.0,0.0000,0.0000
119.65,2026-05-25T19:53:19.764923,IDLE,59.3,58.6,0.0,0.0000,0.0000
120.15,2026-05-25T19:53:20.265358,IDLE,54.5,58.6,0.0,0.0000,0.0000
120.65,2026-05-25T19:53:20.764795,IDLE,55.5,58.6,0.0,0.0000,0.0000
121.15,2026-05-25T19:53:21.266164,IDLE,55.4,58.6,0.0,0.0000,0.0000
121.65,2026-05-25T19:53:21.766888,IDLE,61.0,58.6,0.0,0.0000,0.0000
122.15,2026-05-25T19:53:22.266915,IDLE,59.2,58.6,0.0,0.0000,0.0000
122.65,2026-05-25T19:53:22.766323,IDLE,60.0,58.6,0.0,0.0000,0.0000
123.15,2026-05-25T19:53:23.266382,IDLE,56.3,58.6,0.0,0.0000,0.0000
123.65,2026-05-25T19:53:23.766321,IDLE,56.3,58.6,0.0,0.0000,0.0000
124.15,2026-05-25T19:53:24.266619,IDLE,55.6,58.6,0.0,0.0000,0.0000
124.65,2026-05-25T19:53:24.765012,IDLE,59.9,58.6,0.0,0.0000,0.0000
125.15,2026-05-25T19:53:25.271658,IDLE,55.7,58.6,0.0,0.0000,0.0000
125.65,2026-05-25T19:53:25.766143,IDLE,59.3,58.6,0.0,0.0000,0.0000
126.14,2026-05-25T19:53:26.263389,IDLE,58.7,58.6,0.0,0.0000,0.0000
126.65,2026-05-25T19:53:26.766358,IDLE,56.7,58.6,0.0,0.0000,0.0000
127.15,2026-05-25T19:53:27.266878,IDLE,58.3,58.6,0.0,0.0000,0.0000
127.65,2026-05-25T19:53:27.765457,IDLE,56.4,58.6,0.0,0.0000,0.0000
128.14,2026-05-25T19:53:28.263750,IDLE,52.2,58.6,0.0,0.0000,0.0000
128.65,2026-05-25T19:53:28.765965,IDLE,57.6,58.6,0.0,0.0000,0.0000
129.15,2026-05-25T19:53:29.267761,IDLE,56.2,58.6,0.0,0.0000,0.0000
129.65,2026-05-25T19:53:29.766598,IDLE,58.5,58.6,0.0,0.0000,0.0000
130.15,2026-05-25T19:53:30.265800,IDLE,55.6,58.6,0.0,0.0000,0.0000
130.64,2026-05-25T19:53:30.763724,IDLE,56.8,58.6,0.0,0.0000,0.0000
131.15,2026-05-25T19:53:31.266221,IDLE,60.2,58.6,0.0,0.0000,0.0000
131.65,2026-05-25T19:53:31.764488,IDLE,56.2,58.6,0.0,0.0000,0.0000
132.15,2026-05-25T19:53:32.266252,IDLE,53.1,58.6,0.0,0.0000,0.0000
132.64,2026-05-25T19:53:32.763453,IDLE,59.9,58.6,0.0,0.0000,0.0000
133.15,2026-05-25T19:53:33.265509,IDLE,57.2,58.6,0.0,0.0000,0.0000
133.65,2026-05-25T19:53:33.768062,IDLE,61.7,58.6,0.0,0.0000,0.0000
134.15,2026-05-25T19:53:34.265845,IDLE,57.6,58.6,0.0,0.0000,0.0000
134.65,2026-05-25T19:53:34.767937,IDLE,57.2,58.6,0.0,0.0000,0.0000
135.15,2026-05-25T19:53:35.265308,IDLE,59.7,58.6,0.0,0.0000,0.0000
135.65,2026-05-25T19:53:35.767823,IDLE,57.8,58.6,0.0,0.0000,0.0000
136.15,2026-05-25T19:53:36.268256,IDLE,54.7,58.6,0.0,0.0000,0.0000
136.64,2026-05-25T19:53:36.763637,IDLE,57.1,58.6,0.0,0.0000,0.0000
137.15,2026-05-25T19:53:37.268818,IDLE,59.3,58.7,0.0,0.0000,0.0000
137.65,2026-05-25T19:53:37.766907,IDLE,60.0,58.6,0.0,0.0000,0.0000
138.15,2026-05-25T19:53:38.268290,IDLE,58.2,58.7,0.0,0.0000,0.0000
138.65,2026-05-25T19:53:38.766032,IDLE,56.9,58.7,0.0,0.0000,0.0000
139.15,2026-05-25T19:53:39.266464,IDLE,57.2,58.7,0.0,0.0000,0.0000
139.65,2026-05-25T19:53:39.767348,IDLE,55.9,58.7,0.0,0.0000,0.0000
140.15,2026-05-25T19:53:40.264743,IDLE,57.7,58.7,0.0,0.0000,0.0000
140.65,2026-05-25T19:53:40.764377,IDLE,57.1,58.7,0.0,0.0000,0.0000
141.14,2026-05-25T19:53:41.264174,IDLE,58.8,58.7,0.0,0.0000,0.0000
141.65,2026-05-25T19:53:41.766163,IDLE,58.4,58.7,0.0,0.0000,0.0000
142.15,2026-05-25T19:53:42.264626,IDLE,57.8,58.7,0.0,0.0000,0.0000
142.65,2026-05-25T19:53:42.766330,IDLE,56.5,58.7,0.0,0.0000,0.0000
143.15,2026-05-25T19:53:43.264423,IDLE,60.8,58.7,0.0,0.0000,0.0000
143.64,2026-05-25T19:53:43.763990,IDLE,58.9,58.7,0.0,0.0000,0.0000
144.15,2026-05-25T19:53:44.264691,IDLE,57.7,58.7,0.0,0.0000,0.0000
144.65,2026-05-25T19:53:44.764386,IDLE,55.5,58.7,0.0,0.0000,0.0000
145.15,2026-05-25T19:53:45.266029,IDLE,55.9,58.7,0.0,0.0000,0.0000
145.65,2026-05-25T19:53:45.764604,IDLE,62.0,58.7,0.0,0.0000,0.0000
146.15,2026-05-25T19:53:46.264592,IDLE,57.1,58.7,0.0,0.0000,0.0000
146.65,2026-05-25T19:53:46.765813,IDLE,56.9,58.7,0.0,0.0000,0.0000
147.15,2026-05-25T19:53:47.270515,IDLE,59.7,58.7,0.0,0.0000,0.0000
147.65,2026-05-25T19:53:47.766841,IDLE,57.7,58.7,0.0,0.0000,0.0000
148.15,2026-05-25T19:53:48.268541,IDLE,56.5,58.7,0.0,0.0000,0.0000
148.65,2026-05-25T19:53:48.768201,IDLE,59.2,58.7,0.0,0.0000,0.0000
149.14,2026-05-25T19:53:49.263676,IDLE,56.8,58.7,0.0,0.0000,0.0000
149.65,2026-05-25T19:53:49.767350,IDLE,58.7,58.7,0.0,0.0000,0.0000
150.15,2026-05-25T19:53:50.273190,IDLE,57.8,58.7,0.0,0.0000,0.0000
150.65,2026-05-25T19:53:50.767256,IDLE,56.2,58.7,0.0,0.0000,0.0000
151.15,2026-05-25T19:53:51.266477,IDLE,60.9,58.7,0.0,0.0000,0.0000
151.65,2026-05-25T19:53:51.767998,IDLE,56.4,58.7,0.0,0.0000,0.0000
152.15,2026-05-25T19:53:52.265471,IDLE,56.6,58.7,0.0,0.0000,0.0000
152.65,2026-05-25T19:53:52.764483,IDLE,57.3,58.7,0.0,0.0000,0.0000
153.15,2026-05-25T19:53:53.272650,IDLE,59.5,58.7,0.0,0.0000,0.0000
153.65,2026-05-25T19:53:53.765254,IDLE,60.6,58.7,0.0,0.0000,0.0000
154.15,2026-05-25T19:53:54.269478,IDLE,57.3,58.7,0.0,0.0000,0.0000
154.65,2026-05-25T19:53:54.766206,IDLE,60.2,58.7,0.0,0.0000,0.0000
155.15,2026-05-25T19:53:55.266152,IDLE,59.7,58.7,0.0,0.0000,0.0000
155.65,2026-05-25T19:53:55.764765,IDLE,56.8,58.7,0.0,0.0000,0.0000
156.15,2026-05-25T19:53:56.264947,IDLE,58.6,58.7,0.0,0.0000,0.0000
156.65,2026-05-25T19:53:56.765465,IDLE,58.6,58.7,0.0,0.0000,0.0000
157.15,2026-05-25T19:53:57.266123,IDLE,60.8,58.7,0.0,0.0000,0.0000
157.65,2026-05-25T19:53:57.764655,IDLE,62.2,58.7,0.0,0.0000,0.0000
158.15,2026-05-25T19:53:58.264185,IDLE,58.5,58.7,0.0,0.0000,0.0000
158.65,2026-05-25T19:53:58.767820,IDLE,56.9,58.7,0.0,0.0000,0.0000
159.15,2026-05-25T19:53:59.264887,IDLE,62.7,58.7,0.0,0.0000,0.0000
159.65,2026-05-25T19:53:59.764611,IDLE,58.4,58.7,0.0,0.0000,0.0000
160.15,2026-05-25T19:54:00.270639,IDLE,60.1,58.7,0.0,0.0000,0.0000
160.65,2026-05-25T19:54:00.765304,IDLE,57.0,58.8,0.0,0.0000,0.0000
161.15,2026-05-25T19:54:01.265272,IDLE,58.6,58.8,0.0,0.0000,0.0000
161.65,2026-05-25T19:54:01.766982,IDLE,61.1,58.8,0.0,0.0000,0.0000
162.15,2026-05-25T19:54:02.268293,IDLE,59.2,58.8,0.0,0.0000,0.0000
162.64,2026-05-25T19:54:02.763075,IDLE,56.8,58.7,0.0,0.0000,0.0000
163.15,2026-05-25T19:54:03.267144,IDLE,57.1,58.8,0.0,0.0000,0.0000
163.65,2026-05-25T19:54:03.766159,IDLE,59.1,58.8,0.0,0.0000,0.0000
164.15,2026-05-25T19:54:04.266504,IDLE,57.6,58.8,0.0,0.0000,0.0000
164.65,2026-05-25T19:54:04.764782,IDLE,59.3,58.8,0.0,0.0000,0.0000
165.15,2026-05-25T19:54:05.264860,IDLE,56.9,58.8,0.0,0.0000,0.0000
165.65,2026-05-25T19:54:05.764627,IDLE,61.4,58.8,0.0,0.0000,0.0000
166.15,2026-05-25T19:54:06.264835,IDLE,59.3,58.8,0.0,0.0000,0.0000
166.65,2026-05-25T19:54:06.767807,IDLE,59.9,58.8,0.0,0.0000,0.0000
167.15,2026-05-25T19:54:07.265630,IDLE,60.3,58.8,0.0,0.0000,0.0000
167.65,2026-05-25T19:54:07.767439,IDLE,57.2,58.8,0.0,0.0000,0.0000
168.15,2026-05-25T19:54:08.265676,IDLE,56.8,58.8,0.0,0.0000,0.0000
168.64,2026-05-25T19:54:08.762665,IDLE,59.2,58.8,0.0,0.0000,0.0000
169.15,2026-05-25T19:54:09.269349,IDLE,56.8,58.8,0.0,0.0000,0.0000
169.65,2026-05-25T19:54:09.765061,IDLE,63.5,58.8,0.0,0.0000,0.0000
170.15,2026-05-25T19:54:10.268285,IDLE,59.9,58.8,0.0,0.0000,0.0000
170.64,2026-05-25T19:54:10.762779,IDLE,59.1,58.8,0.0,0.0000,0.0000
171.15,2026-05-25T19:54:11.266981,IDLE,61.0,58.8,0.0,0.0000,0.0000
171.65,2026-05-25T19:54:11.765272,IDLE,56.5,58.8,0.0,0.0000,0.0000
172.14,2026-05-25T19:54:12.263242,IDLE,55.1,58.8,0.0,0.0000,0.0000
172.65,2026-05-25T19:54:12.765050,IDLE,58.2,58.8,0.0,0.0000,0.0000
173.15,2026-05-25T19:54:13.265615,IDLE,56.2,58.8,0.0,0.0000,0.0000
173.65,2026-05-25T19:54:13.767080,IDLE,60.8,58.8,0.0,0.0000,0.0000
174.14,2026-05-25T19:54:14.263983,IDLE,58.8,58.8,0.0,0.0000,0.0000
174.65,2026-05-25T19:54:14.764680,IDLE,56.1,58.8,0.0,0.0000,0.0000
175.14,2026-05-25T19:54:15.263407,IDLE,59.0,58.9,0.0,0.0000,0.0000
175.65,2026-05-25T19:54:15.768820,IDLE,56.7,58.9,0.0,0.0000,0.0000
176.15,2026-05-25T19:54:16.269513,IDLE,57.3,58.9,0.0,0.0000,0.0000
176.65,2026-05-25T19:54:16.766511,IDLE,57.1,58.8,0.0,0.0000,0.0000
177.15,2026-05-25T19:54:17.264875,IDLE,57.2,58.9,0.0,0.0000,0.0000
177.65,2026-05-25T19:54:17.769279,IDLE,62.7,58.9,0.0,0.0000,0.0000
178.15,2026-05-25T19:54:18.266060,IDLE,59.6,58.9,0.0,0.0000,0.0000
178.65,2026-05-25T19:54:18.766853,IDLE,57.2,58.9,0.0,0.0000,0.0000
179.15,2026-05-25T19:54:19.265127,IDLE,58.4,58.9,0.0,0.0000,0.0000
179.65,2026-05-25T19:54:19.764672,IDLE,55.7,58.9,0.0,0.0000,0.0000
180.15,2026-05-25T19:54:20.268341,IDLE,57.0,58.9,0.0,0.0000,0.0000
180.65,2026-05-25T19:54:20.764919,IDLE,57.7,58.9,0.0,0.0000,0.0000
181.15,2026-05-25T19:54:21.268462,IDLE,58.2,58.9,0.0,0.0000,0.0000
181.65,2026-05-25T19:54:21.764490,IDLE,60.8,58.9,0.0,0.0000,0.0000
182.15,2026-05-25T19:54:22.268557,IDLE,59.5,58.9,0.0,0.0000,0.0000
182.65,2026-05-25T19:54:22.765124,IDLE,60.0,58.9,0.0,0.0000,0.0000
183.15,2026-05-25T19:54:23.267061,IDLE,63.4,58.9,0.0,0.0000,0.0000
183.65,2026-05-25T19:54:23.765814,IDLE,59.9,58.9,0.0,0.0000,0.0000
184.15,2026-05-25T19:54:24.264515,IDLE,56.7,58.9,0.0,0.0000,0.0000
184.65,2026-05-25T19:54:24.765740,IDLE,59.1,59.0,0.0,0.0000,0.0000
185.15,2026-05-25T19:54:25.267247,IDLE,57.9,58.9,0.0,0.0000,0.0000
185.65,2026-05-25T19:54:25.764998,IDLE,60.9,58.9,0.0,0.0000,0.0000
186.14,2026-05-25T19:54:26.263492,IDLE,57.8,58.9,0.0,0.0000,0.0000
186.65,2026-05-25T19:54:26.765609,IDLE,59.6,58.9,0.0,0.0000,0.0000
187.15,2026-05-25T19:54:27.265336,IDLE,59.9,58.9,0.0,0.0000,0.0000
187.64,2026-05-25T19:54:27.763129,IDLE,58.6,59.0,0.0,0.0000,0.0000
188.15,2026-05-25T19:54:28.268780,IDLE,56.0,59.0,0.0,0.0000,0.0000
188.64,2026-05-25T19:54:28.763143,IDLE,57.0,59.0,0.0,0.0000,0.0000
189.14,2026-05-25T19:54:29.263216,IDLE,67.5,59.1,0.0,0.0000,0.0000
189.65,2026-05-25T19:54:29.768933,IDLE,59.1,58.7,0.0,0.0000,0.0000
190.15,2026-05-25T19:54:30.269448,IDLE,57.0,58.7,0.0,0.0000,0.0000
190.65,2026-05-25T19:54:30.766278,IDLE,57.2,58.7,0.0,0.0000,0.0000
191.15,2026-05-25T19:54:31.264868,IDLE,61.7,58.6,0.0,0.0000,0.0000
191.64,2026-05-25T19:54:31.763015,IDLE,60.1,58.7,0.0,0.0000,0.0000
192.15,2026-05-25T19:54:32.264413,IDLE,59.7,58.6,0.0,0.0000,0.0000
192.65,2026-05-25T19:54:32.765584,IDLE,58.6,58.7,0.0,0.0000,0.0000
193.15,2026-05-25T19:54:33.266940,IDLE,57.9,58.6,0.0,0.0000,0.0000
193.65,2026-05-25T19:54:33.765730,IDLE,61.8,58.6,0.0,0.0000,0.0000
194.14,2026-05-25T19:54:34.263085,IDLE,57.3,58.7,0.0,0.0000,0.0000
194.65,2026-05-25T19:54:34.765078,IDLE,57.0,58.7,0.0,0.0000,0.0000
195.14,2026-05-25T19:54:35.262961,IDLE,57.7,58.6,0.0,0.0000,0.0000
195.64,2026-05-25T19:54:35.762950,IDLE,58.8,58.6,0.0,0.0000,0.0000
196.14,2026-05-25T19:54:36.262588,IDLE,56.9,58.6,0.0,0.0000,0.0000
196.65,2026-05-25T19:54:36.765574,IDLE,57.3,58.6,0.0,0.0000,0.0000
197.14,2026-05-25T19:54:37.262897,IDLE,56.4,58.6,0.0,0.0000,0.0000
197.65,2026-05-25T19:54:37.765826,IDLE,59.6,58.7,0.0,0.0000,0.0000
198.14,2026-05-25T19:54:38.263720,IDLE,57.8,58.6,0.0,0.0000,0.0000
198.65,2026-05-25T19:54:38.764551,IDLE,56.1,58.7,0.0,0.0000,0.0000
199.15,2026-05-25T19:54:39.268814,IDLE,62.7,58.7,0.0,0.0000,0.0000
199.64,2026-05-25T19:54:39.763387,IDLE,56.4,58.7,0.0,0.0000,0.0000
200.14,2026-05-25T19:54:40.262709,IDLE,57.8,58.7,0.0,0.0000,0.0000
200.65,2026-05-25T19:54:40.765558,IDLE,54.2,58.7,0.0,0.0000,0.0000
201.15,2026-05-25T19:54:41.265208,IDLE,55.8,58.7,0.0,0.0000,0.0000
201.64,2026-05-25T19:54:41.763947,IDLE,61.1,58.7,0.0,0.0000,0.0000
202.15,2026-05-25T19:54:42.270519,IDLE,57.5,58.7,0.0,0.0000,0.0000
202.65,2026-05-25T19:54:42.767877,IDLE,57.4,58.7,0.0,0.0000,0.0000
203.15,2026-05-25T19:54:43.268886,IDLE,58.3,58.7,0.0,0.0000,0.0000
203.65,2026-05-25T19:54:43.768568,IDLE,58.6,58.7,0.0,0.0000,0.0000
204.15,2026-05-25T19:54:44.268809,IDLE,55.8,58.7,0.0,0.0000,0.0000
204.64,2026-05-25T19:54:44.763075,IDLE,58.6,58.7,0.0,0.0000,0.0000
205.15,2026-05-25T19:54:45.268527,IDLE,56.9,58.7,0.0,0.0000,0.0000
205.65,2026-05-25T19:54:45.765496,IDLE,55.6,58.7,0.0,0.0000,0.0000
206.15,2026-05-25T19:54:46.268911,IDLE,56.2,58.7,0.0,0.0000,0.0000
206.65,2026-05-25T19:54:46.764497,IDLE,57.1,58.7,0.0,0.0000,0.0000
207.15,2026-05-25T19:54:47.266797,IDLE,61.4,58.7,0.0,0.0000,0.0000
207.65,2026-05-25T19:54:47.765026,IDLE,60.8,58.7,0.0,0.0000,0.0000
208.15,2026-05-25T19:54:48.265965,IDLE,56.2,58.7,0.0,0.0000,0.0000
208.64,2026-05-25T19:54:48.763974,IDLE,57.5,58.7,0.0,0.0000,0.0000
209.15,2026-05-25T19:54:49.265956,IDLE,55.5,58.7,0.0,0.0000,0.0000
209.64,2026-05-25T19:54:49.762686,IDLE,61.5,58.7,0.0,0.0000,0.0000
210.15,2026-05-25T19:54:50.270724,IDLE,57.4,58.7,0.0,0.0000,0.0000
210.65,2026-05-25T19:54:50.764892,IDLE,54.9,58.7,0.0,0.0000,0.0000
211.14,2026-05-25T19:54:51.263982,IDLE,59.7,58.7,0.0,0.0000,0.0000
211.65,2026-05-25T19:54:51.764257,IDLE,56.9,58.7,0.0,0.0000,0.0000
212.15,2026-05-25T19:54:52.270888,IDLE,57.5,58.7,0.0,0.0000,0.0000
212.65,2026-05-25T19:54:52.764452,IDLE,55.4,58.7,0.0,0.0000,0.0000
213.15,2026-05-25T19:54:53.265171,IDLE,56.8,58.7,0.0,0.0000,0.0000
213.65,2026-05-25T19:54:53.764753,IDLE,56.6,58.7,0.0,0.0000,0.0000
214.15,2026-05-25T19:54:54.264388,IDLE,56.4,58.7,0.0,0.0000,0.0000
214.65,2026-05-25T19:54:54.768915,IDLE,51.4,58.7,0.0,0.0000,0.0000
215.15,2026-05-25T19:54:55.265395,IDLE,57.0,58.7,0.0,0.0000,0.0000
215.65,2026-05-25T19:54:55.765249,IDLE,57.0,58.7,0.0,0.0000,0.0000
216.15,2026-05-25T19:54:56.267106,IDLE,56.6,58.7,0.0,0.0000,0.0000
216.64,2026-05-25T19:54:56.762890,IDLE,59.7,58.7,0.0,0.0000,0.0000
217.15,2026-05-25T19:54:57.268397,IDLE,57.8,58.7,0.0,0.0000,0.0000
217.65,2026-05-25T19:54:57.766166,IDLE,58.8,58.6,0.0,0.0000,0.0000
218.15,2026-05-25T19:54:58.264252,IDLE,56.8,58.6,0.0,0.0000,0.0000
218.65,2026-05-25T19:54:58.766320,IDLE,55.3,58.6,0.0,0.0000,0.0000
219.15,2026-05-25T19:54:59.268076,IDLE,57.1,58.5,0.0,0.0000,0.0000
219.65,2026-05-25T19:54:59.765062,IDLE,55.6,58.5,0.0,0.0000,0.0000
220.15,2026-05-25T19:55:00.264789,IDLE,55.4,58.5,0.0,0.0000,0.0000
220.65,2026-05-25T19:55:00.766137,IDLE,58.4,58.5,0.0,0.0000,0.0000
221.15,2026-05-25T19:55:01.265548,IDLE,55.8,58.5,0.0,0.0000,0.0000
221.65,2026-05-25T19:55:01.766651,IDLE,56.6,58.5,0.0,0.0000,0.0000
222.15,2026-05-25T19:55:02.265359,IDLE,56.2,58.3,0.0,0.0000,0.0000
222.65,2026-05-25T19:55:02.765760,IDLE,55.1,58.3,0.0,0.0000,0.0000
223.14,2026-05-25T19:55:03.263992,IDLE,58.2,58.3,0.0,0.0000,0.0000
223.65,2026-05-25T19:55:03.764541,IDLE,56.8,58.4,0.0,0.0000,0.0000
224.15,2026-05-25T19:55:04.265582,IDLE,56.5,58.3,0.0,0.0000,0.0000
224.65,2026-05-25T19:55:04.766278,IDLE,55.1,58.3,0.0,0.0000,0.0000
225.15,2026-05-25T19:55:05.268856,IDLE,56.8,58.3,0.0,0.0000,0.0000
225.65,2026-05-25T19:55:05.768353,IDLE,59.7,58.3,0.0,0.0000,0.0000
226.15,2026-05-25T19:55:06.264226,IDLE,55.4,58.3,0.0,0.0000,0.0000
226.65,2026-05-25T19:55:06.765295,IDLE,55.5,58.3,0.0,0.0000,0.0000
227.15,2026-05-25T19:55:07.268427,IDLE,55.7,58.3,0.0,0.0000,0.0000
227.65,2026-05-25T19:55:07.766551,IDLE,55.4,58.3,0.0,0.0000,0.0000
228.15,2026-05-25T19:55:08.266359,IDLE,55.6,58.3,0.0,0.0000,0.0000
228.65,2026-05-25T19:55:08.767101,IDLE,59.0,58.3,0.0,0.0000,0.0000
229.15,2026-05-25T19:55:09.264351,IDLE,54.7,58.3,0.0,0.0000,0.0000
229.65,2026-05-25T19:55:09.766759,IDLE,56.8,58.3,0.0,0.0000,0.0000
230.15,2026-05-25T19:55:10.268623,IDLE,55.8,58.4,0.0,0.0000,0.0000
230.65,2026-05-25T19:55:10.766947,IDLE,54.2,58.3,0.0,0.0000,0.0000
231.15,2026-05-25T19:55:11.265931,IDLE,60.6,58.2,0.0,0.0000,0.0000
231.65,2026-05-25T19:55:11.766437,IDLE,58.3,58.3,0.0,0.0000,0.0000
232.15,2026-05-25T19:55:12.265410,IDLE,55.6,58.3,0.0,0.0000,0.0000
232.64,2026-05-25T19:55:12.763961,IDLE,57.8,58.2,0.0,0.0000,0.0000
233.15,2026-05-25T19:55:13.269872,IDLE,57.7,58.3,0.0,0.0000,0.0000
233.65,2026-05-25T19:55:13.764335,IDLE,59.6,58.3,0.0,0.0000,0.0000
234.15,2026-05-25T19:55:14.264524,IDLE,60.5,58.3,0.0,0.0000,0.0000
234.65,2026-05-25T19:55:14.765267,IDLE,54.1,58.3,0.0,0.0000,0.0000
235.15,2026-05-25T19:55:15.266510,IDLE,55.2,58.3,0.0,0.0000,0.0000
235.65,2026-05-25T19:55:15.764986,IDLE,54.5,58.3,0.0,0.0000,0.0000
236.15,2026-05-25T19:55:16.266231,IDLE,55.1,58.4,0.0,0.0000,0.0000
236.65,2026-05-25T19:55:16.770159,IDLE,57.7,58.4,0.0,0.0000,0.0000
237.15,2026-05-25T19:55:17.265715,IDLE,58.8,58.3,0.0,0.0000,0.0000
237.65,2026-05-25T19:55:17.767166,IDLE,57.0,58.4,0.0,0.0000,0.0000
238.15,2026-05-25T19:55:18.264762,IDLE,53.8,58.4,0.0,0.0000,0.0000
238.65,2026-05-25T19:55:18.764380,IDLE,56.3,58.4,0.0,0.0000,0.0000
239.15,2026-05-25T19:55:19.270095,IDLE,59.9,58.4,0.0,0.0000,0.0000
239.65,2026-05-25T19:55:19.766425,IDLE,57.7,58.4,0.0,0.0000,0.0000
240.15,2026-05-25T19:55:20.269634,IDLE,56.4,58.3,0.0,0.0000,0.0000
240.65,2026-05-25T19:55:20.765383,IDLE,57.0,58.4,0.0,0.0000,0.0000
241.15,2026-05-25T19:55:21.270362,IDLE,58.1,58.4,0.0,0.0000,0.0000
241.65,2026-05-25T19:55:21.765766,IDLE,57.1,58.4,0.0,0.0000,0.0000
242.15,2026-05-25T19:55:22.265054,IDLE,56.9,58.4,0.0,0.0000,0.0000
242.65,2026-05-25T19:55:22.766043,IDLE,57.2,58.4,0.0,0.0000,0.0000
243.15,2026-05-25T19:55:23.270223,IDLE,54.2,58.3,0.0,0.0000,0.0000
243.65,2026-05-25T19:55:23.765543,IDLE,56.6,58.2,0.0,0.0000,0.0000
244.15,2026-05-25T19:55:24.264415,IDLE,57.0,58.2,0.0,0.0000,0.0000
244.65,2026-05-25T19:55:24.767426,IDLE,60.3,58.3,0.0,0.0000,0.0000
245.15,2026-05-25T19:55:25.268700,IDLE,55.0,58.3,0.0,0.0000,0.0000
245.65,2026-05-25T19:55:25.764697,IDLE,59.5,58.3,0.0,0.0000,0.0000
246.15,2026-05-25T19:55:26.265635,IDLE,60.3,58.2,0.0,0.0000,0.0000
246.65,2026-05-25T19:55:26.764605,IDLE,56.7,58.3,0.0,0.0000,0.0000
247.15,2026-05-25T19:55:27.264576,IDLE,60.7,58.3,0.0,0.0000,0.0000
247.65,2026-05-25T19:55:27.766703,IDLE,58.3,58.3,0.0,0.0000,0.0000
248.15,2026-05-25T19:55:28.266166,IDLE,55.9,58.2,0.0,0.0000,0.0000
248.65,2026-05-25T19:55:28.765144,IDLE,55.8,58.2,0.0,0.0000,0.0000
249.15,2026-05-25T19:55:29.265741,IDLE,63.0,58.3,0.0,0.0000,0.0000
249.65,2026-05-25T19:55:29.767158,IDLE,60.5,58.1,0.0,0.0000,0.0000
250.15,2026-05-25T19:55:30.264906,IDLE,57.7,58.1,0.0,0.0000,0.0000
250.65,2026-05-25T19:55:30.770709,IDLE,57.5,58.1,0.0,0.0000,0.0000
251.15,2026-05-25T19:55:31.265576,IDLE,57.2,58.1,0.0,0.0000,0.0000
251.65,2026-05-25T19:55:31.766102,IDLE,57.0,58.2,0.0,0.0000,0.0000
252.15,2026-05-25T19:55:32.266910,IDLE,57.0,58.1,0.0,0.0000,0.0000
252.65,2026-05-25T19:55:32.764464,IDLE,58.2,58.1,0.0,0.0000,0.0000
253.15,2026-05-25T19:55:33.266511,IDLE,58.4,58.1,0.0,0.0000,0.0000
253.65,2026-05-25T19:55:33.764180,IDLE,57.9,58.1,0.0,0.0000,0.0000
254.15,2026-05-25T19:55:34.267649,IDLE,59.5,58.1,0.0,0.0000,0.0000
254.64,2026-05-25T19:55:34.762958,IDLE,56.4,58.1,0.0,0.0000,0.0000
255.15,2026-05-25T19:55:35.265021,IDLE,60.3,58.1,0.0,0.0000,0.0000
255.65,2026-05-25T19:55:35.765228,IDLE,56.6,58.0,0.0,0.0000,0.0000
256.15,2026-05-25T19:55:36.264569,IDLE,57.2,58.0,0.0,0.0000,0.0000
256.65,2026-05-25T19:55:36.764912,IDLE,56.2,58.0,0.0,0.0000,0.0000
257.15,2026-05-25T19:55:37.267398,IDLE,56.4,58.0,0.0,0.0000,0.0000
257.65,2026-05-25T19:55:37.765404,IDLE,61.2,58.0,0.0,0.0000,0.0000
258.15,2026-05-25T19:55:38.265865,IDLE,58.4,58.1,0.0,0.0000,0.0000
258.65,2026-05-25T19:55:38.764545,IDLE,56.6,58.1,0.0,0.0000,0.0000
259.15,2026-05-25T19:55:39.270811,IDLE,58.3,58.1,0.0,0.0000,0.0000
259.65,2026-05-25T19:55:39.765471,IDLE,56.5,58.1,0.0,0.0000,0.0000
260.15,2026-05-25T19:55:40.265106,IDLE,56.9,58.1,0.0,0.0000,0.0000
260.65,2026-05-25T19:55:40.764231,IDLE,58.8,58.1,0.0,0.0000,0.0000
261.15,2026-05-25T19:55:41.270484,IDLE,57.7,58.1,0.0,0.0000,0.0000
261.65,2026-05-25T19:55:41.765363,IDLE,57.8,58.1,0.0,0.0000,0.0000
262.15,2026-05-25T19:55:42.267569,IDLE,56.9,58.0,0.0,0.0000,0.0000
262.65,2026-05-25T19:55:42.765147,IDLE,56.5,58.1,0.0,0.0000,0.0000
263.15,2026-05-25T19:55:43.269135,IDLE,58.9,58.2,0.0,0.0000,0.0000
263.65,2026-05-25T19:55:43.766501,IDLE,57.5,58.2,0.0,0.0000,0.0000
264.15,2026-05-25T19:55:44.270582,IDLE,56.8,58.2,0.0,0.0000,0.0000
264.65,2026-05-25T19:55:44.764882,IDLE,58.6,58.1,0.0,0.0000,0.0000
265.15,2026-05-25T19:55:45.265630,IDLE,58.4,58.2,0.0,0.0000,0.0000
265.65,2026-05-25T19:55:45.766075,IDLE,62.2,58.2,0.0,0.0000,0.0000
266.15,2026-05-25T19:55:46.265673,IDLE,58.1,58.1,0.0,0.0000,0.0000
266.65,2026-05-25T19:55:46.764487,IDLE,55.1,58.2,0.0,0.0000,0.0000
267.15,2026-05-25T19:55:47.269861,IDLE,59.6,58.2,0.0,0.0000,0.0000
267.65,2026-05-25T19:55:47.765202,IDLE,55.4,58.2,0.0,0.0000,0.0000
268.15,2026-05-25T19:55:48.266078,IDLE,55.4,58.1,0.0,0.0000,0.0000
268.65,2026-05-25T19:55:48.766102,IDLE,57.9,58.2,0.0,0.0000,0.0000
269.15,2026-05-25T19:55:49.271587,IDLE,58.7,58.2,0.0,0.0000,0.0000
269.65,2026-05-25T19:55:49.764635,IDLE,60.1,58.2,0.0,0.0000,0.0000
270.15,2026-05-25T19:55:50.269901,IDLE,59.7,58.2,0.0,0.0000,0.0000
270.64,2026-05-25T19:55:50.764135,IDLE,57.1,58.2,0.0,0.0000,0.0000
271.14,2026-05-25T19:55:51.264033,IDLE,60.8,58.2,0.0,0.0000,0.0000
271.65,2026-05-25T19:55:51.764555,IDLE,55.5,58.2,0.0,0.0000,0.0000
272.15,2026-05-25T19:55:52.264578,IDLE,57.6,58.2,0.0,0.0000,0.0000
272.64,2026-05-25T19:55:52.763765,IDLE,54.9,58.2,0.0,0.0000,0.0000
273.15,2026-05-25T19:55:53.265829,IDLE,59.3,58.2,0.0,0.0000,0.0000
273.64,2026-05-25T19:55:53.763790,IDLE,61.4,58.1,0.0,0.0000,0.0000
274.15,2026-05-25T19:55:54.269755,IDLE,59.0,58.2,0.0,0.0000,0.0000
274.65,2026-05-25T19:55:54.765227,IDLE,56.7,58.2,0.0,0.0000,0.0000
275.15,2026-05-25T19:55:55.264619,IDLE,56.1,58.2,0.0,0.0000,0.0000
275.65,2026-05-25T19:55:55.771128,IDLE,58.6,58.2,0.0,0.0000,0.0000
276.15,2026-05-25T19:55:56.264227,IDLE,57.8,58.2,0.0,0.0000,0.0000
276.65,2026-05-25T19:55:56.765696,IDLE,58.9,58.2,0.0,0.0000,0.0000
277.14,2026-05-25T19:55:57.262997,IDLE,59.0,58.1,0.0,0.0000,0.0000
277.65,2026-05-25T19:55:57.764974,IDLE,57.7,58.2,0.0,0.0000,0.0000
278.15,2026-05-25T19:55:58.264523,IDLE,59.5,58.2,0.0,0.0000,0.0000
278.65,2026-05-25T19:55:58.766516,IDLE,57.3,58.2,0.0,0.0000,0.0000
279.15,2026-05-25T19:55:59.264999,IDLE,61.5,58.3,0.0,0.0000,0.0000
279.65,2026-05-25T19:55:59.764472,IDLE,55.7,58.2,0.0,0.0000,0.0000
280.15,2026-05-25T19:56:00.265345,IDLE,57.4,58.2,0.0,0.0000,0.0000
280.65,2026-05-25T19:56:00.765514,IDLE,57.4,58.3,0.0,0.0000,0.0000
281.15,2026-05-25T19:56:01.267163,IDLE,57.3,58.3,0.0,0.0000,0.0000
281.65,2026-05-25T19:56:01.764815,IDLE,63.4,58.2,0.0,0.0000,0.0000
282.15,2026-05-25T19:56:02.267504,IDLE,59.2,58.3,0.0,0.0000,0.0000
282.65,2026-05-25T19:56:02.765874,IDLE,59.3,58.3,0.0,0.0000,0.0000
283.15,2026-05-25T19:56:03.267829,IDLE,59.0,58.2,0.0,0.0000,0.0000
283.65,2026-05-25T19:56:03.770228,IDLE,57.3,58.3,0.0,0.0000,0.0000
284.15,2026-05-25T19:56:04.265476,IDLE,60.1,58.2,0.0,0.0000,0.0000
284.65,2026-05-25T19:56:04.765397,IDLE,59.9,58.3,0.0,0.0000,0.0000
285.15,2026-05-25T19:56:05.264966,IDLE,57.8,58.3,0.0,0.0000,0.0000
285.64,2026-05-25T19:56:05.762953,IDLE,60.3,58.3,0.0,0.0000,0.0000
286.15,2026-05-25T19:56:06.270126,IDLE,58.4,58.3,0.0,0.0000,0.0000
286.65,2026-05-25T19:56:06.765891,IDLE,57.2,58.2,0.0,0.0000,0.0000
287.14,2026-05-25T19:56:07.263187,IDLE,61.8,58.3,0.0,0.0000,0.0000
287.65,2026-05-25T19:56:07.764403,IDLE,61.6,58.3,0.0,0.0000,0.0000
288.15,2026-05-25T19:56:08.265199,IDLE,58.4,58.2,0.0,0.0000,0.0000
288.65,2026-05-25T19:56:08.767214,IDLE,59.2,58.3,0.0,0.0000,0.0000
289.15,2026-05-25T19:56:09.266410,IDLE,57.7,58.3,0.0,0.0000,0.0000
289.65,2026-05-25T19:56:09.765187,IDLE,60.5,58.3,0.0,0.0000,0.0000
290.15,2026-05-25T19:56:10.267095,IDLE,58.9,58.2,0.0,0.0000,0.0000
290.65,2026-05-25T19:56:10.766055,IDLE,56.8,58.2,0.0,0.0000,0.0000
291.15,2026-05-25T19:56:11.267214,IDLE,58.5,58.3,0.0,0.0000,0.0000
291.65,2026-05-25T19:56:11.764607,IDLE,57.0,58.3,0.0,0.0000,0.0000
292.15,2026-05-25T19:56:12.268574,IDLE,59.5,58.3,0.0,0.0000,0.0000
292.65,2026-05-25T19:56:12.764565,IDLE,59.3,58.3,0.0,0.0000,0.0000
293.15,2026-05-25T19:56:13.266917,IDLE,58.4,58.3,0.0,0.0000,0.0000
293.65,2026-05-25T19:56:13.765819,IDLE,58.6,58.3,0.0,0.0000,0.0000
294.14,2026-05-25T19:56:14.262529,IDLE,57.7,58.3,0.0,0.0000,0.0000
294.65,2026-05-25T19:56:14.765061,IDLE,58.0,58.3,0.0,0.0000,0.0000
295.15,2026-05-25T19:56:15.265754,IDLE,63.1,58.3,0.0,0.0000,0.0000
295.65,2026-05-25T19:56:15.766786,IDLE,58.9,58.3,0.0,0.0000,0.0000
296.15,2026-05-25T19:56:16.266655,IDLE,60.7,58.4,0.0,0.0000,0.0000
296.65,2026-05-25T19:56:16.765380,IDLE,58.1,58.3,0.0,0.0000,0.0000
297.15,2026-05-25T19:56:17.267272,IDLE,58.3,58.3,0.0,0.0000,0.0000
297.65,2026-05-25T19:56:17.765486,IDLE,63.3,58.3,0.0,0.0000,0.0000
298.15,2026-05-25T19:56:18.267197,IDLE,59.1,58.4,0.0,0.0000,0.0000
298.64,2026-05-25T19:56:18.764082,IDLE,59.0,58.4,0.0,0.0000,0.0000
299.15,2026-05-25T19:56:19.267433,IDLE,60.8,58.3,0.0,0.0000,0.0000
299.64,2026-05-25T19:56:19.764133,IDLE,57.3,58.3,0.0,0.0000,0.0000
300.15,2026-05-25T19:56:20.267706,IDLE,56.4,58.4,0.0,0.0000,0.0000
300.65,2026-05-25T19:56:20.764456,IDLE,59.8,58.4,0.0,0.0000,0.0000
301.15,2026-05-25T19:56:21.270492,IDLE,58.7,58.4,0.0,0.0000,0.0000
301.65,2026-05-25T19:56:21.765268,IDLE,58.1,58.4,0.0,0.0000,0.0000
302.15,2026-05-25T19:56:22.266604,IDLE,58.9,58.4,0.0,0.0000,0.0000
302.65,2026-05-25T19:56:22.764874,IDLE,55.4,58.4,0.0,0.0000,0.0000
303.15,2026-05-25T19:56:23.264325,IDLE,61.5,58.3,0.0,0.0000,0.0000
303.65,2026-05-25T19:56:23.764496,IDLE,58.1,58.4,0.0,0.0000,0.0000
304.15,2026-05-25T19:56:24.269371,IDLE,58.7,58.3,0.0,0.0000,0.0000
304.65,2026-05-25T19:56:24.764967,IDLE,57.6,58.4,0.0,0.0000,0.0000
305.15,2026-05-25T19:56:25.266129,IDLE,59.3,58.4,0.0,0.0000,0.0000
305.64,2026-05-25T19:56:25.763775,IDLE,62.2,58.4,0.0,0.0000,0.0000
306.15,2026-05-25T19:56:26.265994,IDLE,59.0,58.4,0.0,0.0000,0.0000
306.65,2026-05-25T19:56:26.764985,IDLE,58.2,58.3,0.0,0.0000,0.0000
307.14,2026-05-25T19:56:27.263096,IDLE,57.8,58.5,0.0,0.0000,0.0000
307.65,2026-05-25T19:56:27.764281,IDLE,58.5,58.5,0.0,0.0000,0.0000
308.16,2026-05-25T19:56:28.279835,IDLE,61.0,58.4,0.0,0.0000,0.0000
308.65,2026-05-25T19:56:28.765500,IDLE,62.3,58.2,0.0,0.0000,0.0000
309.15,2026-05-25T19:56:29.265497,IDLE,60.1,58.2,0.0,0.0000,0.0000
309.65,2026-05-25T19:56:29.765848,IDLE,61.3,58.2,0.0,0.0000,0.0000
310.14,2026-05-25T19:56:30.263214,IDLE,60.2,58.1,0.0,0.0000,0.0000
310.64,2026-05-25T19:56:30.763607,IDLE,58.4,58.1,0.0,0.0000,0.0000
311.15,2026-05-25T19:56:31.265622,IDLE,64.9,58.2,0.0,0.0000,0.0000
311.65,2026-05-25T19:56:31.768967,IDLE,56.9,58.2,0.0,0.0000,0.0000
312.15,2026-05-25T19:56:32.266077,IDLE,58.4,58.2,0.0,0.0000,0.0000
312.65,2026-05-25T19:56:32.764183,IDLE,56.5,58.2,0.0,0.0000,0.0000
313.15,2026-05-25T19:56:33.267406,IDLE,58.1,58.1,0.0,0.0000,0.0000
313.65,2026-05-25T19:56:33.766146,IDLE,61.9,58.2,0.0,0.0000,0.0000
314.15,2026-05-25T19:56:34.267629,IDLE,59.9,58.1,0.0,0.0000,0.0000
314.65,2026-05-25T19:56:34.764807,IDLE,56.5,58.2,0.0,0.0000,0.0000
315.15,2026-05-25T19:56:35.268506,IDLE,59.1,58.2,0.0,0.0000,0.0000
315.65,2026-05-25T19:56:35.765500,IDLE,58.8,58.1,0.0,0.0000,0.0000
316.14,2026-05-25T19:56:36.263162,IDLE,59.9,58.2,0.0,0.0000,0.0000
316.65,2026-05-25T19:56:36.766586,IDLE,61.2,58.2,0.0,0.0000,0.0000
317.15,2026-05-25T19:56:37.268588,IDLE,58.6,58.2,0.0,0.0000,0.0000
317.65,2026-05-25T19:56:37.765256,IDLE,58.3,58.2,0.0,0.0000,0.0000
318.15,2026-05-25T19:56:38.267485,IDLE,59.3,58.2,0.0,0.0000,0.0000
318.65,2026-05-25T19:56:38.764611,IDLE,60.0,58.2,0.0,0.0000,0.0000
319.15,2026-05-25T19:56:39.265096,IDLE,62.5,58.2,0.0,0.0000,0.0000
319.65,2026-05-25T19:56:39.764844,IDLE,61.2,58.1,0.0,0.0000,0.0000
320.15,2026-05-25T19:56:40.265317,IDLE,57.8,58.2,0.0,0.0000,0.0000
320.65,2026-05-25T19:56:40.764951,IDLE,58.3,58.3,0.0,0.0000,0.0000
321.15,2026-05-25T19:56:41.264995,IDLE,59.0,58.3,0.0,0.0000,0.0000
321.65,2026-05-25T19:56:41.764427,IDLE,62.0,58.2,0.0,0.0000,0.0000
322.15,2026-05-25T19:56:42.267028,IDLE,58.4,58.2,0.0,0.0000,0.0000
322.65,2026-05-25T19:56:42.765509,IDLE,59.7,58.2,0.0,0.0000,0.0000
323.15,2026-05-25T19:56:43.266017,IDLE,60.5,58.2,0.0,0.0000,0.0000
323.65,2026-05-25T19:56:43.765186,IDLE,58.1,58.2,0.0,0.0000,0.0000
324.15,2026-05-25T19:56:44.265819,IDLE,57.0,58.2,0.0,0.0000,0.0000
324.65,2026-05-25T19:56:44.768992,IDLE,59.6,58.2,0.0,0.0000,0.0000
325.15,2026-05-25T19:56:45.266219,IDLE,57.8,58.2,0.0,0.0000,0.0000
325.65,2026-05-25T19:56:45.765930,IDLE,59.5,58.2,0.0,0.0000,0.0000
326.14,2026-05-25T19:56:46.262348,IDLE,57.5,58.2,0.0,0.0000,0.0000
326.65,2026-05-25T19:56:46.767440,IDLE,58.6,58.2,0.0,0.0000,0.0000
327.15,2026-05-25T19:56:47.265451,IDLE,60.7,58.3,0.0,0.0000,0.0000
327.65,2026-05-25T19:56:47.766391,IDLE,57.9,58.2,0.0,0.0000,0.0000
328.14,2026-05-25T19:56:48.262434,IDLE,57.1,58.3,0.0,0.0000,0.0000
328.65,2026-05-25T19:56:48.766100,IDLE,59.0,58.3,0.0,0.0000,0.0000
329.15,2026-05-25T19:56:49.268229,IDLE,59.9,58.3,0.0,0.0000,0.0000
329.65,2026-05-25T19:56:49.767399,IDLE,61.4,58.3,0.0,0.0000,0.0000
330.14,2026-05-25T19:56:50.263610,IDLE,61.0,58.3,0.0,0.0000,0.0000
330.65,2026-05-25T19:56:50.764254,IDLE,57.3,58.2,0.0,0.0000,0.0000
331.15,2026-05-25T19:56:51.266349,IDLE,56.9,58.2,0.0,0.0000,0.0000
331.65,2026-05-25T19:56:51.766780,IDLE,57.3,58.2,0.0,0.0000,0.0000
332.15,2026-05-25T19:56:52.266786,IDLE,54.8,58.3,0.0,0.0000,0.0000
332.64,2026-05-25T19:56:52.763812,IDLE,56.2,58.2,0.0,0.0000,0.0000
333.15,2026-05-25T19:56:53.266673,IDLE,55.7,58.2,0.0,0.0000,0.0000
333.65,2026-05-25T19:56:53.767583,IDLE,59.3,58.3,0.0,0.0000,0.0000
334.15,2026-05-25T19:56:54.266626,IDLE,58.6,58.3,0.0,0.0000,0.0000
334.65,2026-05-25T19:56:54.765521,IDLE,61.1,58.3,0.0,0.0000,0.0000
335.15,2026-05-25T19:56:55.266326,IDLE,62.4,58.1,0.0,0.0000,0.0000
335.65,2026-05-25T19:56:55.766083,IDLE,54.7,58.2,0.0,0.0000,0.0000
336.15,2026-05-25T19:56:56.265909,IDLE,56.4,58.1,0.0,0.0000,0.0000
336.64,2026-05-25T19:56:56.763068,IDLE,57.3,58.2,0.0,0.0000,0.0000
337.15,2026-05-25T19:56:57.266555,IDLE,57.5,58.2,0.0,0.0000,0.0000
337.65,2026-05-25T19:56:57.765808,IDLE,59.5,58.2,0.0,0.0000,0.0000
338.14,2026-05-25T19:56:58.263890,IDLE,55.9,58.2,0.0,0.0000,0.0000
338.65,2026-05-25T19:56:58.766733,IDLE,56.9,58.1,0.0,0.0000,0.0000
339.15,2026-05-25T19:56:59.264935,IDLE,56.2,58.1,0.0,0.0000,0.0000
339.64,2026-05-25T19:56:59.764045,IDLE,57.0,58.1,0.0,0.0000,0.0000
340.15,2026-05-25T19:57:00.265074,IDLE,58.9,58.2,0.0,0.0000,0.0000
340.64,2026-05-25T19:57:00.763579,IDLE,58.7,58.1,0.0,0.0000,0.0000
341.15,2026-05-25T19:57:01.264244,IDLE,54.4,58.2,0.0,0.0000,0.0000
341.65,2026-05-25T19:57:01.764690,IDLE,57.7,58.2,0.0,0.0000,0.0000
342.15,2026-05-25T19:57:02.267799,IDLE,55.1,58.3,0.0,0.0000,0.0000
342.64,2026-05-25T19:57:02.762545,IDLE,56.8,58.2,0.0,0.0000,0.0000
343.15,2026-05-25T19:57:03.266792,IDLE,60.3,58.3,0.0,0.0000,0.0000
343.65,2026-05-25T19:57:03.765403,IDLE,57.2,58.3,0.0,0.0000,0.0000
344.15,2026-05-25T19:57:04.266095,IDLE,55.6,58.2,0.0,0.0000,0.0000
344.65,2026-05-25T19:57:04.766502,IDLE,56.2,58.3,0.0,0.0000,0.0000
345.15,2026-05-25T19:57:05.267187,IDLE,56.2,58.2,0.0,0.0000,0.0000
345.64,2026-05-25T19:57:05.763845,IDLE,61.4,58.2,0.0,0.0000,0.0000
346.15,2026-05-25T19:57:06.265831,IDLE,57.7,58.2,0.0,0.0000,0.0000
346.65,2026-05-25T19:57:06.764970,IDLE,53.0,58.2,0.0,0.0000,0.0000
347.15,2026-05-25T19:57:07.267560,IDLE,58.3,58.1,0.0,0.0000,0.0000
347.64,2026-05-25T19:57:07.763682,IDLE,54.0,58.2,0.0,0.0000,0.0000
348.15,2026-05-25T19:57:08.266881,IDLE,56.7,58.2,0.0,0.0000,0.0000
348.65,2026-05-25T19:57:08.770615,IDLE,55.0,58.2,0.0,0.0000,0.0000
349.14,2026-05-25T19:57:09.263715,IDLE,54.8,58.2,0.0,0.0000,0.0000
349.65,2026-05-25T19:57:09.766321,IDLE,56.5,58.2,0.0,0.0000,0.0000
350.15,2026-05-25T19:57:10.267273,IDLE,55.1,58.2,0.0,0.0000,0.0000
350.65,2026-05-25T19:57:10.764689,IDLE,54.3,58.2,0.0,0.0000,0.0000
351.15,2026-05-25T19:57:11.269049,IDLE,58.7,58.2,0.0,0.0000,0.0000
351.65,2026-05-25T19:57:11.766004,IDLE,56.7,58.2,0.0,0.0000,0.0000
352.15,2026-05-25T19:57:12.264369,IDLE,55.1,58.2,0.0,0.0000,0.0000
352.65,2026-05-25T19:57:12.766299,IDLE,53.4,58.2,0.0,0.0000,0.0000
353.15,2026-05-25T19:57:13.266134,IDLE,55.4,58.3,0.0,0.0000,0.0000
353.64,2026-05-25T19:57:13.763365,IDLE,58.8,58.3,0.0,0.0000,0.0000
354.15,2026-05-25T19:57:14.265799,IDLE,55.0,58.2,0.0,0.0000,0.0000
354.65,2026-05-25T19:57:14.766445,IDLE,54.6,58.3,0.0,0.0000,0.0000
355.14,2026-05-25T19:57:15.262437,IDLE,56.0,58.3,0.0,0.0000,0.0000
355.65,2026-05-25T19:57:15.764571,IDLE,56.6,58.3,0.0,0.0000,0.0000
356.15,2026-05-25T19:57:16.266972,IDLE,54.2,58.3,0.0,0.0000,0.0000
356.65,2026-05-25T19:57:16.767560,IDLE,56.6,58.2,0.0,0.0000,0.0000
357.15,2026-05-25T19:57:17.266328,IDLE,53.9,58.3,0.0,0.0000,0.0000
357.65,2026-05-25T19:57:17.766086,IDLE,57.5,58.3,0.0,0.0000,0.0000
358.14,2026-05-25T19:57:18.263995,IDLE,56.2,58.3,0.0,0.0000,0.0000
358.65,2026-05-25T19:57:18.765674,IDLE,54.1,58.3,0.0,0.0000,0.0000
359.14,2026-05-25T19:57:19.264109,IDLE,59.6,58.3,0.0,0.0000,0.0000
359.65,2026-05-25T19:57:19.766891,IDLE,55.5,58.3,0.0,0.0000,0.0000
360.15,2026-05-25T19:57:20.266207,IDLE,54.3,58.4,0.0,0.0000,0.0000
360.65,2026-05-25T19:57:20.765313,IDLE,55.9,58.4,0.0,0.0000,0.0000
361.15,2026-05-25T19:57:21.266720,IDLE,58.0,58.4,0.0,0.0000,0.0000
361.65,2026-05-25T19:57:21.768119,IDLE,59.4,58.3,0.0,0.0000,0.0000
362.14,2026-05-25T19:57:22.262808,IDLE,60.6,58.4,0.0,0.0000,0.0000
362.64,2026-05-25T19:57:22.763642,IDLE,53.3,58.1,0.0,0.0000,0.0000
363.15,2026-05-25T19:57:23.267207,IDLE,54.6,58.1,0.0,0.0000,0.0000
363.65,2026-05-25T19:57:23.764742,IDLE,52.2,58.0,0.0,0.0000,0.0000
364.15,2026-05-25T19:57:24.269233,IDLE,57.4,58.2,0.0,0.0000,0.0000
364.65,2026-05-25T19:57:24.764348,IDLE,57.8,58.1,0.0,0.0000,0.0000
365.15,2026-05-25T19:57:25.264264,IDLE,54.2,58.1,0.0,0.0000,0.0000
365.65,2026-05-25T19:57:25.764799,IDLE,57.7,58.2,0.0,0.0000,0.0000
366.15,2026-05-25T19:57:26.264888,IDLE,56.7,58.1,0.0,0.0000,0.0000
366.64,2026-05-25T19:57:26.762987,IDLE,54.6,58.1,0.0,0.0000,0.0000
367.15,2026-05-25T19:57:27.266944,IDLE,57.3,58.2,0.0,0.0000,0.0000
367.64,2026-05-25T19:57:27.762835,IDLE,57.1,58.2,0.0,0.0000,0.0000
368.15,2026-05-25T19:57:28.264818,IDLE,56.7,58.2,0.0,0.0000,0.0000
368.64,2026-05-25T19:57:28.763051,IDLE,57.9,58.1,0.0,0.0000,0.0000
369.15,2026-05-25T19:57:29.264325,IDLE,58.2,58.1,0.0,0.0000,0.0000
369.65,2026-05-25T19:57:29.764655,IDLE,59.9,58.1,0.0,0.0000,0.0000
370.14,2026-05-25T19:57:30.263814,IDLE,58.5,58.1,0.0,0.0000,0.0000
370.65,2026-05-25T19:57:30.764955,IDLE,56.5,58.1,0.0,0.0000,0.0000
371.15,2026-05-25T19:57:31.267649,IDLE,57.5,58.1,0.0,0.0000,0.0000
371.64,2026-05-25T19:57:31.763056,IDLE,54.3,58.1,0.0,0.0000,0.0000
372.14,2026-05-25T19:57:32.262919,IDLE,55.9,58.1,0.0,0.0000,0.0000
372.65,2026-05-25T19:57:32.766950,IDLE,59.0,58.1,0.0,0.0000,0.0000
373.15,2026-05-25T19:57:33.267022,IDLE,55.0,58.1,0.0,0.0000,0.0000
373.64,2026-05-25T19:57:33.763278,IDLE,58.2,58.3,0.0,0.0000,0.0000
374.15,2026-05-25T19:57:34.267672,IDLE,56.3,58.3,0.0,0.0000,0.0000
374.65,2026-05-25T19:57:34.766656,IDLE,55.5,58.2,0.0,0.0000,0.0000
375.15,2026-05-25T19:57:35.264409,IDLE,60.4,58.3,0.0,0.0000,0.0000
375.65,2026-05-25T19:57:35.767841,IDLE,53.4,58.2,0.0,0.0000,0.0000
376.15,2026-05-25T19:57:36.265209,IDLE,57.1,58.2,0.0,0.0000,0.0000
376.65,2026-05-25T19:57:36.765270,IDLE,55.0,58.3,0.0,0.0000,0.0000
377.14,2026-05-25T19:57:37.263584,IDLE,53.9,58.3,0.0,0.0000,0.0000
377.65,2026-05-25T19:57:37.767918,IDLE,59.2,58.3,0.0,0.0000,0.0000
378.15,2026-05-25T19:57:38.267193,IDLE,54.4,58.3,0.0,0.0000,0.0000
378.65,2026-05-25T19:57:38.764958,IDLE,55.8,58.3,0.0,0.0000,0.0000
379.15,2026-05-25T19:57:39.267041,IDLE,57.1,58.3,0.0,0.0000,0.0000
379.65,2026-05-25T19:57:39.764207,IDLE,53.0,58.3,0.0,0.0000,0.0000
380.15,2026-05-25T19:57:40.266710,IDLE,52.3,58.3,0.0,0.0000,0.0000
380.64,2026-05-25T19:57:40.762321,IDLE,58.0,58.3,0.0,0.0000,0.0000
381.14,2026-05-25T19:57:41.263675,IDLE,56.5,58.2,0.0,0.0000,0.0000
381.65,2026-05-25T19:57:41.764365,IDLE,60.7,58.3,0.0,0.0000,0.0000
382.14,2026-05-25T19:57:42.263967,IDLE,55.6,58.2,0.0,0.0000,0.0000
382.65,2026-05-25T19:57:42.764825,IDLE,55.5,58.2,0.0,0.0000,0.0000
383.15,2026-05-25T19:57:43.264397,IDLE,58.6,58.2,0.0,0.0000,0.0000
383.65,2026-05-25T19:57:43.767944,IDLE,55.1,58.2,0.0,0.0000,0.0000
384.14,2026-05-25T19:57:44.263571,IDLE,53.9,58.2,0.0,0.0000,0.0000
384.64,2026-05-25T19:57:44.763421,IDLE,56.1,58.2,0.0,0.0000,0.0000
385.15,2026-05-25T19:57:45.268976,IDLE,56.5,58.2,0.0,0.0000,0.0000
385.64,2026-05-25T19:57:45.763114,IDLE,60.1,58.1,0.0,0.0000,0.0000
386.14,2026-05-25T19:57:46.263202,IDLE,55.2,58.2,0.0,0.0000,0.0000
386.65,2026-05-25T19:57:46.765262,IDLE,54.1,58.2,0.0,0.0000,0.0000
387.15,2026-05-25T19:57:47.268048,IDLE,56.2,58.3,0.0,0.0000,0.0000
387.65,2026-05-25T19:57:47.767384,IDLE,55.7,58.2,0.0,0.0000,0.0000
388.14,2026-05-25T19:57:48.263981,IDLE,55.9,58.2,0.0,0.0000,0.0000
388.65,2026-05-25T19:57:48.764359,IDLE,57.5,58.2,0.0,0.0000,0.0000
389.15,2026-05-25T19:57:49.268669,IDLE,57.4,58.2,0.0,0.0000,0.0000
389.65,2026-05-25T19:57:49.765355,IDLE,58.2,58.3,0.0,0.0000,0.0000
390.14,2026-05-25T19:57:50.263778,IDLE,56.8,58.3,0.0,0.0000,0.0000
390.65,2026-05-25T19:57:50.766885,IDLE,52.8,58.3,0.0,0.0000,0.0000
391.15,2026-05-25T19:57:51.266988,IDLE,60.3,58.3,0.0,0.0000,0.0000
391.65,2026-05-25T19:57:51.764774,IDLE,55.7,58.3,0.0,0.0000,0.0000
392.15,2026-05-25T19:57:52.265107,IDLE,55.6,58.3,0.0,0.0000,0.0000
392.64,2026-05-25T19:57:52.762900,IDLE,54.4,58.2,0.0,0.0000,0.0000
393.15,2026-05-25T19:57:53.266115,IDLE,55.2,58.2,0.0,0.0000,0.0000
393.65,2026-05-25T19:57:53.766530,IDLE,61.3,58.2,0.0,0.0000,0.0000
394.15,2026-05-25T19:57:54.264912,IDLE,58.4,58.3,0.0,0.0000,0.0000
394.65,2026-05-25T19:57:54.765935,IDLE,55.8,58.3,0.0,0.0000,0.0000
395.15,2026-05-25T19:57:55.267483,IDLE,58.2,58.3,0.0,0.0000,0.0000
395.65,2026-05-25T19:57:55.764440,IDLE,55.6,58.2,0.0,0.0000,0.0000
396.15,2026-05-25T19:57:56.264820,IDLE,54.3,58.2,0.0,0.0000,0.0000
396.65,2026-05-25T19:57:56.765388,IDLE,58.5,58.2,0.0,0.0000,0.0000
397.15,2026-05-25T19:57:57.266693,IDLE,57.5,58.2,0.0,0.0000,0.0000
397.64,2026-05-25T19:57:57.764053,IDLE,58.9,58.3,0.0,0.0000,0.0000
398.15,2026-05-25T19:57:58.266860,IDLE,58.8,58.2,0.0,0.0000,0.0000
398.65,2026-05-25T19:57:58.768641,IDLE,56.9,58.2,0.0,0.0000,0.0000
399.15,2026-05-25T19:57:59.265030,IDLE,59.5,58.3,0.0,0.0000,0.0000
399.65,2026-05-25T19:57:59.767371,IDLE,57.7,58.3,0.0,0.0000,0.0000
400.15,2026-05-25T19:58:00.268678,IDLE,56.0,58.3,0.0,0.0000,0.0000
400.65,2026-05-25T19:58:00.767904,IDLE,56.2,58.3,0.0,0.0000,0.0000
401.15,2026-05-25T19:58:01.266063,IDLE,58.2,58.2,0.0,0.0000,0.0000
401.65,2026-05-25T19:58:01.771190,IDLE,62.9,58.2,0.0,0.0000,0.0000
402.15,2026-05-25T19:58:02.267911,IDLE,59.6,58.1,0.0,0.0000,0.0000
402.65,2026-05-25T19:58:02.765362,IDLE,57.4,58.1,0.0,0.0000,0.0000
403.15,2026-05-25T19:58:03.267618,IDLE,57.4,58.1,0.0,0.0000,0.0000
403.65,2026-05-25T19:58:03.765158,IDLE,57.9,58.2,0.0,0.0000,0.0000
404.15,2026-05-25T19:58:04.265954,IDLE,57.6,58.1,0.0,0.0000,0.0000
404.65,2026-05-25T19:58:04.765150,IDLE,58.0,58.2,0.0,0.0000,0.0000
405.15,2026-05-25T19:58:05.266561,IDLE,56.5,58.1,0.0,0.0000,0.0000
405.65,2026-05-25T19:58:05.765867,IDLE,59.7,58.2,0.0,0.0000,0.0000
406.15,2026-05-25T19:58:06.266099,IDLE,55.7,58.1,0.0,0.0000,0.0000
406.65,2026-05-25T19:58:06.766600,IDLE,56.4,58.1,0.0,0.0000,0.0000
407.15,2026-05-25T19:58:07.265634,IDLE,59.7,58.2,0.0,0.0000,0.0000
407.65,2026-05-25T19:58:07.765270,IDLE,59.0,58.2,0.0,0.0000,0.0000
408.15,2026-05-25T19:58:08.269567,IDLE,57.6,58.1,0.0,0.0000,0.0000
408.64,2026-05-25T19:58:08.763902,IDLE,57.2,58.0,0.0,0.0000,0.0000
409.15,2026-05-25T19:58:09.264951,IDLE,57.2,58.0,0.0,0.0000,0.0000
409.64,2026-05-25T19:58:09.763477,IDLE,61.3,58.0,0.0,0.0000,0.0000
410.15,2026-05-25T19:58:10.266297,IDLE,57.3,58.0,0.0,0.0000,0.0000
410.65,2026-05-25T19:58:10.764896,IDLE,57.6,58.1,0.0,0.0000,0.0000
411.15,2026-05-25T19:58:11.267971,IDLE,58.0,58.1,0.0,0.0000,0.0000
411.64,2026-05-25T19:58:11.763242,IDLE,57.0,58.1,0.0,0.0000,0.0000
412.15,2026-05-25T19:58:12.264564,IDLE,56.2,58.2,0.0,0.0000,0.0000
412.65,2026-05-25T19:58:12.765393,IDLE,58.1,58.1,0.0,0.0000,0.0000
413.15,2026-05-25T19:58:13.265305,IDLE,58.6,58.1,0.0,0.0000,0.0000
413.65,2026-05-25T19:58:13.764639,IDLE,59.1,58.1,0.0,0.0000,0.0000
414.15,2026-05-25T19:58:14.264732,IDLE,57.3,58.1,0.0,0.0000,0.0000
414.65,2026-05-25T19:58:14.765278,IDLE,56.4,58.1,0.0,0.0000,0.0000
415.15,2026-05-25T19:58:15.265272,IDLE,60.5,58.1,0.0,0.0000,0.0000
415.65,2026-05-25T19:58:15.765700,IDLE,59.7,58.0,0.0,0.0000,0.0000
416.15,2026-05-25T19:58:16.264267,IDLE,58.7,58.2,0.0,0.0000,0.0000
416.65,2026-05-25T19:58:16.765340,IDLE,58.8,58.2,0.0,0.0000,0.0000
417.15,2026-05-25T19:58:17.264561,IDLE,58.4,58.1,0.0,0.0000,0.0000
417.65,2026-05-25T19:58:17.765691,IDLE,60.3,58.2,0.0,0.0000,0.0000
418.15,2026-05-25T19:58:18.265490,IDLE,57.8,58.0,0.0,0.0000,0.0000
418.65,2026-05-25T19:58:18.766147,IDLE,57.4,58.1,0.0,0.0000,0.0000
419.15,2026-05-25T19:58:19.264338,IDLE,58.6,58.2,0.0,0.0000,0.0000
419.65,2026-05-25T19:58:19.765423,IDLE,57.1,58.1,0.0,0.0000,0.0000
420.15,2026-05-25T19:58:20.266121,IDLE,59.0,58.1,0.0,0.0000,0.0000
420.65,2026-05-25T19:58:20.765167,IDLE,57.5,58.1,0.0,0.0000,0.0000
421.15,2026-05-25T19:58:21.270421,IDLE,59.5,58.2,0.0,0.0000,0.0000
421.64,2026-05-25T19:58:21.762596,IDLE,60.1,58.1,0.0,0.0000,0.0000
422.15,2026-05-25T19:58:22.265847,IDLE,58.4,58.1,0.0,0.0000,0.0000
422.64,2026-05-25T19:58:22.763887,IDLE,58.3,58.1,0.0,0.0000,0.0000
423.15,2026-05-25T19:58:23.265247,IDLE,62.2,58.2,0.0,0.0000,0.0000
423.64,2026-05-25T19:58:23.763421,IDLE,57.6,58.1,0.0,0.0000,0.0000
424.15,2026-05-25T19:58:24.264664,IDLE,57.1,58.1,0.0,0.0000,0.0000
424.65,2026-05-25T19:58:24.765926,IDLE,57.0,58.0,0.0,0.0000,0.0000
425.15,2026-05-25T19:58:25.264269,IDLE,56.8,58.0,0.0,0.0000,0.0000
425.64,2026-05-25T19:58:25.763410,IDLE,62.5,58.0,0.0,0.0000,0.0000
426.15,2026-05-25T19:58:26.264413,IDLE,58.2,58.1,0.0,0.0000,0.0000
426.65,2026-05-25T19:58:26.766126,IDLE,58.5,58.2,0.0,0.0000,0.0000
427.15,2026-05-25T19:58:27.265954,IDLE,59.7,58.2,0.0,0.0000,0.0000
427.65,2026-05-25T19:58:27.764839,IDLE,59.7,58.2,0.0,0.0000,0.0000
428.15,2026-05-25T19:58:28.265387,IDLE,55.2,58.1,0.0,0.0000,0.0000
428.65,2026-05-25T19:58:28.764611,IDLE,59.5,58.0,0.0,0.0000,0.0000
429.14,2026-05-25T19:58:29.263921,IDLE,58.8,58.0,0.0,0.0000,0.0000
429.65,2026-05-25T19:58:29.765538,IDLE,60.3,58.0,0.0,0.0000,0.0000
430.15,2026-05-25T19:58:30.264887,IDLE,58.6,58.1,0.0,0.0000,0.0000
430.65,2026-05-25T19:58:30.764830,IDLE,58.7,58.1,0.0,0.0000,0.0000
431.15,2026-05-25T19:58:31.265293,IDLE,61.3,58.1,0.0,0.0000,0.0000
431.65,2026-05-25T19:58:31.769733,IDLE,59.3,58.1,0.0,0.0000,0.0000
432.15,2026-05-25T19:58:32.269260,IDLE,57.0,58.0,0.0,0.0000,0.0000
432.65,2026-05-25T19:58:32.765080,IDLE,59.0,58.1,0.0,0.0000,0.0000
433.15,2026-05-25T19:58:33.266911,IDLE,58.1,58.1,0.0,0.0000,0.0000
433.65,2026-05-25T19:58:33.769685,IDLE,60.9,58.1,0.0,0.0000,0.0000
434.15,2026-05-25T19:58:34.266661,IDLE,57.1,58.1,0.0,0.0000,0.0000
434.65,2026-05-25T19:58:34.766423,IDLE,57.0,58.1,0.0,0.0000,0.0000
435.15,2026-05-25T19:58:35.266380,IDLE,58.8,58.1,0.0,0.0000,0.0000
435.64,2026-05-25T19:58:35.762823,IDLE,57.4,58.1,0.0,0.0000,0.0000
436.15,2026-05-25T19:58:36.264776,IDLE,58.1,58.1,0.0,0.0000,0.0000
436.64,2026-05-25T19:58:36.763427,IDLE,60.6,58.1,0.0,0.0000,0.0000
437.15,2026-05-25T19:58:37.266423,IDLE,58.3,58.1,0.0,0.0000,0.0000
437.65,2026-05-25T19:58:37.770026,IDLE,61.5,58.1,0.0,0.0000,0.0000
438.15,2026-05-25T19:58:38.266506,IDLE,56.7,58.1,0.0,0.0000,0.0000
438.64,2026-05-25T19:58:38.763838,IDLE,56.7,58.2,0.0,0.0000,0.0000
439.15,2026-05-25T19:58:39.265990,IDLE,61.5,58.1,0.0,0.0000,0.0000
439.65,2026-05-25T19:58:39.765685,IDLE,57.8,58.2,0.0,0.0000,0.0000
440.15,2026-05-25T19:58:40.265643,IDLE,56.7,58.0,0.0,0.0000,0.0000
440.64,2026-05-25T19:58:40.764040,IDLE,58.0,58.0,0.0,0.0000,0.0000
441.15,2026-05-25T19:58:41.264675,IDLE,58.8,58.0,0.0,0.0000,0.0000
441.65,2026-05-25T19:58:41.766421,IDLE,62.0,58.1,0.0,0.0000,0.0000
442.15,2026-05-25T19:58:42.264626,IDLE,59.6,58.1,0.0,0.0000,0.0000
442.65,2026-05-25T19:58:42.766357,IDLE,58.8,58.1,0.0,0.0000,0.0000
443.15,2026-05-25T19:58:43.265582,IDLE,58.6,58.2,0.0,0.0000,0.0000
443.65,2026-05-25T19:58:43.767456,IDLE,56.5,58.1,0.0,0.0000,0.0000
444.15,2026-05-25T19:58:44.264377,IDLE,56.7,58.1,0.0,0.0000,0.0000
444.65,2026-05-25T19:58:44.764454,IDLE,59.5,58.1,0.0,0.0000,0.0000
445.15,2026-05-25T19:58:45.266215,IDLE,57.0,58.1,0.0,0.0000,0.0000
445.65,2026-05-25T19:58:45.765952,IDLE,60.1,58.1,0.0,0.0000,0.0000
446.15,2026-05-25T19:58:46.265487,IDLE,57.9,58.1,0.0,0.0000,0.0000
446.64,2026-05-25T19:58:46.763762,IDLE,57.5,58.1,0.0,0.0000,0.0000
447.15,2026-05-25T19:58:47.264939,IDLE,60.8,58.1,0.0,0.0000,0.0000
447.65,2026-05-25T19:58:47.766039,IDLE,59.5,58.1,0.0,0.0000,0.0000
448.15,2026-05-25T19:58:48.265366,IDLE,58.5,58.2,0.0,0.0000,0.0000
448.64,2026-05-25T19:58:48.763897,IDLE,56.9,58.1,0.0,0.0000,0.0000
449.15,2026-05-25T19:58:49.266897,IDLE,57.9,58.1,0.0,0.0000,0.0000
449.65,2026-05-25T19:58:49.764878,IDLE,61.3,58.2,0.0,0.0000,0.0000
450.14,2026-05-25T19:58:50.263523,IDLE,56.9,58.2,0.0,0.0000,0.0000
450.65,2026-05-25T19:58:50.766044,IDLE,57.3,58.2,0.0,0.0000,0.0000
451.15,2026-05-25T19:58:51.265485,IDLE,58.7,58.1,0.0,0.0000,0.0000
451.64,2026-05-25T19:58:51.763513,IDLE,58.0,58.1,0.0,0.0000,0.0000
452.15,2026-05-25T19:58:52.265748,IDLE,55.7,58.1,0.0,0.0000,0.0000
452.65,2026-05-25T19:58:52.766389,IDLE,59.7,58.1,0.0,0.0000,0.0000
453.15,2026-05-25T19:58:53.266049,IDLE,56.2,58.1,0.0,0.0000,0.0000
453.65,2026-05-25T19:58:53.765973,IDLE,58.6,58.1,0.0,0.0000,0.0000
454.15,2026-05-25T19:58:54.267040,IDLE,57.6,58.1,0.0,0.0000,0.0000
454.65,2026-05-25T19:58:54.767203,IDLE,57.4,58.1,0.0,0.0000,0.0000
455.14,2026-05-25T19:58:55.262861,IDLE,61.5,58.2,0.0,0.0000,0.0000
455.65,2026-05-25T19:58:55.765151,IDLE,57.7,58.1,0.0,0.0000,0.0000
456.15,2026-05-25T19:58:56.264676,IDLE,57.5,58.2,0.0,0.0000,0.0000
456.65,2026-05-25T19:58:56.765862,IDLE,57.7,58.1,0.0,0.0000,0.0000
457.15,2026-05-25T19:58:57.264339,IDLE,58.1,58.2,0.0,0.0000,0.0000
457.64,2026-05-25T19:58:57.763658,IDLE,61.6,58.2,0.0,0.0000,0.0000
458.15,2026-05-25T19:58:58.265621,IDLE,55.9,58.1,0.0,0.0000,0.0000
458.65,2026-05-25T19:58:58.766342,IDLE,57.8,58.1,0.0,0.0000,0.0000
459.15,2026-05-25T19:58:59.264847,IDLE,58.4,58.1,0.0,0.0000,0.0000
459.64,2026-05-25T19:58:59.763468,IDLE,56.0,58.1,0.0,0.0000,0.0000
460.15,2026-05-25T19:59:00.264532,IDLE,57.7,58.1,0.0,0.0000,0.0000
460.65,2026-05-25T19:59:00.765382,IDLE,57.0,58.1,0.0,0.0000,0.0000
461.15,2026-05-25T19:59:01.267285,IDLE,56.9,58.1,0.0,0.0000,0.0000
461.65,2026-05-25T19:59:01.766607,IDLE,60.3,58.1,0.0,0.0000,0.0000
462.15,2026-05-25T19:59:02.267685,IDLE,56.9,58.1,0.0,0.0000,0.0000
462.65,2026-05-25T19:59:02.764551,IDLE,58.2,58.1,0.0,0.0000,0.0000
463.15,2026-05-25T19:59:03.266525,IDLE,59.7,58.2,0.0,0.0000,0.0000
463.65,2026-05-25T19:59:03.765544,IDLE,59.3,58.2,0.0,0.0000,0.0000
464.15,2026-05-25T19:59:04.266509,IDLE,55.6,58.1,0.0,0.0000,0.0000
464.65,2026-05-25T19:59:04.766287,IDLE,56.2,58.2,0.0,0.0000,0.0000
465.15,2026-05-25T19:59:05.264447,IDLE,55.6,58.1,0.0,0.0000,0.0000
465.64,2026-05-25T19:59:05.763492,IDLE,61.7,58.0,0.0,0.0000,0.0000
466.15,2026-05-25T19:59:06.267073,IDLE,55.3,58.0,0.0,0.0000,0.0000
466.65,2026-05-25T19:59:06.764249,IDLE,54.7,58.2,0.0,0.0000,0.0000
467.15,2026-05-25T19:59:07.266887,IDLE,57.3,58.2,0.0,0.0000,0.0000
467.65,2026-05-25T19:59:07.765535,IDLE,54.5,58.2,0.0,0.0000,0.0000
468.15,2026-05-25T19:59:08.271257,IDLE,54.1,58.2,0.0,0.0000,0.0000
468.64,2026-05-25T19:59:08.763971,IDLE,55.9,58.2,0.0,0.0000,0.0000
469.15,2026-05-25T19:59:09.266632,IDLE,55.9,58.2,0.0,0.0000,0.0000
469.65,2026-05-25T19:59:09.764238,IDLE,52.6,58.3,0.0,0.0000,0.0000
470.15,2026-05-25T19:59:10.266405,IDLE,56.7,58.4,0.0,0.0000,0.0000
470.64,2026-05-25T19:59:10.763068,IDLE,57.0,58.4,0.0,0.0000,0.0000
471.14,2026-05-25T19:59:11.264059,IDLE,55.5,58.4,0.0,0.0000,0.0000
471.64,2026-05-25T19:59:11.762926,IDLE,60.6,58.7,0.0,0.0000,0.0000
472.14,2026-05-25T19:59:12.263789,IDLE,53.4,58.6,0.0,0.0000,0.0000
472.65,2026-05-25T19:59:12.764690,IDLE,52.8,58.6,0.0,0.0000,0.0000
473.15,2026-05-25T19:59:13.266486,IDLE,57.6,58.6,0.0,0.0000,0.0000
473.65,2026-05-25T19:59:13.767058,IDLE,58.7,58.5,0.0,0.0000,0.0000
474.15,2026-05-25T19:59:14.267071,IDLE,54.4,58.6,0.0,0.0000,0.0000
474.64,2026-05-25T19:59:14.763058,IDLE,56.7,58.6,0.0,0.0000,0.0000
475.15,2026-05-25T19:59:15.267693,IDLE,53.5,58.5,0.0,0.0000,0.0000
475.64,2026-05-25T19:59:15.763759,IDLE,55.6,58.6,0.0,0.0000,0.0000
476.15,2026-05-25T19:59:16.265344,IDLE,54.9,58.5,0.0,0.0000,0.0000
476.64,2026-05-25T19:59:16.762645,IDLE,55.6,58.6,0.0,0.0000,0.0000
477.15,2026-05-25T19:59:17.267382,IDLE,55.0,58.5,0.0,0.0000,0.0000
477.65,2026-05-25T19:59:17.766837,IDLE,57.7,58.5,0.0,0.0000,0.0000
478.15,2026-05-25T19:59:18.264817,IDLE,55.9,58.5,0.0,0.0000,0.0000
478.65,2026-05-25T19:59:18.766339,IDLE,56.6,58.6,0.0,0.0000,0.0000
479.15,2026-05-25T19:59:19.265284,IDLE,59.9,58.6,0.0,0.0000,0.0000
479.65,2026-05-25T19:59:19.764875,IDLE,55.1,58.6,0.0,0.0000,0.0000
480.15,2026-05-25T19:59:20.266869,IDLE,53.7,58.6,0.0,0.0000,0.0000
480.65,2026-05-25T19:59:20.764358,IDLE,54.6,58.5,0.0,0.0000,0.0000
481.15,2026-05-25T19:59:21.266609,IDLE,56.4,58.5,0.0,0.0000,0.0000
481.65,2026-05-25T19:59:21.765504,IDLE,58.7,58.5,0.0,0.0000,0.0000
482.15,2026-05-25T19:59:22.266952,IDLE,54.7,58.6,0.0,0.0000,0.0000
482.65,2026-05-25T19:59:22.766210,IDLE,54.3,58.5,0.0,0.0000,0.0000
483.15,2026-05-25T19:59:23.266029,IDLE,54.5,58.5,0.0,0.0000,0.0000
483.65,2026-05-25T19:59:23.767885,IDLE,56.5,58.6,0.0,0.0000,0.0000
484.15,2026-05-25T19:59:24.265522,IDLE,54.6,58.6,0.0,0.0000,0.0000
484.64,2026-05-25T19:59:24.763840,IDLE,57.3,58.6,0.0,0.0000,0.0000
485.15,2026-05-25T19:59:25.266153,IDLE,54.9,58.6,0.0,0.0000,0.0000
485.65,2026-05-25T19:59:25.764217,IDLE,58.6,58.6,0.0,0.0000,0.0000
486.15,2026-05-25T19:59:26.266600,IDLE,55.8,58.5,0.0,0.0000,0.0000
486.65,2026-05-25T19:59:26.764193,IDLE,54.9,58.6,0.0,0.0000,0.0000
487.15,2026-05-25T19:59:27.264647,IDLE,59.8,58.6,0.0,0.0000,0.0000
487.65,2026-05-25T19:59:27.764500,IDLE,56.6,58.6,0.0,0.0000,0.0000
488.15,2026-05-25T19:59:28.264818,IDLE,54.1,58.6,0.0,0.0000,0.0000
488.65,2026-05-25T19:59:28.764389,IDLE,56.5,58.5,0.0,0.0000,0.0000
489.15,2026-05-25T19:59:29.265320,IDLE,55.7,58.6,0.0,0.0000,0.0000
489.64,2026-05-25T19:59:29.764055,IDLE,60.7,58.6,0.0,0.0000,0.0000
490.15,2026-05-25T19:59:30.265433,IDLE,55.0,58.5,0.0,0.0000,0.0000
490.65,2026-05-25T19:59:30.767168,IDLE,53.7,58.6,0.0,0.0000,0.0000
491.15,2026-05-25T19:59:31.267899,IDLE,53.9,58.6,0.0,0.0000,0.0000
491.65,2026-05-25T19:59:31.770103,IDLE,55.8,58.6,0.0,0.0000,0.0000
492.15,2026-05-25T19:59:32.265791,IDLE,56.0,58.5,0.0,0.0000,0.0000
492.65,2026-05-25T19:59:32.765205,IDLE,51.8,58.5,0.0,0.0000,0.0000
493.15,2026-05-25T19:59:33.266693,IDLE,55.6,58.6,0.0,0.0000,0.0000
493.64,2026-05-25T19:59:33.763477,IDLE,57.3,58.6,0.0,0.0000,0.0000
494.15,2026-05-25T19:59:34.265128,IDLE,54.8,58.6,0.0,0.0000,0.0000
494.65,2026-05-25T19:59:34.765221,IDLE,56.3,58.6,0.0,0.0000,0.0000
495.15,2026-05-25T19:59:35.265637,IDLE,56.4,58.6,0.0,0.0000,0.0000
495.65,2026-05-25T19:59:35.765216,IDLE,60.2,58.6,0.0,0.0000,0.0000
496.15,2026-05-25T19:59:36.268222,IDLE,55.2,58.6,0.0,0.0000,0.0000
496.65,2026-05-25T19:59:36.765160,IDLE,52.3,58.6,0.0,0.0000,0.0000
497.15,2026-05-25T19:59:37.266490,IDLE,56.5,58.6,0.0,0.0000,0.0000
497.65,2026-05-25T19:59:37.765610,IDLE,61.0,58.6,0.0,0.0000,0.0000
498.15,2026-05-25T19:59:38.266878,IDLE,54.7,58.6,0.0,0.0000,0.0000
498.65,2026-05-25T19:59:38.765690,IDLE,56.6,58.6,0.0,0.0000,0.0000
499.15,2026-05-25T19:59:39.268021,IDLE,53.8,58.5,0.0,0.0000,0.0000
499.65,2026-05-25T19:59:39.765304,IDLE,57.6,58.6,0.0,0.0000,0.0000
500.14,2026-05-25T19:59:40.263423,IDLE,52.8,58.6,0.0,0.0000,0.0000
500.65,2026-05-25T19:59:40.766105,IDLE,55.9,58.6,0.0,0.0000,0.0000
501.15,2026-05-25T19:59:41.265082,IDLE,58.7,58.6,0.0,0.0000,0.0000
501.65,2026-05-25T19:59:41.764846,IDLE,58.8,58.6,0.0,0.0000,0.0000
502.15,2026-05-25T19:59:42.268170,IDLE,54.9,58.6,0.0,0.0000,0.0000
502.65,2026-05-25T19:59:42.767180,IDLE,53.1,58.6,0.0,0.0000,0.0000
503.15,2026-05-25T19:59:43.265504,IDLE,58.9,58.6,0.0,0.0000,0.0000
503.65,2026-05-25T19:59:43.765934,IDLE,55.4,58.7,0.0,0.0000,0.0000
504.15,2026-05-25T19:59:44.265618,IDLE,53.8,58.6,0.0,0.0000,0.0000
504.65,2026-05-25T19:59:44.768623,IDLE,57.0,58.6,0.0,0.0000,0.0000
505.15,2026-05-25T19:59:45.266427,IDLE,55.6,58.6,0.0,0.0000,0.0000
505.65,2026-05-25T19:59:45.766794,IDLE,59.1,58.6,0.0,0.0000,0.0000
506.15,2026-05-25T19:59:46.267536,IDLE,54.4,58.6,0.0,0.0000,0.0000
506.65,2026-05-25T19:59:46.765655,IDLE,56.1,58.6,0.0,0.0000,0.0000
507.15,2026-05-25T19:59:47.265961,IDLE,57.2,58.6,0.0,0.0000,0.0000
507.65,2026-05-25T19:59:47.765903,IDLE,54.2,58.7,0.0,0.0000,0.0000
508.15,2026-05-25T19:59:48.266311,IDLE,54.4,58.6,0.0,0.0000,0.0000
508.65,2026-05-25T19:59:48.764458,IDLE,56.9,58.6,0.0,0.0000,0.0000
509.15,2026-05-25T19:59:49.266471,IDLE,55.5,58.6,0.0,0.0000,0.0000
509.65,2026-05-25T19:59:49.767033,IDLE,60.6,58.7,0.0,0.0000,0.0000
510.15,2026-05-25T19:59:50.266140,IDLE,53.8,58.6,0.0,0.0000,0.0000
510.65,2026-05-25T19:59:50.765995,IDLE,54.1,58.6,0.0,0.0000,0.0000
511.15,2026-05-25T19:59:51.265072,IDLE,58.0,58.7,0.0,0.0000,0.0000
511.65,2026-05-25T19:59:51.765614,IDLE,58.2,58.7,0.0,0.0000,0.0000
512.15,2026-05-25T19:59:52.268518,IDLE,53.7,58.6,0.0,0.0000,0.0000
512.65,2026-05-25T19:59:52.765560,IDLE,53.9,58.6,0.0,0.0000,0.0000
513.15,2026-05-25T19:59:53.265857,IDLE,53.7,58.6,0.0,0.0000,0.0000
513.65,2026-05-25T19:59:53.768288,IDLE,57.8,58.6,0.0,0.0000,0.0000
514.15,2026-05-25T19:59:54.267619,IDLE,55.6,58.7,0.0,0.0000,0.0000
514.65,2026-05-25T19:59:54.764441,IDLE,54.3,58.6,0.0,0.0000,0.0000
515.15,2026-05-25T19:59:55.268397,IDLE,57.9,58.6,0.0,0.0000,0.0000
515.65,2026-05-25T19:59:55.766448,IDLE,53.2,58.6,0.0,0.0000,0.0000
516.14,2026-05-25T19:59:56.263268,IDLE,52.7,58.7,0.0,0.0000,0.0000
516.65,2026-05-25T19:59:56.767232,IDLE,55.8,58.7,0.0,0.0000,0.0000
517.15,2026-05-25T19:59:57.269759,IDLE,54.3,58.6,0.0,0.0000,0.0000
517.65,2026-05-25T19:59:57.766520,IDLE,57.1,58.6,0.0,0.0000,0.0000
518.15,2026-05-25T19:59:58.269799,IDLE,55.0,58.6,0.0,0.0000,0.0000
518.65,2026-05-25T19:59:58.767588,IDLE,55.1,58.6,0.0,0.0000,0.0000
519.15,2026-05-25T19:59:59.266426,IDLE,60.5,58.6,0.0,0.0000,0.0000
519.64,2026-05-25T19:59:59.763433,IDLE,56.2,58.6,0.0,0.0000,0.0000
520.14,2026-05-25T20:00:00.263540,IDLE,50.9,58.6,0.0,0.0000,0.0000
520.65,2026-05-25T20:00:00.767428,IDLE,56.2,58.6,0.0,0.0000,0.0000
521.15,2026-05-25T20:00:01.266192,IDLE,53.8,58.6,0.0,0.0000,0.0000
521.65,2026-05-25T20:00:01.767126,IDLE,62.2,58.6,0.0,0.0000,0.0000
522.15,2026-05-25T20:00:02.266677,IDLE,53.2,58.7,0.0,0.0000,0.0000
522.65,2026-05-25T20:00:02.766402,IDLE,56.7,58.6,0.0,0.0000,0.0000
523.15,2026-05-25T20:00:03.264235,IDLE,56.0,58.6,0.0,0.0000,0.0000
523.65,2026-05-25T20:00:03.766147,IDLE,56.0,58.6,0.0,0.0000,0.0000
524.15,2026-05-25T20:00:04.265849,IDLE,55.3,58.6,0.0,0.0000,0.0000
524.65,2026-05-25T20:00:04.766031,IDLE,57.6,58.6,0.0,0.0000,0.0000
525.15,2026-05-25T20:00:05.268593,IDLE,56.5,58.6,0.0,0.0000,0.0000
525.64,2026-05-25T20:00:05.763850,IDLE,58.2,58.6,0.0,0.0000,0.0000
526.15,2026-05-25T20:00:06.265571,IDLE,56.4,58.6,0.0,0.0000,0.0000
526.65,2026-05-25T20:00:06.768691,IDLE,53.8,58.7,0.0,0.0000,0.0000
527.15,2026-05-25T20:00:07.267628,IDLE,58.2,58.7,0.0,0.0000,0.0000
527.65,2026-05-25T20:00:07.766635,IDLE,54.5,58.6,0.0,0.0000,0.0000
528.15,2026-05-25T20:00:08.265749,IDLE,55.3,58.6,0.0,0.0000,0.0000
528.65,2026-05-25T20:00:08.766669,IDLE,56.1,58.7,0.0,0.0000,0.0000
529.15,2026-05-25T20:00:09.264839,IDLE,57.1,58.7,0.0,0.0000,0.0000
529.65,2026-05-25T20:00:09.767635,IDLE,60.0,58.6,0.0,0.0000,0.0000
530.15,2026-05-25T20:00:10.266072,IDLE,56.4,58.7,0.0,0.0000,0.0000
530.65,2026-05-25T20:00:10.768023,IDLE,56.9,58.6,0.0,0.0000,0.0000
531.15,2026-05-25T20:00:11.264545,IDLE,55.3,58.7,0.0,0.0000,0.0000
531.65,2026-05-25T20:00:11.767513,IDLE,59.3,58.7,0.0,0.0000,0.0000
532.15,2026-05-25T20:00:12.264859,IDLE,55.7,58.7,0.0,0.0000,0.0000
532.65,2026-05-25T20:00:12.767367,IDLE,57.1,58.7,0.0,0.0000,0.0000
533.15,2026-05-25T20:00:13.268014,IDLE,55.4,58.6,0.0,0.0000,0.0000
533.65,2026-05-25T20:00:13.766855,IDLE,59.5,58.6,0.0,0.0000,0.0000
534.14,2026-05-25T20:00:14.263264,IDLE,57.3,58.7,0.0,0.0000,0.0000
534.65,2026-05-25T20:00:14.766030,IDLE,56.4,58.6,0.0,0.0000,0.0000
535.15,2026-05-25T20:00:15.265933,IDLE,59.8,58.7,0.0,0.0000,0.0000
535.65,2026-05-25T20:00:15.765644,IDLE,57.3,58.6,0.0,0.0000,0.0000
536.15,2026-05-25T20:00:16.266197,IDLE,54.9,58.6,0.0,0.0000,0.0000
536.65,2026-05-25T20:00:16.764557,IDLE,57.1,58.6,0.0,0.0000,0.0000
537.15,2026-05-25T20:00:17.271246,IDLE,56.5,58.6,0.0,0.0000,0.0000
537.64,2026-05-25T20:00:17.764085,IDLE,61.3,58.6,0.0,0.0000,0.0000
538.15,2026-05-25T20:00:18.265131,IDLE,56.4,58.6,0.0,0.0000,0.0000
538.65,2026-05-25T20:00:18.765909,IDLE,55.9,58.7,0.0,0.0000,0.0000
539.15,2026-05-25T20:00:19.265802,IDLE,58.5,58.7,0.0,0.0000,0.0000
539.65,2026-05-25T20:00:19.765734,IDLE,57.8,58.7,0.0,0.0000,0.0000
540.15,2026-05-25T20:00:20.267203,IDLE,55.0,58.7,0.0,0.0000,0.0000
540.65,2026-05-25T20:00:20.767294,IDLE,57.9,58.7,0.0,0.0000,0.0000
541.15,2026-05-25T20:00:21.266763,IDLE,55.1,58.7,0.0,0.0000,0.0000
541.65,2026-05-25T20:00:21.766332,IDLE,61.3,58.7,0.0,0.0000,0.0000
542.15,2026-05-25T20:00:22.265310,IDLE,56.0,58.6,0.0,0.0000,0.0000
542.65,2026-05-25T20:00:22.765150,IDLE,57.3,58.6,0.0,0.0000,0.0000
543.15,2026-05-25T20:00:23.266258,IDLE,60.7,58.7,0.0,0.0000,0.0000
543.65,2026-05-25T20:00:23.766220,IDLE,60.9,58.6,0.0,0.0000,0.0000
544.15,2026-05-25T20:00:24.264354,IDLE,55.9,58.7,0.0,0.0000,0.0000
544.65,2026-05-25T20:00:24.765420,IDLE,58.2,58.7,0.0,0.0000,0.0000
545.15,2026-05-25T20:00:25.264242,IDLE,58.6,58.6,0.0,0.0000,0.0000
545.65,2026-05-25T20:00:25.766957,IDLE,58.2,58.7,0.0,0.0000,0.0000
546.14,2026-05-25T20:00:26.263712,IDLE,58.9,58.6,0.0,0.0000,0.0000
546.65,2026-05-25T20:00:26.766146,IDLE,57.1,58.6,0.0,0.0000,0.0000
547.15,2026-05-25T20:00:27.268628,IDLE,59.1,58.7,0.0,0.0000,0.0000
547.65,2026-05-25T20:00:27.766971,IDLE,58.0,58.7,0.0,0.0000,0.0000
548.15,2026-05-25T20:00:28.270498,IDLE,57.3,58.7,0.0,0.0000,0.0000
548.65,2026-05-25T20:00:28.767231,IDLE,57.8,58.7,0.0,0.0000,0.0000
549.15,2026-05-25T20:00:29.271173,IDLE,58.9,58.7,0.0,0.0000,0.0000
549.65,2026-05-25T20:00:29.766208,IDLE,59.5,58.7,0.0,0.0000,0.0000
550.15,2026-05-25T20:00:30.264266,IDLE,57.6,58.6,0.0,0.0000,0.0000
550.65,2026-05-25T20:00:30.766599,IDLE,58.7,58.6,0.0,0.0000,0.0000
551.15,2026-05-25T20:00:31.265591,IDLE,61.1,58.6,0.0,0.0000,0.0000
551.65,2026-05-25T20:00:31.766378,IDLE,57.9,58.6,0.0,0.0000,0.0000
552.15,2026-05-25T20:00:32.267073,IDLE,57.3,58.6,0.0,0.0000,0.0000
552.65,2026-05-25T20:00:32.765933,IDLE,58.7,58.6,0.0,0.0000,0.0000
553.15,2026-05-25T20:00:33.267836,IDLE,59.2,58.6,0.0,0.0000,0.0000
553.65,2026-05-25T20:00:33.768813,IDLE,61.8,58.6,0.0,0.0000,0.0000
554.15,2026-05-25T20:00:34.266282,IDLE,57.8,58.6,0.0,0.0000,0.0000
554.65,2026-05-25T20:00:34.765544,IDLE,57.3,58.6,0.0,0.0000,0.0000
555.15,2026-05-25T20:00:35.264563,IDLE,58.2,58.6,0.0,0.0000,0.0000
555.65,2026-05-25T20:00:35.766260,IDLE,57.7,58.6,0.0,0.0000,0.0000
556.15,2026-05-25T20:00:36.267948,IDLE,58.9,58.6,0.0,0.0000,0.0000
556.65,2026-05-25T20:00:36.766521,IDLE,59.0,58.6,0.0,0.0000,0.0000
557.15,2026-05-25T20:00:37.267711,IDLE,58.8,58.6,0.0,0.0000,0.0000
557.65,2026-05-25T20:00:37.766966,IDLE,61.0,58.6,0.0,0.0000,0.0000
558.15,2026-05-25T20:00:38.265857,IDLE,59.6,58.6,0.0,0.0000,0.0000
558.65,2026-05-25T20:00:38.765319,IDLE,59.7,58.6,0.0,0.0000,0.0000
559.15,2026-05-25T20:00:39.264771,IDLE,62.5,58.6,0.0,0.0000,0.0000
559.65,2026-05-25T20:00:39.766713,IDLE,59.9,58.6,0.0,0.0000,0.0000
560.15,2026-05-25T20:00:40.266525,IDLE,58.5,58.6,0.0,0.0000,0.0000
560.65,2026-05-25T20:00:40.766705,IDLE,57.7,58.7,0.0,0.0000,0.0000
561.15,2026-05-25T20:00:41.265099,IDLE,58.2,58.7,0.0,0.0000,0.0000
561.65,2026-05-25T20:00:41.767362,IDLE,62.9,58.7,0.0,0.0000,0.0000
562.15,2026-05-25T20:00:42.266949,IDLE,58.4,58.7,0.0,0.0000,0.0000
562.65,2026-05-25T20:00:42.767393,IDLE,59.0,58.7,0.0,0.0000,0.0000
563.15,2026-05-25T20:00:43.268117,IDLE,56.4,58.7,0.0,0.0000,0.0000
563.65,2026-05-25T20:00:43.771798,IDLE,59.7,58.7,0.0,0.0000,0.0000
564.15,2026-05-25T20:00:44.267158,IDLE,55.0,58.7,0.0,0.0000,0.0000
564.65,2026-05-25T20:00:44.767078,IDLE,58.3,58.7,0.0,0.0000,0.0000
565.15,2026-05-25T20:00:45.265271,IDLE,57.7,58.7,0.0,0.0000,0.0000
565.65,2026-05-25T20:00:45.765461,IDLE,58.8,58.7,0.0,0.0000,0.0000
566.14,2026-05-25T20:00:46.263371,IDLE,57.7,58.7,0.0,0.0000,0.0000
566.65,2026-05-25T20:00:46.767534,IDLE,58.0,58.7,0.0,0.0000,0.0000
567.15,2026-05-25T20:00:47.266511,IDLE,61.5,58.7,0.0,0.0000,0.0000
567.65,2026-05-25T20:00:47.767063,IDLE,59.6,58.7,0.0,0.0000,0.0000
568.15,2026-05-25T20:00:48.265205,IDLE,59.0,58.7,0.0,0.0000,0.0000
568.65,2026-05-25T20:00:48.766258,IDLE,58.2,58.7,0.0,0.0000,0.0000
569.15,2026-05-25T20:00:49.266073,IDLE,60.6,58.7,0.0,0.0000,0.0000
569.65,2026-05-25T20:00:49.765990,IDLE,64.1,58.6,0.0,0.0000,0.0000
570.15,2026-05-25T20:00:50.266789,IDLE,59.4,58.7,0.0,0.0000,0.0000
570.65,2026-05-25T20:00:50.766761,IDLE,59.4,58.6,0.0,0.0000,0.0000
571.15,2026-05-25T20:00:51.264911,IDLE,59.5,58.7,0.0,0.0000,0.0000
571.65,2026-05-25T20:00:51.767921,IDLE,60.2,58.7,0.0,0.0000,0.0000
572.15,2026-05-25T20:00:52.265050,IDLE,57.9,58.7,0.0,0.0000,0.0000
572.65,2026-05-25T20:00:52.766542,IDLE,56.5,58.7,0.0,0.0000,0.0000
573.15,2026-05-25T20:00:53.270752,IDLE,58.8,58.7,0.0,0.0000,0.0000
573.64,2026-05-25T20:00:53.763180,IDLE,58.8,58.7,0.0,0.0000,0.0000
574.15,2026-05-25T20:00:54.264301,IDLE,57.3,58.7,0.0,0.0000,0.0000
574.65,2026-05-25T20:00:54.770124,IDLE,57.7,58.7,0.0,0.0000,0.0000
575.15,2026-05-25T20:00:55.265299,IDLE,60.9,58.7,0.0,0.0000,0.0000
575.65,2026-05-25T20:00:55.765110,IDLE,59.7,58.7,0.0,0.0000,0.0000
576.15,2026-05-25T20:00:56.267963,IDLE,58.0,58.7,0.0,0.0000,0.0000
576.65,2026-05-25T20:00:56.765083,IDLE,60.2,58.7,0.0,0.0000,0.0000
577.15,2026-05-25T20:00:57.264746,IDLE,58.5,58.7,0.0,0.0000,0.0000
577.65,2026-05-25T20:00:57.764900,IDLE,61.4,58.7,0.0,0.0000,0.0000
578.15,2026-05-25T20:00:58.265423,IDLE,56.5,58.7,0.0,0.0000,0.0000
578.65,2026-05-25T20:00:58.765109,IDLE,59.1,58.7,0.0,0.0000,0.0000
579.15,2026-05-25T20:00:59.266276,IDLE,58.2,58.7,0.0,0.0000,0.0000
579.65,2026-05-25T20:00:59.766164,IDLE,58.3,58.7,0.0,0.0000,0.0000
580.15,2026-05-25T20:01:00.266017,IDLE,59.5,58.7,0.0,0.0000,0.0000
580.65,2026-05-25T20:01:00.766836,IDLE,60.6,58.7,0.0,0.0000,0.0000
581.15,2026-05-25T20:01:01.265590,IDLE,58.0,58.7,0.0,0.0000,0.0000
581.65,2026-05-25T20:01:01.765985,IDLE,60.8,58.7,0.0,0.0000,0.0000
582.15,2026-05-25T20:01:02.267572,IDLE,58.8,58.7,0.0,0.0000,0.0000
582.65,2026-05-25T20:01:02.765175,IDLE,58.1,58.7,0.0,0.0000,0.0000
583.15,2026-05-25T20:01:03.264778,IDLE,61.5,58.7,0.0,0.0000,0.0000
583.65,2026-05-25T20:01:03.765618,IDLE,60.5,58.7,0.0,0.0000,0.0000
584.15,2026-05-25T20:01:04.268420,IDLE,57.2,58.7,0.0,0.0000,0.0000
584.65,2026-05-25T20:01:04.767479,IDLE,58.3,58.7,0.0,0.0000,0.0000
585.15,2026-05-25T20:01:05.267226,IDLE,58.7,58.7,0.0,0.0000,0.0000
585.65,2026-05-25T20:01:05.766460,IDLE,60.8,58.7,0.0,0.0000,0.0000
586.15,2026-05-25T20:01:06.265297,IDLE,58.0,58.7,0.0,0.0000,0.0000
586.65,2026-05-25T20:01:06.767587,IDLE,58.2,58.7,0.0,0.0000,0.0000
587.15,2026-05-25T20:01:07.269626,IDLE,57.2,58.7,0.0,0.0000,0.0000
587.65,2026-05-25T20:01:07.766188,IDLE,58.7,58.7,0.0,0.0000,0.0000
588.15,2026-05-25T20:01:08.266969,IDLE,58.7,58.7,0.0,0.0000,0.0000
588.65,2026-05-25T20:01:08.766974,IDLE,58.7,58.7,0.0,0.0000,0.0000
589.15,2026-05-25T20:01:09.268197,IDLE,57.1,58.7,0.0,0.0000,0.0000
589.65,2026-05-25T20:01:09.765556,IDLE,61.5,58.7,0.0,0.0000,0.0000
590.15,2026-05-25T20:01:10.266362,IDLE,57.8,58.7,0.0,0.0000,0.0000
590.65,2026-05-25T20:01:10.765679,IDLE,58.5,58.7,0.0,0.0000,0.0000
591.15,2026-05-25T20:01:11.266575,IDLE,61.0,58.7,0.0,0.0000,0.0000
591.65,2026-05-25T20:01:11.764798,IDLE,58.9,58.7,0.0,0.0000,0.0000
592.15,2026-05-25T20:01:12.266058,IDLE,55.7,58.7,0.0,0.0000,0.0000
592.65,2026-05-25T20:01:12.765329,IDLE,57.3,58.7,0.0,0.0000,0.0000
593.15,2026-05-25T20:01:13.266611,IDLE,58.0,58.7,0.0,0.0000,0.0000
593.65,2026-05-25T20:01:13.765005,IDLE,62.9,58.7,0.0,0.0000,0.0000
594.15,2026-05-25T20:01:14.266718,IDLE,57.7,58.7,0.0,0.0000,0.0000
594.65,2026-05-25T20:01:14.765822,IDLE,59.0,58.7,0.0,0.0000,0.0000
595.15,2026-05-25T20:01:15.267715,IDLE,58.0,58.7,0.0,0.0000,0.0000
595.65,2026-05-25T20:01:15.766007,IDLE,58.3,58.7,0.0,0.0000,0.0000
596.15,2026-05-25T20:01:16.269004,IDLE,55.7,58.7,0.0,0.0000,0.0000
596.65,2026-05-25T20:01:16.765990,IDLE,58.1,58.7,0.0,0.0000,0.0000
597.15,2026-05-25T20:01:17.264632,IDLE,56.8,58.7,0.0,0.0000,0.0000
597.65,2026-05-25T20:01:17.767419,IDLE,59.2,58.7,0.0,0.0000,0.0000
598.14,2026-05-25T20:01:18.262779,IDLE,58.9,58.7,0.0,0.0000,0.0000
598.65,2026-05-25T20:01:18.767784,IDLE,57.5,58.7,0.0,0.0000,0.0000
599.16,2026-05-25T20:01:19.274617,IDLE,61.8,58.7,0.0,0.0000,0.0000
599.65,2026-05-25T20:01:19.765796,IDLE,58.7,58.7,0.0,0.0000,0.0000
600.15,2026-05-25T20:01:20.266225,IDLE,56.8,58.7,0.0,0.0000,0.0000
600.65,2026-05-25T20:01:20.764852,IDLE,57.5,58.7,0.0,0.0000,0.0000
601.15,2026-05-25T20:01:21.265122,IDLE,59.4,58.7,0.0,0.0000,0.0000
601.65,2026-05-25T20:01:21.765466,IDLE,60.6,58.7,0.0,0.0000,0.0000
602.15,2026-05-25T20:01:22.265766,IDLE,59.0,58.7,0.0,0.0000,0.0000
602.65,2026-05-25T20:01:22.765021,IDLE,57.0,58.7,0.0,0.0000,0.0000
603.15,2026-05-25T20:01:23.271446,IDLE,58.6,58.7,0.0,0.0000,0.0000
603.65,2026-05-25T20:01:23.767275,IDLE,57.8,58.7,0.0,0.0000,0.0000
604.15,2026-05-25T20:01:24.265736,IDLE,56.7,58.7,0.0,0.0000,0.0000
604.65,2026-05-25T20:01:24.765227,IDLE,59.4,58.7,0.0,0.0000,0.0000
605.15,2026-05-25T20:01:25.265629,IDLE,57.9,58.7,0.0,0.0000,0.0000
605.65,2026-05-25T20:01:25.764530,IDLE,57.8,58.7,0.0,0.0000,0.0000
606.15,2026-05-25T20:01:26.267722,IDLE,58.8,58.7,0.0,0.0000,0.0000
606.65,2026-05-25T20:01:26.765255,IDLE,58.0,58.7,0.0,0.0000,0.0000
607.15,2026-05-25T20:01:27.265226,IDLE,60.6,58.7,0.0,0.0000,0.0000
607.65,2026-05-25T20:01:27.765855,IDLE,57.9,58.7,0.0,0.0000,0.0000
608.15,2026-05-25T20:01:28.264219,IDLE,58.0,58.7,0.0,0.0000,0.0000
608.65,2026-05-25T20:01:28.767436,IDLE,58.0,58.7,0.0,0.0000,0.0000
609.15,2026-05-25T20:01:29.266634,IDLE,55.7,58.7,0.0,0.0000,0.0000
609.65,2026-05-25T20:01:29.767683,IDLE,63.0,58.7,0.0,0.0000,0.0000
610.15,2026-05-25T20:01:30.266091,IDLE,55.7,58.7,0.0,0.0000,0.0000
610.65,2026-05-25T20:01:30.766234,IDLE,59.5,58.8,0.0,0.0000,0.0000
611.15,2026-05-25T20:01:31.264579,IDLE,58.6,58.7,0.0,0.0000,0.0000
611.65,2026-05-25T20:01:31.765254,IDLE,57.7,58.7,0.0,0.0000,0.0000
612.15,2026-05-25T20:01:32.266067,IDLE,54.7,58.7,0.0,0.0000,0.0000
612.65,2026-05-25T20:01:32.766340,IDLE,57.9,58.7,0.0,0.0000,0.0000
613.15,2026-05-25T20:01:33.266135,IDLE,55.7,58.7,0.0,0.0000,0.0000
613.65,2026-05-25T20:01:33.765367,IDLE,54.6,58.7,0.0,0.0000,0.0000
614.15,2026-05-25T20:01:34.268754,IDLE,57.2,58.7,0.0,0.0000,0.0000
614.65,2026-05-25T20:01:34.768503,IDLE,56.0,58.7,0.0,0.0000,0.0000
615.15,2026-05-25T20:01:35.264882,IDLE,59.6,58.8,0.0,0.0000,0.0000
615.65,2026-05-25T20:01:35.767660,IDLE,57.4,58.7,0.0,0.0000,0.0000
616.15,2026-05-25T20:01:36.267134,IDLE,56.3,58.7,0.0,0.0000,0.0000
616.65,2026-05-25T20:01:36.766735,IDLE,57.0,58.7,0.0,0.0000,0.0000
617.15,2026-05-25T20:01:37.265000,IDLE,57.8,58.7,0.0,0.0000,0.0000
617.65,2026-05-25T20:01:37.767125,IDLE,60.1,58.8,0.0,0.0000,0.0000
618.15,2026-05-25T20:01:38.268680,IDLE,58.4,58.8,0.0,0.0000,0.0000
618.65,2026-05-25T20:01:38.767799,IDLE,56.3,58.8,0.0,0.0000,0.0000
619.14,2026-05-25T20:01:39.263753,IDLE,55.1,58.7,0.0,0.0000,0.0000
619.65,2026-05-25T20:01:39.771589,IDLE,57.8,58.8,0.0,0.0000,0.0000
620.14,2026-05-25T20:01:40.263167,IDLE,53.0,58.7,0.0,0.0000,0.0000
620.65,2026-05-25T20:01:40.765928,IDLE,57.3,58.8,0.0,0.0000,0.0000
621.15,2026-05-25T20:01:41.268890,IDLE,55.0,58.7,0.0,0.0000,0.0000
621.64,2026-05-25T20:01:41.762769,IDLE,58.1,58.8,0.0,0.0000,0.0000
622.15,2026-05-25T20:01:42.265819,IDLE,54.7,58.8,0.0,0.0000,0.0000
622.65,2026-05-25T20:01:42.765939,IDLE,55.6,58.7,0.0,0.0000,0.0000
623.15,2026-05-25T20:01:43.265719,IDLE,59.0,58.8,0.0,0.0000,0.0000
623.64,2026-05-25T20:01:43.763517,IDLE,55.7,58.8,0.0,0.0000,0.0000
624.15,2026-05-25T20:01:44.265541,IDLE,55.3,58.8,0.0,0.0000,0.0000
624.65,2026-05-25T20:01:44.766357,IDLE,54.9,58.8,0.0,0.0000,0.0000
625.14,2026-05-25T20:01:45.263567,IDLE,56.2,58.8,0.0,0.0000,0.0000
625.65,2026-05-25T20:01:45.766935,IDLE,57.4,58.8,0.0,0.0000,0.0000
626.15,2026-05-25T20:01:46.266825,IDLE,55.6,58.8,0.0,0.0000,0.0000
626.65,2026-05-25T20:01:46.765824,IDLE,53.5,58.8,0.0,0.0000,0.0000
627.15,2026-05-25T20:01:47.265923,IDLE,56.6,58.8,0.0,0.0000,0.0000
627.65,2026-05-25T20:01:47.765142,IDLE,54.3,58.8,0.0,0.0000,0.0000
628.15,2026-05-25T20:01:48.266602,IDLE,56.1,58.8,0.0,0.0000,0.0000
628.65,2026-05-25T20:01:48.765041,IDLE,56.1,58.8,0.0,0.0000,0.0000
629.15,2026-05-25T20:01:49.269755,IDLE,54.9,58.8,0.0,0.0000,0.0000
629.65,2026-05-25T20:01:49.765910,IDLE,57.3,58.8,0.0,0.0000,0.0000
630.15,2026-05-25T20:01:50.268276,IDLE,57.0,58.8,0.0,0.0000,0.0000
630.65,2026-05-25T20:01:50.767486,IDLE,55.8,58.7,0.0,0.0000,0.0000
631.15,2026-05-25T20:01:51.264225,IDLE,59.5,58.8,0.0,0.0000,0.0000
631.65,2026-05-25T20:01:51.767713,IDLE,55.3,58.8,0.0,0.0000,0.0000
632.15,2026-05-25T20:01:52.268536,IDLE,55.0,58.8,0.0,0.0000,0.0000
632.65,2026-05-25T20:01:52.769986,IDLE,54.3,58.8,0.0,0.0000,0.0000
633.15,2026-05-25T20:01:53.266224,IDLE,54.1,58.8,0.0,0.0000,0.0000
633.65,2026-05-25T20:01:53.767914,IDLE,60.4,58.8,0.0,0.0000,0.0000
634.15,2026-05-25T20:01:54.265810,IDLE,56.4,58.7,0.0,0.0000,0.0000
634.65,2026-05-25T20:01:54.768278,IDLE,55.7,58.8,0.0,0.0000,0.0000
635.14,2026-05-25T20:01:55.262894,IDLE,55.1,58.7,0.0,0.0000,0.0000
635.64,2026-05-25T20:01:55.763642,IDLE,53.7,58.8,0.0,0.0000,0.0000
636.14,2026-05-25T20:01:56.263798,IDLE,52.7,58.8,0.0,0.0000,0.0000
636.64,2026-05-25T20:01:56.763446,IDLE,56.6,58.8,0.0,0.0000,0.0000
637.15,2026-05-25T20:01:57.265441,IDLE,54.9,58.8,0.0,0.0000,0.0000
637.64,2026-05-25T20:01:57.763650,IDLE,55.5,58.8,0.0,0.0000,0.0000
638.15,2026-05-25T20:01:58.266337,IDLE,56.5,58.8,0.0,0.0000,0.0000
638.65,2026-05-25T20:01:58.765478,IDLE,53.7,58.8,0.0,0.0000,0.0000
639.14,2026-05-25T20:01:59.263339,IDLE,59.0,58.8,0.0,0.0000,0.0000
639.65,2026-05-25T20:01:59.768798,IDLE,57.7,58.8,0.0,0.0000,0.0000
640.15,2026-05-25T20:02:00.265369,IDLE,55.1,58.8,0.0,0.0000,0.0000
640.64,2026-05-25T20:02:00.763001,IDLE,55.4,58.8,0.0,0.0000,0.0000
641.15,2026-05-25T20:02:01.269521,IDLE,54.9,58.7,0.0,0.0000,0.0000
641.65,2026-05-25T20:02:01.765632,IDLE,57.0,58.8,0.0,0.0000,0.0000
642.15,2026-05-25T20:02:02.267165,IDLE,55.4,58.8,0.0,0.0000,0.0000
642.65,2026-05-25T20:02:02.766161,IDLE,52.7,58.8,0.0,0.0000,0.0000
643.14,2026-05-25T20:02:03.263979,IDLE,55.2,58.7,0.0,0.0000,0.0000
643.65,2026-05-25T20:02:03.766203,IDLE,54.0,58.8,0.0,0.0000,0.0000
644.15,2026-05-25T20:02:04.270555,IDLE,54.0,58.8,0.0,0.0000,0.0000
644.65,2026-05-25T20:02:04.767428,IDLE,57.6,58.8,0.0,0.0000,0.0000
645.15,2026-05-25T20:02:05.267613,IDLE,55.2,58.7,0.0,0.0000,0.0000
645.65,2026-05-25T20:02:05.765762,IDLE,57.3,58.8,0.0,0.0000,0.0000
646.15,2026-05-25T20:02:06.266655,IDLE,53.9,58.8,0.0,0.0000,0.0000
646.65,2026-05-25T20:02:06.764836,IDLE,53.5,58.8,0.0,0.0000,0.0000
647.15,2026-05-25T20:02:07.268415,IDLE,60.5,58.7,0.0,0.0000,0.0000
647.65,2026-05-25T20:02:07.766690,IDLE,56.5,58.8,0.0,0.0000,0.0000
648.15,2026-05-25T20:02:08.266003,IDLE,54.8,58.7,0.0,0.0000,0.0000
648.65,2026-05-25T20:02:08.765692,IDLE,54.5,58.8,0.0,0.0000,0.0000
649.15,2026-05-25T20:02:09.266721,IDLE,54.9,58.7,0.0,0.0000,0.0000
649.65,2026-05-25T20:02:09.765492,IDLE,59.7,58.8,0.0,0.0000,0.0000
650.15,2026-05-25T20:02:10.264904,IDLE,55.5,58.8,0.0,0.0000,0.0000
650.65,2026-05-25T20:02:10.765391,IDLE,54.4,58.8,0.0,0.0000,0.0000
651.15,2026-05-25T20:02:11.268584,IDLE,55.8,58.8,0.0,0.0000,0.0000
651.65,2026-05-25T20:02:11.765996,IDLE,56.6,58.8,0.0,0.0000,0.0000
652.14,2026-05-25T20:02:12.263004,IDLE,55.1,58.8,0.0,0.0000,0.0000
652.65,2026-05-25T20:02:12.768938,IDLE,56.0,58.8,0.0,0.0000,0.0000
653.15,2026-05-25T20:02:13.265538,IDLE,54.4,58.8,0.0,0.0000,0.0000
653.65,2026-05-25T20:02:13.765652,IDLE,57.0,58.8,0.0,0.0000,0.0000
654.15,2026-05-25T20:02:14.270280,IDLE,55.6,58.8,0.0,0.0000,0.0000
654.64,2026-05-25T20:02:14.762859,IDLE,55.5,58.8,0.0,0.0000,0.0000
655.15,2026-05-25T20:02:15.264866,IDLE,59.2,58.8,0.0,0.0000,0.0000
655.65,2026-05-25T20:02:15.767231,IDLE,57.1,58.8,0.0,0.0000,0.0000
656.15,2026-05-25T20:02:16.268680,IDLE,55.0,58.8,0.0,0.0000,0.0000
656.65,2026-05-25T20:02:16.766002,IDLE,54.9,58.8,0.0,0.0000,0.0000
657.15,2026-05-25T20:02:17.265835,IDLE,55.3,58.8,0.0,0.0000,0.0000
657.65,2026-05-25T20:02:17.766313,IDLE,58.0,58.8,0.0,0.0000,0.0000
658.15,2026-05-25T20:02:18.267868,IDLE,53.6,58.8,0.0,0.0000,0.0000
658.65,2026-05-25T20:02:18.766081,IDLE,56.1,58.8,0.0,0.0000,0.0000
659.15,2026-05-25T20:02:19.267148,IDLE,56.8,58.8,0.0,0.0000,0.0000
659.64,2026-05-25T20:02:19.763873,IDLE,53.4,58.8,0.0,0.0000,0.0000
660.15,2026-05-25T20:02:20.266676,IDLE,53.6,58.8,0.0,0.0000,0.0000
660.65,2026-05-25T20:02:20.764410,IDLE,55.2,58.8,0.0,0.0000,0.0000
661.15,2026-05-25T20:02:21.266633,IDLE,54.2,58.8,0.0,0.0000,0.0000
661.65,2026-05-25T20:02:21.765910,IDLE,58.4,58.8,0.0,0.0000,0.0000
662.15,2026-05-25T20:02:22.264239,IDLE,56.0,58.8,0.0,0.0000,0.0000
662.64,2026-05-25T20:02:22.764012,IDLE,55.0,58.8,0.0,0.0000,0.0000
663.15,2026-05-25T20:02:23.267094,IDLE,58.8,58.8,0.0,0.0000,0.0000
663.64,2026-05-25T20:02:23.762617,IDLE,56.4,58.8,0.0,0.0000,0.0000
664.15,2026-05-25T20:02:24.265066,IDLE,52.4,58.8,0.0,0.0000,0.0000
664.65,2026-05-25T20:02:24.766545,IDLE,55.5,58.8,0.0,0.0000,0.0000
665.14,2026-05-25T20:02:25.263213,IDLE,54.8,58.8,0.0,0.0000,0.0000
665.64,2026-05-25T20:02:25.763695,IDLE,57.4,58.8,0.0,0.0000,0.0000
666.15,2026-05-25T20:02:26.264421,IDLE,54.3,58.8,0.0,0.0000,0.0000
666.65,2026-05-25T20:02:26.765709,IDLE,53.2,58.7,0.0,0.0000,0.0000
667.15,2026-05-25T20:02:27.270617,IDLE,56.6,58.8,0.0,0.0000,0.0000
667.65,2026-05-25T20:02:27.765006,IDLE,54.6,58.8,0.0,0.0000,0.0000
668.15,2026-05-25T20:02:28.265973,IDLE,52.9,58.8,0.0,0.0000,0.0000
668.65,2026-05-25T20:02:28.764527,IDLE,55.2,58.8,0.0,0.0000,0.0000
669.15,2026-05-25T20:02:29.267006,IDLE,54.7,58.8,0.0,0.0000,0.0000
669.64,2026-05-25T20:02:29.763918,IDLE,60.1,58.8,0.0,0.0000,0.0000
670.15,2026-05-25T20:02:30.264464,IDLE,55.3,58.8,0.0,0.0000,0.0000
670.65,2026-05-25T20:02:30.764437,IDLE,56.9,58.7,0.0,0.0000,0.0000
671.15,2026-05-25T20:02:31.264289,IDLE,59.2,58.8,0.0,0.0000,0.0000
671.65,2026-05-25T20:02:31.764935,IDLE,58.1,58.8,0.0,0.0000,0.0000
672.15,2026-05-25T20:02:32.266743,IDLE,54.4,58.7,0.0,0.0000,0.0000
672.64,2026-05-25T20:02:32.762709,IDLE,55.9,58.8,0.0,0.0000,0.0000
673.15,2026-05-25T20:02:33.266471,IDLE,56.4,58.8,0.0,0.0000,0.0000
673.65,2026-05-25T20:02:33.767067,IDLE,60.3,58.8,0.0,0.0000,0.0000
674.15,2026-05-25T20:02:34.264566,IDLE,54.7,58.8,0.0,0.0000,0.0000
674.65,2026-05-25T20:02:34.765695,IDLE,55.3,58.8,0.0,0.0000,0.0000
675.15,2026-05-25T20:02:35.266671,IDLE,56.7,58.8,0.0,0.0000,0.0000
675.65,2026-05-25T20:02:35.764304,IDLE,52.8,58.8,0.0,0.0000,0.0000
676.15,2026-05-25T20:02:36.265313,IDLE,56.0,58.7,0.0,0.0000,0.0000
676.65,2026-05-25T20:02:36.764847,IDLE,55.1,58.8,0.0,0.0000,0.0000
677.15,2026-05-25T20:02:37.268555,IDLE,56.0,58.8,0.0,0.0000,0.0000
677.64,2026-05-25T20:02:37.762830,IDLE,58.2,58.8,0.0,0.0000,0.0000
678.15,2026-05-25T20:02:38.264482,IDLE,57.3,58.7,0.0,0.0000,0.0000
678.64,2026-05-25T20:02:38.763512,IDLE,55.9,58.8,0.0,0.0000,0.0000
679.15,2026-05-25T20:02:39.264351,IDLE,59.9,58.8,0.0,0.0000,0.0000
679.65,2026-05-25T20:02:39.767689,IDLE,57.4,58.8,0.0,0.0000,0.0000
680.15,2026-05-25T20:02:40.264409,IDLE,53.5,58.8,0.0,0.0000,0.0000
680.64,2026-05-25T20:02:40.764090,IDLE,55.0,58.8,0.0,0.0000,0.0000
681.15,2026-05-25T20:02:41.265226,IDLE,56.9,58.8,0.0,0.0000,0.0000
681.65,2026-05-25T20:02:41.764444,IDLE,59.0,58.8,0.0,0.0000,0.0000
682.15,2026-05-25T20:02:42.264471,IDLE,57.4,58.8,0.0,0.0000,0.0000
682.64,2026-05-25T20:02:42.763658,IDLE,54.5,58.8,0.0,0.0000,0.0000
683.15,2026-05-25T20:02:43.264843,IDLE,56.8,58.8,0.0,0.0000,0.0000
683.65,2026-05-25T20:02:43.764953,IDLE,55.7,58.8,0.0,0.0000,0.0000
684.15,2026-05-25T20:02:44.266407,IDLE,56.1,58.8,0.0,0.0000,0.0000
684.65,2026-05-25T20:02:44.766281,IDLE,58.8,58.8,0.0,0.0000,0.0000
685.14,2026-05-25T20:02:45.263069,IDLE,57.3,58.8,0.0,0.0000,0.0000
685.65,2026-05-25T20:02:45.764441,IDLE,56.0,58.8,0.0,0.0000,0.0000
686.15,2026-05-25T20:02:46.264709,IDLE,57.4,58.8,0.0,0.0000,0.0000
686.64,2026-05-25T20:02:46.762826,IDLE,57.4,58.8,0.0,0.0000,0.0000
687.14,2026-05-25T20:02:47.262951,IDLE,60.3,58.8,0.0,0.0000,0.0000
687.65,2026-05-25T20:02:47.766300,IDLE,57.2,58.8,0.0,0.0000,0.0000
688.15,2026-05-25T20:02:48.268254,IDLE,56.3,58.8,0.0,0.0000,0.0000
688.64,2026-05-25T20:02:48.763938,IDLE,55.4,58.8,0.0,0.0000,0.0000
689.15,2026-05-25T20:02:49.268761,IDLE,55.2,58.8,0.0,0.0000,0.0000
689.65,2026-05-25T20:02:49.764979,IDLE,59.8,58.8,0.0,0.0000,0.0000
690.15,2026-05-25T20:02:50.264786,IDLE,57.4,58.7,0.0,0.0000,0.0000
690.65,2026-05-25T20:02:50.766636,IDLE,59.3,58.8,0.0,0.0000,0.0000
691.15,2026-05-25T20:02:51.271822,IDLE,57.8,58.8,0.0,0.0000,0.0000
691.65,2026-05-25T20:02:51.765923,IDLE,57.7,58.7,0.0,0.0000,0.0000
692.15,2026-05-25T20:02:52.264922,IDLE,55.6,58.8,0.0,0.0000,0.0000
692.65,2026-05-25T20:02:52.764282,IDLE,56.8,58.8,0.0,0.0000,0.0000
693.15,2026-05-25T20:02:53.265385,IDLE,58.1,58.8,0.0,0.0000,0.0000
693.64,2026-05-25T20:02:53.763814,IDLE,57.5,58.8,0.0,0.0000,0.0000
694.14,2026-05-25T20:02:54.263932,IDLE,56.6,58.8,0.0,0.0000,0.0000
694.64,2026-05-25T20:02:54.764137,IDLE,56.2,58.8,0.0,0.0000,0.0000
695.14,2026-05-25T20:02:55.263856,IDLE,58.7,58.8,0.0,0.0000,0.0000
695.65,2026-05-25T20:02:55.764572,IDLE,59.7,58.8,0.0,0.0000,0.0000
696.15,2026-05-25T20:02:56.264797,IDLE,54.6,58.8,0.0,0.0000,0.0000
696.64,2026-05-25T20:02:56.763266,IDLE,59.2,58.8,0.0,0.0000,0.0000
697.15,2026-05-25T20:02:57.265144,IDLE,57.2,58.8,0.0,0.0000,0.0000
697.65,2026-05-25T20:02:57.764487,IDLE,60.2,58.8,0.0,0.0000,0.0000
698.15,2026-05-25T20:02:58.266595,IDLE,57.9,58.8,0.0,0.0000,0.0000
698.65,2026-05-25T20:02:58.764501,IDLE,58.7,58.8,0.0,0.0000,0.0000
699.14,2026-05-25T20:02:59.264050,IDLE,58.1,58.7,0.0,0.0000,0.0000
699.65,2026-05-25T20:02:59.765331,IDLE,57.1,58.8,0.0,0.0000,0.0000
700.14,2026-05-25T20:03:00.263267,IDLE,56.1,58.7,0.0,0.0000,0.0000
700.64,2026-05-25T20:03:00.762803,IDLE,56.9,58.8,0.0,0.0000,0.0000
701.14,2026-05-25T20:03:01.264032,IDLE,58.3,58.7,0.0,0.0000,0.0000
701.64,2026-05-25T20:03:01.762638,IDLE,59.5,58.8,0.0,0.0000,0.0000
702.14,2026-05-25T20:03:02.262820,IDLE,56.1,58.8,0.0,0.0000,0.0000
702.65,2026-05-25T20:03:02.764407,IDLE,57.7,58.8,0.0,0.0000,0.0000
703.15,2026-05-25T20:03:03.264355,IDLE,61.5,58.8,0.0,0.0000,0.0000
703.64,2026-05-25T20:03:03.762666,IDLE,59.2,58.8,0.0,0.0000,0.0000
704.15,2026-05-25T20:03:04.265662,IDLE,58.0,58.8,0.0,0.0000,0.0000
704.65,2026-05-25T20:03:04.764432,IDLE,57.2,58.8,0.0,0.0000,0.0000
705.15,2026-05-25T20:03:05.265683,IDLE,58.7,58.8,0.0,0.0000,0.0000
705.65,2026-05-25T20:03:05.764765,IDLE,61.7,58.8,0.0,0.0000,0.0000
706.15,2026-05-25T20:03:06.264805,IDLE,58.5,58.8,0.0,0.0000,0.0000
706.65,2026-05-25T20:03:06.764493,IDLE,59.7,58.8,0.0,0.0000,0.0000
707.15,2026-05-25T20:03:07.264676,IDLE,59.8,58.8,0.0,0.0000,0.0000
707.65,2026-05-25T20:03:07.764807,IDLE,60.1,58.8,0.0,0.0000,0.0000
708.15,2026-05-25T20:03:08.265210,IDLE,61.2,58.8,0.0,0.0000,0.0000
708.65,2026-05-25T20:03:08.764218,IDLE,61.5,58.8,0.0,0.0000,0.0000
709.15,2026-05-25T20:03:09.264931,IDLE,58.4,58.8,0.0,0.0000,0.0000
709.64,2026-05-25T20:03:09.764018,IDLE,60.1,58.8,0.0,0.0000,0.0000
710.15,2026-05-25T20:03:10.264667,IDLE,59.8,58.8,0.0,0.0000,0.0000
710.65,2026-05-25T20:03:10.765311,IDLE,56.7,58.8,0.0,0.0000,0.0000
711.14,2026-05-25T20:03:11.263076,IDLE,62.2,58.8,0.0,0.0000,0.0000
711.65,2026-05-25T20:03:11.764981,IDLE,59.2,58.8,0.0,0.0000,0.0000
712.14,2026-05-25T20:03:12.264170,IDLE,58.5,58.8,0.0,0.0000,0.0000
712.65,2026-05-25T20:03:12.764322,IDLE,58.2,58.8,0.0,0.0000,0.0000
713.15,2026-05-25T20:03:13.265487,IDLE,58.1,58.8,0.0,0.0000,0.0000
713.65,2026-05-25T20:03:13.764669,IDLE,60.3,58.8,0.0,0.0000,0.0000
714.15,2026-05-25T20:03:14.265559,IDLE,57.9,58.8,0.0,0.0000,0.0000
714.65,2026-05-25T20:03:14.768372,IDLE,59.7,58.8,0.0,0.0000,0.0000
715.15,2026-05-25T20:03:15.265082,IDLE,58.2,58.8,0.0,0.0000,0.0000
715.64,2026-05-25T20:03:15.764152,IDLE,58.2,58.8,0.0,0.0000,0.0000
716.15,2026-05-25T20:03:16.265502,IDLE,57.7,58.8,0.0,0.0000,0.0000
716.65,2026-05-25T20:03:16.765100,IDLE,59.4,58.8,0.0,0.0000,0.0000
717.15,2026-05-25T20:03:17.265008,IDLE,57.7,58.8,0.0,0.0000,0.0000
717.65,2026-05-25T20:03:17.764580,IDLE,59.5,58.8,0.0,0.0000,0.0000
718.15,2026-05-25T20:03:18.265240,IDLE,57.6,58.8,0.0,0.0000,0.0000
718.64,2026-05-25T20:03:18.764138,IDLE,56.8,58.8,0.0,0.0000,0.0000
719.14,2026-05-25T20:03:19.263454,IDLE,60.7,58.8,0.0,0.0000,0.0000
719.65,2026-05-25T20:03:19.764520,IDLE,59.7,58.8,0.0,0.0000,0.0000
720.15,2026-05-25T20:03:20.264391,IDLE,58.7,58.8,0.0,0.0000,0.0000
720.65,2026-05-25T20:03:20.764225,IDLE,58.1,58.8,0.0,0.0000,0.0000
721.15,2026-05-25T20:03:21.265224,IDLE,58.7,58.8,0.0,0.0000,0.0000
721.64,2026-05-25T20:03:21.763736,IDLE,63.3,58.8,0.0,0.0000,0.0000
722.15,2026-05-25T20:03:22.264954,IDLE,58.1,58.8,0.0,0.0000,0.0000
722.65,2026-05-25T20:03:22.764422,IDLE,57.4,58.8,0.0,0.0000,0.0000
723.14,2026-05-25T20:03:23.263484,IDLE,57.0,58.8,0.0,0.0000,0.0000
723.65,2026-05-25T20:03:23.765876,IDLE,57.0,58.8,0.0,0.0000,0.0000
724.15,2026-05-25T20:03:24.265333,IDLE,56.5,58.8,0.0,0.0000,0.0000
724.64,2026-05-25T20:03:24.762994,IDLE,60.3,58.8,0.0,0.0000,0.0000
725.15,2026-05-25T20:03:25.270887,IDLE,56.3,58.8,0.0,0.0000,0.0000
725.65,2026-05-25T20:03:25.764953,IDLE,56.7,58.8,0.0,0.0000,0.0000
726.14,2026-05-25T20:03:26.262794,IDLE,59.3,58.7,0.0,0.0000,0.0000
726.65,2026-05-25T20:03:26.764631,IDLE,58.7,58.8,0.0,0.0000,0.0000
727.15,2026-05-25T20:03:27.264207,IDLE,60.5,58.8,0.0,0.0000,0.0000
727.65,2026-05-25T20:03:27.764808,IDLE,58.7,58.8,0.0,0.0000,0.0000
728.15,2026-05-25T20:03:28.265120,IDLE,56.3,58.7,0.0,0.0000,0.0000
728.65,2026-05-25T20:03:28.764224,IDLE,57.4,58.8,0.0,0.0000,0.0000
729.15,2026-05-25T20:03:29.265285,IDLE,57.6,58.8,0.0,0.0000,0.0000
729.65,2026-05-25T20:03:29.764513,IDLE,62.4,58.7,0.0,0.0000,0.0000
730.15,2026-05-25T20:03:30.265383,IDLE,59.2,58.8,0.0,0.0000,0.0000
730.65,2026-05-25T20:03:30.765031,IDLE,60.0,58.7,0.0,0.0000,0.0000
731.15,2026-05-25T20:03:31.264800,IDLE,59.4,58.7,0.0,0.0000,0.0000
731.64,2026-05-25T20:03:31.764046,IDLE,57.4,58.8,0.0,0.0000,0.0000
732.14,2026-05-25T20:03:32.264152,IDLE,59.7,58.7,0.0,0.0000,0.0000
732.65,2026-05-25T20:03:32.764991,IDLE,59.0,58.7,0.0,0.0000,0.0000
733.15,2026-05-25T20:03:33.264331,IDLE,57.9,58.8,0.0,0.0000,0.0000
733.64,2026-05-25T20:03:33.764059,IDLE,59.2,58.8,0.0,0.0000,0.0000
734.14,2026-05-25T20:03:34.263652,IDLE,56.6,58.8,0.0,0.0000,0.0000
734.65,2026-05-25T20:03:34.765249,IDLE,57.8,58.7,0.0,0.0000,0.0000
735.14,2026-05-25T20:03:35.263752,IDLE,62.1,58.8,0.0,0.0000,0.0000
735.64,2026-05-25T20:03:35.763339,IDLE,57.1,58.8,0.0,0.0000,0.0000
736.15,2026-05-25T20:03:36.264265,IDLE,58.9,58.8,0.0,0.0000,0.0000
736.65,2026-05-25T20:03:36.764401,IDLE,58.2,58.8,0.0,0.0000,0.0000
737.15,2026-05-25T20:03:37.267162,IDLE,58.7,58.8,0.0,0.0000,0.0000
737.64,2026-05-25T20:03:37.763085,IDLE,60.8,58.7,0.0,0.0000,0.0000
738.15,2026-05-25T20:03:38.266347,IDLE,57.6,58.8,0.0,0.0000,0.0000
738.64,2026-05-25T20:03:38.763063,IDLE,57.1,58.8,0.0,0.0000,0.0000
739.15,2026-05-25T20:03:39.264719,IDLE,57.9,58.8,0.0,0.0000,0.0000
739.65,2026-05-25T20:03:39.764256,IDLE,57.7,58.7,0.0,0.0000,0.0000
740.15,2026-05-25T20:03:40.264879,IDLE,59.3,58.8,0.0,0.0000,0.0000
740.65,2026-05-25T20:03:40.765027,IDLE,58.4,58.8,0.0,0.0000,0.0000
741.15,2026-05-25T20:03:41.264909,IDLE,59.4,58.8,0.0,0.0000,0.0000
741.64,2026-05-25T20:03:41.764078,IDLE,60.7,58.8,0.0,0.0000,0.0000
742.15,2026-05-25T20:03:42.264262,IDLE,58.9,58.8,0.0,0.0000,0.0000
742.64,2026-05-25T20:03:42.762948,IDLE,58.3,58.8,0.0,0.0000,0.0000
743.14,2026-05-25T20:03:43.264064,IDLE,62.0,58.8,0.0,0.0000,0.0000
743.64,2026-05-25T20:03:43.764124,IDLE,60.4,58.8,0.0,0.0000,0.0000
744.15,2026-05-25T20:03:44.264192,IDLE,56.6,58.8,0.0,0.0000,0.0000
744.64,2026-05-25T20:03:44.764009,IDLE,59.0,58.8,0.0,0.0000,0.0000
745.15,2026-05-25T20:03:45.267501,IDLE,58.8,58.7,0.0,0.0000,0.0000
745.64,2026-05-25T20:03:45.763935,IDLE,58.7,58.7,0.0,0.0000,0.0000
746.15,2026-05-25T20:03:46.265341,IDLE,58.5,58.7,0.0,0.0000,0.0000
746.65,2026-05-25T20:03:46.764656,IDLE,57.8,58.7,0.0,0.0000,0.0000
747.14,2026-05-25T20:03:47.263738,IDLE,59.3,58.7,0.0,0.0000,0.0000
747.65,2026-05-25T20:03:47.764707,IDLE,55.9,58.7,0.0,0.0000,0.0000
748.15,2026-05-25T20:03:48.264715,IDLE,57.3,58.7,0.0,0.0000,0.0000
748.64,2026-05-25T20:03:48.762715,IDLE,58.1,58.7,0.0,0.0000,0.0000
749.15,2026-05-25T20:03:49.265760,IDLE,55.6,58.8,0.0,0.0000,0.0000
749.65,2026-05-25T20:03:49.764476,IDLE,59.9,58.7,0.0,0.0000,0.0000
750.14,2026-05-25T20:03:50.263803,IDLE,57.5,58.7,0.0,0.0000,0.0000
750.65,2026-05-25T20:03:50.765377,IDLE,58.3,58.7,0.0,0.0000,0.0000
751.15,2026-05-25T20:03:51.264959,IDLE,59.5,58.7,0.0,0.0000,0.0000
751.65,2026-05-25T20:03:51.764772,IDLE,58.4,58.7,0.0,0.0000,0.0000
752.14,2026-05-25T20:03:52.263810,IDLE,55.0,58.8,0.0,0.0000,0.0000
752.65,2026-05-25T20:03:52.764293,IDLE,58.9,58.8,0.0,0.0000,0.0000
753.15,2026-05-25T20:03:53.265801,IDLE,60.1,58.7,0.0,0.0000,0.0000
753.64,2026-05-25T20:03:53.764076,IDLE,61.8,58.7,0.0,0.0000,0.0000
754.15,2026-05-25T20:03:54.264548,IDLE,57.2,58.8,0.0,0.0000,0.0000
754.64,2026-05-25T20:03:54.763387,IDLE,57.7,58.7,0.0,0.0000,0.0000
755.15,2026-05-25T20:03:55.264397,IDLE,56.5,58.7,0.0,0.0000,0.0000
755.65,2026-05-25T20:03:55.764623,IDLE,57.6,58.8,0.0,0.0000,0.0000
756.15,2026-05-25T20:03:56.264565,IDLE,56.4,58.7,0.0,0.0000,0.0000
756.64,2026-05-25T20:03:56.763072,IDLE,57.5,58.7,0.0,0.0000,0.0000
757.15,2026-05-25T20:03:57.266738,IDLE,57.1,58.8,0.0,0.0000,0.0000
757.64,2026-05-25T20:03:57.763123,IDLE,59.2,58.8,0.0,0.0000,0.0000
758.15,2026-05-25T20:03:58.264579,IDLE,56.6,58.7,0.0,0.0000,0.0000
758.64,2026-05-25T20:03:58.763273,IDLE,56.3,58.7,0.0,0.0000,0.0000
759.15,2026-05-25T20:03:59.266142,IDLE,59.7,58.8,0.0,0.0000,0.0000
759.64,2026-05-25T20:03:59.764059,IDLE,58.6,58.7,0.0,0.0000,0.0000
760.15,2026-05-25T20:04:00.265538,IDLE,54.9,58.7,0.0,0.0000,0.0000
760.65,2026-05-25T20:04:00.764636,IDLE,56.0,58.7,0.0,0.0000,0.0000
761.15,2026-05-25T20:04:01.266608,IDLE,56.1,58.7,0.0,0.0000,0.0000
761.65,2026-05-25T20:04:01.764644,IDLE,59.9,58.7,0.0,0.0000,0.0000
762.15,2026-05-25T20:04:02.265178,IDLE,55.5,58.7,0.0,0.0000,0.0000
762.65,2026-05-25T20:04:02.764557,IDLE,56.2,58.8,0.0,0.0000,0.0000
763.15,2026-05-25T20:04:03.265195,IDLE,58.4,58.7,0.0,0.0000,0.0000
763.65,2026-05-25T20:04:03.764465,IDLE,55.8,58.7,0.0,0.0000,0.0000
764.15,2026-05-25T20:04:04.264505,IDLE,56.8,58.8,0.0,0.0000,0.0000
764.64,2026-05-25T20:04:04.764106,IDLE,56.6,58.7,0.0,0.0000,0.0000
765.15,2026-05-25T20:04:05.265397,IDLE,55.5,58.7,0.0,0.0000,0.0000
765.64,2026-05-25T20:04:05.763643,IDLE,57.3,58.7,0.0,0.0000,0.0000
766.15,2026-05-25T20:04:06.264788,IDLE,58.3,58.7,0.0,0.0000,0.0000
766.65,2026-05-25T20:04:06.764617,IDLE,54.9,58.7,0.0,0.0000,0.0000
767.15,2026-05-25T20:04:07.264260,IDLE,57.9,58.8,0.0,0.0000,0.0000
767.65,2026-05-25T20:04:07.764455,IDLE,58.0,58.8,0.0,0.0000,0.0000
768.14,2026-05-25T20:04:08.264027,IDLE,56.2,58.8,0.0,0.0000,0.0000
768.65,2026-05-25T20:04:08.765600,IDLE,55.5,58.8,0.0,0.0000,0.0000
769.15,2026-05-25T20:04:09.265814,IDLE,55.9,58.7,0.0,0.0000,0.0000
769.65,2026-05-25T20:04:09.765723,IDLE,61.3,58.7,0.0,0.0000,0.0000
770.14,2026-05-25T20:04:10.262821,IDLE,57.7,58.8,0.0,0.0000,0.0000
770.65,2026-05-25T20:04:10.764868,IDLE,56.2,58.8,0.0,0.0000,0.0000
771.15,2026-05-25T20:04:11.266964,IDLE,56.8,58.8,0.0,0.0000,0.0000
771.65,2026-05-25T20:04:11.764707,IDLE,56.1,58.8,0.0,0.0000,0.0000
772.15,2026-05-25T20:04:12.267758,IDLE,54.7,58.8,0.0,0.0000,0.0000
772.64,2026-05-25T20:04:12.762530,IDLE,56.7,58.7,0.0,0.0000,0.0000
773.15,2026-05-25T20:04:13.265474,IDLE,56.9,58.8,0.0,0.0000,0.0000
773.65,2026-05-25T20:04:13.765624,IDLE,57.5,58.7,0.0,0.0000,0.0000
774.15,2026-05-25T20:04:14.265077,IDLE,58.0,58.8,0.0,0.0000,0.0000
774.64,2026-05-25T20:04:14.763995,IDLE,53.8,58.7,0.0,0.0000,0.0000
775.14,2026-05-25T20:04:15.264054,IDLE,60.3,58.7,0.0,0.0000,0.0000
775.65,2026-05-25T20:04:15.765093,IDLE,56.2,58.8,0.0,0.0000,0.0000
776.14,2026-05-25T20:04:16.262833,IDLE,53.3,58.8,0.0,0.0000,0.0000
776.65,2026-05-25T20:04:16.764317,IDLE,56.0,58.7,0.0,0.0000,0.0000
777.15,2026-05-25T20:04:17.265332,IDLE,54.5,58.8,0.0,0.0000,0.0000
777.64,2026-05-25T20:04:17.764022,IDLE,59.6,58.8,0.0,0.0000,0.0000
778.14,2026-05-25T20:04:18.263905,IDLE,57.3,58.7,0.0,0.0000,0.0000
778.64,2026-05-25T20:04:18.764157,IDLE,53.3,58.7,0.0,0.0000,0.0000
779.15,2026-05-25T20:04:19.264236,IDLE,57.2,58.8,0.0,0.0000,0.0000
779.64,2026-05-25T20:04:19.763871,IDLE,55.4,58.8,0.0,0.0000,0.0000
780.15,2026-05-25T20:04:20.264498,IDLE,55.1,58.8,0.0,0.0000,0.0000
780.65,2026-05-25T20:04:20.764775,IDLE,56.6,58.8,0.0,0.0000,0.0000
781.14,2026-05-25T20:04:21.264141,IDLE,56.8,58.7,0.0,0.0000,0.0000
781.65,2026-05-25T20:04:21.765929,IDLE,54.6,58.7,0.0,0.0000,0.0000
782.14,2026-05-25T20:04:22.264142,IDLE,53.2,58.8,0.0,0.0000,0.0000
782.65,2026-05-25T20:04:22.765728,IDLE,54.5,58.7,0.0,0.0000,0.0000
783.15,2026-05-25T20:04:23.265172,IDLE,59.9,58.8,0.0,0.0000,0.0000
783.65,2026-05-25T20:04:23.766537,IDLE,56.8,58.8,0.0,0.0000,0.0000
784.15,2026-05-25T20:04:24.266999,IDLE,53.9,58.7,0.0,0.0000,0.0000
784.65,2026-05-25T20:04:24.764294,IDLE,54.5,58.7,0.0,0.0000,0.0000
785.15,2026-05-25T20:04:25.267775,IDLE,55.2,58.7,0.0,0.0000,0.0000
785.64,2026-05-25T20:04:25.763894,IDLE,61.4,58.8,0.0,0.0000,0.0000
786.14,2026-05-25T20:04:26.263012,IDLE,55.2,58.8,0.0,0.0000,0.0000
786.64,2026-05-25T20:04:26.764051,IDLE,54.8,58.8,0.0,0.0000,0.0000
787.15,2026-05-25T20:04:27.265476,IDLE,56.0,58.8,0.0,0.0000,0.0000
787.65,2026-05-25T20:04:27.764552,IDLE,54.6,58.8,0.0,0.0000,0.0000
788.15,2026-05-25T20:04:28.264853,IDLE,54.1,58.8,0.0,0.0000,0.0000
788.65,2026-05-25T20:04:28.766582,IDLE,53.9,58.8,0.0,0.0000,0.0000
789.15,2026-05-25T20:04:29.264955,IDLE,54.7,58.8,0.0,0.0000,0.0000
789.64,2026-05-25T20:04:29.764072,IDLE,57.4,58.8,0.0,0.0000,0.0000
790.15,2026-05-25T20:04:30.264321,IDLE,56.8,58.8,0.0,0.0000,0.0000
790.65,2026-05-25T20:04:30.764628,IDLE,55.0,58.8,0.0,0.0000,0.0000
791.15,2026-05-25T20:04:31.265471,IDLE,60.7,58.8,0.0,0.0000,0.0000
791.65,2026-05-25T20:04:31.765204,IDLE,57.6,58.8,0.0,0.0000,0.0000
792.15,2026-05-25T20:04:32.265134,IDLE,55.2,58.8,0.0,0.0000,0.0000
792.65,2026-05-25T20:04:32.767100,IDLE,55.0,58.8,0.0,0.0000,0.0000
793.14,2026-05-25T20:04:33.263659,IDLE,52.7,58.8,0.0,0.0000,0.0000
793.65,2026-05-25T20:04:33.765955,IDLE,60.4,58.8,0.0,0.0000,0.0000
794.15,2026-05-25T20:04:34.265865,IDLE,53.3,58.8,0.0,0.0000,0.0000
794.65,2026-05-25T20:04:34.765597,IDLE,55.0,58.9,0.0,0.0000,0.0000
795.14,2026-05-25T20:04:35.263052,IDLE,55.8,58.8,0.0,0.0000,0.0000
795.65,2026-05-25T20:04:35.765286,IDLE,54.0,58.8,0.0,0.0000,0.0000
796.15,2026-05-25T20:04:36.265765,IDLE,54.0,58.8,0.0,0.0000,0.0000
796.65,2026-05-25T20:04:36.764320,IDLE,55.5,58.8,0.0,0.0000,0.0000
797.15,2026-05-25T20:04:37.264726,IDLE,56.2,58.8,0.0,0.0000,0.0000
797.65,2026-05-25T20:04:37.764366,IDLE,57.9,58.8,0.0,0.0000,0.0000
798.15,2026-05-25T20:04:38.264212,IDLE,55.7,58.8,0.0,0.0000,0.0000
798.65,2026-05-25T20:04:38.764288,IDLE,53.2,58.8,0.0,0.0000,0.0000
799.14,2026-05-25T20:04:39.263827,IDLE,59.7,58.8,0.0,0.0000,0.0000
799.65,2026-05-25T20:04:39.764961,IDLE,56.4,58.8,0.0,0.0000,0.0000
800.15,2026-05-25T20:04:40.264894,IDLE,54.8,58.8,0.0,0.0000,0.0000
800.64,2026-05-25T20:04:40.763664,IDLE,56.8,58.8,0.0,0.0000,0.0000
801.15,2026-05-25T20:04:41.266780,IDLE,56.2,58.8,0.0,0.0000,0.0000
801.65,2026-05-25T20:04:41.764755,IDLE,58.2,58.8,0.0,0.0000,0.0000
802.15,2026-05-25T20:04:42.265687,IDLE,54.7,58.8,0.0,0.0000,0.0000
802.65,2026-05-25T20:04:42.764547,IDLE,57.3,58.8,0.0,0.0000,0.0000
803.15,2026-05-25T20:04:43.265172,IDLE,58.3,58.8,0.0,0.0000,0.0000
803.64,2026-05-25T20:04:43.764048,IDLE,54.3,58.8,0.0,0.0000,0.0000
804.14,2026-05-25T20:04:44.263949,IDLE,54.3,58.8,0.0,0.0000,0.0000
804.65,2026-05-25T20:04:44.766175,IDLE,55.9,58.8,0.0,0.0000,0.0000
805.15,2026-05-25T20:04:45.265515,IDLE,54.8,58.8,0.0,0.0000,0.0000
805.65,2026-05-25T20:04:45.764394,IDLE,56.0,58.8,0.0,0.0000,0.0000
806.14,2026-05-25T20:04:46.263089,IDLE,54.4,58.8,0.0,0.0000,0.0000
806.65,2026-05-25T20:04:46.766368,IDLE,55.4,58.8,0.0,0.0000,0.0000
807.15,2026-05-25T20:04:47.265408,IDLE,56.1,58.8,0.0,0.0000,0.0000
807.65,2026-05-25T20:04:47.767127,IDLE,55.6,58.8,0.0,0.0000,0.0000
808.15,2026-05-25T20:04:48.266015,IDLE,53.4,58.8,0.0,0.0000,0.0000
808.65,2026-05-25T20:04:48.766712,IDLE,54.5,58.8,0.0,0.0000,0.0000
809.14,2026-05-25T20:04:49.263895,IDLE,53.9,58.8,0.0,0.0000,0.0000
809.65,2026-05-25T20:04:49.764673,IDLE,58.6,58.8,0.0,0.0000,0.0000
810.15,2026-05-25T20:04:50.264627,IDLE,55.8,58.8,0.0,0.0000,0.0000
810.64,2026-05-25T20:04:50.764118,IDLE,55.4,58.8,0.0,0.0000,0.0000
811.15,2026-05-25T20:04:51.264877,IDLE,55.7,58.8,0.0,0.0000,0.0000
811.65,2026-05-25T20:04:51.764423,IDLE,54.6,58.8,0.0,0.0000,0.0000
812.15,2026-05-25T20:04:52.264630,IDLE,53.5,58.8,0.0,0.0000,0.0000
812.65,2026-05-25T20:04:52.764454,IDLE,56.4,58.8,0.0,0.0000,0.0000
813.14,2026-05-25T20:04:53.263198,IDLE,55.1,58.8,0.0,0.0000,0.0000
813.65,2026-05-25T20:04:53.764547,IDLE,58.4,58.8,0.0,0.0000,0.0000
814.14,2026-05-25T20:04:54.263519,IDLE,56.8,58.8,0.0,0.0000,0.0000
814.65,2026-05-25T20:04:54.764744,IDLE,55.8,58.8,0.0,0.0000,0.0000
815.14,2026-05-25T20:04:55.263516,IDLE,60.2,58.8,0.0,0.0000,0.0000
815.65,2026-05-25T20:04:55.768080,IDLE,56.4,58.8,0.0,0.0000,0.0000
816.15,2026-05-25T20:04:56.264964,IDLE,52.9,58.8,0.0,0.0000,0.0000
816.65,2026-05-25T20:04:56.766172,IDLE,57.3,58.8,0.0,0.0000,0.0000
817.15,2026-05-25T20:04:57.265918,IDLE,56.6,58.8,0.0,0.0000,0.0000
817.65,2026-05-25T20:04:57.765720,IDLE,59.8,58.8,0.0,0.0000,0.0000
818.15,2026-05-25T20:04:58.266993,IDLE,55.9,58.8,0.0,0.0000,0.0000
818.65,2026-05-25T20:04:58.765379,IDLE,55.3,58.8,0.0,0.0000,0.0000
819.15,2026-05-25T20:04:59.265399,IDLE,54.7,58.8,0.0,0.0000,0.0000
819.65,2026-05-25T20:04:59.765396,IDLE,53.8,58.8,0.0,0.0000,0.0000
820.15,2026-05-25T20:05:00.264896,IDLE,56.2,58.7,0.0,0.0000,0.0000
820.65,2026-05-25T20:05:00.764975,IDLE,57.8,58.8,0.0,0.0000,0.0000
821.14,2026-05-25T20:05:01.263057,IDLE,55.3,58.8,0.0,0.0000,0.0000
821.65,2026-05-25T20:05:01.764336,IDLE,58.6,58.8,0.0,0.0000,0.0000
822.15,2026-05-25T20:05:02.264289,IDLE,57.5,58.8,0.0,0.0000,0.0000
822.64,2026-05-25T20:05:02.763968,IDLE,55.8,58.8,0.0,0.0000,0.0000
823.15,2026-05-25T20:05:03.264649,IDLE,59.0,58.8,0.0,0.0000,0.0000
823.64,2026-05-25T20:05:03.762650,IDLE,55.4,58.8,0.0,0.0000,0.0000
824.15,2026-05-25T20:05:04.265429,IDLE,55.3,58.8,0.0,0.0000,0.0000
824.65,2026-05-25T20:05:04.764256,IDLE,55.5,58.8,0.0,0.0000,0.0000
825.15,2026-05-25T20:05:05.265063,IDLE,55.3,58.8,0.0,0.0000,0.0000
825.65,2026-05-25T20:05:05.765363,IDLE,61.4,58.8,0.0,0.0000,0.0000
826.15,2026-05-25T20:05:06.265166,IDLE,54.4,58.8,0.0,0.0000,0.0000
826.65,2026-05-25T20:05:06.764799,IDLE,53.5,58.8,0.0,0.0000,0.0000
827.15,2026-05-25T20:05:07.265045,IDLE,56.9,58.8,0.0,0.0000,0.0000
827.64,2026-05-25T20:05:07.762947,IDLE,55.6,58.8,0.0,0.0000,0.0000
828.15,2026-05-25T20:05:08.264575,IDLE,56.2,58.8,0.0,0.0000,0.0000
828.64,2026-05-25T20:05:08.763639,IDLE,54.9,58.8,0.0,0.0000,0.0000
829.15,2026-05-25T20:05:09.272753,IDLE,56.2,58.8,0.0,0.0000,0.0000
829.64,2026-05-25T20:05:09.763117,IDLE,57.1,58.8,0.0,0.0000,0.0000
830.14,2026-05-25T20:05:10.263387,IDLE,55.4,58.8,0.0,0.0000,0.0000
830.64,2026-05-25T20:05:10.763089,IDLE,56.3,58.8,0.0,0.0000,0.0000
831.15,2026-05-25T20:05:11.264749,IDLE,58.3,58.8,0.0,0.0000,0.0000
831.65,2026-05-25T20:05:11.765230,IDLE,56.0,58.8,0.0,0.0000,0.0000
832.15,2026-05-25T20:05:12.264960,IDLE,55.2,58.8,0.0,0.0000,0.0000
832.65,2026-05-25T20:05:12.764988,IDLE,55.4,58.8,0.0,0.0000,0.0000
833.14,2026-05-25T20:05:13.263418,IDLE,57.6,58.8,0.0,0.0000,0.0000
833.65,2026-05-25T20:05:13.764667,IDLE,61.0,58.8,0.0,0.0000,0.0000
834.15,2026-05-25T20:05:14.264561,IDLE,54.9,58.8,0.0,0.0000,0.0000
834.64,2026-05-25T20:05:14.763876,IDLE,57.7,58.8,0.0,0.0000,0.0000
835.15,2026-05-25T20:05:15.264592,IDLE,55.3,58.8,0.0,0.0000,0.0000
835.65,2026-05-25T20:05:15.764831,IDLE,58.6,58.8,0.0,0.0000,0.0000
836.15,2026-05-25T20:05:16.265122,IDLE,58.6,58.8,0.0,0.0000,0.0000
836.64,2026-05-25T20:05:16.763820,IDLE,61.2,58.8,0.0,0.0000,0.0000
837.15,2026-05-25T20:05:17.264875,IDLE,59.2,58.8,0.0,0.0000,0.0000
837.65,2026-05-25T20:05:17.765700,IDLE,56.8,58.8,0.0,0.0000,0.0000
838.15,2026-05-25T20:05:18.264656,IDLE,54.4,58.8,0.0,0.0000,0.0000
838.65,2026-05-25T20:05:18.765723,IDLE,58.1,58.8,0.0,0.0000,0.0000
839.15,2026-05-25T20:05:19.265296,IDLE,59.5,58.8,0.0,0.0000,0.0000
839.65,2026-05-25T20:05:19.765309,IDLE,58.6,58.8,0.0,0.0000,0.0000
840.15,2026-05-25T20:05:20.266721,IDLE,59.0,58.8,0.0,0.0000,0.0000
840.64,2026-05-25T20:05:20.763437,IDLE,57.6,58.8,0.0,0.0000,0.0000
841.15,2026-05-25T20:05:21.264622,IDLE,55.3,58.8,0.0,0.0000,0.0000
841.65,2026-05-25T20:05:21.766459,IDLE,59.7,58.8,0.0,0.0000,0.0000
842.15,2026-05-25T20:05:22.265414,IDLE,57.7,58.8,0.0,0.0000,0.0000
842.65,2026-05-25T20:05:22.765988,IDLE,53.4,58.8,0.0,0.0000,0.0000
843.15,2026-05-25T20:05:23.265395,IDLE,56.9,58.8,0.0,0.0000,0.0000
843.65,2026-05-25T20:05:23.765085,IDLE,57.3,58.8,0.0,0.0000,0.0000
844.15,2026-05-25T20:05:24.264364,IDLE,58.5,58.8,0.0,0.0000,0.0000
844.64,2026-05-25T20:05:24.763802,IDLE,57.7,58.8,0.0,0.0000,0.0000
845.15,2026-05-25T20:05:25.265894,IDLE,56.2,58.8,0.0,0.0000,0.0000
845.64,2026-05-25T20:05:25.762879,IDLE,59.9,58.8,0.0,0.0000,0.0000
846.15,2026-05-25T20:05:26.264743,IDLE,58.7,58.8,0.0,0.0000,0.0000
846.65,2026-05-25T20:05:26.764506,IDLE,55.0,58.8,0.0,0.0000,0.0000
847.15,2026-05-25T20:05:27.264877,IDLE,61.5,58.8,0.0,0.0000,0.0000
847.65,2026-05-25T20:05:27.764202,IDLE,57.3,58.8,0.0,0.0000,0.0000
848.14,2026-05-25T20:05:28.262801,IDLE,57.9,58.8,0.0,0.0000,0.0000
848.64,2026-05-25T20:05:28.763477,IDLE,56.5,58.8,0.0,0.0000,0.0000
849.15,2026-05-25T20:05:29.265416,IDLE,57.3,58.8,0.0,0.0000,0.0000
849.65,2026-05-25T20:05:29.764872,IDLE,63.0,58.8,0.0,0.0000,0.0000
850.15,2026-05-25T20:05:30.265305,IDLE,56.9,58.8,0.0,0.0000,0.0000
850.65,2026-05-25T20:05:30.765067,IDLE,56.7,58.8,0.0,0.0000,0.0000
851.15,2026-05-25T20:05:31.264839,IDLE,58.7,58.9,0.0,0.0000,0.0000
851.65,2026-05-25T20:05:31.766842,IDLE,56.9,58.8,0.0,0.0000,0.0000
852.15,2026-05-25T20:05:32.265343,IDLE,57.7,58.8,0.0,0.0000,0.0000
852.65,2026-05-25T20:05:32.764536,IDLE,58.7,58.8,0.0,0.0000,0.0000
853.15,2026-05-25T20:05:33.266169,IDLE,59.7,58.8,0.0,0.0000,0.0000
853.65,2026-05-25T20:05:33.764848,IDLE,60.0,58.8,0.0,0.0000,0.0000
854.15,2026-05-25T20:05:34.266792,IDLE,61.1,58.9,0.0,0.0000,0.0000
854.65,2026-05-25T20:05:34.765178,IDLE,55.5,58.9,0.0,0.0000,0.0000
855.15,2026-05-25T20:05:35.264696,IDLE,61.1,58.9,0.0,0.0000,0.0000
855.65,2026-05-25T20:05:35.765504,IDLE,58.6,58.8,0.0,0.0000,0.0000
856.15,2026-05-25T20:05:36.265480,IDLE,56.1,58.8,0.0,0.0000,0.0000
856.65,2026-05-25T20:05:36.764643,IDLE,61.1,58.8,0.0,0.0000,0.0000
857.15,2026-05-25T20:05:37.264973,IDLE,59.3,58.8,0.0,0.0000,0.0000
857.65,2026-05-25T20:05:37.764246,IDLE,59.3,58.8,0.0,0.0000,0.0000
858.14,2026-05-25T20:05:38.263907,IDLE,58.1,58.8,0.0,0.0000,0.0000
858.65,2026-05-25T20:05:38.764954,IDLE,56.6,58.8,0.0,0.0000,0.0000
859.15,2026-05-25T20:05:39.265386,IDLE,59.3,58.8,0.0,0.0000,0.0000
859.65,2026-05-25T20:05:39.765484,IDLE,59.0,58.9,0.0,0.0000,0.0000
860.15,2026-05-25T20:05:40.266551,IDLE,59.3,58.8,0.0,0.0000,0.0000
860.65,2026-05-25T20:05:40.766957,IDLE,60.6,58.9,0.0,0.0000,0.0000
861.15,2026-05-25T20:05:41.266996,IDLE,57.5,58.9,0.0,0.0000,0.0000
861.65,2026-05-25T20:05:41.764611,IDLE,59.2,58.8,0.0,0.0000,0.0000
862.15,2026-05-25T20:05:42.265185,IDLE,56.7,58.8,0.0,0.0000,0.0000
862.64,2026-05-25T20:05:42.763604,IDLE,58.0,58.9,0.0,0.0000,0.0000
863.14,2026-05-25T20:05:43.263634,IDLE,60.7,58.9,0.0,0.0000,0.0000
863.65,2026-05-25T20:05:43.764660,IDLE,57.4,58.8,0.0,0.0000,0.0000
864.15,2026-05-25T20:05:44.264711,IDLE,56.7,58.9,0.0,0.0000,0.0000
864.64,2026-05-25T20:05:44.762989,IDLE,57.0,58.9,0.0,0.0000,0.0000
865.15,2026-05-25T20:05:45.264412,IDLE,58.3,58.8,0.0,0.0000,0.0000
865.64,2026-05-25T20:05:45.762798,IDLE,60.8,58.9,0.0,0.0000,0.0000
866.15,2026-05-25T20:05:46.264278,IDLE,57.7,58.9,0.0,0.0000,0.0000
866.65,2026-05-25T20:05:46.766256,IDLE,57.9,58.8,0.0,0.0000,0.0000
867.14,2026-05-25T20:05:47.263731,IDLE,60.5,58.8,0.0,0.0000,0.0000
867.65,2026-05-25T20:05:47.765104,IDLE,58.7,58.8,0.0,0.0000,0.0000
868.14,2026-05-25T20:05:48.263049,IDLE,59.3,58.8,0.0,0.0000,0.0000
868.65,2026-05-25T20:05:48.764265,IDLE,60.1,58.8,0.0,0.0000,0.0000
869.15,2026-05-25T20:05:49.265530,IDLE,59.9,58.8,0.0,0.0000,0.0000
869.64,2026-05-25T20:05:49.763345,IDLE,58.1,58.8,0.0,0.0000,0.0000
870.15,2026-05-25T20:05:50.266750,IDLE,58.1,58.9,0.0,0.0000,0.0000
870.65,2026-05-25T20:05:50.766714,IDLE,56.2,58.9,0.0,0.0000,0.0000
871.14,2026-05-25T20:05:51.264030,IDLE,60.7,58.9,0.0,0.0000,0.0000
871.64,2026-05-25T20:05:51.763394,IDLE,60.2,58.9,0.0,0.0000,0.0000
872.15,2026-05-25T20:05:52.266481,IDLE,56.7,58.9,0.0,0.0000,0.0000
872.64,2026-05-25T20:05:52.763220,IDLE,59.7,58.9,0.0,0.0000,0.0000
873.14,2026-05-25T20:05:53.263227,IDLE,60.8,58.9,0.0,0.0000,0.0000
873.64,2026-05-25T20:05:53.762839,IDLE,62.3,58.8,0.0,0.0000,0.0000
874.15,2026-05-25T20:05:54.264826,IDLE,60.0,58.8,0.0,0.0000,0.0000
874.65,2026-05-25T20:05:54.769122,IDLE,60.9,58.8,0.0,0.0000,0.0000
875.14,2026-05-25T20:05:55.264002,IDLE,57.3,58.8,0.0,0.0000,0.0000
875.64,2026-05-25T20:05:55.763340,IDLE,57.8,58.9,0.0,0.0000,0.0000
876.15,2026-05-25T20:05:56.264605,IDLE,57.9,58.9,0.0,0.0000,0.0000
876.65,2026-05-25T20:05:56.764927,IDLE,60.0,58.9,0.0,0.0000,0.0000
877.15,2026-05-25T20:05:57.264297,IDLE,58.7,58.9,0.0,0.0000,0.0000
877.64,2026-05-25T20:05:57.762904,IDLE,60.2,58.9,0.0,0.0000,0.0000
878.15,2026-05-25T20:05:58.265401,IDLE,58.0,58.9,0.0,0.0000,0.0000
878.65,2026-05-25T20:05:58.771641,IDLE,56.8,58.8,0.0,0.0000,0.0000
879.15,2026-05-25T20:05:59.264433,IDLE,61.2,58.9,0.0,0.0000,0.0000
879.65,2026-05-25T20:05:59.765225,IDLE,58.1,58.9,0.0,0.0000,0.0000
880.15,2026-05-25T20:06:00.265803,IDLE,59.7,58.9,0.0,0.0000,0.0000
880.64,2026-05-25T20:06:00.762892,IDLE,58.0,58.8,0.0,0.0000,0.0000
881.15,2026-05-25T20:06:01.265727,IDLE,60.9,58.9,0.0,0.0000,0.0000
881.64,2026-05-25T20:06:01.763879,IDLE,61.5,58.9,0.0,0.0000,0.0000
882.15,2026-05-25T20:06:02.265130,IDLE,59.3,58.9,0.0,0.0000,0.0000
882.64,2026-05-25T20:06:02.762756,IDLE,57.1,58.9,0.0,0.0000,0.0000
883.14,2026-05-25T20:06:03.263469,IDLE,59.5,58.9,0.0,0.0000,0.0000
883.64,2026-05-25T20:06:03.762816,IDLE,58.7,58.8,0.0,0.0000,0.0000
884.15,2026-05-25T20:06:04.265674,IDLE,58.5,58.9,0.0,0.0000,0.0000
884.64,2026-05-25T20:06:04.762705,IDLE,59.6,58.9,0.0,0.0000,0.0000
885.15,2026-05-25T20:06:05.265006,IDLE,58.5,58.9,0.0,0.0000,0.0000
885.65,2026-05-25T20:06:05.765087,IDLE,60.6,58.9,0.0,0.0000,0.0000
886.14,2026-05-25T20:06:06.264064,IDLE,60.1,58.9,0.0,0.0000,0.0000
886.64,2026-05-25T20:06:06.763243,IDLE,58.8,58.9,0.0,0.0000,0.0000
887.14,2026-05-25T20:06:07.263292,IDLE,61.5,58.9,0.0,0.0000,0.0000
887.64,2026-05-25T20:06:07.763079,IDLE,57.1,59.0,0.0,0.0000,0.0000
888.15,2026-05-25T20:06:08.265517,IDLE,57.9,59.0,0.0,0.0000,0.0000
888.65,2026-05-25T20:06:08.764908,IDLE,58.4,59.0,0.0,0.0000,0.0000
889.15,2026-05-25T20:06:09.265581,IDLE,59.9,58.9,0.0,0.0000,0.0000
889.65,2026-05-25T20:06:09.766665,IDLE,63.5,59.0,0.0,0.0000,0.0000
890.15,2026-05-25T20:06:10.267621,IDLE,62.3,58.9,0.0,0.0000,0.0000
890.65,2026-05-25T20:06:10.764732,IDLE,59.3,58.9,0.0,0.0000,0.0000
891.14,2026-05-25T20:06:11.264005,IDLE,58.5,58.9,0.0,0.0000,0.0000
891.64,2026-05-25T20:06:11.762762,IDLE,59.9,58.9,0.0,0.0000,0.0000
892.14,2026-05-25T20:06:12.263234,IDLE,58.5,59.0,0.0,0.0000,0.0000
892.64,2026-05-25T20:06:12.762657,IDLE,59.0,59.0,0.0,0.0000,0.0000
893.14,2026-05-25T20:06:13.263481,IDLE,59.5,59.0,0.0,0.0000,0.0000
893.65,2026-05-25T20:06:13.764801,IDLE,57.8,59.0,0.0,0.0000,0.0000
894.15,2026-05-25T20:06:14.266271,IDLE,58.0,59.0,0.0,0.0000,0.0000
894.65,2026-05-25T20:06:14.765493,IDLE,58.0,59.0,0.0,0.0000,0.0000
895.15,2026-05-25T20:06:15.264970,IDLE,62.4,59.0,0.0,0.0000,0.0000
895.64,2026-05-25T20:06:15.763344,IDLE,58.8,59.0,0.0,0.0000,0.0000
896.15,2026-05-25T20:06:16.267378,IDLE,59.0,59.0,0.0,0.0000,0.0000
896.65,2026-05-25T20:06:16.765248,IDLE,57.9,59.0,0.0,0.0000,0.0000
897.15,2026-05-25T20:06:17.265869,IDLE,58.8,59.0,0.0,0.0000,0.0000
897.64,2026-05-25T20:06:17.763071,IDLE,61.2,59.0,0.0,0.0000,0.0000
898.14,2026-05-25T20:06:18.264165,IDLE,60.7,59.0,0.0,0.0000,0.0000
898.65,2026-05-25T20:06:18.767657,IDLE,58.7,59.0,0.0,0.0000,0.0000
899.15,2026-05-25T20:06:19.264614,IDLE,57.2,59.0,0.0,0.0000,0.0000
899.64,2026-05-25T20:06:19.763008,IDLE,56.5,59.0,0.0,0.0000,0.0000
900.15,2026-05-25T20:06:20.265707,IDLE,57.7,59.0,0.0,0.0000,0.0000
900.65,2026-05-25T20:06:20.766610,IDLE,57.8,59.0,0.0,0.0000,0.0000
901.15,2026-05-25T20:06:21.265153,IDLE,58.4,59.0,0.0,0.0000,0.0000
901.65,2026-05-25T20:06:21.769842,IDLE,58.5,59.0,0.0,0.0000,0.0000
902.14,2026-05-25T20:06:22.263066,IDLE,56.0,59.0,0.0,0.0000,0.0000
902.65,2026-05-25T20:06:22.764669,IDLE,57.8,59.0,0.0,0.0000,0.0000
903.14,2026-05-25T20:06:23.263622,IDLE,62.0,59.0,0.0,0.0000,0.0000
903.64,2026-05-25T20:06:23.763948,IDLE,55.9,59.0,0.0,0.0000,0.0000
904.15,2026-05-25T20:06:24.266237,IDLE,57.5,59.0,0.0,0.0000,0.0000
904.64,2026-05-25T20:06:24.762870,IDLE,58.8,59.0,0.0,0.0000,0.0000
905.15,2026-05-25T20:06:25.265340,IDLE,59.6,59.0,0.0,0.0000,0.0000
905.65,2026-05-25T20:06:25.764461,IDLE,61.1,59.0,0.0,0.0000,0.0000
906.15,2026-05-25T20:06:26.264703,IDLE,58.7,59.0,0.0,0.0000,0.0000
906.64,2026-05-25T20:06:26.763879,IDLE,56.4,59.0,0.0,0.0000,0.0000
907.15,2026-05-25T20:06:27.265824,IDLE,57.9,59.0,0.0,0.0000,0.0000
907.65,2026-05-25T20:06:27.765714,IDLE,57.6,59.0,0.0,0.0000,0.0000
908.15,2026-05-25T20:06:28.264881,IDLE,55.6,59.0,0.0,0.0000,0.0000
908.65,2026-05-25T20:06:28.765837,IDLE,57.8,59.0,0.0,0.0000,0.0000
909.15,2026-05-25T20:06:29.266783,IDLE,57.1,59.0,0.0,0.0000,0.0000
909.65,2026-05-25T20:06:29.768113,IDLE,57.9,59.1,0.0,0.0000,0.0000
910.15,2026-05-25T20:06:30.264523,IDLE,59.0,59.0,0.0,0.0000,0.0000
910.65,2026-05-25T20:06:30.768309,IDLE,56.0,59.0,0.0,0.0000,0.0000
911.14,2026-05-25T20:06:31.263897,IDLE,61.6,59.0,0.0,0.0000,0.0000
911.65,2026-05-25T20:06:31.765417,IDLE,58.9,59.0,0.0,0.0000,0.0000
912.15,2026-05-25T20:06:32.269740,IDLE,54.8,59.0,0.0,0.0000,0.0000
912.65,2026-05-25T20:06:32.770731,IDLE,55.7,59.0,0.0,0.0000,0.0000
913.15,2026-05-25T20:06:33.265548,IDLE,58.1,59.0,0.0,0.0000,0.0000
913.65,2026-05-25T20:06:33.766702,IDLE,62.4,59.0,0.0,0.0000,0.0000
914.14,2026-05-25T20:06:34.264152,IDLE,55.5,59.0,0.0,0.0000,0.0000
914.64,2026-05-25T20:06:34.763098,IDLE,56.9,59.0,0.0,0.0000,0.0000
915.15,2026-05-25T20:06:35.264659,IDLE,55.7,59.0,0.0,0.0000,0.0000
915.65,2026-05-25T20:06:35.765960,IDLE,55.5,59.0,0.0,0.0000,0.0000
916.15,2026-05-25T20:06:36.265910,IDLE,52.8,59.0,0.0,0.0000,0.0000
916.65,2026-05-25T20:06:36.765240,IDLE,56.7,59.0,0.0,0.0000,0.0000
917.15,2026-05-25T20:06:37.264795,IDLE,56.4,59.0,0.0,0.0000,0.0000
917.65,2026-05-25T20:06:37.764781,IDLE,58.7,59.0,0.0,0.0000,0.0000
918.15,2026-05-25T20:06:38.264781,IDLE,54.2,59.0,0.0,0.0000,0.0000
918.65,2026-05-25T20:06:38.766023,IDLE,53.9,59.0,0.0,0.0000,0.0000
919.15,2026-05-25T20:06:39.265340,IDLE,57.8,59.0,0.0,0.0000,0.0000
919.65,2026-05-25T20:06:39.765351,IDLE,56.5,59.0,0.0,0.0000,0.0000
920.15,2026-05-25T20:06:40.265339,IDLE,55.0,59.0,0.0,0.0000,0.0000
920.65,2026-05-25T20:06:40.764374,IDLE,54.9,59.0,0.0,0.0000,0.0000
921.15,2026-05-25T20:06:41.265892,IDLE,56.1,59.0,0.0,0.0000,0.0000
921.65,2026-05-25T20:06:41.765905,IDLE,60.9,59.0,0.0,0.0000,0.0000
922.15,2026-05-25T20:06:42.267115,IDLE,59.6,59.0,0.0,0.0000,0.0000
922.65,2026-05-25T20:06:42.767045,IDLE,55.4,58.8,0.0,0.0000,0.0000
923.15,2026-05-25T20:06:43.267056,IDLE,55.4,58.8,0.0,0.0000,0.0000
923.64,2026-05-25T20:06:43.763493,IDLE,53.8,58.9,0.0,0.0000,0.0000
924.15,2026-05-25T20:06:44.265898,IDLE,53.1,58.9,0.0,0.0000,0.0000
924.65,2026-05-25T20:06:44.765087,IDLE,54.3,58.9,0.0,0.0000,0.0000
925.15,2026-05-25T20:06:45.266257,IDLE,53.5,58.9,0.0,0.0000,0.0000
925.65,2026-05-25T20:06:45.765551,IDLE,54.1,58.9,0.0,0.0000,0.0000
926.15,2026-05-25T20:06:46.265352,IDLE,55.6,58.9,0.0,0.0000,0.0000
926.64,2026-05-25T20:06:46.763999,IDLE,54.5,58.9,0.0,0.0000,0.0000
927.15,2026-05-25T20:06:47.266402,IDLE,61.9,58.9,0.0,0.0000,0.0000
927.65,2026-05-25T20:06:47.766940,IDLE,54.6,58.9,0.0,0.0000,0.0000
928.15,2026-05-25T20:06:48.265992,IDLE,56.4,58.9,0.0,0.0000,0.0000
928.64,2026-05-25T20:06:48.763061,IDLE,56.3,58.9,0.0,0.0000,0.0000
929.15,2026-05-25T20:06:49.266416,IDLE,56.2,58.9,0.0,0.0000,0.0000
929.65,2026-05-25T20:06:49.765103,IDLE,59.2,58.9,0.0,0.0000,0.0000
930.15,2026-05-25T20:06:50.265144,IDLE,55.1,58.9,0.0,0.0000,0.0000
930.65,2026-05-25T20:06:50.765345,IDLE,54.1,58.9,0.0,0.0000,0.0000
931.15,2026-05-25T20:06:51.265875,IDLE,56.2,58.9,0.0,0.0000,0.0000
931.65,2026-05-25T20:06:51.767993,IDLE,53.5,58.9,0.0,0.0000,0.0000
932.15,2026-05-25T20:06:52.265542,IDLE,57.4,58.9,0.0,0.0000,0.0000
932.65,2026-05-25T20:06:52.765462,IDLE,54.9,58.9,0.0,0.0000,0.0000
933.15,2026-05-25T20:06:53.265557,IDLE,51.4,58.9,0.0,0.0000,0.0000
933.65,2026-05-25T20:06:53.767613,IDLE,57.5,58.9,0.0,0.0000,0.0000
934.15,2026-05-25T20:06:54.266520,IDLE,56.6,58.9,0.0,0.0000,0.0000
934.64,2026-05-25T20:06:54.763067,IDLE,53.7,58.9,0.0,0.0000,0.0000
935.15,2026-05-25T20:06:55.266010,IDLE,58.1,58.9,0.0,0.0000,0.0000
935.65,2026-05-25T20:06:55.766838,IDLE,58.5,58.9,0.0,0.0000,0.0000
936.15,2026-05-25T20:06:56.266242,IDLE,54.9,59.0,0.0,0.0000,0.0000
936.65,2026-05-25T20:06:56.765264,IDLE,53.2,58.9,0.0,0.0000,0.0000
937.15,2026-05-25T20:06:57.267240,IDLE,55.6,58.9,0.0,0.0000,0.0000
937.65,2026-05-25T20:06:57.766151,IDLE,56.8,58.9,0.0,0.0000,0.0000
938.15,2026-05-25T20:06:58.265025,IDLE,54.4,58.9,0.0,0.0000,0.0000
938.65,2026-05-25T20:06:58.765089,IDLE,55.0,58.9,0.0,0.0000,0.0000
939.15,2026-05-25T20:06:59.264889,IDLE,55.4,58.9,0.0,0.0000,0.0000
939.65,2026-05-25T20:06:59.765413,IDLE,54.2,58.8,0.0,0.0000,0.0000
940.15,2026-05-25T20:07:00.265450,IDLE,54.7,58.9,0.0,0.0000,0.0000
940.65,2026-05-25T20:07:00.765481,IDLE,56.6,58.9,0.0,0.0000,0.0000
941.15,2026-05-25T20:07:01.265929,IDLE,56.7,58.9,0.0,0.0000,0.0000
941.65,2026-05-25T20:07:01.765341,IDLE,56.2,58.9,0.0,0.0000,0.0000
942.15,2026-05-25T20:07:02.265084,IDLE,56.9,58.9,0.0,0.0000,0.0000
942.64,2026-05-25T20:07:02.764059,IDLE,54.5,58.9,0.0,0.0000,0.0000
943.15,2026-05-25T20:07:03.265038,IDLE,61.1,58.9,0.0,0.0000,0.0000
943.65,2026-05-25T20:07:03.765958,IDLE,55.5,58.9,0.0,0.0000,0.0000
944.15,2026-05-25T20:07:04.265805,IDLE,55.8,58.9,0.0,0.0000,0.0000
944.65,2026-05-25T20:07:04.764940,IDLE,53.4,58.9,0.0,0.0000,0.0000
945.15,2026-05-25T20:07:05.265923,IDLE,55.1,58.9,0.0,0.0000,0.0000
945.65,2026-05-25T20:07:05.764623,IDLE,57.4,58.9,0.0,0.0000,0.0000
946.14,2026-05-25T20:07:06.263893,IDLE,57.9,58.9,0.0,0.0000,0.0000
946.65,2026-05-25T20:07:06.765468,IDLE,56.8,58.9,0.0,0.0000,0.0000
947.15,2026-05-25T20:07:07.266731,IDLE,57.7,58.9,0.0,0.0000,0.0000
947.65,2026-05-25T20:07:07.764967,IDLE,53.1,58.9,0.0,0.0000,0.0000
948.15,2026-05-25T20:07:08.265895,IDLE,54.9,58.9,0.0,0.0000,0.0000
948.65,2026-05-25T20:07:08.765117,IDLE,53.0,58.9,0.0,0.0000,0.0000
949.15,2026-05-25T20:07:09.265259,IDLE,56.6,58.9,0.0,0.0000,0.0000
949.65,2026-05-25T20:07:09.766270,IDLE,57.7,59.0,0.0,0.0000,0.0000
950.15,2026-05-25T20:07:10.265023,IDLE,57.1,58.9,0.0,0.0000,0.0000
950.65,2026-05-25T20:07:10.765627,IDLE,53.8,58.9,0.0,0.0000,0.0000
951.15,2026-05-25T20:07:11.266289,IDLE,62.1,59.0,0.0,0.0000,0.0000
951.65,2026-05-25T20:07:11.765742,IDLE,54.5,59.0,0.0,0.0000,0.0000
952.15,2026-05-25T20:07:12.265788,IDLE,53.8,58.9,0.0,0.0000,0.0000
952.65,2026-05-25T20:07:12.766015,IDLE,55.2,59.0,0.0,0.0000,0.0000
953.15,2026-05-25T20:07:13.267360,IDLE,59.7,58.9,0.0,0.0000,0.0000
953.65,2026-05-25T20:07:13.765129,IDLE,59.9,59.0,0.0,0.0000,0.0000
954.14,2026-05-25T20:07:14.264171,IDLE,56.1,58.9,0.0,0.0000,0.0000
954.64,2026-05-25T20:07:14.762816,IDLE,55.9,58.9,0.0,0.0000,0.0000
955.15,2026-05-25T20:07:15.268272,IDLE,54.7,59.0,0.0,0.0000,0.0000
955.64,2026-05-25T20:07:15.763435,IDLE,54.8,59.0,0.0,0.0000,0.0000
956.15,2026-05-25T20:07:16.265440,IDLE,56.1,59.0,0.0,0.0000,0.0000
956.64,2026-05-25T20:07:16.763929,IDLE,55.1,59.0,0.0,0.0000,0.0000
957.15,2026-05-25T20:07:17.268478,IDLE,57.3,58.9,0.0,0.0000,0.0000
957.64,2026-05-25T20:07:17.764066,IDLE,58.3,59.0,0.0,0.0000,0.0000
958.15,2026-05-25T20:07:18.265200,IDLE,56.2,59.0,0.0,0.0000,0.0000
958.65,2026-05-25T20:07:18.764747,IDLE,54.4,59.0,0.0,0.0000,0.0000
959.15,2026-05-25T20:07:19.267850,IDLE,58.3,59.0,0.0,0.0000,0.0000
959.65,2026-05-25T20:07:19.765249,IDLE,53.7,59.0,0.0,0.0000,0.0000
960.15,2026-05-25T20:07:20.265038,IDLE,56.0,58.9,0.0,0.0000,0.0000
960.65,2026-05-25T20:07:20.765620,IDLE,54.2,59.0,0.0,0.0000,0.0000
961.15,2026-05-25T20:07:21.266462,IDLE,56.7,59.0,0.0,0.0000,0.0000
961.65,2026-05-25T20:07:21.764268,IDLE,59.6,59.0,0.0,0.0000,0.0000
962.15,2026-05-25T20:07:22.264978,IDLE,58.5,59.0,0.0,0.0000,0.0000
962.65,2026-05-25T20:07:22.764795,IDLE,57.3,59.0,0.0,0.0000,0.0000
963.15,2026-05-25T20:07:23.265429,IDLE,58.0,59.0,0.0,0.0000,0.0000
963.65,2026-05-25T20:07:23.766785,IDLE,55.6,59.0,0.0,0.0000,0.0000
964.15,2026-05-25T20:07:24.265786,IDLE,53.9,59.0,0.0,0.0000,0.0000
964.65,2026-05-25T20:07:24.764627,IDLE,55.4,59.0,0.0,0.0000,0.0000
965.15,2026-05-25T20:07:25.266080,IDLE,56.8,59.0,0.0,0.0000,0.0000
965.65,2026-05-25T20:07:25.764493,IDLE,57.8,59.0,0.0,0.0000,0.0000
966.15,2026-05-25T20:07:26.264634,IDLE,60.4,59.0,0.0,0.0000,0.0000
966.65,2026-05-25T20:07:26.765203,IDLE,55.7,58.9,0.0,0.0000,0.0000
967.15,2026-05-25T20:07:27.269045,IDLE,61.0,58.9,0.0,0.0000,0.0000
967.64,2026-05-25T20:07:27.764034,IDLE,53.4,59.0,0.0,0.0000,0.0000
968.15,2026-05-25T20:07:28.265226,IDLE,55.4,58.9,0.0,0.0000,0.0000
968.64,2026-05-25T20:07:28.764303,IDLE,55.0,58.9,0.0,0.0000,0.0000
969.15,2026-05-25T20:07:29.264492,IDLE,55.9,58.9,0.0,0.0000,0.0000
969.65,2026-05-25T20:07:29.764640,IDLE,61.6,59.0,0.0,0.0000,0.0000
970.15,2026-05-25T20:07:30.265035,IDLE,58.0,58.9,0.0,0.0000,0.0000
970.65,2026-05-25T20:07:30.765112,IDLE,57.8,58.9,0.0,0.0000,0.0000
971.15,2026-05-25T20:07:31.266695,IDLE,56.9,58.9,0.0,0.0000,0.0000
971.65,2026-05-25T20:07:31.765007,IDLE,55.7,58.9,0.0,0.0000,0.0000
972.15,2026-05-25T20:07:32.265275,IDLE,54.9,58.9,0.0,0.0000,0.0000
972.65,2026-05-25T20:07:32.765049,IDLE,57.4,59.0,0.0,0.0000,0.0000
973.15,2026-05-25T20:07:33.265513,IDLE,57.8,58.9,0.0,0.0000,0.0000
973.65,2026-05-25T20:07:33.765682,IDLE,58.6,58.9,0.0,0.0000,0.0000
974.15,2026-05-25T20:07:34.266217,IDLE,58.3,58.9,0.0,0.0000,0.0000
974.65,2026-05-25T20:07:34.766945,IDLE,56.0,59.0,0.0,0.0000,0.0000
975.15,2026-05-25T20:07:35.266915,IDLE,61.1,58.9,0.0,0.0000,0.0000
975.64,2026-05-25T20:07:35.763703,IDLE,60.2,59.0,0.0,0.0000,0.0000
976.15,2026-05-25T20:07:36.265394,IDLE,57.8,58.9,0.0,0.0000,0.0000
976.65,2026-05-25T20:07:36.764892,IDLE,55.9,59.0,0.0,0.0000,0.0000
977.15,2026-05-25T20:07:37.265185,IDLE,58.2,59.0,0.0,0.0000,0.0000
977.65,2026-05-25T20:07:37.765241,IDLE,63.6,59.0,0.0,0.0000,0.0000
978.15,2026-05-25T20:07:38.265746,IDLE,59.1,59.0,0.0,0.0000,0.0000
978.65,2026-05-25T20:07:38.772343,IDLE,56.5,58.9,0.0,0.0000,0.0000
979.15,2026-05-25T20:07:39.268027,IDLE,56.8,59.0,0.0,0.0000,0.0000
979.65,2026-05-25T20:07:39.766729,IDLE,56.8,59.0,0.0,0.0000,0.0000
980.15,2026-05-25T20:07:40.264711,IDLE,54.5,59.0,0.0,0.0000,0.0000
980.65,2026-05-25T20:07:40.766375,IDLE,56.0,59.0,0.0,0.0000,0.0000
981.15,2026-05-25T20:07:41.267471,IDLE,55.9,59.0,0.0,0.0000,0.0000
981.65,2026-05-25T20:07:41.765990,IDLE,57.7,59.0,0.0,0.0000,0.0000
982.15,2026-05-25T20:07:42.265283,IDLE,58.2,59.0,0.0,0.0000,0.0000
982.65,2026-05-25T20:07:42.766057,IDLE,54.9,59.0,0.0,0.0000,0.0000
983.15,2026-05-25T20:07:43.266786,IDLE,59.9,59.0,0.0,0.0000,0.0000
983.65,2026-05-25T20:07:43.766565,IDLE,57.9,58.9,0.0,0.0000,0.0000
984.15,2026-05-25T20:07:44.265823,IDLE,55.9,59.0,0.0,0.0000,0.0000
984.65,2026-05-25T20:07:44.766057,IDLE,59.1,59.0,0.0,0.0000,0.0000
985.15,2026-05-25T20:07:45.266635,IDLE,57.5,59.0,0.0,0.0000,0.0000
985.65,2026-05-25T20:07:45.766864,IDLE,59.4,59.0,0.0,0.0000,0.0000
986.15,2026-05-25T20:07:46.265450,IDLE,57.8,59.0,0.0,0.0000,0.0000
986.64,2026-05-25T20:07:46.763463,IDLE,56.0,59.0,0.0,0.0000,0.0000
987.15,2026-05-25T20:07:47.265998,IDLE,57.7,59.0,0.0,0.0000,0.0000
987.65,2026-05-25T20:07:47.765941,IDLE,56.2,59.0,0.0,0.0000,0.0000
988.15,2026-05-25T20:07:48.265461,IDLE,58.6,59.0,0.0,0.0000,0.0000
988.65,2026-05-25T20:07:48.764563,IDLE,60.1,59.0,0.0,0.0000,0.0000
989.15,2026-05-25T20:07:49.266323,IDLE,57.2,59.0,0.0,0.0000,0.0000
989.65,2026-05-25T20:07:49.765733,IDLE,57.6,59.0,0.0,0.0000,0.0000
990.15,2026-05-25T20:07:50.266246,IDLE,58.0,59.0,0.0,0.0000,0.0000
990.65,2026-05-25T20:07:50.765731,IDLE,59.1,59.0,0.0,0.0000,0.0000
991.15,2026-05-25T20:07:51.266260,IDLE,60.6,59.0,0.0,0.0000,0.0000
991.65,2026-05-25T20:07:51.764683,IDLE,57.0,59.0,0.0,0.0000,0.0000
992.15,2026-05-25T20:07:52.264570,IDLE,56.3,59.0,0.0,0.0000,0.0000
992.65,2026-05-25T20:07:52.765373,IDLE,56.6,59.0,0.0,0.0000,0.0000
993.14,2026-05-25T20:07:53.263132,IDLE,57.6,59.0,0.0,0.0000,0.0000
993.65,2026-05-25T20:07:53.764418,IDLE,60.7,59.0,0.0,0.0000,0.0000
994.15,2026-05-25T20:07:54.266515,IDLE,57.1,59.0,0.0,0.0000,0.0000
994.65,2026-05-25T20:07:54.765310,IDLE,57.1,59.0,0.0,0.0000,0.0000
995.15,2026-05-25T20:07:55.265014,IDLE,60.3,59.0,0.0,0.0000,0.0000
995.65,2026-05-25T20:07:55.765747,IDLE,56.0,59.0,0.0,0.0000,0.0000
996.15,2026-05-25T20:07:56.264658,IDLE,61.9,59.0,0.0,0.0000,0.0000
996.65,2026-05-25T20:07:56.765508,IDLE,72.1,59.0,0.0,0.0000,0.0000
997.15,2026-05-25T20:07:57.266167,IDLE,56.1,59.0,0.0,0.0000,0.0000
997.65,2026-05-25T20:07:57.765949,IDLE,61.2,59.0,0.0,0.0000,0.0000
998.15,2026-05-25T20:07:58.266165,IDLE,59.4,58.9,0.0,0.0000,0.0000
998.65,2026-05-25T20:07:58.766203,IDLE,57.8,59.0,0.0,0.0000,0.0000
999.15,2026-05-25T20:07:59.265489,IDLE,60.5,59.0,0.0,0.0000,0.0000
999.65,2026-05-25T20:07:59.765046,IDLE,60.1,58.9,0.0,0.0000,0.0000
1000.15,2026-05-25T20:08:00.265902,IDLE,59.4,59.0,0.0,0.0000,0.0000
1000.65,2026-05-25T20:08:00.764582,IDLE,57.7,59.0,0.0,0.0000,0.0000
1001.15,2026-05-25T20:08:01.265862,IDLE,59.1,59.0,0.0,0.0000,0.0000
1001.65,2026-05-25T20:08:01.764991,IDLE,62.4,59.0,0.0,0.0000,0.0000
1002.15,2026-05-25T20:08:02.267807,IDLE,57.5,59.0,0.0,0.0000,0.0000
1002.64,2026-05-25T20:08:02.763222,IDLE,59.2,59.0,0.0,0.0000,0.0000
1003.15,2026-05-25T20:08:03.267423,IDLE,57.6,59.0,0.0,0.0000,0.0000
1003.65,2026-05-25T20:08:03.764882,IDLE,56.3,59.0,0.0,0.0000,0.0000
1004.15,2026-05-25T20:08:04.268289,IDLE,57.7,58.9,0.0,0.0000,0.0000
1004.65,2026-05-25T20:08:04.767886,IDLE,56.5,59.0,0.0,0.0000,0.0000
1005.15,2026-05-25T20:08:05.265158,IDLE,59.7,58.9,0.0,0.0000,0.0000
1005.64,2026-05-25T20:08:05.763041,IDLE,56.7,59.0,0.0,0.0000,0.0000
1006.15,2026-05-25T20:08:06.267033,IDLE,61.4,59.0,0.0,0.0000,0.0000
1006.65,2026-05-25T20:08:06.764572,IDLE,58.4,59.0,0.0,0.0000,0.0000
1007.15,2026-05-25T20:08:07.264458,IDLE,61.6,59.0,0.0,0.0000,0.0000
1007.65,2026-05-25T20:08:07.764933,IDLE,57.9,59.0,0.0,0.0000,0.0000
1008.15,2026-05-25T20:08:08.265228,IDLE,58.5,59.0,0.0,0.0000,0.0000
1008.65,2026-05-25T20:08:08.765887,IDLE,57.8,59.0,0.0,0.0000,0.0000
1009.15,2026-05-25T20:08:09.267562,IDLE,59.9,59.0,0.0,0.0000,0.0000
1009.65,2026-05-25T20:08:09.766716,IDLE,62.5,59.0,0.0,0.0000,0.0000
1010.15,2026-05-25T20:08:10.265367,IDLE,59.5,58.9,0.0,0.0000,0.0000
1010.65,2026-05-25T20:08:10.767922,IDLE,57.4,58.9,0.0,0.0000,0.0000
1011.15,2026-05-25T20:08:11.266302,IDLE,61.4,58.9,0.0,0.0000,0.0000
1011.65,2026-05-25T20:08:11.764886,IDLE,57.8,58.8,0.0,0.0000,0.0000
1012.15,2026-05-25T20:08:12.265125,IDLE,58.7,58.8,0.0,0.0000,0.0000
1012.65,2026-05-25T20:08:12.765845,IDLE,58.3,58.8,0.0,0.0000,0.0000
1013.15,2026-05-25T20:08:13.266092,IDLE,61.5,58.7,0.0,0.0000,0.0000
1013.65,2026-05-25T20:08:13.767190,IDLE,60.7,58.8,0.0,0.0000,0.0000
1014.15,2026-05-25T20:08:14.266144,IDLE,58.5,58.8,0.0,0.0000,0.0000
1014.65,2026-05-25T20:08:14.764703,IDLE,56.5,58.7,0.0,0.0000,0.0000
1015.15,2026-05-25T20:08:15.268045,IDLE,62.1,58.7,0.0,0.0000,0.0000
1015.65,2026-05-25T20:08:15.765118,IDLE,58.4,58.7,0.0,0.0000,0.0000
1016.15,2026-05-25T20:08:16.267472,IDLE,59.0,58.7,0.0,0.0000,0.0000
1016.65,2026-05-25T20:08:16.768085,IDLE,59.1,58.7,0.0,0.0000,0.0000
1017.15,2026-05-25T20:08:17.266923,IDLE,60.7,58.7,0.0,0.0000,0.0000
1017.65,2026-05-25T20:08:17.767668,IDLE,62.6,58.8,0.0,0.0000,0.0000
1018.15,2026-05-25T20:08:18.265724,IDLE,58.5,58.7,0.0,0.0000,0.0000
1018.65,2026-05-25T20:08:18.764394,IDLE,57.0,58.7,0.0,0.0000,0.0000
1019.15,2026-05-25T20:08:19.266051,IDLE,60.1,58.7,0.0,0.0000,0.0000
1019.65,2026-05-25T20:08:19.766413,IDLE,57.9,58.7,0.0,0.0000,0.0000
1020.15,2026-05-25T20:08:20.266777,IDLE,58.9,58.7,0.0,0.0000,0.0000
1020.65,2026-05-25T20:08:20.767669,IDLE,59.6,58.8,0.0,0.0000,0.0000
1021.15,2026-05-25T20:08:21.266393,IDLE,60.4,58.8,0.0,0.0000,0.0000
1021.65,2026-05-25T20:08:21.766408,IDLE,62.3,58.8,0.0,0.0000,0.0000
1022.15,2026-05-25T20:08:22.266420,IDLE,58.7,58.7,0.0,0.0000,0.0000
1022.65,2026-05-25T20:08:22.765211,IDLE,59.1,58.8,0.0,0.0000,0.0000
1023.15,2026-05-25T20:08:23.266540,IDLE,62.8,58.7,0.0,0.0000,0.0000
1023.65,2026-05-25T20:08:23.767866,IDLE,58.7,58.7,0.0,0.0000,0.0000
1024.15,2026-05-25T20:08:24.269842,IDLE,61.6,58.8,0.0,0.0000,0.0000
1024.65,2026-05-25T20:08:24.765539,IDLE,60.3,58.7,0.0,0.0000,0.0000
1025.15,2026-05-25T20:08:25.267892,IDLE,59.1,58.7,0.0,0.0000,0.0000
1025.65,2026-05-25T20:08:25.765085,IDLE,63.6,58.7,0.0,0.0000,0.0000
1026.15,2026-05-25T20:08:26.267240,IDLE,61.5,58.8,0.0,0.0000,0.0000
1026.65,2026-05-25T20:08:26.768200,IDLE,58.4,58.8,0.0,0.0000,0.0000
1027.15,2026-05-25T20:08:27.270359,IDLE,62.4,58.8,0.0,0.0000,0.0000
1027.65,2026-05-25T20:08:27.765870,IDLE,59.9,58.8,0.0,0.0000,0.0000
1028.15,2026-05-25T20:08:28.264418,IDLE,59.3,58.7,0.0,0.0000,0.0000
1028.64,2026-05-25T20:08:28.763210,IDLE,59.2,58.9,0.0,0.0000,0.0000
1029.16,2026-05-25T20:08:29.277119,IDLE,59.9,58.8,0.0,0.0000,0.0000
1029.65,2026-05-25T20:08:29.765675,IDLE,60.5,58.8,0.0,0.0000,0.0000
1030.15,2026-05-25T20:08:30.264989,IDLE,59.4,58.7,0.0,0.0000,0.0000
1030.65,2026-05-25T20:08:30.765513,IDLE,57.7,58.7,0.0,0.0000,0.0000
1031.15,2026-05-25T20:08:31.265251,IDLE,61.6,58.8,0.0,0.0000,0.0000
1031.65,2026-05-25T20:08:31.765129,IDLE,59.9,58.9,0.0,0.0000,0.0000
1032.15,2026-05-25T20:08:32.266599,IDLE,59.3,58.9,0.0,0.0000,0.0000
1032.64,2026-05-25T20:08:32.762873,IDLE,59.1,58.8,0.0,0.0000,0.0000
1033.15,2026-05-25T20:08:33.266561,IDLE,63.4,58.8,0.0,0.0000,0.0000
1033.65,2026-05-25T20:08:33.765589,IDLE,62.6,58.9,0.0,0.0000,0.0000
1034.15,2026-05-25T20:08:34.264332,IDLE,60.5,58.9,0.0,0.0000,0.0000
1034.65,2026-05-25T20:08:34.765956,IDLE,58.6,58.9,0.0,0.0000,0.0000
1035.15,2026-05-25T20:08:35.265448,IDLE,60.6,58.8,0.0,0.0000,0.0000
1035.64,2026-05-25T20:08:35.763967,IDLE,61.5,58.9,0.0,0.0000,0.0000
1036.15,2026-05-25T20:08:36.266764,IDLE,62.6,58.8,0.0,0.0000,0.0000
1036.64,2026-05-25T20:08:36.762905,IDLE,60.7,58.8,0.0,0.0000,0.0000
1037.14,2026-05-25T20:08:37.263203,IDLE,59.7,58.7,0.0,0.0000,0.0000
1037.64,2026-05-25T20:08:37.763628,IDLE,59.2,58.8,0.0,0.0000,0.0000
1038.14,2026-05-25T20:08:38.262761,IDLE,58.4,58.9,0.0,0.0000,0.0000
1038.64,2026-05-25T20:08:38.762779,IDLE,60.5,58.9,0.0,0.0000,0.0000
1039.14,2026-05-25T20:08:39.263829,IDLE,65.1,59.3,0.0,0.0000,0.0000
1039.64,2026-05-25T20:08:39.763431,IDLE,65.3,60.4,0.0,0.0000,0.0000
1040.15,2026-05-25T20:08:40.270493,IDLE,61.2,60.6,0.0,0.0000,0.0000
1040.65,2026-05-25T20:08:40.769048,IDLE,61.3,61.5,0.0,0.0000,0.0000
1041.15,2026-05-25T20:08:41.265966,IDLE,60.5,61.5,0.0,0.0000,0.0000
1041.65,2026-05-25T20:08:41.767855,IDLE,61.0,61.6,0.0,0.0000,0.0000
1042.15,2026-05-25T20:08:42.264229,IDLE,60.8,61.5,0.0,0.0000,0.0000
1042.65,2026-05-25T20:08:42.768220,IDLE,59.7,61.5,0.0,0.0000,0.0000
1043.15,2026-05-25T20:08:43.265018,IDLE,64.2,61.5,0.0,0.0000,0.0000
1043.65,2026-05-25T20:08:43.768808,IDLE,56.6,61.5,0.0,0.0000,0.0000
1044.15,2026-05-25T20:08:44.265046,IDLE,59.5,61.8,0.0,0.0000,0.0000
1044.65,2026-05-25T20:08:44.764716,IDLE,56.4,61.8,0.0,0.0000,0.0000
1045.15,2026-05-25T20:08:45.266892,IDLE,61.1,61.9,0.0,0.0000,0.0000
1045.64,2026-05-25T20:08:45.763145,IDLE,59.8,61.9,0.0,0.0000,0.0000
1046.15,2026-05-25T20:08:46.265100,IDLE,59.2,61.9,0.0,0.0000,0.0000
1046.65,2026-05-25T20:08:46.766358,IDLE,57.8,61.9,0.0,0.0000,0.0000
1047.15,2026-05-25T20:08:47.264193,IDLE,62.9,61.9,0.0,0.0000,0.0000
1047.65,2026-05-25T20:08:47.764809,IDLE,58.3,61.9,0.0,0.0000,0.0000
1048.15,2026-05-25T20:08:48.265718,IDLE,58.8,61.9,0.0,0.0000,0.0000
1048.65,2026-05-25T20:08:48.769352,IDLE,59.2,61.9,0.0,0.0000,0.0000
1049.15,2026-05-25T20:08:49.264260,IDLE,57.5,61.9,0.0,0.0000,0.0000
1049.65,2026-05-25T20:08:49.765234,IDLE,60.4,61.8,0.0,0.0000,0.0000
1050.14,2026-05-25T20:08:50.263079,IDLE,56.4,61.9,0.0,0.0000,0.0000
1050.65,2026-05-25T20:08:50.764404,IDLE,59.0,61.9,0.0,0.0000,0.0000
1051.14,2026-05-25T20:08:51.264079,IDLE,75.7,62.0,0.0,0.0000,0.0000
1051.64,2026-05-25T20:08:51.763980,IDLE,52.7,62.1,0.0,0.0000,0.0000
1052.15,2026-05-25T20:08:52.264644,IDLE,58.5,62.0,0.0,0.0000,0.0000
1052.65,2026-05-25T20:08:52.768612,IDLE,57.9,62.0,0.0,0.0000,0.0000
1053.15,2026-05-25T20:08:53.265235,IDLE,59.9,62.0,0.0,0.0000,0.0000
1053.65,2026-05-25T20:08:53.767389,IDLE,56.2,62.0,0.0,0.0000,0.0000
1054.15,2026-05-25T20:08:54.266443,IDLE,60.8,62.0,0.0,0.0000,0.0000
1054.64,2026-05-25T20:08:54.763968,IDLE,54.4,62.0,0.0,0.0000,0.0000
1055.15,2026-05-25T20:08:55.264731,IDLE,62.1,60.6,0.0,0.0000,0.0000
1055.64,2026-05-25T20:08:55.763971,IDLE,57.6,59.6,0.0,0.0000,0.0000
1056.15,2026-05-25T20:08:56.267128,IDLE,55.3,59.6,0.0,0.0000,0.0000
1056.65,2026-05-25T20:08:56.766539,IDLE,57.9,59.5,0.0,0.0000,0.0000
1057.15,2026-05-25T20:08:57.265111,IDLE,55.5,59.6,0.0,0.0000,0.0000
1057.64,2026-05-25T20:08:57.762590,IDLE,63.7,59.6,0.0,0.0000,0.0000
1058.15,2026-05-25T20:08:58.265443,IDLE,57.0,60.0,0.0,0.0000,0.0000
1058.64,2026-05-25T20:08:58.761733,IDLE,64.5,61.0,0.0,0.0000,0.0000
1059.14,2026-05-25T20:08:59.262496,IDLE,63.6,61.1,0.0,0.0000,0.0000
1059.65,2026-05-25T20:08:59.764635,IDLE,61.0,62.1,0.0,0.0000,0.0000
1060.14,2026-05-25T20:09:00.263840,IDLE,57.7,62.1,0.0,0.0000,0.0000
1060.65,2026-05-25T20:09:00.764759,IDLE,61.3,62.1,0.0,0.0000,0.0000
1061.15,2026-05-25T20:09:01.265224,IDLE,57.6,61.9,0.0,0.0000,0.0000
1061.65,2026-05-25T20:09:01.764699,IDLE,55.3,61.9,0.0,0.0000,0.0000
1062.15,2026-05-25T20:09:02.267664,IDLE,55.5,61.9,0.0,0.0000,0.0000
1062.65,2026-05-25T20:09:02.768147,IDLE,55.4,61.8,0.0,0.0000,0.0000
1063.15,2026-05-25T20:09:03.267054,IDLE,60.1,61.9,0.0,0.0000,0.0000
1063.65,2026-05-25T20:09:03.766537,IDLE,53.6,61.9,0.0,0.0000,0.0000
1064.15,2026-05-25T20:09:04.266926,IDLE,53.3,61.9,0.0,0.0000,0.0000
1064.64,2026-05-25T20:09:04.764077,IDLE,56.3,61.9,0.0,0.0000,0.0000
1065.15,2026-05-25T20:09:05.266581,IDLE,53.1,61.9,0.0,0.0000,0.0000
1065.65,2026-05-25T20:09:05.764608,IDLE,59.4,61.9,0.0,0.0000,0.0000
1066.15,2026-05-25T20:09:06.265220,IDLE,55.7,61.9,0.0,0.0000,0.0000
1066.64,2026-05-25T20:09:06.763147,IDLE,55.3,61.9,0.0,0.0000,0.0000
1067.14,2026-05-25T20:09:07.263759,IDLE,55.3,61.9,0.0,0.0000,0.0000
1067.64,2026-05-25T20:09:07.764064,IDLE,55.5,61.9,0.0,0.0000,0.0000
1068.15,2026-05-25T20:09:08.264784,IDLE,55.7,61.9,0.0,0.0000,0.0000
1068.64,2026-05-25T20:09:08.763959,IDLE,57.2,61.9,0.0,0.0000,0.0000
1069.15,2026-05-25T20:09:09.265144,IDLE,54.1,61.9,0.0,0.0000,0.0000
1069.65,2026-05-25T20:09:09.765088,IDLE,55.1,61.9,0.0,0.0000,0.0000
1070.15,2026-05-25T20:09:10.265881,IDLE,55.9,61.9,0.0,0.0000,0.0000
1070.65,2026-05-25T20:09:10.767264,IDLE,52.7,61.9,0.0,0.0000,0.0000
1071.15,2026-05-25T20:09:11.264714,IDLE,60.5,61.9,0.0,0.0000,0.0000
1071.65,2026-05-25T20:09:11.764590,IDLE,55.4,61.9,0.0,0.0000,0.0000
1072.15,2026-05-25T20:09:12.270069,IDLE,55.2,61.9,0.0,0.0000,0.0000
1072.65,2026-05-25T20:09:12.766911,IDLE,53.4,61.9,0.0,0.0000,0.0000
1073.15,2026-05-25T20:09:13.268677,IDLE,56.9,61.9,0.0,0.0000,0.0000
1073.65,2026-05-25T20:09:13.764562,IDLE,55.6,61.9,0.0,0.0000,0.0000
1074.15,2026-05-25T20:09:14.266499,IDLE,55.5,60.5,0.0,0.0000,0.0000
1074.65,2026-05-25T20:09:14.767234,IDLE,52.5,59.6,0.0,0.0000,0.0000
1075.15,2026-05-25T20:09:15.266068,IDLE,54.5,59.5,0.0,0.0000,0.0000
1075.65,2026-05-25T20:09:15.765741,IDLE,55.9,59.5,0.0,0.0000,0.0000
1076.15,2026-05-25T20:09:16.264773,IDLE,53.9,59.5,0.0,0.0000,0.0000
1076.65,2026-05-25T20:09:16.766444,IDLE,54.3,59.4,0.0,0.0000,0.0000
1077.15,2026-05-25T20:09:17.264866,IDLE,55.2,59.4,0.0,0.0000,0.0000
1077.65,2026-05-25T20:09:17.766081,IDLE,54.8,59.4,0.0,0.0000,0.0000
1078.15,2026-05-25T20:09:18.265288,IDLE,56.8,59.5,0.0,0.0000,0.0000
1078.65,2026-05-25T20:09:18.767350,IDLE,53.4,59.5,0.0,0.0000,0.0000
1079.15,2026-05-25T20:09:19.267124,IDLE,59.2,59.4,0.0,0.0000,0.0000
1079.65,2026-05-25T20:09:19.765216,IDLE,56.1,59.5,0.0,0.0000,0.0000
1080.15,2026-05-25T20:09:20.265005,IDLE,55.5,59.4,0.0,0.0000,0.0000
1080.65,2026-05-25T20:09:20.764491,IDLE,53.7,59.4,0.0,0.0000,0.0000
1081.15,2026-05-25T20:09:21.264437,IDLE,57.1,59.4,0.0,0.0000,0.0000
1081.65,2026-05-25T20:09:21.764744,IDLE,58.4,59.4,0.0,0.0000,0.0000
1082.15,2026-05-25T20:09:22.267911,IDLE,56.7,59.6,0.0,0.0000,0.0000
1082.64,2026-05-25T20:09:22.763862,IDLE,54.8,59.6,0.0,0.0000,0.0000
1083.14,2026-05-25T20:09:23.262985,IDLE,57.6,59.6,0.0,0.0000,0.0000
1083.65,2026-05-25T20:09:23.765240,IDLE,51.8,59.5,0.0,0.0000,0.0000
1084.15,2026-05-25T20:09:24.265449,IDLE,55.3,59.6,0.0,0.0000,0.0000
1084.65,2026-05-25T20:09:24.764849,IDLE,56.0,59.6,0.0,0.0000,0.0000
1085.15,2026-05-25T20:09:25.267012,IDLE,56.5,59.5,0.0,0.0000,0.0000
1085.65,2026-05-25T20:09:25.764415,IDLE,57.1,59.6,0.0,0.0000,0.0000
1086.15,2026-05-25T20:09:26.268400,IDLE,56.1,59.5,0.0,0.0000,0.0000
1086.64,2026-05-25T20:09:26.763556,IDLE,52.0,59.5,0.0,0.0000,0.0000
1087.15,2026-05-25T20:09:27.267760,IDLE,60.2,59.5,0.0,0.0000,0.0000
1087.65,2026-05-25T20:09:27.767164,IDLE,59.3,59.6,0.0,0.0000,0.0000
1088.15,2026-05-25T20:09:28.265737,IDLE,54.8,59.6,0.0,0.0000,0.0000
1088.65,2026-05-25T20:09:28.766164,IDLE,55.4,59.6,0.0,0.0000,0.0000
1089.15,2026-05-25T20:09:29.267549,IDLE,55.8,59.6,0.0,0.0000,0.0000
1089.64,2026-05-25T20:09:29.762682,IDLE,59.4,59.7,0.0,0.0000,0.0000
1090.15,2026-05-25T20:09:30.268183,IDLE,56.1,59.6,0.0,0.0000,0.0000
1090.65,2026-05-25T20:09:30.764954,IDLE,56.9,59.6,0.0,0.0000,0.0000
1091.15,2026-05-25T20:09:31.266570,IDLE,58.6,59.7,0.0,0.0000,0.0000
1091.65,2026-05-25T20:09:31.765214,IDLE,54.3,59.6,0.0,0.0000,0.0000
1092.15,2026-05-25T20:09:32.265069,IDLE,55.2,59.7,0.0,0.0000,0.0000
1092.65,2026-05-25T20:09:32.765179,IDLE,56.3,59.7,0.0,0.0000,0.0000
1093.15,2026-05-25T20:09:33.265286,IDLE,58.3,59.7,0.0,0.0000,0.0000
1093.64,2026-05-25T20:09:33.763867,IDLE,59.3,59.6,0.0,0.0000,0.0000
1094.14,2026-05-25T20:09:34.263007,IDLE,54.2,59.7,0.0,0.0000,0.0000
1094.64,2026-05-25T20:09:34.763801,IDLE,55.7,59.7,0.0,0.0000,0.0000
1095.15,2026-05-25T20:09:35.268327,IDLE,58.3,59.7,0.0,0.0000,0.0000
1095.65,2026-05-25T20:09:35.772241,IDLE,55.5,59.6,0.0,0.0000,0.0000
1096.15,2026-05-25T20:09:36.268194,IDLE,54.8,59.7,0.0,0.0000,0.0000
1096.65,2026-05-25T20:09:36.764365,IDLE,53.0,59.6,0.0,0.0000,0.0000
1097.15,2026-05-25T20:09:37.268072,IDLE,56.7,59.6,0.0,0.0000,0.0000
1097.65,2026-05-25T20:09:37.769413,IDLE,59.0,59.6,0.0,0.0000,0.0000
1098.15,2026-05-25T20:09:38.268396,IDLE,55.7,59.7,0.0,0.0000,0.0000
1098.65,2026-05-25T20:09:38.765922,IDLE,55.8,59.7,0.0,0.0000,0.0000
1099.15,2026-05-25T20:09:39.267485,IDLE,58.0,59.6,0.0,0.0000,0.0000
1099.65,2026-05-25T20:09:39.767120,IDLE,55.5,59.7,0.0,0.0000,0.0000
1100.15,2026-05-25T20:09:40.271285,IDLE,56.7,59.6,0.0,0.0000,0.0000
1100.65,2026-05-25T20:09:40.766037,IDLE,55.7,59.7,0.0,0.0000,0.0000
1101.15,2026-05-25T20:09:41.265639,IDLE,55.8,59.7,0.0,0.0000,0.0000
1101.65,2026-05-25T20:09:41.765135,IDLE,56.4,59.7,0.0,0.0000,0.0000
1102.15,2026-05-25T20:09:42.265652,IDLE,57.7,59.7,0.0,0.0000,0.0000
1102.65,2026-05-25T20:09:42.764300,IDLE,55.7,59.6,0.0,0.0000,0.0000
1103.15,2026-05-25T20:09:43.265330,IDLE,59.7,59.7,0.0,0.0000,0.0000
1103.64,2026-05-25T20:09:43.763891,IDLE,55.8,59.7,0.0,0.0000,0.0000
1104.15,2026-05-25T20:09:44.268579,IDLE,55.0,59.6,0.0,0.0000,0.0000
1104.65,2026-05-25T20:09:44.767112,IDLE,55.9,59.6,0.0,0.0000,0.0000
1105.15,2026-05-25T20:09:45.268665,IDLE,56.0,59.7,0.0,0.0000,0.0000
1105.65,2026-05-25T20:09:45.767283,IDLE,62.3,59.7,0.0,0.0000,0.0000
1106.14,2026-05-25T20:09:46.264113,IDLE,56.3,59.7,0.0,0.0000,0.0000
1106.64,2026-05-25T20:09:46.764118,IDLE,55.5,59.7,0.0,0.0000,0.0000
1107.15,2026-05-25T20:09:47.269460,IDLE,55.8,59.7,0.0,0.0000,0.0000
1107.65,2026-05-25T20:09:47.770702,IDLE,56.2,59.7,0.0,0.0000,0.0000
1108.15,2026-05-25T20:09:48.265819,IDLE,55.2,59.7,0.0,0.0000,0.0000
1108.64,2026-05-25T20:09:48.763257,IDLE,57.1,59.7,0.0,0.0000,0.0000
1109.15,2026-05-25T20:09:49.267136,IDLE,56.8,59.7,0.0,0.0000,0.0000
1109.65,2026-05-25T20:09:49.764331,IDLE,55.8,59.6,0.0,0.0000,0.0000
1110.15,2026-05-25T20:09:50.265477,IDLE,57.6,59.7,0.0,0.0000,0.0000
1110.64,2026-05-25T20:09:50.763685,IDLE,56.5,59.7,0.0,0.0000,0.0000
1111.15,2026-05-25T20:09:51.266295,IDLE,60.5,59.7,0.0,0.0000,0.0000
1111.64,2026-05-25T20:09:51.763802,IDLE,56.0,59.7,0.0,0.0000,0.0000
1112.15,2026-05-25T20:09:52.265863,IDLE,56.0,59.7,0.0,0.0000,0.0000
1112.64,2026-05-25T20:09:52.764135,IDLE,56.2,59.7,0.0,0.0000,0.0000
1113.14,2026-05-25T20:09:53.262798,IDLE,58.3,59.7,0.0,0.0000,0.0000
1113.65,2026-05-25T20:09:53.765116,IDLE,58.5,59.6,0.0,0.0000,0.0000
1114.15,2026-05-25T20:09:54.265708,IDLE,56.7,59.7,0.0,0.0000,0.0000
1114.65,2026-05-25T20:09:54.765220,IDLE,54.5,59.6,0.0,0.0000,0.0000
1115.15,2026-05-25T20:09:55.265774,IDLE,57.3,59.6,0.0,0.0000,0.0000
1115.65,2026-05-25T20:09:55.764540,IDLE,55.6,59.7,0.0,0.0000,0.0000
1116.14,2026-05-25T20:09:56.263191,IDLE,57.7,59.8,0.0,0.0000,0.0000
1116.65,2026-05-25T20:09:56.764441,IDLE,55.5,59.8,0.0,0.0000,0.0000
1117.15,2026-05-25T20:09:57.268102,IDLE,55.6,59.8,0.0,0.0000,0.0000
1117.65,2026-05-25T20:09:57.764621,IDLE,54.4,59.8,0.0,0.0000,0.0000
1118.15,2026-05-25T20:09:58.266486,IDLE,58.2,59.8,0.0,0.0000,0.0000
1118.65,2026-05-25T20:09:58.765335,IDLE,55.8,59.7,0.0,0.0000,0.0000
1119.14,2026-05-25T20:09:59.263960,IDLE,59.7,59.7,0.0,0.0000,0.0000
1119.64,2026-05-25T20:09:59.762952,IDLE,57.8,59.6,0.0,0.0000,0.0000
1120.15,2026-05-25T20:10:00.266477,IDLE,56.5,59.7,0.0,0.0000,0.0000
1120.64,2026-05-25T20:10:00.762714,IDLE,58.9,59.7,0.0,0.0000,0.0000
1121.15,2026-05-25T20:10:01.264753,IDLE,56.2,59.7,0.0,0.0000,0.0000
1121.65,2026-05-25T20:10:01.766147,IDLE,60.0,59.7,0.0,0.0000,0.0000
1122.15,2026-05-25T20:10:02.266004,IDLE,57.1,59.6,0.0,0.0000,0.0000
1122.64,2026-05-25T20:10:02.762945,IDLE,57.1,59.6,0.0,0.0000,0.0000
1123.15,2026-05-25T20:10:03.265528,IDLE,59.3,59.7,0.0,0.0000,0.0000
1123.65,2026-05-25T20:10:03.765110,IDLE,58.3,59.6,0.0,0.0000,0.0000
1124.15,2026-05-25T20:10:04.266269,IDLE,56.9,59.6,0.0,0.0000,0.0000
1124.64,2026-05-25T20:10:04.762947,IDLE,56.5,59.6,0.0,0.0000,0.0000
1125.14,2026-05-25T20:10:05.263595,IDLE,57.6,59.6,0.0,0.0000,0.0000
1125.65,2026-05-25T20:10:05.765493,IDLE,58.8,59.6,0.0,0.0000,0.0000
1126.15,2026-05-25T20:10:06.264683,IDLE,57.1,59.6,0.0,0.0000,0.0000
1126.64,2026-05-25T20:10:06.764053,IDLE,57.0,59.6,0.0,0.0000,0.0000
1127.14,2026-05-25T20:10:07.263990,IDLE,61.9,59.6,0.0,0.0000,0.0000
1127.65,2026-05-25T20:10:07.769086,IDLE,59.4,59.6,0.0,0.0000,0.0000
1128.14,2026-05-25T20:10:08.263411,IDLE,57.9,59.6,0.0,0.0000,0.0000
1128.65,2026-05-25T20:10:08.767113,IDLE,57.9,59.7,0.0,0.0000,0.0000
1129.15,2026-05-25T20:10:09.266242,IDLE,60.5,59.6,0.0,0.0000,0.0000
1129.64,2026-05-25T20:10:09.763012,IDLE,60.2,59.7,0.0,0.0000,0.0000
1130.15,2026-05-25T20:10:10.266051,IDLE,58.9,59.6,0.0,0.0000,0.0000
1130.65,2026-05-25T20:10:10.766252,IDLE,56.5,59.6,0.0,0.0000,0.0000
1131.15,2026-05-25T20:10:11.264811,IDLE,57.5,59.6,0.0,0.0000,0.0000
1131.65,2026-05-25T20:10:11.765291,IDLE,56.9,59.6,0.0,0.0000,0.0000
1132.14,2026-05-25T20:10:12.263178,IDLE,56.8,59.6,0.0,0.0000,0.0000
1132.64,2026-05-25T20:10:12.763928,IDLE,59.3,59.7,0.0,0.0000,0.0000
1133.15,2026-05-25T20:10:13.265506,IDLE,59.4,59.6,0.0,0.0000,0.0000
1133.64,2026-05-25T20:10:13.762873,IDLE,57.7,59.8,0.0,0.0000,0.0000
1134.15,2026-05-25T20:10:14.268849,IDLE,57.2,59.7,0.0,0.0000,0.0000
1134.65,2026-05-25T20:10:14.765097,IDLE,57.5,59.8,0.0,0.0000,0.0000
1135.15,2026-05-25T20:10:15.265639,IDLE,62.5,59.6,0.0,0.0000,0.0000
1135.65,2026-05-25T20:10:15.767298,IDLE,58.8,59.7,0.0,0.0000,0.0000
1136.15,2026-05-25T20:10:16.266147,IDLE,58.0,59.7,0.0,0.0000,0.0000
1136.64,2026-05-25T20:10:16.763190,IDLE,57.8,59.7,0.0,0.0000,0.0000
1137.14,2026-05-25T20:10:17.263142,IDLE,59.9,59.7,0.0,0.0000,0.0000
1137.64,2026-05-25T20:10:17.762622,IDLE,63.0,59.7,0.0,0.0000,0.0000
1138.14,2026-05-25T20:10:18.263185,IDLE,59.3,59.6,0.0,0.0000,0.0000
1138.64,2026-05-25T20:10:18.764066,IDLE,59.6,59.7,0.0,0.0000,0.0000
1139.15,2026-05-25T20:10:19.267638,IDLE,61.0,59.7,0.0,0.0000,0.0000
1139.64,2026-05-25T20:10:19.764106,IDLE,56.4,59.6,0.0,0.0000,0.0000
1140.14,2026-05-25T20:10:20.263352,IDLE,57.6,59.7,0.0,0.0000,0.0000
1140.65,2026-05-25T20:10:20.765643,IDLE,58.6,59.7,0.0,0.0000,0.0000
1141.15,2026-05-25T20:10:21.266867,IDLE,59.6,59.7,0.0,0.0000,0.0000
1141.65,2026-05-25T20:10:21.764610,IDLE,59.1,59.7,0.0,0.0000,0.0000
1142.15,2026-05-25T20:10:22.268104,IDLE,57.8,59.6,0.0,0.0000,0.0000
1142.64,2026-05-25T20:10:22.763934,IDLE,58.8,59.7,0.0,0.0000,0.0000
1143.15,2026-05-25T20:10:23.264840,IDLE,61.2,59.7,0.0,0.0000,0.0000
1143.64,2026-05-25T20:10:23.762744,IDLE,58.7,59.7,0.0,0.0000,0.0000
1144.14,2026-05-25T20:10:24.263211,IDLE,59.3,59.7,0.0,0.0000,0.0000
1144.64,2026-05-25T20:10:24.762540,IDLE,58.2,59.7,0.0,0.0000,0.0000
1145.15,2026-05-25T20:10:25.266391,IDLE,60.4,59.7,0.0,0.0000,0.0000
1145.64,2026-05-25T20:10:25.762725,IDLE,62.7,59.7,0.0,0.0000,0.0000
1146.14,2026-05-25T20:10:26.263214,IDLE,56.9,59.7,0.0,0.0000,0.0000
1146.65,2026-05-25T20:10:26.765678,IDLE,58.1,59.7,0.0,0.0000,0.0000
1147.15,2026-05-25T20:10:27.266906,IDLE,57.8,59.7,0.0,0.0000,0.0000
1147.65,2026-05-25T20:10:27.765093,IDLE,58.5,59.7,0.0,0.0000,0.0000
1148.15,2026-05-25T20:10:28.264887,IDLE,59.2,59.6,0.0,0.0000,0.0000
1148.65,2026-05-25T20:10:28.765537,IDLE,60.6,59.7,0.0,0.0000,0.0000
1149.14,2026-05-25T20:10:29.263429,IDLE,59.9,59.7,0.0,0.0000,0.0000
1149.65,2026-05-25T20:10:29.766330,IDLE,59.9,59.7,0.0,0.0000,0.0000
1150.15,2026-05-25T20:10:30.265433,IDLE,58.7,59.7,0.0,0.0000,0.0000
1150.64,2026-05-25T20:10:30.763640,IDLE,56.9,59.6,0.0,0.0000,0.0000
1151.14,2026-05-25T20:10:31.263751,IDLE,63.4,59.7,0.0,0.0000,0.0000
1151.64,2026-05-25T20:10:31.763139,IDLE,62.9,59.7,0.0,0.0000,0.0000
1152.15,2026-05-25T20:10:32.265778,IDLE,57.8,59.7,0.0,0.0000,0.0000
1152.64,2026-05-25T20:10:32.764078,IDLE,59.4,59.7,0.0,0.0000,0.0000
1153.15,2026-05-25T20:10:33.271165,IDLE,58.6,59.8,0.0,0.0000,0.0000
1153.65,2026-05-25T20:10:33.766295,IDLE,62.9,59.7,0.0,0.0000,0.0000
1154.15,2026-05-25T20:10:34.268388,IDLE,59.9,59.8,0.0,0.0000,0.0000
1154.65,2026-05-25T20:10:34.768573,IDLE,59.7,59.7,0.0,0.0000,0.0000
1155.14,2026-05-25T20:10:35.263999,IDLE,58.9,59.7,0.0,0.0000,0.0000
1155.65,2026-05-25T20:10:35.772116,IDLE,62.1,59.7,0.0,0.0000,0.0000
1156.15,2026-05-25T20:10:36.265392,IDLE,58.1,59.8,0.0,0.0000,0.0000
1156.65,2026-05-25T20:10:36.764272,IDLE,59.0,59.7,0.0,0.0000,0.0000
1157.15,2026-05-25T20:10:37.267252,IDLE,60.1,59.7,0.0,0.0000,0.0000
1157.64,2026-05-25T20:10:37.764081,IDLE,59.4,59.8,0.0,0.0000,0.0000
1158.14,2026-05-25T20:10:38.263647,IDLE,59.0,59.7,0.0,0.0000,0.0000
1158.64,2026-05-25T20:10:38.762565,IDLE,58.2,59.8,0.0,0.0000,0.0000
1159.15,2026-05-25T20:10:39.266024,IDLE,65.9,59.8,0.0,0.0000,0.0000
1159.64,2026-05-25T20:10:39.762738,IDLE,63.1,59.7,0.0,0.0000,0.0000
1160.15,2026-05-25T20:10:40.266342,IDLE,57.6,59.7,0.0,0.0000,0.0000
1160.65,2026-05-25T20:10:40.764943,IDLE,57.5,59.6,0.0,0.0000,0.0000
1161.15,2026-05-25T20:10:41.267663,IDLE,60.5,59.6,0.0,0.0000,0.0000
1161.65,2026-05-25T20:10:41.765168,IDLE,63.1,59.7,0.0,0.0000,0.0000
1162.15,2026-05-25T20:10:42.264691,IDLE,58.3,59.7,0.0,0.0000,0.0000
1162.65,2026-05-25T20:10:42.764892,IDLE,58.1,59.6,0.0,0.0000,0.0000
1163.15,2026-05-25T20:10:43.267189,IDLE,59.7,59.6,0.0,0.0000,0.0000
1163.65,2026-05-25T20:10:43.765421,IDLE,60.6,59.5,0.0,0.0000,0.0000
1164.14,2026-05-25T20:10:44.263568,IDLE,57.3,59.7,0.0,0.0000,0.0000
1164.65,2026-05-25T20:10:44.764801,IDLE,59.1,59.7,0.0,0.0000,0.0000
1165.15,2026-05-25T20:10:45.265752,IDLE,58.8,59.6,0.0,0.0000,0.0000
1165.64,2026-05-25T20:10:45.762707,IDLE,60.8,59.7,0.0,0.0000,0.0000
1166.15,2026-05-25T20:10:46.266516,IDLE,59.5,59.7,0.0,0.0000,0.0000
1166.65,2026-05-25T20:10:46.766861,IDLE,58.6,59.7,0.0,0.0000,0.0000
1167.14,2026-05-25T20:10:47.263788,IDLE,62.5,59.7,0.0,0.0000,0.0000
1167.64,2026-05-25T20:10:47.763474,IDLE,59.7,59.6,0.0,0.0000,0.0000
1168.15,2026-05-25T20:10:48.264628,IDLE,57.8,59.6,0.0,0.0000,0.0000
1168.64,2026-05-25T20:10:48.763284,IDLE,58.0,59.6,0.0,0.0000,0.0000
1169.15,2026-05-25T20:10:49.264718,IDLE,60.5,59.7,0.0,0.0000,0.0000
1169.65,2026-05-25T20:10:49.764901,IDLE,63.6,59.7,0.0,0.0000,0.0000
1170.15,2026-05-25T20:10:50.264321,IDLE,60.4,59.7,0.0,0.0000,0.0000
1170.65,2026-05-25T20:10:50.770155,IDLE,60.1,59.7,0.0,0.0000,0.0000
1171.15,2026-05-25T20:10:51.265116,IDLE,60.9,59.7,0.0,0.0000,0.0000
1171.65,2026-05-25T20:10:51.766408,IDLE,58.6,59.7,0.0,0.0000,0.0000
1172.15,2026-05-25T20:10:52.265315,IDLE,58.1,59.7,0.0,0.0000,0.0000
1172.65,2026-05-25T20:10:52.765772,IDLE,59.7,59.7,0.0,0.0000,0.0000
1173.15,2026-05-25T20:10:53.267134,IDLE,59.3,59.7,0.0,0.0000,0.0000
1173.64,2026-05-25T20:10:53.762225,IDLE,59.5,59.7,0.0,0.0000,0.0000
1174.15,2026-05-25T20:10:54.264883,IDLE,57.4,59.7,0.0,0.0000,0.0000
1174.64,2026-05-25T20:10:54.762190,IDLE,58.4,59.6,0.0,0.0000,0.0000
1175.15,2026-05-25T20:10:55.268075,IDLE,60.7,59.7,0.0,0.0000,0.0000
1175.64,2026-05-25T20:10:55.763154,IDLE,58.5,59.7,0.0,0.0000,0.0000
1176.14,2026-05-25T20:10:56.263470,IDLE,56.5,59.7,0.0,0.0000,0.0000
1176.64,2026-05-25T20:10:56.763383,IDLE,58.9,59.7,0.0,0.0000,0.0000
1177.15,2026-05-25T20:10:57.266714,IDLE,57.8,59.7,0.0,0.0000,0.0000
1177.65,2026-05-25T20:10:57.768215,IDLE,62.9,59.6,0.0,0.0000,0.0000
1178.15,2026-05-25T20:10:58.267829,IDLE,57.7,59.6,0.0,0.0000,0.0000
1178.65,2026-05-25T20:10:58.765585,IDLE,58.1,59.6,0.0,0.0000,0.0000
1179.15,2026-05-25T20:10:59.264755,IDLE,61.2,59.6,0.0,0.0000,0.0000
1179.65,2026-05-25T20:10:59.764478,IDLE,56.7,59.6,0.0,0.0000,0.0000
1180.15,2026-05-25T20:11:00.264844,IDLE,57.3,59.6,0.0,0.0000,0.0000
1180.65,2026-05-25T20:11:00.764970,IDLE,58.4,59.6,0.0,0.0000,0.0000
1181.15,2026-05-25T20:11:01.268296,IDLE,59.2,59.6,0.0,0.0000,0.0000
1181.64,2026-05-25T20:11:01.764022,IDLE,58.3,59.7,0.0,0.0000,0.0000
1182.15,2026-05-25T20:11:02.264910,IDLE,57.2,59.6,0.0,0.0000,0.0000
1182.65,2026-05-25T20:11:02.765565,IDLE,56.8,59.7,0.0,0.0000,0.0000
1183.14,2026-05-25T20:11:03.263953,IDLE,59.0,59.6,0.0,0.0000,0.0000
1183.65,2026-05-25T20:11:03.766390,IDLE,56.9,59.6,0.0,0.0000,0.0000
1184.15,2026-05-25T20:11:04.267035,IDLE,55.1,59.6,0.0,0.0000,0.0000
1184.64,2026-05-25T20:11:04.763983,IDLE,55.3,59.6,0.0,0.0000,0.0000
1185.15,2026-05-25T20:11:05.267533,IDLE,57.0,59.6,0.0,0.0000,0.0000
1185.65,2026-05-25T20:11:05.764414,IDLE,61.1,59.6,0.0,0.0000,0.0000
1186.15,2026-05-25T20:11:06.265451,IDLE,57.3,59.7,0.0,0.0000,0.0000
1186.64,2026-05-25T20:11:06.763024,IDLE,57.7,59.6,0.0,0.0000,0.0000
1187.15,2026-05-25T20:11:07.265867,IDLE,58.9,59.8,0.0,0.0000,0.0000
1187.65,2026-05-25T20:11:07.765361,IDLE,56.6,59.7,0.0,0.0000,0.0000
1188.15,2026-05-25T20:11:08.269759,IDLE,55.9,59.7,0.0,0.0000,0.0000
1188.65,2026-05-25T20:11:08.765118,IDLE,59.7,59.7,0.0,0.0000,0.0000
1189.14,2026-05-25T20:11:09.263738,IDLE,55.8,59.8,0.0,0.0000,0.0000
1189.65,2026-05-25T20:11:09.767537,IDLE,58.2,59.7,0.0,0.0000,0.0000
1190.15,2026-05-25T20:11:10.265480,IDLE,55.8,59.7,0.0,0.0000,0.0000
1190.64,2026-05-25T20:11:10.763570,IDLE,55.6,59.7,0.0,0.0000,0.0000
1191.15,2026-05-25T20:11:11.264627,IDLE,59.7,59.7,0.0,0.0000,0.0000
1191.65,2026-05-25T20:11:11.766830,IDLE,56.4,59.6,0.0,0.0000,0.0000
1192.15,2026-05-25T20:11:12.266166,IDLE,54.9,59.7,0.0,0.0000,0.0000
1192.64,2026-05-25T20:11:12.763079,IDLE,54.3,59.6,0.0,0.0000,0.0000
1193.15,2026-05-25T20:11:13.265057,IDLE,55.8,59.8,0.0,0.0000,0.0000
1193.64,2026-05-25T20:11:13.763773,IDLE,56.9,59.7,0.0,0.0000,0.0000
1194.14,2026-05-25T20:11:14.263895,IDLE,58.6,59.8,0.0,0.0000,0.0000
1194.65,2026-05-25T20:11:14.764883,IDLE,55.6,59.7,0.0,0.0000,0.0000
1195.15,2026-05-25T20:11:15.265465,IDLE,57.2,59.7,0.0,0.0000,0.0000
1195.65,2026-05-25T20:11:15.765118,IDLE,54.4,59.7,0.0,0.0000,0.0000
1196.15,2026-05-25T20:11:16.264851,IDLE,55.7,59.7,0.0,0.0000,0.0000
1196.65,2026-05-25T20:11:16.764480,IDLE,55.5,59.7,0.0,0.0000,0.0000
1197.15,2026-05-25T20:11:17.267136,IDLE,58.0,59.6,0.0,0.0000,0.0000
1197.65,2026-05-25T20:11:17.766363,IDLE,54.9,59.7,0.0,0.0000,0.0000
1198.15,2026-05-25T20:11:18.266513,IDLE,56.1,59.7,0.0,0.0000,0.0000
1198.65,2026-05-25T20:11:18.769421,IDLE,53.2,59.6,0.0,0.0000,0.0000
1199.15,2026-05-25T20:11:19.264524,IDLE,59.6,59.7,0.0,0.0000,0.0000
1199.65,2026-05-25T20:11:19.764886,IDLE,54.4,59.7,0.0,0.0000,0.0000
1200.15,2026-05-25T20:11:20.268362,IDLE,55.0,59.7,0.0,0.0000,0.0000
1200.65,2026-05-25T20:11:20.765446,IDLE,53.8,59.7,0.0,0.0000,0.0000
1201.15,2026-05-25T20:11:21.266549,IDLE,56.6,59.6,0.0,0.0000,0.0000
1201.64,2026-05-25T20:11:21.764104,IDLE,60.8,59.7,0.0,0.0000,0.0000
1202.15,2026-05-25T20:11:22.266077,IDLE,58.3,59.7,0.0,0.0000,0.0000
1202.65,2026-05-25T20:11:22.766986,IDLE,55.8,59.7,0.0,0.0000,0.0000
1203.15,2026-05-25T20:11:23.265945,IDLE,59.5,59.7,0.0,0.0000,0.0000
1203.65,2026-05-25T20:11:23.764187,IDLE,53.7,59.7,0.0,0.0000,0.0000
1204.15,2026-05-25T20:11:24.265968,IDLE,56.4,59.7,0.0,0.0000,0.0000
1204.65,2026-05-25T20:11:24.764906,IDLE,53.2,59.7,0.0,0.0000,0.0000
1205.15,2026-05-25T20:11:25.266445,IDLE,56.3,59.7,0.0,0.0000,0.0000
1205.65,2026-05-25T20:11:25.765216,IDLE,57.7,59.7,0.0,0.0000,0.0000
1206.15,2026-05-25T20:11:26.264959,IDLE,56.1,59.6,0.0,0.0000,0.0000
1206.65,2026-05-25T20:11:26.764709,IDLE,54.0,59.6,0.0,0.0000,0.0000
1207.15,2026-05-25T20:11:27.265686,IDLE,57.4,59.7,0.0,0.0000,0.0000
1207.65,2026-05-25T20:11:27.765777,IDLE,56.4,59.6,0.0,0.0000,0.0000
1208.15,2026-05-25T20:11:28.266152,IDLE,55.1,59.7,0.0,0.0000,0.0000
1208.65,2026-05-25T20:11:28.764662,IDLE,55.8,59.7,0.0,0.0000,0.0000
1209.15,2026-05-25T20:11:29.267732,IDLE,59.0,59.7,0.0,0.0000,0.0000
1209.65,2026-05-25T20:11:29.764936,IDLE,55.7,59.7,0.0,0.0000,0.0000
1210.15,2026-05-25T20:11:30.265420,IDLE,55.9,59.7,0.0,0.0000,0.0000
1210.65,2026-05-25T20:11:30.765606,IDLE,53.6,59.6,0.0,0.0000,0.0000
1211.15,2026-05-25T20:11:31.265053,IDLE,56.1,59.7,0.0,0.0000,0.0000
1211.65,2026-05-25T20:11:31.764715,IDLE,53.7,59.7,0.0,0.0000,0.0000
1212.15,2026-05-25T20:11:32.265584,IDLE,54.5,59.7,0.0,0.0000,0.0000
1212.65,2026-05-25T20:11:32.765788,IDLE,56.1,59.7,0.0,0.0000,0.0000
1213.15,2026-05-25T20:11:33.269419,IDLE,56.6,59.7,0.0,0.0000,0.0000
1213.65,2026-05-25T20:11:33.765063,IDLE,54.4,59.6,0.0,0.0000,0.0000
1214.15,2026-05-25T20:11:34.265288,IDLE,57.7,59.6,0.0,0.0000,0.0000
1214.65,2026-05-25T20:11:34.764566,IDLE,54.1,59.6,0.0,0.0000,0.0000
1215.14,2026-05-25T20:11:35.263649,IDLE,59.6,59.7,0.0,0.0000,0.0000
1215.65,2026-05-25T20:11:35.768248,IDLE,58.8,59.6,0.0,0.0000,0.0000
1216.15,2026-05-25T20:11:36.264711,IDLE,56.0,59.7,0.0,0.0000,0.0000
1216.64,2026-05-25T20:11:36.763721,IDLE,54.2,59.7,0.0,0.0000,0.0000
1217.15,2026-05-25T20:11:37.268223,IDLE,58.2,59.7,0.0,0.0000,0.0000
1217.64,2026-05-25T20:11:37.763949,IDLE,59.2,59.7,0.0,0.0000,0.0000
1218.15,2026-05-25T20:11:38.265432,IDLE,55.5,59.7,0.0,0.0000,0.0000
1218.64,2026-05-25T20:11:38.764161,IDLE,54.1,59.7,0.0,0.0000,0.0000
1219.15,2026-05-25T20:11:39.265118,IDLE,56.2,59.6,0.0,0.0000,0.0000
1219.64,2026-05-25T20:11:39.764042,IDLE,55.6,59.7,0.0,0.0000,0.0000
1220.15,2026-05-25T20:11:40.265420,IDLE,54.8,59.7,0.0,0.0000,0.0000
1220.64,2026-05-25T20:11:40.763673,IDLE,57.4,59.7,0.0,0.0000,0.0000
1221.15,2026-05-25T20:11:41.266337,IDLE,56.2,59.6,0.0,0.0000,0.0000
1221.65,2026-05-25T20:11:41.765172,IDLE,55.6,59.7,0.0,0.0000,0.0000
1222.15,2026-05-25T20:11:42.266474,IDLE,56.1,59.7,0.0,0.0000,0.0000
1222.65,2026-05-25T20:11:42.766023,IDLE,54.6,59.6,0.0,0.0000,0.0000
1223.15,2026-05-25T20:11:43.264197,IDLE,60.7,59.6,0.0,0.0000,0.0000
1223.65,2026-05-25T20:11:43.764800,IDLE,55.5,59.7,0.0,0.0000,0.0000
1224.15,2026-05-25T20:11:44.265989,IDLE,54.0,59.6,0.0,0.0000,0.0000
1224.66,2026-05-25T20:11:44.774259,IDLE,57.5,59.7,0.0,0.0000,0.0000
1225.15,2026-05-25T20:11:45.272368,IDLE,56.1,59.7,0.0,0.0000,0.0000
1225.65,2026-05-25T20:11:45.764881,IDLE,59.5,59.8,0.0,0.0000,0.0000
1226.15,2026-05-25T20:11:46.266450,IDLE,58.9,59.8,0.0,0.0000,0.0000
1226.65,2026-05-25T20:11:46.765774,IDLE,57.5,59.8,0.0,0.0000,0.0000
1227.15,2026-05-25T20:11:47.264535,IDLE,58.6,59.8,0.0,0.0000,0.0000
1227.65,2026-05-25T20:11:47.765698,IDLE,54.5,59.8,0.0,0.0000,0.0000
1228.15,2026-05-25T20:11:48.265108,IDLE,57.1,59.9,0.0,0.0000,0.0000
1228.65,2026-05-25T20:11:48.764864,IDLE,57.7,59.8,0.0,0.0000,0.0000
1229.15,2026-05-25T20:11:49.267000,IDLE,59.1,59.9,0.0,0.0000,0.0000
1229.64,2026-05-25T20:11:49.763887,IDLE,60.7,59.8,0.0,0.0000,0.0000
1230.15,2026-05-25T20:11:50.267749,IDLE,59.1,59.8,0.0,0.0000,0.0000
1230.65,2026-05-25T20:11:50.764307,IDLE,58.6,59.9,0.0,0.0000,0.0000
1231.15,2026-05-25T20:11:51.265314,IDLE,60.6,59.8,0.0,0.0000,0.0000
1231.65,2026-05-25T20:11:51.765823,IDLE,58.3,59.8,0.0,0.0000,0.0000
1232.15,2026-05-25T20:11:52.265179,IDLE,56.4,59.7,0.0,0.0000,0.0000
1232.65,2026-05-25T20:11:52.764819,IDLE,56.5,59.8,0.0,0.0000,0.0000
1233.15,2026-05-25T20:11:53.265411,IDLE,60.9,59.7,0.0,0.0000,0.0000
1233.65,2026-05-25T20:11:53.765394,IDLE,59.9,59.8,0.0,0.0000,0.0000
1234.15,2026-05-25T20:11:54.266857,IDLE,57.0,59.7,0.0,0.0000,0.0000
1234.65,2026-05-25T20:11:54.765470,IDLE,60.4,59.8,0.0,0.0000,0.0000
1235.15,2026-05-25T20:11:55.266325,IDLE,59.3,59.7,0.0,0.0000,0.0000
1235.65,2026-05-25T20:11:55.769273,IDLE,57.7,59.7,0.0,0.0000,0.0000
1236.15,2026-05-25T20:11:56.267526,IDLE,57.0,59.8,0.0,0.0000,0.0000
1236.65,2026-05-25T20:11:56.768137,IDLE,56.0,59.8,0.0,0.0000,0.0000
1237.15,2026-05-25T20:11:57.265666,IDLE,57.3,59.9,0.0,0.0000,0.0000
1237.65,2026-05-25T20:11:57.765988,IDLE,57.6,59.9,0.0,0.0000,0.0000
1238.15,2026-05-25T20:11:58.265618,IDLE,57.8,59.9,0.0,0.0000,0.0000
1238.65,2026-05-25T20:11:58.764565,IDLE,55.6,59.8,0.0,0.0000,0.0000
1239.15,2026-05-25T20:11:59.264782,IDLE,61.7,59.8,0.0,0.0000,0.0000
1239.65,2026-05-25T20:11:59.764819,IDLE,61.2,59.8,0.0,0.0000,0.0000
1240.15,2026-05-25T20:12:00.264594,IDLE,56.0,59.8,0.0,0.0000,0.0000
1240.64,2026-05-25T20:12:00.763909,IDLE,57.6,59.9,0.0,0.0000,0.0000
1241.15,2026-05-25T20:12:01.264919,IDLE,57.9,59.9,0.0,0.0000,0.0000
1241.65,2026-05-25T20:12:01.764761,IDLE,57.6,59.9,0.0,0.0000,0.0000
1242.15,2026-05-25T20:12:02.265598,IDLE,59.3,59.9,0.0,0.0000,0.0000
1242.64,2026-05-25T20:12:02.763522,IDLE,56.8,59.9,0.0,0.0000,0.0000
1243.15,2026-05-25T20:12:03.266657,IDLE,58.1,59.9,0.0,0.0000,0.0000
1243.65,2026-05-25T20:12:03.765082,IDLE,57.1,59.9,0.0,0.0000,0.0000
1244.15,2026-05-25T20:12:04.265698,IDLE,56.4,59.9,0.0,0.0000,0.0000
1244.65,2026-05-25T20:12:04.765936,IDLE,56.6,59.9,0.0,0.0000,0.0000
1245.14,2026-05-25T20:12:05.264004,IDLE,57.1,59.9,0.0,0.0000,0.0000
1245.65,2026-05-25T20:12:05.764268,IDLE,57.4,59.9,0.0,0.0000,0.0000
1246.15,2026-05-25T20:12:06.265081,IDLE,60.2,60.0,0.0,0.0000,0.0000
1246.65,2026-05-25T20:12:06.766078,IDLE,53.9,60.0,0.0,0.0000,0.0000
1247.15,2026-05-25T20:12:07.264552,IDLE,60.6,60.0,0.0,0.0000,0.0000
1247.65,2026-05-25T20:12:07.772862,IDLE,57.7,60.0,0.0,0.0000,0.0000
1248.15,2026-05-25T20:12:08.265380,IDLE,57.0,60.0,0.0,0.0000,0.0000
1248.65,2026-05-25T20:12:08.772457,IDLE,56.0,60.0,0.0,0.0000,0.0000
1249.15,2026-05-25T20:12:09.266409,IDLE,59.8,60.0,0.0,0.0000,0.0000
1249.65,2026-05-25T20:12:09.764641,IDLE,62.1,60.0,0.0,0.0000,0.0000
1250.15,2026-05-25T20:12:10.265618,IDLE,57.8,60.0,0.0,0.0000,0.0000
1250.65,2026-05-25T20:12:10.765564,IDLE,57.1,60.0,0.0,0.0000,0.0000
1251.15,2026-05-25T20:12:11.265454,IDLE,56.8,60.0,0.0,0.0000,0.0000
1251.65,2026-05-25T20:12:11.764674,IDLE,57.5,60.0,0.0,0.0000,0.0000
1252.15,2026-05-25T20:12:12.265329,IDLE,58.3,60.0,0.0,0.0000,0.0000
1252.65,2026-05-25T20:12:12.765755,IDLE,59.5,60.0,0.0,0.0000,0.0000
1253.15,2026-05-25T20:12:13.265178,IDLE,59.5,60.0,0.0,0.0000,0.0000
1253.65,2026-05-25T20:12:13.764799,IDLE,56.4,60.0,0.0,0.0000,0.0000
1254.15,2026-05-25T20:12:14.265667,IDLE,59.7,59.9,0.0,0.0000,0.0000
1254.65,2026-05-25T20:12:14.765419,IDLE,58.1,59.9,0.0,0.0000,0.0000
1255.15,2026-05-25T20:12:15.265646,IDLE,62.2,60.0,0.0,0.0000,0.0000
1255.65,2026-05-25T20:12:15.764922,IDLE,58.5,60.0,0.0,0.0000,0.0000
1256.15,2026-05-25T20:12:16.267136,IDLE,56.7,60.0,0.0,0.0000,0.0000
1256.64,2026-05-25T20:12:16.762465,IDLE,56.7,60.0,0.0,0.0000,0.0000
1257.15,2026-05-25T20:12:17.265113,IDLE,56.9,60.0,0.0,0.0000,0.0000
1257.65,2026-05-25T20:12:17.765142,IDLE,60.4,60.0,0.0,0.0000,0.0000
1258.15,2026-05-25T20:12:18.264906,IDLE,56.3,60.0,0.0,0.0000,0.0000
1258.65,2026-05-25T20:12:18.764234,IDLE,57.7,60.0,0.0,0.0000,0.0000
1259.15,2026-05-25T20:12:19.266285,IDLE,59.2,59.9,0.0,0.0000,0.0000
1259.65,2026-05-25T20:12:19.766122,IDLE,57.0,59.9,0.0,0.0000,0.0000
1260.15,2026-05-25T20:12:20.266164,IDLE,58.9,59.9,0.0,0.0000,0.0000
1260.64,2026-05-25T20:12:20.763833,IDLE,56.3,60.0,0.0,0.0000,0.0000
1261.15,2026-05-25T20:12:21.266804,IDLE,56.3,60.1,0.0,0.0000,0.0000
1261.65,2026-05-25T20:12:21.765061,IDLE,57.7,60.0,0.0,0.0000,0.0000
1262.15,2026-05-25T20:12:22.265825,IDLE,58.0,60.0,0.0,0.0000,0.0000
1262.65,2026-05-25T20:12:22.765924,IDLE,57.0,60.0,0.0,0.0000,0.0000
1263.15,2026-05-25T20:12:23.267458,IDLE,61.0,60.0,0.0,0.0000,0.0000
1263.65,2026-05-25T20:12:23.766139,IDLE,58.9,60.0,0.0,0.0000,0.0000
1264.15,2026-05-25T20:12:24.265788,IDLE,58.1,60.0,0.0,0.0000,0.0000
1264.65,2026-05-25T20:12:24.765310,IDLE,57.5,60.0,0.0,0.0000,0.0000
1265.15,2026-05-25T20:12:25.265816,IDLE,57.7,60.0,0.0,0.0000,0.0000
1265.65,2026-05-25T20:12:25.766591,IDLE,63.6,60.1,0.0,0.0000,0.0000
1266.15,2026-05-25T20:12:26.265587,IDLE,59.3,60.0,0.0,0.0000,0.0000
1266.65,2026-05-25T20:12:26.764827,IDLE,57.1,60.0,0.0,0.0000,0.0000
1267.15,2026-05-25T20:12:27.266797,IDLE,60.6,60.1,0.0,0.0000,0.0000
1267.65,2026-05-25T20:12:27.765086,IDLE,59.3,60.1,0.0,0.0000,0.0000
1268.15,2026-05-25T20:12:28.265962,IDLE,60.8,60.1,0.0,0.0000,0.0000
1268.65,2026-05-25T20:12:28.767353,IDLE,59.2,59.9,0.0,0.0000,0.0000
1269.14,2026-05-25T20:12:29.263249,IDLE,57.0,59.8,0.0,0.0000,0.0000
1269.65,2026-05-25T20:12:29.766570,IDLE,59.0,59.9,0.0,0.0000,0.0000
1270.15,2026-05-25T20:12:30.266432,IDLE,59.9,59.8,0.0,0.0000,0.0000
1270.64,2026-05-25T20:12:30.762617,IDLE,58.7,59.8,0.0,0.0000,0.0000
1271.15,2026-05-25T20:12:31.268221,IDLE,61.7,59.9,0.0,0.0000,0.0000
1271.65,2026-05-25T20:12:31.764793,IDLE,57.6,59.8,0.0,0.0000,0.0000
1272.15,2026-05-25T20:12:32.265719,IDLE,56.9,59.8,0.0,0.0000,0.0000
1272.65,2026-05-25T20:12:32.764920,IDLE,56.8,59.8,0.0,0.0000,0.0000
1273.15,2026-05-25T20:12:33.265952,IDLE,59.9,59.8,0.0,0.0000,0.0000
1273.64,2026-05-25T20:12:33.763701,IDLE,63.2,59.9,0.0,0.0000,0.0000
1274.15,2026-05-25T20:12:34.266577,IDLE,58.6,59.8,0.0,0.0000,0.0000
1274.65,2026-05-25T20:12:34.766979,IDLE,58.9,59.9,0.0,0.0000,0.0000
1275.15,2026-05-25T20:12:35.265143,IDLE,58.5,59.9,0.0,0.0000,0.0000
1275.65,2026-05-25T20:12:35.771184,IDLE,56.6,59.9,0.0,0.0000,0.0000
1276.15,2026-05-25T20:12:36.265951,IDLE,56.5,59.8,0.0,0.0000,0.0000
1276.65,2026-05-25T20:12:36.770543,IDLE,59.7,59.9,0.0,0.0000,0.0000
1277.15,2026-05-25T20:12:37.265281,IDLE,59.2,60.0,0.0,0.0000,0.0000
1277.64,2026-05-25T20:12:37.763669,IDLE,58.5,60.0,0.0,0.0000,0.0000
1278.15,2026-05-25T20:12:38.266410,IDLE,59.8,60.0,0.0,0.0000,0.0000
1278.64,2026-05-25T20:12:38.763457,IDLE,57.9,59.9,0.0,0.0000,0.0000
1279.15,2026-05-25T20:12:39.265203,IDLE,60.5,59.9,0.0,0.0000,0.0000
1279.64,2026-05-25T20:12:39.763902,IDLE,58.8,59.9,0.0,0.0000,0.0000
1280.15,2026-05-25T20:12:40.267091,IDLE,57.0,59.9,0.0,0.0000,0.0000
1280.65,2026-05-25T20:12:40.764192,IDLE,57.4,60.0,0.0,0.0000,0.0000
1281.16,2026-05-25T20:12:41.275969,IDLE,58.6,59.9,0.0,0.0000,0.0000
1281.65,2026-05-25T20:12:41.765424,IDLE,61.1,59.9,0.0,0.0000,0.0000
1282.15,2026-05-25T20:12:42.269653,IDLE,58.5,59.8,0.0,0.0000,0.0000
1282.65,2026-05-25T20:12:42.764931,IDLE,58.5,59.9,0.0,0.0000,0.0000
1283.15,2026-05-25T20:12:43.265540,IDLE,60.2,59.9,0.0,0.0000,0.0000
1283.65,2026-05-25T20:12:43.770178,IDLE,57.4,59.8,0.0,0.0000,0.0000
1284.15,2026-05-25T20:12:44.265743,IDLE,59.3,59.8,0.0,0.0000,0.0000
1284.65,2026-05-25T20:12:44.766018,IDLE,58.6,59.9,0.0,0.0000,0.0000
1285.15,2026-05-25T20:12:45.266587,IDLE,57.0,59.9,0.0,0.0000,0.0000
1285.65,2026-05-25T20:12:45.766485,IDLE,60.9,60.0,0.0,0.0000,0.0000
1286.14,2026-05-25T20:12:46.263182,IDLE,57.8,59.9,0.0,0.0000,0.0000
1286.64,2026-05-25T20:12:46.762948,IDLE,58.2,59.9,0.0,0.0000,0.0000
1287.15,2026-05-25T20:12:47.266157,IDLE,62.5,59.9,0.0,0.0000,0.0000
1287.65,2026-05-25T20:12:47.766886,IDLE,60.5,60.0,0.0,0.0000,0.0000
1288.15,2026-05-25T20:12:48.266366,IDLE,58.1,60.0,0.0,0.0000,0.0000
1288.65,2026-05-25T20:12:48.764224,IDLE,59.7,60.0,0.0,0.0000,0.0000
1289.15,2026-05-25T20:12:49.264224,IDLE,60.5,59.9,0.0,0.0000,0.0000
1289.65,2026-05-25T20:12:49.765820,IDLE,63.9,60.0,0.0,0.0000,0.0000
1290.14,2026-05-25T20:12:50.262824,IDLE,60.7,60.0,0.0,0.0000,0.0000
1290.66,2026-05-25T20:12:50.779026,IDLE,61.9,60.0,0.0,0.0000,0.0000
1291.15,2026-05-25T20:12:51.265056,IDLE,60.1,59.9,0.0,0.0000,0.0000
1291.65,2026-05-25T20:12:51.764853,IDLE,58.2,59.9,0.0,0.0000,0.0000
1292.14,2026-05-25T20:12:52.263773,IDLE,59.2,59.9,0.0,0.0000,0.0000
1292.65,2026-05-25T20:12:52.764906,IDLE,60.1,59.8,0.0,0.0000,0.0000
1293.15,2026-05-25T20:12:53.265224,IDLE,61.6,59.9,0.0,0.0000,0.0000
1293.65,2026-05-25T20:12:53.767580,IDLE,59.1,59.9,0.0,0.0000,0.0000
1294.14,2026-05-25T20:12:54.263479,IDLE,58.3,60.0,0.0,0.0000,0.0000
1294.65,2026-05-25T20:12:54.767226,IDLE,55.5,59.9,0.0,0.0000,0.0000
1295.14,2026-05-25T20:12:55.262567,IDLE,61.2,60.0,0.0,0.0000,0.0000
1295.65,2026-05-25T20:12:55.765069,IDLE,58.4,60.0,0.0,0.0000,0.0000
1296.15,2026-05-25T20:12:56.265811,IDLE,59.5,59.9,0.0,0.0000,0.0000
1296.65,2026-05-25T20:12:56.765794,IDLE,58.3,60.0,0.0,0.0000,0.0000
1297.15,2026-05-25T20:12:57.265171,IDLE,58.2,60.0,0.0,0.0000,0.0000
1297.65,2026-05-25T20:12:57.766350,IDLE,61.8,60.0,0.0,0.0000,0.0000
1298.14,2026-05-25T20:12:58.262997,IDLE,59.4,60.0,0.0,0.0000,0.0000
1298.65,2026-05-25T20:12:58.765066,IDLE,57.7,59.9,0.0,0.0000,0.0000
