wall_time,elapsed_s,phase,cam_tag_x_m,cam_tag_z_m,cam_tag_dist_m,cam_marker_yaw_deg,robot_x,robot_y,robot_yaw_deg,tag_odom_x,tag_odom_y,dock_approach_yaw_deg,t_robot_m,lat_err_m,t_carrot_m,carrot_odom_x,carrot_odom_y,angle_to_carrot_deg,heading_err_deg,wz_proportional,wz_after_deadband,wz_commanded,vx_commanded,k_steer,friction_deadband,lookahead_dist,max_wz,v_linear,actual_vx,actual_wz
1779756491.4228,0.116,SERVO,-0.0117,0.5961,0.5962,-0.19,0.0010,0.0001,-3.71,0.7219,-0.0352,-2.81,-0.7217,-0.0000,-0.1217,0.6003,-0.0293,-2.81,0.91,0.0395,0.0000,0.0000,0.0500,2.500,0.150,0.600,1.000,0.050,0.0000,0.0000
1779756491.5301,0.223,SERVO,-0.0118,0.5965,0.5966,-0.29,0.0017,0.0001,-4.01,0.7228,-0.0352,-2.81,-0.7220,-0.0001,-0.1220,0.6010,-0.0292,-2.80,1.21,0.0529,0.0000,0.0000,0.0500,2.500,0.150,0.600,1.000,0.050,0.0500,0.0000
1779756491.6212,0.315,SERVO,-0.0118,0.5965,0.5966,-0.29,0.0027,-0.0000,-4.08,0.7228,-0.0352,-2.81,-0.7209,-0.0001,-0.1209,0.6020,-0.0293,-2.80,1.28,0.0558,0.0000,0.0000,0.0500,2.500,0.150,0.600,1.000,0.050,0.0500,0.0000
1779756491.7209,0.414,SERVO,-0.0118,0.5965,0.5966,-0.29,0.0082,-0.0004,-3.66,0.7228,-0.0352,-2.81,-0.7154,-0.0002,-0.1154,0.6075,-0.0296,-2.79,0.87,0.0380,0.0000,0.0000,0.0500,2.500,0.150,0.600,1.000,0.050,0.0500,0.0000
1779756491.8247,0.518,SERVO,-0.0119,0.5947,0.5948,-0.54,0.0134,-0.0007,-3.64,0.7298,-0.0332,-2.81,-0.7171,-0.0026,-0.1171,0.6128,-0.0275,-2.56,1.08,0.0472,0.0000,0.0000,0.0500,2.500,0.150,0.600,1.000,0.050,0.0500,0.0000
1779756491.9192,0.613,SERVO,-0.0104,0.5935,0.5935,-0.50,0.0195,-0.0010,-2.89,0.7365,-0.0292,-2.81,-0.7175,-0.0070,-0.1175,0.6192,-0.0235,-2.14,0.75,0.0327,0.0000,0.0000,0.0500,2.500,0.150,0.600,1.000,0.050,0.0500,0.0000
1779756492.0232,0.717,SERVO,-0.0098,0.5924,0.5925,-0.53,0.0232,-0.0013,-3.22,0.7410,-0.0318,-2.81,-0.7185,-0.0046,-0.1185,0.6227,-0.0260,-2.36,0.85,0.0372,0.0000,0.0000,0.0500,2.500,0.150,0.600,1.000,0.050,0.0500,0.0000
1779756492.1227,0.816,SERVO,-0.0089,0.5857,0.5858,-0.59,0.0313,-0.0017,-3.40,0.7401,-0.0344,-2.81,-0.7095,-0.0021,-0.1095,0.6307,-0.0291,-2.61,0.79,0.0347,0.0000,0.0000,0.0500,2.500,0.150,0.600,1.000,0.050,0.0500,0.0000
1779756492.2238,0.913,SERVO,-0.0089,0.5857,0.5858,-0.61,0.0372,-0.0021,-3.26,0.7401,-0.0344,-2.81,-0.7036,-0.0021,-0.1036,0.6366,-0.0294,-2.61,0.65,0.0284,0.0000,0.0000,0.0500,2.500,0.150,0.600,1.000,0.050,0.0500,0.0000
1779756492.3208,1.014,SERVO,-0.0068,0.5799,0.5799,-0.27,0.0405,-0.0022,-2.82,0.7445,-0.0352,-2.81,-0.7048,-0.0016,-0.1048,0.6398,-0.0300,-2.66,0.17,0.0074,0.0000,0.0000,0.0500,2.500,0.150,0.600,1.000,0.050,0.0500,0.0000
1779756492.4202,1.114,SERVO,-0.0059,0.5792,0.5793,-0.49,0.0438,-0.0024,-3.01,0.7479,-0.0282,-2.81,-0.7045,-0.0087,-0.1045,0.6435,-0.0231,-1.97,1.04,0.0452,0.0000,0.0000,0.0500,2.500,0.150,0.600,1.000,0.050,0.0500,0.0000
1779756492.5275,1.221,SERVO,-0.0041,0.5732,0.5732,-0.04,0.0489,-0.0027,-2.97,0.7448,-0.0359,-2.81,-0.6967,-0.0009,-0.0967,0.6482,-0.0312,-2.72,0.25,0.0108,0.0000,0.0000,0.0500,2.500,0.150,0.600,1.000,0.050,0.0500,0.0000
1779756492.6204,1.314,SERVO,-0.0034,0.5695,0.5695,0.11,0.0538,-0.0029,-2.37,0.7472,-0.0353,-2.81,-0.6941,-0.0016,-0.0941,0.6532,-0.0307,-2.66,-0.29,-0.0127,0.0000,0.0000,0.0500,2.500,0.150,0.600,1.000,0.050,0.0500,0.0000
1779756492.7224,1.416,SERVO,-0.0021,0.5674,0.5674,0.12,0.0593,-0.0031,-2.23,0.7486,-0.0274,-2.81,-0.6896,-0.0095,-0.0896,0.6590,-0.0230,-1.90,0.33,0.0143,0.0000,0.0000,0.0500,2.500,0.150,0.600,1.000,0.050,0.0500,0.0000
1779756492.8201,1.513,SERVO,0.0005,0.5610,0.5610,-0.12,0.0670,-0.0034,-2.16,0.7502,-0.0289,-2.81,-0.6836,-0.0080,-0.0836,0.6667,-0.0248,-2.04,0.12,0.0053,0.0000,0.0000,0.0500,2.500,0.150,0.600,1.000,0.050,0.0500,0.0000
1779756492.9234,1.617,SERVO,0.0020,0.5562,0.5562,-0.21,0.0751,-0.0037,-2.19,0.7567,-0.0318,-2.81,-0.6822,-0.0053,-0.0822,0.6746,-0.0278,-2.30,-0.11,-0.0046,0.0000,0.0000,0.0500,2.500,0.150,0.600,1.000,0.050,0.0500,0.0000
1779756493.0272,1.721,SERVO,0.0045,0.5465,0.5465,-0.07,0.0797,-0.0039,-2.02,0.7508,-0.0342,-2.81,-0.6718,-0.0026,-0.0718,0.6791,-0.0306,-2.55,-0.54,-0.0234,0.0000,0.0000,0.0500,2.500,0.150,0.600,1.000,0.050,0.0500,0.0000
1779756493.1256,1.819,SERVO,0.0062,0.5407,0.5407,0.01,0.0825,-0.0040,-1.87,0.7488,-0.0326,-2.81,-0.6670,-0.0041,-0.0670,0.6819,-0.0293,-2.42,-0.55,-0.0240,0.0000,0.0000,0.0500,2.500,0.150,0.600,1.000,0.050,0.0500,0.0000
1779756493.2252,1.919,SERVO,0.0074,0.5363,0.5363,-0.06,0.0863,-0.0041,-1.97,0.7479,-0.0343,-2.81,-0.6623,-0.0022,-0.0623,0.6857,-0.0313,-2.59,-0.62,-0.0272,0.0000,0.0000,0.0500,2.500,0.150,0.600,1.000,0.050,0.0500,0.0000
1779756493.3248,2.018,SERVO,0.0086,0.5322,0.5323,-0.11,0.0924,-0.0043,-1.90,0.7473,-0.0360,-2.81,-0.6557,-0.0005,-0.0557,0.6917,-0.0333,-2.76,-0.86,-0.0376,0.0000,0.0000,0.0500,2.500,0.150,0.600,1.000,0.050,0.0500,0.0000
1779756493.4208,2.114,SERVO,0.0086,0.5322,0.5323,-0.11,0.0993,-0.0045,-1.67,0.7473,-0.0360,-2.81,-0.6488,-0.0003,-0.0488,0.6986,-0.0336,-2.78,-1.10,-0.0481,0.0000,0.0000,0.0500,2.500,0.150,0.600,1.000,0.050,0.0500,0.0000
1779756493.5293,2.223,SERVO,0.0091,0.5299,0.5300,-0.13,0.1063,-0.0048,-1.65,0.7571,-0.0321,-2.81,-0.6514,-0.0046,-0.0514,0.7058,-0.0296,-2.37,-0.72,-0.0313,0.0000,0.0000,0.0500,2.500,0.150,0.600,1.000,0.050,0.0500,0.0000
1779756493.6210,2.314,SERVO,0.0110,0.5200,0.5201,-0.23,0.1112,-0.0049,-1.48,0.7561,-0.0342,-2.81,-0.6455,-0.0023,-0.0455,0.7106,-0.0319,-2.58,-1.11,-0.0482,0.0000,0.0000,0.0500,2.500,0.150,0.600,1.000,0.050,0.0500,0.0000
1779756493.7210,2.414,SERVO,0.0110,0.5200,0.5201,-0.23,0.1157,-0.0050,-1.40,0.7561,-0.0342,-2.81,-0.6411,-0.0022,-0.0411,0.7151,-0.0321,-2.59,-1.19,-0.0520,0.0000,0.0000,0.0500,2.500,0.150,0.600,1.000,0.050,0.0500,0.0000
1779756493.8208,2.514,SERVO,0.0110,0.5200,0.5201,-0.23,0.1180,-0.0050,-1.23,0.7561,-0.0342,-2.81,-0.6388,-0.0022,-0.0388,0.7174,-0.0323,-2.60,-1.37,-0.0597,0.0000,0.0000,0.0500,2.500,0.150,0.600,1.000,0.050,0.0500,0.0000
1779756493.9263,2.620,SERVO,0.0117,0.5154,0.5156,-0.42,0.1205,-0.0051,-1.30,0.7615,-0.0314,-2.81,-0.6415,-0.0052,-0.0415,0.7200,-0.0293,-2.31,-1.01,-0.0442,0.0000,0.0000,0.0500,2.500,0.150,0.600,1.000,0.050,0.0500,0.0000
1779756494.0206,2.714,SERVO,0.0131,0.5090,0.5092,-0.59,0.1233,-0.0051,-0.75,0.7561,-0.0328,-2.81,-0.6334,-0.0034,-0.0334,0.7227,-0.0311,-2.48,-1.74,-0.0757,0.0000,0.0000,0.0500,2.500,0.150,0.600,1.000,0.050,0.0500,0.0000
1779756494.1220,2.815,SERVO,0.0146,0.5030,0.5032,-0.61,0.1279,-0.0052,-0.80,0.7549,-0.0247,-2.81,-0.6272,-0.0112,-0.0272,0.7278,-0.0234,-1.74,-0.93,-0.0407,0.0000,0.0000,0.0500,2.500,0.150,0.600,1.000,0.050,0.0500,0.0000
1779756494.2210,2.914,SERVO,0.0157,0.4965,0.4968,-0.84,0.1341,-0.0053,-0.86,0.7537,-0.0294,-2.81,-0.6200,-0.0063,-0.0200,0.7337,-0.0284,-2.21,-1.34,-0.0587,0.0000,0.0000,0.0500,2.500,0.150,0.600,1.000,0.050,0.0500,0.0000
1779756494.3212,3.015,SERVO,0.0163,0.4936,0.4939,-0.78,0.1394,-0.0054,-0.74,0.7534,-0.0309,-2.81,-0.6145,-0.0046,-0.0145,0.7390,-0.0302,-2.37,-1.63,-0.0713,0.0000,0.0000,0.0500,2.500,0.150,0.600,1.000,0.050,0.0500,0.0000
1779756494.4211,3.114,SERVO,0.0168,0.4905,0.4908,-0.76,0.1448,-0.0055,-0.64,0.7575,-0.0298,-2.81,-0.6132,-0.0057,-0.0132,0.7444,-0.0291,-2.26,-1.62,-0.0707,0.0000,0.0000,0.0500,2.500,0.150,0.600,1.000,0.050,0.0500,0.0000
1779756494.5288,3.222,SERVO,0.0177,0.4832,0.4835,-0.75,0.1497,-0.0055,-0.73,0.7559,-0.0331,-2.81,-0.6068,-0.0021,-0.0068,0.7491,-0.0328,-2.60,-1.87,-0.0817,0.0000,0.0000,0.0500,2.500,0.150,0.600,1.000,0.050,0.0500,0.0000
1779756494.6201,3.313,SERVO,0.0192,0.4736,0.4739,-0.52,0.1508,-0.0055,-0.49,0.7501,-0.0299,-2.81,-0.5998,-0.0050,0.0002,0.7503,-0.0299,-2.33,-1.83,-0.0799,0.0000,0.0000,0.0500,2.500,0.150,0.600,1.000,0.050,0.0500,0.0000
1779756494.7210,3.414,SERVO,0.0198,0.4709,0.4713,-0.41,0.1555,-0.0056,-0.51,0.7499,-0.0289,-2.81,-0.5949,-0.0058,0.0051,0.7550,-0.0292,-2.26,-1.75,-0.0764,0.0000,0.0000,0.0500,2.500,0.150,0.600,1.000,0.050,0.0500,0.0000
1779756494.8232,3.517,SERVO,0.0202,0.4678,0.4682,-0.44,0.1608,-0.0056,-0.37,0.7508,-0.0310,-2.81,-0.5906,-0.0036,0.0094,0.7602,-0.0314,-2.47,-2.09,-0.0914,0.0000,0.0000,0.0500,2.500,0.150,0.600,1.000,0.050,0.0500,0.0000
1779756494.9210,3.614,SERVO,0.0210,0.4615,0.4620,-0.50,0.1662,-0.0056,-0.25,0.7518,-0.0297,-2.81,-0.5861,-0.0047,0.0139,0.7657,-0.0303,-2.36,-2.11,-0.0919,0.0000,0.0000,0.0500,2.500,0.150,0.600,1.000,0.050,0.0500,0.0000
1779756495.0216,3.715,SERVO,0.0220,0.4558,0.4563,-0.53,0.1709,-0.0057,-0.16,0.7511,-0.0296,-2.81,-0.5807,-0.0045,0.0193,0.7704,-0.0305,-2.37,-2.22,-0.0967,0.0000,0.0000,0.0500,2.500,0.150,0.600,1.000,0.050,0.0500,0.0000
1779756495.1210,3.814,SERVO,0.0223,0.4523,0.4529,-0.52,0.1755,-0.0057,-0.28,0.7513,-0.0310,-2.81,-0.5764,-0.0029,0.0236,0.7749,-0.0321,-2.53,-2.25,-0.0980,0.0000,0.0000,0.0500,2.500,0.150,0.600,1.000,0.050,0.0500,0.0000
1779756495.2214,3.915,SERVO,0.0226,0.4492,0.4497,-0.52,0.1765,-0.0057,0.08,0.7519,-0.0311,-2.81,-0.5759,-0.0028,0.0241,0.7760,-0.0323,-2.54,-2.62,-0.1142,0.0000,0.0000,0.0500,2.500,0.150,0.600,1.000,0.050,0.0500,0.0000
1779756495.3209,4.014,SERVO,0.0231,0.4469,0.4475,-0.59,0.1796,-0.0057,0.40,0.7502,-0.0270,-2.81,-0.5709,-0.0067,0.0291,0.7792,-0.0284,-2.17,-2.57,-0.1122,0.0000,0.0000,0.0500,2.500,0.150,0.600,1.000,0.050,0.0500,0.0000
1779756495.4389,4.132,SERVO,0.0238,0.4407,0.4414,-0.72,0.1878,-0.0057,-0.16,0.7502,-0.0292,-2.81,-0.5629,-0.0041,0.0371,0.7873,-0.0310,-2.42,-2.26,-0.0984,0.0000,0.0000,0.0500,2.500,0.150,0.600,1.000,0.050,0.0500,0.0000
1779756495.5287,4.222,SERVO,0.0243,0.4326,0.4333,-0.75,0.1928,-0.0057,-0.11,0.7503,-0.0328,-2.81,-0.5582,-0.0002,0.0418,0.7921,-0.0349,-2.79,-2.68,-0.1168,0.0000,0.0000,0.0500,2.500,0.150,0.600,1.000,0.050,0.0500,0.0000
1779756495.6206,4.314,SERVO,0.0245,0.4297,0.4304,-0.83,0.1974,-0.0057,-0.08,0.7518,-0.0311,-2.81,-0.5550,-0.0018,0.0450,0.7967,-0.0333,-2.63,-2.55,-0.1113,0.0000,0.0000,0.0500,2.500,0.150,0.600,1.000,0.050,0.0500,0.0000
1779756495.7208,4.414,SERVO,0.0252,0.4200,0.4208,-0.70,0.2020,-0.0057,-0.42,0.7465,-0.0345,-2.81,-0.5452,0.0020,0.0548,0.8011,-0.0371,-3.00,-2.58,-0.1125,0.0000,0.0000,0.0500,2.500,0.150,0.600,1.000,0.050,0.0500,0.0000
1779756495.8203,4.514,SERVO,0.0255,0.4172,0.4180,-0.68,0.2056,-0.0058,-0.37,0.7463,-0.0344,-2.81,-0.5414,0.0021,0.0586,0.8048,-0.0373,-3.01,-2.65,-0.1154,0.0000,0.0000,0.0500,2.500,0.150,0.600,1.000,0.050,0.0500,0.0000
1779756495.9198,4.613,SERVO,0.0255,0.4172,0.4180,-0.68,0.2075,-0.0057,-0.00,0.7463,-0.0344,-2.81,-0.5395,0.0022,0.0605,0.8067,-0.0374,-3.02,-3.02,-0.1318,-0.1500,-0.1500,0.0500,2.500,0.150,0.600,1.000,0.050,0.0500,0.0000
1779756496.0214,4.715,SERVO,0.0256,0.4092,0.4100,-0.84,0.2127,-0.0058,-0.41,0.7461,-0.0348,-2.81,-0.5341,0.0029,0.0659,0.8118,-0.0380,-3.08,-2.67,-0.1164,0.0000,0.0000,0.0500,2.500,0.150,0.600,1.000,0.050,0.0500,-0.1500
1779756496.1280,4.821,SERVO,0.0258,0.4063,0.4071,-0.82,0.2212,-0.0058,-0.30,0.7534,-0.0344,-2.81,-0.5329,0.0024,0.0671,0.8204,-0.0376,-3.04,-2.74,-0.1196,0.0000,0.0000,0.0500,2.500,0.150,0.600,1.000,0.050,0.0500,0.0000
1779756496.2221,4.915,SERVO,0.0258,0.4009,0.4017,-0.92,0.2272,-0.0059,-0.30,0.7540,-0.0344,-2.81,-0.5275,0.0027,0.0725,0.8264,-0.0380,-3.07,-2.77,-0.1209,0.0000,0.0000,0.0500,2.500,0.150,0.600,1.000,0.050,0.0500,0.0000
1779756496.3232,5.017,SERVO,0.0260,0.3979,0.3988,-0.84,0.2343,-0.0059,0.03,0.7510,-0.0345,-2.81,-0.5175,0.0033,0.0825,0.8334,-0.0386,-3.13,-3.16,-0.1378,-0.1500,-0.1500,0.0500,2.500,0.150,0.600,1.000,0.050,0.0500,0.0000
1779756496.4239,5.117,SERVO,0.0260,0.3979,0.3988,-0.84,0.2407,-0.0059,-0.05,0.7510,-0.0345,-2.81,-0.5111,0.0036,0.0889,0.8398,-0.0389,-3.15,-3.11,-0.1356,-0.1500,-0.1500,0.0500,2.500,0.150,0.600,1.000,0.050,0.0500,-0.1500
1779756496.5297,5.223,SERVO,0.0264,0.3871,0.3880,-0.72,0.2475,-0.0059,-0.36,0.7580,-0.0351,-2.81,-0.5113,0.0041,0.0887,0.8466,-0.0394,-3.20,-2.84,-0.1239,0.0000,0.0000,0.0500,2.500,0.150,0.600,1.000,0.050,0.0500,-0.1500
1779756496.6204,5.314,SERVO,0.0265,0.3838,0.3847,-0.67,0.2545,-0.0060,-0.49,0.7595,-0.0360,-2.81,-0.5059,0.0052,0.0941,0.8535,-0.0406,-3.31,-2.82,-0.1228,0.0000,0.0000,0.0500,2.500,0.150,0.600,1.000,0.050,0.0500,0.0000
1779756496.7233,5.417,SERVO,0.0264,0.3774,0.3783,-0.62,0.2628,-0.0061,-1.12,0.7613,-0.0400,-2.81,-0.4995,0.0094,0.1005,0.8616,-0.0449,-3.70,-2.59,-0.1129,0.0000,0.0000,0.0500,2.500,0.150,0.600,1.000,0.050,0.0500,0.0000
1779756496.8266,5.520,SERVO,0.0264,0.3774,0.3783,-0.62,0.2664,-0.0061,-0.97,0.7613,-0.0400,-2.81,-0.4959,0.0095,0.1041,0.8653,-0.0451,-3.72,-2.75,-0.1199,0.0000,0.0000,0.0500,2.500,0.150,0.600,1.000,0.050,0.0500,0.0000
1779756496.9202,5.614,SERVO,0.0254,0.3743,0.3751,-0.55,0.2732,-0.0063,-1.11,0.7662,-0.0400,-2.81,-0.4940,0.0096,0.1060,0.8720,-0.0452,-3.72,-2.61,-0.1138,0.0000,0.0000,0.0500,2.500,0.150,0.600,1.000,0.050,0.0500,0.0000
1779756497.0260,5.719,SERVO,0.0254,0.3743,0.3751,-0.55,0.2795,-0.0064,-1.12,0.7662,-0.0400,-2.81,-0.4878,0.0098,0.1122,0.8783,-0.0455,-3.74,-2.62,-0.1141,0.0000,0.0000,0.0500,2.500,0.150,0.600,1.000,0.050,0.0500,0.0000
1779756497.1203,5.814,SERVO,0.0238,0.3571,0.3579,-0.24,0.2845,-0.0065,-1.38,0.7651,-0.0414,-2.81,-0.4817,0.0114,0.1183,0.8832,-0.0472,-3.89,-2.51,-0.1096,0.0000,0.0000,0.0500,2.500,0.150,0.600,1.000,0.050,0.0500,0.0000
1779756497.2212,5.915,SERVO,0.0233,0.3493,0.3501,-0.09,0.2893,-0.0066,-1.04,0.7604,-0.0390,-2.81,-0.4721,0.0093,0.1279,0.8881,-0.0453,-3.70,-2.65,-0.1158,0.0000,0.0000,0.0500,2.500,0.150,0.600,1.000,0.050,0.0500,0.0000
1779756497.3233,6.017,SERVO,0.0233,0.3493,0.3501,-0.09,0.2942,-0.0067,-1.04,0.7604,-0.0390,-2.81,-0.4672,0.0095,0.1328,0.8930,-0.0455,-3.71,-2.67,-0.1165,0.0000,0.0000,0.0500,2.500,0.150,0.600,1.000,0.050,0.0500,0.0000
1779756497.4196,6.113,SERVO,0.0233,0.3493,0.3501,-0.09,0.3001,-0.0068,-1.29,0.7604,-0.0390,-2.81,-0.4613,0.0096,0.1387,0.8990,-0.0458,-3.73,-2.44,-0.1063,0.0000,0.0000,0.0500,2.500,0.150,0.600,1.000,0.050,0.0500,0.0000
1779756497.5273,6.221,SERVO,0.0228,0.3445,0.3452,-0.19,0.3058,-0.0069,-1.41,0.7739,-0.0409,-2.81,-0.4692,0.0110,0.1308,0.9045,-0.0474,-3.86,-2.45,-0.1071,0.0000,0.0000,0.0500,2.500,0.150,0.600,1.000,0.050,0.0500,0.0000
1779756497.6211,6.314,SERVO,0.0220,0.3351,0.3358,-0.23,0.3111,-0.0071,-1.62,0.7697,-0.0417,-2.81,-0.4597,0.0121,0.1403,0.9098,-0.0485,-3.96,-2.34,-0.1021,0.0000,0.0000,0.0500,2.500,0.150,0.600,1.000,0.050,0.0500,0.0000
1779756497.7215,6.414,SERVO,0.0216,0.3262,0.3269,-0.22,0.3159,-0.0072,-1.47,0.7641,-0.0403,-2.81,-0.4492,0.0111,0.1508,0.9147,-0.0477,-3.87,-2.40,-0.1047,0.0000,0.0000,0.0500,2.500,0.150,0.600,1.000,0.050,0.0500,0.0000
1779756497.8261,6.519,SERVO,0.0211,0.3181,0.3188,-0.29,0.3187,-0.0073,-1.33,0.7622,-0.0386,-2.81,-0.4445,0.0096,0.1555,0.9175,-0.0462,-3.72,-2.39,-0.1045,0.0000,0.0000,0.0500,2.500,0.150,0.600,1.000,0.050,0.0500,0.0000
1779756497.9201,6.614,SERVO,0.0209,0.3140,0.3147,-0.25,0.3236,-0.0074,-1.17,0.7597,-0.0378,-2.81,-0.4371,0.0091,0.1629,0.9225,-0.0458,-3.67,-2.50,-0.1092,0.0000,0.0000,0.0500,2.500,0.150,0.600,1.000,0.050,0.0500,0.0000
1779756498.0398,6.732,SERVO,0.0213,0.3100,0.3107,-0.04,0.3272,-0.0074,-1.27,0.7590,-0.0376,-2.81,-0.4328,0.0090,0.1672,0.9260,-0.0458,-3.66,-2.39,-0.1043,0.0000,0.0000,0.0500,2.500,0.150,0.600,1.000,0.050,0.0500,0.0000
1779756498.1219,6.815,SERVO,0.0210,0.3026,0.3033,-0.06,0.3335,-0.0076,-1.21,0.7575,-0.0381,-2.81,-0.4250,0.0097,0.1750,0.9323,-0.0466,-3.73,-2.52,-0.1100,0.0000,0.0000,0.0500,2.500,0.150,0.600,1.000,0.050,0.0500,0.0000
1779756498.2208,6.914,SERVO,0.0205,0.2953,0.2960,-0.28,0.3398,-0.0077,-1.30,0.7588,-0.0377,-2.81,-0.4200,0.0094,0.1800,0.9386,-0.0465,-3.70,-2.40,-0.1048,0.0000,0.0000,0.0500,2.500,0.150,0.600,1.000,0.050,0.0500,0.0000
1779756498.3191,7.013,SERVO,0.0205,0.2953,0.2960,-0.28,0.3451,-0.0079,-2.20,0.7588,-0.0377,-2.81,-0.4146,0.0094,0.1854,0.9439,-0.0467,-3.71,-1.51,-0.0658,0.0000,0.0000,0.0500,2.500,0.150,0.600,1.000,0.050,0.0500,0.0000
1779756498.4226,7.116,SERVO,0.0205,0.2953,0.2960,-0.28,0.3465,-0.0079,-1.52,0.7588,-0.0377,-2.81,-0.4133,0.0095,0.1867,0.9453,-0.0468,-3.71,-2.19,-0.0957,0.0000,0.0000,0.0500,2.500,0.150,0.600,1.000,0.050,0.0500,0.0000
1779756498.5273,7.221,SERVO,0.0199,0.2874,0.2881,-0.26,0.3517,-0.0081,-2.28,0.7625,-0.0436,-2.81,-0.4120,0.0153,0.1880,0.9502,-0.0528,-4.27,-1.99,-0.0868,0.0000,0.0000,0.0500,2.500,0.150,0.600,1.000,0.050,0.0500,0.0000
1779756498.6201,7.313,SERVO,0.0186,0.2774,0.2780,-0.09,0.3555,-0.0082,-1.97,0.7565,-0.0408,-2.81,-0.4021,0.0129,0.1979,0.9542,-0.0505,-4.03,-2.06,-0.0899,0.0000,0.0000,0.0500,2.500,0.150,0.600,1.000,0.050,0.0500,0.0000
1779756498.7239,7.417,SERVO,0.0182,0.2740,0.2746,-0.10,0.3628,-0.0086,-2.91,0.7546,-0.0403,-2.81,-0.3929,0.0124,0.2071,0.9614,-0.0504,-3.99,-1.09,-0.0474,0.0000,0.0000,0.0500,2.500,0.150,0.600,1.000,0.050,0.0500,0.0000
1779756498.8210,7.514,SERVO,0.0175,0.2708,0.2714,-0.26,0.3668,-0.0087,-2.31,0.7582,-0.0462,-2.81,-0.3928,0.0183,0.2072,0.9651,-0.0563,-4.55,-2.24,-0.0979,0.0000,0.0000,0.0500,2.500,0.150,0.600,1.000,0.050,0.0500,0.0000
1779756498.9299,7.623,SERVO,0.0166,0.2637,0.2642,-0.17,0.3724,-0.0090,-2.65,0.7609,-0.0436,-2.81,-0.3897,0.0156,0.2103,0.9709,-0.0539,-4.29,-1.64,-0.0715,0.0000,0.0000,0.0500,2.500,0.150,0.600,1.000,0.050,0.0500,0.0000
1779756499.0245,7.718,SERVO,0.0162,0.2601,0.2606,-0.09,0.3782,-0.0093,-3.39,0.7573,-0.0431,-2.81,-0.3803,0.0151,0.2197,0.9767,-0.0538,-4.25,-0.86,-0.0375,0.0000,0.0000,0.0500,2.500,0.150,0.600,1.000,0.050,0.0500,0.0000
1779756499.1272,7.821,SERVO,0.0156,0.2560,0.2565,-0.10,0.3805,-0.0094,-3.06,0.7600,-0.0486,-2.81,-0.3810,0.0205,0.2190,0.9788,-0.0593,-4.77,-1.71,-0.0746,0.0000,0.0000,0.0500,2.500,0.150,0.600,1.000,0.050,0.0500,0.0000
1779756499.2228,7.916,SERVO,0.0156,0.2560,0.2565,-0.10,0.3858,-0.0098,-3.91,0.7600,-0.0486,-2.81,-0.3757,0.0204,0.2243,0.9841,-0.0596,-4.76,-0.85,-0.0370,0.0000,0.0000,0.0500,2.500,0.150,0.600,1.000,0.050,0.0500,0.0000
1779756499.3255,8.019,SERVO,0.0156,0.2560,0.2565,-0.10,0.3899,-0.0100,-3.59,0.7600,-0.0486,-2.81,-0.3716,0.0204,0.2284,0.9881,-0.0598,-4.75,-1.16,-0.0506,0.0000,0.0000,0.0500,2.500,0.150,0.600,1.000,0.050,0.0500,0.0000
1779756499.4238,8.117,SERVO,0.0136,0.2472,0.2476,-0.20,0.3963,-0.0105,-5.06,0.7628,-0.0470,-2.81,-0.3678,0.0185,0.2322,0.9947,-0.0584,-4.57,0.49,0.0213,0.0000,0.0000,0.0500,2.500,0.150,0.600,1.000,0.050,0.0500,0.0000
1779756499.5265,8.217,SERVO,0.0121,0.2426,0.2429,-0.26,0.3994,-0.0108,-4.87,0.7624,-0.0551,-2.81,-0.3647,0.0265,0.2353,0.9974,-0.0666,-5.34,-0.46,-0.0202,0.0000,0.0000,0.0500,2.500,0.150,0.600,1.000,0.050,0.0500,0.0000
1779756499.6224,8.316,SERVO,0.0098,0.2345,0.2347,-0.41,0.4028,-0.0110,-4.57,0.7600,-0.0496,-2.81,-0.3586,0.0210,0.2414,1.0011,-0.0614,-4.81,-0.24,-0.0106,0.0000,0.0000,0.0500,2.500,0.150,0.600,1.000,0.050,0.0500,0.0000
1779756499.7246,8.418,SERVO,0.0098,0.2345,0.2347,-0.41,0.4085,-0.0116,-5.48,0.7600,-0.0496,-2.81,-0.3529,0.0208,0.2471,1.0068,-0.0617,-4.79,0.68,0.0299,0.0000,0.0000,0.0500,2.500,0.150,0.600,1.000,0.050,0.0500,0.0000
1779756499.8232,8.517,SERVO,0.0082,0.2301,0.2303,-0.53,0.4120,-0.0118,-5.03,0.7623,-0.0537,-2.81,-0.3519,0.0247,0.2481,1.0100,-0.0659,-5.16,-0.13,-0.0058,0.0000,0.0000,0.0500,2.500,0.150,0.600,1.000,0.050,0.0500,0.0000
1779756499.9204,8.614,SERVO,0.0060,0.2219,0.2220,-0.40,0.4172,-0.0124,-5.88,0.7595,-0.0483,-2.81,-0.3437,0.0191,0.2563,1.0155,-0.0608,-4.63,1.25,0.0547,0.0000,0.0000,0.0500,2.500,0.150,0.600,1.000,0.050,0.0500,0.0000
1779756500.0249,8.718,SERVO,0.0048,0.2179,0.2180,-0.40,0.4209,-0.0127,-5.46,0.7604,-0.0536,-2.81,-0.3412,0.0242,0.2588,1.0190,-0.0663,-5.12,0.34,0.0149,0.0000,0.0000,0.0500,2.500,0.150,0.600,1.000,0.050,0.0500,0.0000
1779756500.1213,8.815,SERVO,0.0039,0.2140,0.2140,-0.40,0.4276,-0.0133,-5.64,0.7589,-0.0490,-2.81,-0.3327,0.0194,0.2673,1.0259,-0.0621,-4.65,0.98,0.0429,0.0000,0.0000,0.0500,2.500,0.150,0.600,1.000,0.050,0.0500,0.0000
1779756500.2209,8.914,SERVO,0.0039,0.2140,0.2140,-0.40,0.4331,-0.0139,-5.75,0.7589,-0.0490,-2.81,-0.3272,0.0191,0.2728,1.0314,-0.0623,-4.63,1.12,0.0489,0.0000,0.0000,0.0500,2.500,0.150,0.600,1.000,0.050,0.0500,0.0000
1779756500.3204,9.014,SERVO,0.0029,0.2091,0.2091,-0.49,0.4386,-0.0145,-6.55,0.7712,-0.0556,-2.81,-0.3342,0.0248,0.2658,1.0367,-0.0687,-5.17,1.37,0.0599,0.0000,0.0000,0.0500,2.500,0.150,0.600,1.000,0.050,0.0500,0.0000
1779756500.4207,9.114,SERVO,0.0019,0.2044,0.2044,-0.47,0.4421,-0.0149,-6.11,0.7667,-0.0540,-2.81,-0.3261,0.0232,0.2739,1.0403,-0.0674,-5.02,1.09,0.0474,0.0000,0.0000,0.0500,2.500,0.150,0.600,1.000,0.050,0.0500,0.0000
1779756500.5317,9.225,SERVO,0.0019,0.2044,0.2044,-0.47,0.4490,-0.0156,-6.08,0.7667,-0.0540,-2.81,-0.3192,0.0228,0.2808,1.0472,-0.0678,-4.99,1.10,0.0479,0.0000,0.0000,0.0500,2.500,0.150,0.600,1.000,0.050,0.0500,0.0000
1779756500.6219,9.314,SERVO,0.0019,0.2044,0.2044,-0.47,0.4553,-0.0164,-7.36,0.7667,-0.0540,-2.81,-0.3128,0.0223,0.2872,1.0535,-0.0681,-4.94,2.42,0.1056,0.0000,0.0000,0.0500,2.500,0.150,0.600,1.000,0.050,0.0500,0.0000
1779756500.7212,9.415,SERVO,0.0019,0.2044,0.2044,-0.47,0.4576,-0.0167,-7.57,0.7667,-0.0540,-2.81,-0.3105,0.0222,0.2895,1.0558,-0.0682,-4.92,2.64,0.1154,0.0000,0.0000,0.0500,2.500,0.150,0.600,1.000,0.050,0.0500,0.0000
1779756500.8226,9.515,SERVO,0.0019,0.2044,0.2044,-0.47,0.4615,-0.0172,-7.04,0.7667,-0.0540,-2.81,-0.3066,0.0219,0.2934,1.0597,-0.0684,-4.90,2.14,0.0935,0.0000,0.0000,0.0500,2.500,0.150,0.600,1.000,0.050,0.0500,0.0000
1779756500.9202,9.614,SERVO,0.0019,0.2044,0.2044,-0.47,0.4661,-0.0178,-7.96,0.7667,-0.0540,-2.81,-0.3019,0.0215,0.2981,1.0644,-0.0686,-4.86,3.11,0.1355,0.1500,0.1500,0.0500,2.500,0.150,0.600,1.000,0.050,0.0500,0.0000
1779756501.0271,9.720,SERVO,0.0019,0.2044,0.2044,-0.47,0.4681,-0.0181,-7.99,0.7667,-0.0540,-2.81,-0.3000,0.0213,0.3000,1.0663,-0.0687,-4.84,3.16,0.1377,0.1500,0.1500,0.0500,2.500,0.150,0.600,1.000,0.050,0.0500,0.1500
1779756501.2191,9.911,BLIND,-0.0194,0.1333,0.1347,-0.99,0.4774,-0.0193,-7.70,0.7300,-0.0340,0.00,0.0000,0.0000,0.0000,0.0000,0.0000,0.00,0.00,0.0000,0.0000,0.0000,0.0500,2.500,0.150,0.600,1.000,0.050,0.0500,0.0000
1779756501.3193,10.013,BLIND,-0.0194,0.1333,0.1347,-0.99,0.4854,-0.0205,-8.66,0.7300,-0.0340,0.00,0.0000,0.0000,0.0000,0.0000,0.0000,0.00,0.00,0.0000,0.0000,0.0000,0.0500,2.500,0.150,0.600,1.000,0.050,0.0500,0.0000
1779756501.4199,10.112,BLIND,-0.0194,0.1333,0.1347,-0.99,0.4892,-0.0210,-8.32,0.7300,-0.0340,0.00,0.0000,0.0000,0.0000,0.0000,0.0000,0.00,0.00,0.0000,0.0000,0.0000,0.0500,2.500,0.150,0.600,1.000,0.050,0.0500,0.0000
1779756501.5241,10.214,BLIND,-0.0194,0.1333,0.1347,-0.99,0.4956,-0.0220,-8.44,0.7300,-0.0340,0.00,0.0000,0.0000,0.0000,0.0000,0.0000,0.00,0.00,0.0000,0.0000,0.0000,0.0500,2.500,0.150,0.600,1.000,0.050,0.0500,0.0000
1779756501.6192,10.312,BLIND,-0.0194,0.1333,0.1347,-0.99,0.5016,-0.0229,-9.33,0.7300,-0.0340,0.00,0.0000,0.0000,0.0000,0.0000,0.0000,0.00,0.00,0.0000,0.0000,0.0000,0.0500,2.500,0.150,0.600,1.000,0.050,0.0500,0.0000
1779756501.7191,10.412,BLIND,-0.0194,0.1333,0.1347,-0.99,0.5061,-0.0236,-9.22,0.7300,-0.0340,0.00,0.0000,0.0000,0.0000,0.0000,0.0000,0.00,0.00,0.0000,0.0000,0.0000,0.0500,2.500,0.150,0.600,1.000,0.050,0.0500,0.0000
1779756501.8190,10.511,BLIND,-0.0194,0.1333,0.1347,-0.99,0.5130,-0.0248,-10.30,0.7300,-0.0340,0.00,0.0000,0.0000,0.0000,0.0000,0.0000,0.00,0.00,0.0000,0.0000,0.0000,0.0500,2.500,0.150,0.600,1.000,0.050,0.0500,0.0000
1779756501.9191,10.611,BLIND,-0.0194,0.1333,0.1347,-0.99,0.5168,-0.0255,-9.76,0.7300,-0.0340,0.00,0.0000,0.0000,0.0000,0.0000,0.0000,0.00,0.00,0.0000,0.0000,0.0000,0.0500,2.500,0.150,0.600,1.000,0.050,0.0500,0.0000
1779756502.0193,10.712,BLIND,-0.0194,0.1333,0.1347,-0.99,0.5211,-0.0263,-10.63,0.7300,-0.0340,0.00,0.0000,0.0000,0.0000,0.0000,0.0000,0.00,0.00,0.0000,0.0000,0.0000,0.0500,2.500,0.150,0.600,1.000,0.050,0.0500,0.0000
1779756502.1185,10.811,BLIND,-0.0194,0.1333,0.1347,-0.99,0.5224,-0.0265,-10.65,0.7300,-0.0340,0.00,0.0000,0.0000,0.0000,0.0000,0.0000,0.00,0.00,0.0000,0.0000,0.0000,0.0500,2.500,0.150,0.600,1.000,0.050,0.0500,0.0000
1779756502.2186,10.911,BLIND,-0.0194,0.1333,0.1347,-0.99,0.5258,-0.0271,-10.14,0.7300,-0.0340,0.00,0.0000,0.0000,0.0000,0.0000,0.0000,0.00,0.00,0.0000,0.0000,0.0000,0.0500,2.500,0.150,0.600,1.000,0.050,0.0500,0.0000
1779756502.3184,11.011,BLIND,-0.0194,0.1333,0.1347,-0.99,0.5305,-0.0280,-10.80,0.7300,-0.0340,0.00,0.0000,0.0000,0.0000,0.0000,0.0000,0.00,0.00,0.0000,0.0000,0.0000,0.0500,2.500,0.150,0.600,1.000,0.050,0.0500,0.0000
1779756502.4191,11.112,BLIND,-0.0194,0.1333,0.1347,-0.99,0.5337,-0.0286,-10.29,0.7300,-0.0340,0.00,0.0000,0.0000,0.0000,0.0000,0.0000,0.00,0.00,0.0000,0.0000,0.0000,0.0500,2.500,0.150,0.600,1.000,0.050,0.0500,0.0000
1779756502.5223,11.212,BLIND,-0.0194,0.1333,0.1347,-0.99,0.5392,-0.0296,-10.25,0.7300,-0.0340,0.00,0.0000,0.0000,0.0000,0.0000,0.0000,0.00,0.00,0.0000,0.0000,0.0000,0.0500,2.500,0.150,0.600,1.000,0.050,0.0500,0.0000
1779756502.6200,11.312,BLIND,-0.0194,0.1333,0.1347,-0.99,0.5447,-0.0306,-10.39,0.7300,-0.0340,0.00,0.0000,0.0000,0.0000,0.0000,0.0000,0.00,0.00,0.0000,0.0000,0.0000,0.0500,2.500,0.150,0.600,1.000,0.050,0.0500,0.0000
1779756502.7199,11.412,BLIND,-0.0194,0.1333,0.1347,-0.99,0.5495,-0.0315,-10.72,0.7300,-0.0340,0.00,0.0000,0.0000,0.0000,0.0000,0.0000,0.00,0.00,0.0000,0.0000,0.0000,0.0500,2.500,0.150,0.600,1.000,0.050,0.0500,0.0000
1779756502.8192,11.512,BLIND,-0.0194,0.1333,0.1347,-0.99,0.5533,-0.0322,-11.35,0.7300,-0.0340,0.00,0.0000,0.0000,0.0000,0.0000,0.0000,0.00,0.00,0.0000,0.0000,0.0000,0.0500,2.500,0.150,0.600,1.000,0.050,0.0500,0.0000
1779756583.8308,0.106,SERVO,-0.2833,0.4780,0.5557,1.64,0.2563,0.1433,-51.40,0.8543,-0.1524,-26.32,-0.6672,0.0000,-0.0672,0.7941,-0.1227,-26.32,25.08,1.0944,1.0944,1.0000,0.0500,2.500,0.150,0.600,1.000,0.050,0.0000,0.0000
1779756583.9211,0.197,SERVO,-0.2847,0.4799,0.5580,1.64,0.2564,0.1432,-51.25,0.8568,-0.1526,-26.32,-0.6693,-0.0010,-0.0693,0.7947,-0.1219,-26.22,25.03,1.0923,1.0923,1.0000,0.0500,2.500,0.150,0.600,1.000,0.050,0.0500,1.0000
1779756584.0261,0.302,SERVO,-0.2847,0.4799,0.5580,1.64,0.2567,0.1427,-51.30,0.8568,-0.1526,-26.32,-0.6688,-0.0013,-0.0688,0.7951,-0.1221,-26.19,25.10,1.0953,1.0953,1.0000,0.0500,2.500,0.150,0.600,1.000,0.050,0.0500,1.0000
1779756584.1210,0.396,SERVO,-0.2823,0.4763,0.5537,1.99,0.2576,0.1417,-50.92,0.8551,-0.1487,-26.32,-0.6643,-0.0046,-0.0643,0.7974,-0.1202,-25.88,25.04,1.0926,1.0926,1.0000,0.0500,2.500,0.150,0.600,1.000,0.050,0.0500,1.0000
1779756584.2211,0.497,SERVO,-0.2823,0.4763,0.5537,1.99,0.2584,0.1407,-50.29,0.8551,-0.1487,-26.32,-0.6632,-0.0051,-0.0632,0.7985,-0.1207,-25.83,24.46,1.0673,1.0673,1.0000,0.0500,2.500,0.150,0.600,1.000,0.050,0.0500,1.0000
1779756584.3205,0.596,SERVO,-0.2797,0.4742,0.5505,2.47,0.2600,0.1388,-50.03,0.8585,-0.1416,-26.32,-0.6608,-0.0140,-0.0608,0.8040,-0.1147,-24.98,25.05,1.0928,1.0928,1.0000,0.0500,2.500,0.150,0.600,1.000,0.050,0.0500,1.0000
1779756584.4269,0.702,SERVO,-0.2783,0.4750,0.5505,2.32,0.2634,0.1348,-49.01,0.8631,-0.1385,-26.32,-0.6588,-0.0209,-0.0588,0.8105,-0.1125,-24.32,24.68,1.0770,1.0770,1.0000,0.0500,2.500,0.150,0.600,1.000,0.050,0.0500,1.0000
1779756584.5261,0.801,SERVO,-0.2770,0.4776,0.5521,2.32,0.2675,0.1303,-47.49,0.8684,-0.1391,-26.32,-0.6581,-0.0249,-0.0581,0.8163,-0.1133,-23.94,23.55,1.0276,1.0276,1.0000,0.0500,2.500,0.150,0.600,1.000,0.050,0.0500,1.0000
1779756584.6221,0.898,SERVO,-0.2770,0.4776,0.5521,2.32,0.2715,0.1260,-46.52,0.8684,-0.1391,-26.32,-0.6526,-0.0270,-0.0526,0.8212,-0.1158,-23.74,22.78,0.9942,0.9942,0.9942,0.0500,2.500,0.150,0.600,1.000,0.050,0.0500,1.0000
1779756584.7220,0.997,SERVO,-0.2770,0.4776,0.5521,2.32,0.2750,0.1224,-45.13,0.8684,-0.1391,-26.32,-0.6479,-0.0287,-0.0479,0.8255,-0.1179,-23.58,21.55,0.9404,0.9404,0.9404,0.0500,2.500,0.150,0.600,1.000,0.050,0.0500,0.9942
1779756584.8200,1.095,SERVO,-0.2770,0.4776,0.5521,2.32,0.2812,0.1166,-41.76,0.8684,-0.1391,-26.32,-0.6398,-0.0311,-0.0398,0.8328,-0.1215,-23.35,18.41,0.8035,0.8035,0.8035,0.0500,2.500,0.150,0.600,1.000,0.050,0.0500,0.9404
1779756584.9208,1.196,SERVO,-0.2770,0.4776,0.5521,2.32,0.2856,0.1131,-38.34,0.8684,-0.1391,-26.32,-0.6342,-0.0324,-0.0342,0.8377,-0.1239,-23.23,15.11,0.6593,0.6593,0.6593,0.0500,2.500,0.150,0.600,1.000,0.050,0.0500,0.8035
1779756585.0246,1.300,SERVO,-0.2770,0.4776,0.5521,2.32,0.2859,0.1129,-36.24,0.8684,-0.1391,-26.32,-0.6338,-0.0323,-0.0338,0.8381,-0.1241,-23.23,13.01,0.5678,0.5678,0.5678,0.0500,2.500,0.150,0.600,1.000,0.050,0.0500,0.6593
1779756585.1218,1.397,SERVO,-0.2770,0.4776,0.5521,2.32,0.2895,0.1103,-34.03,0.8684,-0.1391,-26.32,-0.6295,-0.0331,-0.0295,0.8420,-0.1260,-23.16,10.87,0.4742,0.4742,0.4742,0.0500,2.500,0.150,0.600,1.000,0.050,0.0500,0.5678
1779756585.2209,1.496,SERVO,-0.1011,0.4903,0.5006,3.54,0.2918,0.1088,-32.20,0.8568,-0.1508,-26.32,-0.6215,-0.0178,-0.0215,0.8376,-0.1412,-24.61,7.58,0.3309,0.3309,0.3309,0.0500,2.500,0.150,0.600,1.000,0.050,0.0500,0.4742
1779756585.3202,1.595,SERVO,-0.1011,0.4903,0.5006,3.54,0.2948,0.1070,-29.76,0.8568,-0.1508,-26.32,-0.6181,-0.0181,-0.0181,0.8406,-0.1428,-24.59,5.18,0.2259,0.2259,0.2259,0.0500,2.500,0.150,0.600,1.000,0.050,0.0500,0.3309
1779756585.4191,1.695,SERVO,-0.0955,0.4917,0.5008,3.45,0.2975,0.1055,-28.50,0.8827,-0.1107,-26.32,-0.6204,-0.0657,-0.0204,0.8644,-0.1016,-20.07,8.43,0.3679,0.3679,0.3679,0.0500,2.500,0.150,0.600,1.000,0.050,0.0500,0.2259
1779756585.5337,1.809,SERVO,-0.0881,0.4900,0.4979,4.18,0.3002,0.1041,-26.26,0.8880,-0.0957,-26.32,-0.6155,-0.0816,-0.0155,0.8742,-0.0888,-18.57,7.69,0.3355,0.3355,0.3355,0.0500,2.500,0.150,0.600,1.000,0.050,0.0500,0.3679
1779756585.6209,1.896,SERVO,-0.0797,0.4905,0.4969,3.59,0.3052,0.1016,-24.59,0.8956,-0.0881,-26.32,-0.6133,-0.0917,-0.0133,0.8836,-0.0822,-17.63,6.96,0.3037,0.3037,0.3037,0.0500,2.500,0.150,0.600,1.000,0.050,0.0500,0.3355
1779756585.7206,1.996,SERVO,-0.0716,0.4901,0.4953,3.29,0.3126,0.0983,-22.70,0.9010,-0.0847,-26.32,-0.6086,-0.0968,-0.0086,0.8933,-0.0809,-17.15,5.56,0.2424,0.2424,0.2424,0.0500,2.500,0.150,0.600,1.000,0.050,0.0500,0.3037
1779756585.8218,2.097,SERVO,-0.0716,0.4901,0.4953,3.29,0.3151,0.0973,-21.38,0.9010,-0.0847,-26.32,-0.6059,-0.0966,-0.0059,0.8957,-0.0821,-17.17,4.21,0.1835,0.1835,0.1835,0.0500,2.500,0.150,0.600,1.000,0.050,0.0500,0.2424
1779756585.9196,2.195,SERVO,-0.0613,0.4912,0.4950,2.60,0.3216,0.0948,-19.25,0.9122,-0.0706,-26.32,-0.6027,-0.1135,-0.0027,0.9098,-0.0694,-15.60,3.64,0.1590,0.1590,0.1590,0.0500,2.500,0.150,0.600,1.000,0.050,0.0500,0.1835
1779756586.0271,2.303,SERVO,-0.0613,0.4912,0.4950,2.60,0.3258,0.0934,-17.79,0.9122,-0.0706,-26.32,-0.5983,-0.1129,0.0017,0.9137,-0.0714,-15.66,2.13,0.0927,0.0000,0.0000,0.0500,2.500,0.150,0.600,1.000,0.050,0.0500,0.1590
1779756586.1205,2.396,SERVO,-0.0613,0.4912,0.4950,2.60,0.3324,0.0913,-16.68,0.9122,-0.0706,-26.32,-0.5915,-0.1119,0.0085,0.9198,-0.0744,-15.75,0.92,0.0403,0.0000,0.0000,0.0500,2.500,0.150,0.600,1.000,0.050,0.0500,0.0000
1779756586.2208,2.496,SERVO,-0.0613,0.4912,0.4950,2.60,0.3375,0.0898,-15.81,0.9122,-0.0706,-26.32,-0.5863,-0.1110,0.0137,0.9245,-0.0767,-15.84,-0.02,-0.0010,0.0000,0.0000,0.0500,2.500,0.150,0.600,1.000,0.050,0.0500,0.0000
1779756586.3221,2.598,SERVO,-0.0307,0.4838,0.4847,1.72,0.3411,0.0888,-15.75,0.9345,-0.0487,-26.32,-0.5928,-0.1399,0.0072,0.9409,-0.0518,-13.19,2.56,0.1115,0.0000,0.0000,0.0500,2.500,0.150,0.600,1.000,0.050,0.0500,0.0000
1779756586.4189,2.694,SERVO,-0.0167,0.4794,0.4797,1.55,0.3441,0.0879,-15.23,0.9327,-0.0550,-26.32,-0.5909,-0.1328,0.0091,0.9408,-0.0591,-13.84,1.39,0.0607,0.0000,0.0000,0.0500,2.500,0.150,0.600,1.000,0.050,0.0500,0.0000
1779756586.5292,2.805,SERVO,-0.0167,0.4794,0.4797,1.55,0.3466,0.0873,-14.32,0.9327,-0.0550,-26.32,-0.5884,-0.1322,0.0116,0.9431,-0.0602,-13.89,0.43,0.0188,0.0000,0.0000,0.0500,2.500,0.150,0.600,1.000,0.050,0.0500,0.0000
1779756586.6211,2.897,SERVO,-0.0167,0.4794,0.4797,1.55,0.3525,0.0858,-13.83,0.9327,-0.0550,-26.32,-0.5824,-0.1310,0.0176,0.9484,-0.0628,-14.00,-0.17,-0.0075,0.0000,0.0000,0.0500,2.500,0.150,0.600,1.000,0.050,0.0500,0.0000
1779756586.7208,2.996,SERVO,0.0087,0.4668,0.4668,1.71,0.3582,0.0843,-13.62,0.9323,-0.0637,-26.32,-0.5802,-0.1218,0.0198,0.9500,-0.0725,-14.84,-1.22,-0.0533,0.0000,0.0000,0.0500,2.500,0.150,0.600,1.000,0.050,0.0500,0.0000
1779756586.8263,3.102,SERVO,0.0200,0.4631,0.4636,1.36,0.3670,0.0823,-12.17,0.9289,-0.0731,-26.32,-0.5725,-0.1097,0.0275,0.9535,-0.0853,-15.95,-3.78,-0.1651,-0.1651,-0.1651,0.0500,2.500,0.150,0.600,1.000,0.050,0.0500,0.0000
1779756586.9203,3.196,SERVO,0.0414,0.4519,0.4538,1.12,0.3727,0.0810,-12.33,0.9259,-0.0834,-26.32,-0.5688,-0.0979,0.0312,0.9539,-0.0972,-17.05,-4.72,-0.2059,-0.2059,-0.2059,0.0500,2.500,0.150,0.600,1.000,0.050,0.0500,-0.1651
1779756587.0244,3.300,SERVO,0.0414,0.4519,0.4538,1.12,0.3835,0.0786,-12.14,0.9259,-0.0834,-26.32,-0.5580,-0.0953,0.0420,0.9636,-0.1020,-17.29,-5.16,-0.2250,-0.2250,-0.2250,0.0500,2.500,0.150,0.600,1.000,0.050,0.0500,-0.2059
1779756587.1239,3.399,SERVO,0.0512,0.4466,0.4495,0.80,0.3888,0.0775,-12.00,0.9382,-0.0916,-26.32,-0.5674,-0.0920,0.0326,0.9674,-0.1060,-17.60,-5.60,-0.2442,-0.2442,-0.2442,0.0500,2.500,0.150,0.600,1.000,0.050,0.0500,-0.2250
1779756587.2199,3.495,SERVO,0.0672,0.4331,0.4383,0.50,0.3983,0.0755,-12.11,0.9309,-0.1076,-26.32,-0.5585,-0.0720,0.0415,0.9680,-0.1260,-19.47,-7.36,-0.3211,-0.3211,-0.3211,0.0500,2.500,0.150,0.600,1.000,0.050,0.0500,-0.2442
1779756587.3222,3.598,SERVO,0.0743,0.4267,0.4331,0.57,0.4049,0.0742,-11.52,0.9294,-0.1097,-26.32,-0.5516,-0.0677,0.0484,0.9727,-0.1311,-19.87,-8.35,-0.3645,-0.3645,-0.3645,0.0500,2.500,0.150,0.600,1.000,0.050,0.0500,-0.3211
1779756587.4199,3.695,SERVO,0.0866,0.4161,0.4251,0.16,0.4052,0.0741,-11.93,0.9166,-0.1220,-26.32,-0.5453,-0.0510,0.0547,0.9656,-0.1462,-21.46,-9.53,-0.4160,-0.4160,-0.4160,0.0500,2.500,0.150,0.600,1.000,0.050,0.0500,-0.3645
1779756587.5314,3.807,SERVO,0.0917,0.4109,0.4210,-0.00,0.4112,0.0728,-11.57,0.9127,-0.1272,-26.32,-0.5382,-0.0430,0.0618,0.9681,-0.1546,-22.21,-10.65,-0.4646,-0.4646,-0.4646,0.0500,2.500,0.150,0.600,1.000,0.050,0.0500,-0.4160
1779756587.6206,3.896,SERVO,0.0998,0.3987,0.4110,0.25,0.4181,0.0714,-11.72,0.9093,-0.1323,-26.32,-0.5305,-0.0352,0.0695,0.9716,-0.1631,-22.96,-11.24,-0.4905,-0.4905,-0.4905,0.0500,2.500,0.150,0.600,1.000,0.050,0.0500,-0.4646
1779756587.7282,4.004,SERVO,0.1072,0.3903,0.4048,0.12,0.4245,0.0700,-11.87,0.9077,-0.1410,-26.32,-0.5267,-0.0250,0.0733,0.9734,-0.1735,-23.93,-12.06,-0.5262,-0.5262,-0.5262,0.0500,2.500,0.150,0.600,1.000,0.050,0.0500,-0.4905
1779756587.8211,4.097,SERVO,0.1126,0.3811,0.3974,0.47,0.4290,0.0691,-12.06,0.9001,-0.1462,-26.32,-0.5178,-0.0159,0.0822,0.9738,-0.1827,-24.80,-12.74,-0.5560,-0.5560,-0.5560,0.0500,2.500,0.150,0.600,1.000,0.050,0.0500,-0.5262
1779756587.9211,4.196,SERVO,0.1126,0.3811,0.3974,0.47,0.4331,0.0682,-12.49,0.9001,-0.1462,-26.32,-0.5137,-0.0148,0.0863,0.9775,-0.1845,-24.90,-12.41,-0.5416,-0.5416,-0.5416,0.0500,2.500,0.150,0.600,1.000,0.050,0.0500,-0.5560
1779756588.0238,4.298,SERVO,0.1126,0.3811,0.3974,0.47,0.4336,0.0681,-12.99,0.9001,-0.1462,-26.32,-0.5132,-0.0147,0.0868,0.9779,-0.1847,-24.91,-11.92,-0.5202,-0.5202,-0.5202,0.0500,2.500,0.150,0.600,1.000,0.050,0.0500,-0.5416
1779756588.1213,4.397,SERVO,0.1181,0.3723,0.3906,0.30,0.4359,0.0676,-12.72,0.8929,-0.1603,-26.32,-0.5107,0.0017,0.0893,0.9730,-0.1999,-26.48,-13.76,-0.6002,-0.6002,-0.6002,0.0500,2.500,0.150,0.600,1.000,0.050,0.0500,-0.5202
1779756588.2199,4.495,SERVO,0.1195,0.3691,0.3880,-0.07,0.4413,0.0663,-14.06,0.8937,-0.1582,-26.32,-0.5051,0.0006,0.0949,0.9788,-0.2003,-26.38,-12.32,-0.5375,-0.5375,-0.5375,0.0500,2.500,0.150,0.600,1.000,0.050,0.0500,-0.6002
1779756588.3237,4.599,SERVO,0.1188,0.3617,0.3807,-0.28,0.4466,0.0649,-14.86,0.8875,-0.1750,-26.32,-0.5016,0.0196,0.0984,0.9757,-0.2186,-28.18,-13.33,-0.5815,-0.5815,-0.5815,0.0500,2.500,0.150,0.600,1.000,0.050,0.0500,-0.5375
1779756588.4201,4.696,SERVO,0.1172,0.3562,0.3750,-0.08,0.4536,0.0630,-15.50,0.8855,-0.1764,-26.32,-0.4933,0.0231,0.1067,0.9811,-0.2237,-28.52,-13.02,-0.5681,-0.5681,-0.5681,0.0500,2.500,0.150,0.600,1.000,0.050,0.0500,-0.5815
1779756588.5271,4.803,SERVO,0.1172,0.3562,0.3750,-0.08,0.4592,0.0615,-16.01,0.8855,-0.1764,-26.32,-0.4876,0.0242,0.1124,0.9862,-0.2262,-28.63,-12.62,-0.5505,-0.5505,-0.5505,0.0500,2.500,0.150,0.600,1.000,0.050,0.0500,-0.5681
1779756588.6204,4.896,SERVO,0.1172,0.3562,0.3750,-0.08,0.4676,0.0589,-17.47,0.8855,-0.1764,-26.32,-0.4789,0.0257,0.1211,0.9940,-0.2301,-28.76,-11.30,-0.4930,-0.4930,-0.4930,0.0500,2.500,0.150,0.600,1.000,0.050,0.0500,-0.5505
1779756588.7216,4.997,SERVO,0.1172,0.3562,0.3750,-0.08,0.4726,0.0573,-18.17,0.8855,-0.1764,-26.32,-0.4737,0.0264,0.1263,0.9986,-0.2324,-28.84,-10.67,-0.4657,-0.4657,-0.4657,0.0500,2.500,0.150,0.600,1.000,0.050,0.0500,-0.4930
1779756588.8207,5.096,SERVO,0.1142,0.3511,0.3692,-0.06,0.4774,0.0557,-19.33,0.8908,-0.2026,-26.32,-0.4851,0.0482,0.1149,0.9938,-0.2535,-30.91,-11.58,-0.5054,-0.5054,-0.5054,0.0500,2.500,0.150,0.600,1.000,0.050,0.0500,-0.4657
1779756588.9251,5.200,SERVO,0.1110,0.3486,0.3658,-0.34,0.4819,0.0541,-19.79,0.8905,-0.2089,-26.32,-0.4828,0.0546,0.1172,0.9955,-0.2609,-31.52,-11.73,-0.5117,-0.5117,-0.5117,0.0500,2.500,0.150,0.600,1.000,0.050,0.0500,-0.5054
1779756589.0242,5.300,SERVO,0.1005,0.3346,0.3493,-0.02,0.4868,0.0523,-20.86,0.8812,-0.2028,-26.32,-0.4666,0.0538,0.1334,1.0008,-0.2619,-31.44,-10.58,-0.4618,-0.4618,-0.4618,0.0500,2.500,0.150,0.600,1.000,0.050,0.0500,-0.5117
1779756589.1209,5.396,SERVO,0.1005,0.3346,0.3493,-0.02,0.4914,0.0505,-22.05,0.8812,-0.2028,-26.32,-0.4617,0.0542,0.1383,1.0051,-0.2641,-31.48,-9.43,-0.4114,-0.4114,-0.4114,0.0500,2.500,0.150,0.600,1.000,0.050,0.0500,-0.4618
1779756589.2195,5.495,SERVO,0.0964,0.3298,0.3436,0.02,0.4955,0.0488,-22.81,0.8777,-0.2131,-26.32,-0.4586,0.0654,0.1414,1.0044,-0.2758,-32.53,-9.72,-0.4242,-0.4242,-0.4242,0.0500,2.500,0.150,0.600,1.000,0.050,0.0500,-0.4114
1779756589.3205,5.596,SERVO,0.0964,0.3298,0.3436,0.02,0.5015,0.0462,-24.04,0.8777,-0.2131,-26.32,-0.4522,0.0657,0.1478,1.0102,-0.2787,-32.56,-8.52,-0.3718,-0.3718,-0.3718,0.0500,2.500,0.150,0.600,1.000,0.050,0.0500,-0.4242
1779756589.4204,5.696,SERVO,0.0964,0.3298,0.3436,0.02,0.5064,0.0440,-25.20,0.8777,-0.2131,-26.32,-0.4468,0.0659,0.1532,1.0150,-0.2810,-32.58,-7.38,-0.3222,-0.3222,-0.3222,0.0500,2.500,0.150,0.600,1.000,0.050,0.0500,-0.3718
1779756589.5280,5.803,SERVO,0.0964,0.3298,0.3436,0.02,0.5110,0.0418,-26.10,0.8777,-0.2131,-26.32,-0.4417,0.0659,0.1583,1.0196,-0.2833,-32.59,-6.49,-0.2831,-0.2831,-0.2831,0.0500,2.500,0.150,0.600,1.000,0.050,0.0500,-0.3222
1779756589.6217,5.897,SERVO,0.0898,0.3250,0.3372,-0.02,0.5141,0.0402,-26.68,0.8769,-0.2405,-26.32,-0.4497,0.0907,0.1503,1.0117,-0.3071,-34.92,-8.24,-0.3596,-0.3596,-0.3596,0.0500,2.500,0.150,0.600,1.000,0.050,0.0500,-0.2831
1779756589.7212,5.997,SERVO,0.0839,0.3192,0.3300,-0.02,0.5165,0.0390,-27.83,0.8742,-0.2345,-26.32,-0.4419,0.0866,0.1581,1.0159,-0.3046,-34.53,-6.70,-0.2924,-0.2924,-0.2924,0.0500,2.500,0.150,0.600,1.000,0.050,0.0500,-0.3596
1779756589.8202,6.096,SERVO,0.0772,0.3134,0.3227,0.06,0.5194,0.0375,-28.09,0.8702,-0.2358,-26.32,-0.4356,0.0894,0.1644,1.0176,-0.3087,-34.79,-6.71,-0.2927,-0.2927,-0.2927,0.0500,2.500,0.150,0.600,1.000,0.050,0.0500,-0.2924
1779756589.9200,6.195,SERVO,0.0772,0.3134,0.3227,0.06,0.5233,0.0354,-28.77,0.8702,-0.2358,-26.32,-0.4312,0.0893,0.1688,1.0216,-0.3107,-34.78,-6.01,-0.2620,-0.2620,-0.2620,0.0500,2.500,0.150,0.600,1.000,0.050,0.0500,-0.2927
1779756590.0248,6.300,SERVO,0.0772,0.3134,0.3227,0.06,0.5265,0.0335,-29.59,0.8702,-0.2358,-26.32,-0.4275,0.0891,0.1725,1.0249,-0.3123,-34.76,-5.17,-0.2256,-0.2256,-0.2256,0.0500,2.500,0.150,0.600,1.000,0.050,0.0500,-0.2620
1779756590.1236,6.399,SERVO,0.0772,0.3134,0.3227,0.06,0.5303,0.0314,-30.37,0.8702,-0.2358,-26.32,-0.4232,0.0888,0.1768,1.0287,-0.3142,-34.74,-4.37,-0.1907,-0.1907,-0.1907,0.0500,2.500,0.150,0.600,1.000,0.050,0.0500,-0.2256
1779756590.2207,6.496,SERVO,0.0772,0.3134,0.3227,0.06,0.5322,0.0303,-30.81,0.8702,-0.2358,-26.32,-0.4210,0.0887,0.1790,1.0307,-0.3152,-34.72,-3.91,-0.1708,-0.1708,-0.1708,0.0500,2.500,0.150,0.600,1.000,0.050,0.0500,-0.1907
1779756590.3208,6.596,SERVO,0.0772,0.3134,0.3227,0.06,0.5353,0.0284,-31.04,0.8702,-0.2358,-26.32,-0.4174,0.0884,0.1826,1.0339,-0.3168,-34.70,-3.65,-0.1594,-0.1594,-0.1594,0.0500,2.500,0.150,0.600,1.000,0.050,0.0500,-0.1708
1779756590.4197,6.695,SERVO,-0.0011,0.2483,0.2483,-0.11,0.5389,0.0262,-32.01,0.8566,-0.1636,-26.32,-0.3689,0.0293,0.2311,1.0637,-0.2661,-29.11,2.90,0.1264,0.1500,0.1500,0.0500,2.500,0.150,0.600,1.000,0.050,0.0500,-0.1594
1779756590.5232,6.799,SERVO,-0.0022,0.2470,0.2470,-0.02,0.5426,0.0239,-32.94,0.8565,-0.1747,-26.32,-0.3695,0.0388,0.2305,1.0632,-0.2769,-30.01,2.92,0.1276,0.1500,0.1500,0.0500,2.500,0.150,0.600,1.000,0.050,0.0500,0.1500
1779756590.6208,6.896,SERVO,-0.0022,0.2470,0.2470,-0.02,0.5470,0.0210,-33.76,0.8565,-0.1747,-26.32,-0.3642,0.0381,0.2358,1.0679,-0.2792,-29.95,3.81,0.1660,0.1660,0.1660,0.0500,2.500,0.150,0.600,1.000,0.050,0.0500,0.1500
1779756590.7203,6.996,SERVO,-0.0022,0.2470,0.2470,-0.02,0.5507,0.0185,-34.33,0.8565,-0.1747,-26.32,-0.3597,0.0375,0.2403,1.0719,-0.2812,-29.90,4.43,0.1934,0.1934,0.1934,0.0500,2.500,0.150,0.600,1.000,0.050,0.0500,0.1660
1779756590.8197,7.095,SERVO,-0.0046,0.2448,0.2449,0.04,0.5546,0.0158,-34.61,0.8608,-0.1912,-26.32,-0.3663,0.0498,0.2337,1.0703,-0.2948,-31.06,3.55,0.1548,0.1548,0.1548,0.0500,2.500,0.150,0.600,1.000,0.050,0.0500,0.1934
1779756590.9191,7.195,SERVO,-0.0046,0.2448,0.2449,0.04,0.5603,0.0119,-34.71,0.8608,-0.1912,-26.32,-0.3594,0.0489,0.2406,1.0765,-0.2979,-30.97,3.74,0.1630,0.1630,0.1630,0.0500,2.500,0.150,0.600,1.000,0.050,0.0500,0.1548
1779756591.0304,7.306,SERVO,-0.0046,0.2448,0.2449,0.04,0.5683,0.0064,-35.02,0.8608,-0.1912,-26.32,-0.3498,0.0474,0.2502,1.0851,-0.3021,-30.84,4.18,0.1823,0.1823,0.1823,0.0500,2.500,0.150,0.600,1.000,0.050,0.0500,0.1630
1779756591.1204,7.396,SERVO,-0.0046,0.2448,0.2449,0.04,0.5752,0.0016,-34.96,0.8608,-0.1912,-26.32,-0.3415,0.0462,0.2585,1.0925,-0.3058,-30.72,4.25,0.1853,0.1853,0.1853,0.0500,2.500,0.150,0.600,1.000,0.050,0.0500,0.1823
1779756591.2204,7.496,SERVO,-0.0046,0.2448,0.2449,0.04,0.5821,-0.0033,-35.07,0.8608,-0.1912,-26.32,-0.3331,0.0449,0.2669,1.1000,-0.3095,-30.60,4.48,0.1953,0.1953,0.1953,0.0500,2.500,0.150,0.600,1.000,0.050,0.0500,0.1853
1779756591.3204,7.596,SERVO,-0.0046,0.2448,0.2449,0.04,0.5875,-0.0071,-35.41,0.8608,-0.1912,-26.32,-0.3266,0.0438,0.2734,1.1059,-0.3124,-30.50,4.91,0.2144,0.2144,0.2144,0.0500,2.500,0.150,0.600,1.000,0.050,0.0500,0.1953
1779756591.5213,7.795,BLIND,-0.0310,0.1723,0.1750,0.92,0.5914,-0.0100,-36.15,0.8498,-0.1593,0.00,0.0000,0.0000,0.0000,0.0000,0.0000,0.00,0.00,0.0000,0.0000,0.0000,0.0500,2.500,0.150,0.600,1.000,0.050,0.0500,0.0000
1779756591.6186,7.893,BLIND,-0.0310,0.1723,0.1750,0.92,0.5952,-0.0127,-35.83,0.8498,-0.1593,0.00,0.0000,0.0000,0.0000,0.0000,0.0000,0.00,0.00,0.0000,0.0000,0.0000,0.0500,2.500,0.150,0.600,1.000,0.050,0.0500,0.0000
1779756591.7187,7.993,BLIND,-0.0310,0.1723,0.1750,0.92,0.6013,-0.0171,-35.93,0.8498,-0.1593,0.00,0.0000,0.0000,0.0000,0.0000,0.0000,0.00,0.00,0.0000,0.0000,0.0000,0.0500,2.500,0.150,0.600,1.000,0.050,0.0500,0.0000
1779756591.8192,8.093,BLIND,-0.0310,0.1723,0.1750,0.92,0.6067,-0.0211,-36.09,0.8498,-0.1593,0.00,0.0000,0.0000,0.0000,0.0000,0.0000,0.00,0.00,0.0000,0.0000,0.0000,0.0500,2.500,0.150,0.600,1.000,0.050,0.0500,0.0000
1779756591.9180,8.193,BLIND,-0.0312,0.1701,0.1730,0.80,0.6112,-0.0244,-36.39,0.8658,-0.1717,0.00,0.0000,0.0000,0.0000,0.0000,0.0000,0.00,0.00,0.0000,0.0000,0.0000,0.0500,2.500,0.150,0.600,1.000,0.050,0.0500,0.0000
1779756592.0228,8.297,BLIND,-0.0312,0.1701,0.1730,0.80,0.6132,-0.0258,-36.62,0.8658,-0.1717,0.00,0.0000,0.0000,0.0000,0.0000,0.0000,0.00,0.00,0.0000,0.0000,0.0000,0.0500,2.500,0.150,0.600,1.000,0.050,0.0500,0.0000
1779756592.1196,8.393,BLIND,-0.0312,0.1701,0.1730,0.80,0.6157,-0.0277,-36.59,0.8658,-0.1717,0.00,0.0000,0.0000,0.0000,0.0000,0.0000,0.00,0.00,0.0000,0.0000,0.0000,0.0500,2.500,0.150,0.600,1.000,0.050,0.0500,0.0000
1779756592.2182,8.493,BLIND,-0.0312,0.1701,0.1730,0.80,0.6201,-0.0310,-36.66,0.8658,-0.1717,0.00,0.0000,0.0000,0.0000,0.0000,0.0000,0.00,0.00,0.0000,0.0000,0.0000,0.0500,2.500,0.150,0.600,1.000,0.050,0.0500,0.0000
1779756592.3193,8.593,BLIND,-0.0312,0.1701,0.1730,0.80,0.6241,-0.0340,-36.72,0.8658,-0.1717,0.00,0.0000,0.0000,0.0000,0.0000,0.0000,0.00,0.00,0.0000,0.0000,0.0000,0.0500,2.500,0.150,0.600,1.000,0.050,0.0500,0.0000
1779756592.4191,8.693,BLIND,-0.0312,0.1701,0.1730,0.80,0.6279,-0.0368,-36.76,0.8658,-0.1717,0.00,0.0000,0.0000,0.0000,0.0000,0.0000,0.00,0.00,0.0000,0.0000,0.0000,0.0500,2.500,0.150,0.600,1.000,0.050,0.0500,0.0000
1779756592.5223,8.796,BLIND,-0.0312,0.1701,0.1730,0.80,0.6308,-0.0390,-36.85,0.8658,-0.1717,0.00,0.0000,0.0000,0.0000,0.0000,0.0000,0.00,0.00,0.0000,0.0000,0.0000,0.0500,2.500,0.150,0.600,1.000,0.050,0.0500,0.0000
1779756592.6228,8.893,BLIND,-0.0312,0.1701,0.1730,0.80,0.6338,-0.0412,-37.20,0.8658,-0.1717,0.00,0.0000,0.0000,0.0000,0.0000,0.0000,0.00,0.00,0.0000,0.0000,0.0000,0.0500,2.500,0.150,0.600,1.000,0.050,0.0500,0.0000
1779756592.7195,8.993,BLIND,-0.0312,0.1701,0.1730,0.80,0.6368,-0.0435,-36.94,0.8658,-0.1717,0.00,0.0000,0.0000,0.0000,0.0000,0.0000,0.00,0.00,0.0000,0.0000,0.0000,0.0500,2.500,0.150,0.600,1.000,0.050,0.0500,0.0000
1779756592.8191,9.093,BLIND,-0.0312,0.1701,0.1730,0.80,0.6419,-0.0473,-36.86,0.8658,-0.1717,0.00,0.0000,0.0000,0.0000,0.0000,0.0000,0.00,0.00,0.0000,0.0000,0.0000,0.0500,2.500,0.150,0.600,1.000,0.050,0.0500,0.0000
1779756592.9193,9.194,BLIND,-0.0312,0.1701,0.1730,0.80,0.6469,-0.0510,-36.64,0.8658,-0.1717,0.00,0.0000,0.0000,0.0000,0.0000,0.0000,0.00,0.00,0.0000,0.0000,0.0000,0.0500,2.500,0.150,0.600,1.000,0.050,0.0500,0.0000
1779756593.0188,9.293,BLIND,-0.0312,0.1701,0.1730,0.80,0.6495,-0.0530,-36.56,0.8658,-0.1717,0.00,0.0000,0.0000,0.0000,0.0000,0.0000,0.00,0.00,0.0000,0.0000,0.0000,0.0500,2.500,0.150,0.600,1.000,0.050,0.0500,0.0000
1779756593.1187,9.393,BLIND,-0.0312,0.1701,0.1730,0.80,0.6502,-0.0535,-36.46,0.8658,-0.1717,0.00,0.0000,0.0000,0.0000,0.0000,0.0000,0.00,0.00,0.0000,0.0000,0.0000,0.0500,2.500,0.150,0.600,1.000,0.050,0.0500,0.0000
1779756593.2192,9.493,BLIND,-0.0312,0.1701,0.1730,0.80,0.6533,-0.0558,-36.54,0.8658,-0.1717,0.00,0.0000,0.0000,0.0000,0.0000,0.0000,0.00,0.00,0.0000,0.0000,0.0000,0.0500,2.500,0.150,0.600,1.000,0.050,0.0500,0.0000
1779756593.3189,9.593,BLIND,-0.0312,0.1701,0.1730,0.80,0.6576,-0.0590,-36.51,0.8658,-0.1717,0.00,0.0000,0.0000,0.0000,0.0000,0.0000,0.00,0.00,0.0000,0.0000,0.0000,0.0500,2.500,0.150,0.600,1.000,0.050,0.0500,0.0000
1779756593.4181,9.693,BLIND,-0.0312,0.1701,0.1730,0.80,0.6622,-0.0624,-36.51,0.8658,-0.1717,0.00,0.0000,0.0000,0.0000,0.0000,0.0000,0.00,0.00,0.0000,0.0000,0.0000,0.0500,2.500,0.150,0.600,1.000,0.050,0.0500,0.0000
1779756593.5197,9.794,BLIND,-0.0312,0.1701,0.1730,0.80,0.6661,-0.0652,-36.71,0.8658,-0.1717,0.00,0.0000,0.0000,0.0000,0.0000,0.0000,0.00,0.00,0.0000,0.0000,0.0000,0.0500,2.500,0.150,0.600,1.000,0.050,0.0500,0.0000
1779756593.6177,9.893,BLIND,-0.0312,0.1701,0.1730,0.80,0.6703,-0.0684,-36.91,0.8658,-0.1717,0.00,0.0000,0.0000,0.0000,0.0000,0.0000,0.00,0.00,0.0000,0.0000,0.0000,0.0500,2.500,0.150,0.600,1.000,0.050,0.0500,0.0000
1779756593.7197,9.993,BLIND,-0.0312,0.1701,0.1730,0.80,0.6747,-0.0717,-37.09,0.8658,-0.1717,0.00,0.0000,0.0000,0.0000,0.0000,0.0000,0.00,0.00,0.0000,0.0000,0.0000,0.0500,2.500,0.150,0.600,1.000,0.050,0.0500,0.0000
1779756593.8193,10.093,BLIND,-0.0312,0.1701,0.1730,0.80,0.6782,-0.0744,-37.17,0.8658,-0.1717,0.00,0.0000,0.0000,0.0000,0.0000,0.0000,0.00,0.00,0.0000,0.0000,0.0000,0.0500,2.500,0.150,0.600,1.000,0.050,0.0500,0.0000
1779756593.9194,10.193,BLIND,-0.0312,0.1701,0.1730,0.80,0.6821,-0.0774,-37.25,0.8658,-0.1717,0.00,0.0000,0.0000,0.0000,0.0000,0.0000,0.00,0.00,0.0000,0.0000,0.0000,0.0500,2.500,0.150,0.600,1.000,0.050,0.0500,0.0000
1779756594.0198,10.295,BLIND,-0.0312,0.1701,0.1730,0.80,0.6850,-0.0795,-37.32,0.8658,-0.1717,0.00,0.0000,0.0000,0.0000,0.0000,0.0000,0.00,0.00,0.0000,0.0000,0.0000,0.0500,2.500,0.150,0.600,1.000,0.050,0.0500,0.0000
1779756594.1230,10.397,BLIND,-0.0312,0.1701,0.1730,0.80,0.6872,-0.0812,-36.98,0.8658,-0.1717,0.00,0.0000,0.0000,0.0000,0.0000,0.0000,0.00,0.00,0.0000,0.0000,0.0000,0.0500,2.500,0.150,0.600,1.000,0.050,0.0500,0.0000
1779756696.1197,0.059,SERVO,-0.2615,0.4919,0.5571,1.90,0.4237,0.1483,-53.00,1.0045,-0.1878,-30.05,-0.6710,-0.0000,-0.0710,0.9431,-0.1522,-30.05,22.94,1.0010,1.0010,1.0000,0.0500,2.500,0.150,0.600,1.000,0.050,0.0000,0.0000
1779756696.2213,0.159,SERVO,-0.2615,0.4919,0.5571,1.90,0.4239,0.1480,-52.83,1.0045,-0.1878,-30.05,-0.6707,-0.0001,-0.0707,0.9433,-0.1524,-30.04,22.79,0.9942,0.9942,0.9942,0.0500,2.500,0.150,0.600,1.000,0.050,0.0500,1.0000
1779756696.3342,0.273,SERVO,-0.2615,0.4919,0.5571,2.71,0.4237,0.1483,-52.89,1.0045,-0.1878,-30.05,-0.6710,0.0000,-0.0710,0.9430,-0.1522,-30.06,22.84,0.9965,0.9965,0.9965,0.0500,2.500,0.150,0.600,1.000,0.050,0.0500,0.9942
1779756696.4208,0.360,SERVO,-0.2607,0.4898,0.5549,2.45,0.4250,0.1466,-52.50,1.0059,-0.1838,-30.05,-0.6684,-0.0049,-0.0684,0.9468,-0.1496,-29.58,22.92,0.9999,0.9999,0.9999,0.0500,2.500,0.150,0.600,1.000,0.050,0.0500,0.9965
1779756696.5311,0.470,SERVO,-0.2607,0.4898,0.5549,2.45,0.4261,0.1452,-52.00,1.0059,-0.1838,-30.05,-0.6667,-0.0056,-0.0667,0.9482,-0.1504,-29.52,22.48,0.9811,0.9811,0.9811,0.0500,2.500,0.150,0.600,1.000,0.050,0.0500,0.9999
1779756696.6288,0.567,SERVO,-0.2603,0.4908,0.5556,1.55,0.4263,0.1450,-51.69,1.0121,-0.1799,-30.05,-0.6698,-0.0122,-0.0698,0.9517,-0.1449,-28.89,22.80,0.9948,0.9948,0.9948,0.0500,2.500,0.150,0.600,1.000,0.050,0.0500,0.9811
1779756696.7221,0.661,SERVO,-0.2603,0.4908,0.5556,1.55,0.4290,0.1415,-50.54,1.0121,-0.1799,-30.05,-0.6657,-0.0138,-0.0657,0.9553,-0.1470,-28.73,21.80,0.9513,0.9513,0.9513,0.0500,2.500,0.150,0.600,1.000,0.050,0.0500,0.9948
1779756696.8191,0.758,SERVO,-0.2563,0.4905,0.5534,1.42,0.4313,0.1388,-49.86,1.0226,-0.1688,-30.05,-0.6659,-0.0299,-0.0659,0.9656,-0.1358,-27.20,22.66,0.9886,0.9886,0.9886,0.0500,2.500,0.150,0.600,1.000,0.050,0.0500,0.9513
1779756696.9211,0.860,SERVO,-0.2563,0.4905,0.5534,1.16,0.4349,0.1347,-47.69,1.0226,-0.1688,-30.05,-0.6607,-0.0316,-0.0607,0.9700,-0.1384,-27.04,20.65,0.9010,0.9010,0.9010,0.0500,2.500,0.150,0.600,1.000,0.050,0.0500,0.9886
1779756697.0243,0.963,SERVO,-0.2476,0.4970,0.5553,1.02,0.4362,0.1333,-46.00,1.0410,-0.1546,-30.05,-0.6677,-0.0537,-0.0677,0.9825,-0.1207,-24.94,21.06,0.9187,0.9187,0.9187,0.0500,2.500,0.150,0.600,1.000,0.050,0.0500,0.9010
1779756697.1226,1.061,SERVO,-0.2476,0.4970,0.5553,1.02,0.4391,0.1304,-43.97,1.0410,-0.1546,-30.05,-0.6637,-0.0548,-0.0637,0.9859,-0.1227,-24.84,19.13,0.8349,0.8349,0.8349,0.0500,2.500,0.150,0.600,1.000,0.050,0.0500,0.9187
1779756697.2199,1.159,SERVO,-0.2476,0.4970,0.5553,1.02,0.4420,0.1278,-41.54,1.0410,-0.1546,-30.05,-0.6599,-0.0556,-0.0599,0.9892,-0.1246,-24.76,16.79,0.7324,0.7324,0.7324,0.0500,2.500,0.150,0.600,1.000,0.050,0.0500,0.8349
1779756697.3210,1.260,SERVO,-0.2476,0.4970,0.5553,1.02,0.4451,0.1252,-38.42,1.0410,-0.1546,-30.05,-0.6559,-0.0563,-0.0559,0.9926,-0.1266,-24.69,13.72,0.5988,0.5988,0.5988,0.0500,2.500,0.150,0.600,1.000,0.050,0.0500,0.7324
1779756697.4203,1.359,SERVO,-0.2476,0.4970,0.5553,1.02,0.4484,0.1227,-35.67,1.0410,-0.1546,-30.05,-0.6518,-0.0568,-0.0518,0.9962,-0.1286,-24.64,11.03,0.4812,0.4812,0.4812,0.0500,2.500,0.150,0.600,1.000,0.050,0.0500,0.5988
1779756697.5268,1.466,SERVO,-0.2476,0.4970,0.5553,1.02,0.4526,0.1198,-32.46,1.0410,-0.1546,-30.05,-0.6468,-0.0572,-0.0468,1.0005,-0.1312,-24.61,7.85,0.3426,0.3426,0.3426,0.0500,2.500,0.150,0.600,1.000,0.050,0.0500,0.4812
1779756697.6217,1.561,SERVO,-0.2476,0.4970,0.5553,1.02,0.4574,0.1169,-29.81,1.0410,-0.1546,-30.05,-0.6412,-0.0573,-0.0412,1.0054,-0.1340,-24.59,5.22,0.2277,0.2277,0.2277,0.0500,2.500,0.150,0.600,1.000,0.050,0.0500,0.3426
1779756697.7203,1.659,SERVO,-0.0026,0.5185,0.5185,-0.92,0.4633,0.1134,-28.12,1.0254,-0.1936,-30.05,-0.6403,-0.0157,-0.0403,0.9905,-0.1734,-28.55,-0.43,-0.0188,0.0000,0.0000,0.0500,2.500,0.150,0.600,1.000,0.050,0.0500,0.2277
1779756697.8219,1.761,SERVO,-0.0026,0.5185,0.5185,-0.92,0.4726,0.1088,-24.77,1.0254,-0.1936,-30.05,-0.6300,-0.0151,-0.0300,0.9995,-0.1786,-28.61,-3.85,-0.1679,-0.1679,-0.1679,0.0500,2.500,0.150,0.600,1.000,0.050,0.0500,0.0000
1779756697.9206,1.859,SERVO,-0.0026,0.5185,0.5185,-0.92,0.4826,0.1045,-21.64,1.0254,-0.1936,-30.05,-0.6192,-0.0138,-0.0192,1.0088,-0.1840,-28.73,-7.09,-0.3093,-0.3093,-0.3093,0.0500,2.500,0.150,0.600,1.000,0.050,0.0500,-0.1679
1779756698.0230,1.960,SERVO,-0.0026,0.5185,0.5185,-0.92,0.4880,0.1024,-19.91,1.0254,-0.1936,-30.05,-0.6134,-0.0129,-0.0134,1.0138,-0.1869,-28.82,-8.91,-0.3887,-0.3887,-0.3887,0.0500,2.500,0.150,0.600,1.000,0.050,0.0500,-0.3093
1779756698.1286,2.067,SERVO,0.0162,0.5086,0.5088,-0.57,0.4930,0.1006,-19.08,1.0841,-0.1264,-30.05,-0.6252,-0.0996,-0.0252,1.0622,-0.1137,-20.63,-1.55,-0.0677,0.0000,0.0000,0.0500,2.500,0.150,0.600,1.000,0.050,0.0500,-0.3887
1779756698.2247,2.164,SERVO,0.0339,0.4986,0.4997,-0.49,0.4968,0.0992,-18.42,1.0761,-0.1329,-30.05,-0.6177,-0.0892,-0.0177,1.0608,-0.1241,-21.60,-3.18,-0.1389,-0.1500,-0.1500,0.0500,2.500,0.150,0.600,1.000,0.050,0.0500,0.0000
1779756698.3199,2.259,SERVO,0.0490,0.4900,0.4924,-0.40,0.5007,0.0979,-18.11,1.0689,-0.1414,-30.05,-0.6116,-0.0774,-0.0116,1.0588,-0.1356,-22.71,-4.59,-0.2005,-0.2005,-0.2005,0.0500,2.500,0.150,0.600,1.000,0.050,0.0500,-0.1500
1779756698.4217,2.361,SERVO,0.0622,0.4825,0.4865,0.07,0.5043,0.0968,-17.22,1.0646,-0.1448,-30.05,-0.6060,-0.0715,-0.0060,1.0594,-0.1418,-23.26,-6.04,-0.2634,-0.2634,-0.2634,0.0500,2.500,0.150,0.600,1.000,0.050,0.0500,-0.2005
1779756698.5253,2.464,SERVO,0.0748,0.4746,0.4805,0.42,0.5099,0.0951,-16.23,1.0627,-0.1471,-30.05,-0.5997,-0.0672,0.0003,1.0629,-0.1472,-23.66,-7.43,-0.3243,-0.3243,-0.3243,0.0500,2.500,0.150,0.600,1.000,0.050,0.0500,-0.2634
1779756698.6194,2.558,SERVO,0.0748,0.4746,0.4805,0.42,0.5148,0.0936,-15.88,1.0627,-0.1471,-30.05,-0.5948,-0.0660,0.0052,1.0672,-0.1497,-23.77,-7.89,-0.3443,-0.3443,-0.3443,0.0500,2.500,0.150,0.600,1.000,0.050,0.0500,-0.3243
1779756698.7222,2.660,SERVO,0.0819,0.4737,0.4807,0.16,0.5210,0.0918,-15.81,1.0757,-0.1504,-30.05,-0.6014,-0.0681,-0.0014,1.0745,-0.1497,-23.58,-7.77,-0.3389,-0.3389,-0.3389,0.0500,2.500,0.150,0.600,1.000,0.050,0.0500,-0.3443
1779756698.8239,2.763,SERVO,0.0964,0.4569,0.4670,0.22,0.5295,0.0894,-15.28,1.0665,-0.1572,-30.05,-0.5883,-0.0554,0.0117,1.0766,-0.1631,-24.78,-9.50,-0.4145,-0.4145,-0.4145,0.0500,2.500,0.150,0.600,1.000,0.050,0.0500,-0.3389
1779756698.9197,2.859,SERVO,0.0964,0.4569,0.4670,0.22,0.5349,0.0880,-14.87,1.0665,-0.1572,-30.05,-0.5830,-0.0540,0.0170,1.0812,-0.1657,-24.91,-10.04,-0.4380,-0.4380,-0.4380,0.0500,2.500,0.150,0.600,1.000,0.050,0.0500,-0.4145
1779756699.0247,2.964,SERVO,0.1062,0.4503,0.4627,-0.14,0.5378,0.0873,-15.26,1.0659,-0.1668,-30.05,-0.5843,-0.0445,0.0157,1.0794,-0.1747,-25.81,-10.55,-0.4605,-0.4605,-0.4605,0.0500,2.500,0.150,0.600,1.000,0.050,0.0500,-0.4380
1779756699.1196,3.058,SERVO,0.1129,0.4401,0.4544,0.07,0.5436,0.0856,-15.43,1.0578,-0.1729,-30.05,-0.5746,-0.0338,0.0254,1.0798,-0.1856,-26.83,-11.40,-0.4975,-0.4975,-0.4975,0.0500,2.500,0.150,0.600,1.000,0.050,0.0500,-0.4605
1779756699.2197,3.158,SERVO,0.1185,0.4329,0.4489,-0.04,0.5483,0.0843,-16.21,1.0519,-0.1856,-30.05,-0.5711,-0.0186,0.0289,1.0770,-0.2001,-28.27,-12.06,-0.5264,-0.5264,-0.5264,0.0500,2.500,0.150,0.600,1.000,0.050,0.0500,-0.4975
1779756699.3227,3.262,SERVO,0.1203,0.4288,0.4454,-0.15,0.5503,0.0838,-16.17,1.0492,-0.1856,-30.05,-0.5667,-0.0167,0.0333,1.0780,-0.2023,-28.46,-12.29,-0.5362,-0.5362,-0.5362,0.0500,2.500,0.150,0.600,1.000,0.050,0.0500,-0.5264
1779756699.4196,3.358,SERVO,0.1222,0.4259,0.4431,0.01,0.5539,0.0827,-16.61,1.0463,-0.1874,-30.05,-0.5614,-0.0129,0.0386,1.0797,-0.2067,-28.83,-12.22,-0.5330,-0.5330,-0.5330,0.0500,2.500,0.150,0.600,1.000,0.050,0.0500,-0.5362
1779756699.5266,3.465,SERVO,0.1230,0.4217,0.4393,-0.01,0.5558,0.0821,-16.70,1.0445,-0.1923,-30.05,-0.5604,-0.0072,0.0396,1.0787,-0.2121,-29.36,-12.67,-0.5528,-0.5528,-0.5528,0.0500,2.500,0.150,0.600,1.000,0.050,0.0500,-0.5330
1779756699.6309,3.569,SERVO,0.1230,0.4217,0.4393,0.03,0.5592,0.0811,-16.63,1.0445,-0.1923,-30.05,-0.5570,-0.0064,0.0430,1.0817,-0.2138,-29.44,-12.81,-0.5589,-0.5589,-0.5589,0.0500,2.500,0.150,0.600,1.000,0.050,0.0500,-0.5528
1779756699.7204,3.659,SERVO,0.1237,0.4172,0.4351,0.03,0.5645,0.0794,-17.87,1.0442,-0.1929,-30.05,-0.5516,-0.0046,0.0484,1.0861,-0.2171,-29.62,-11.75,-0.5126,-0.5126,-0.5126,0.0500,2.500,0.150,0.600,1.000,0.050,0.0500,-0.5589
1779756699.8197,3.759,SERVO,0.1237,0.4172,0.4351,0.03,0.5664,0.0788,-17.99,1.0442,-0.1929,-30.05,-0.5496,-0.0041,0.0504,1.0878,-0.2181,-29.66,-11.68,-0.5094,-0.5094,-0.5094,0.0500,2.500,0.150,0.600,1.000,0.050,0.0500,-0.5126
1779756699.9207,3.860,SERVO,0.1232,0.4131,0.4310,-0.02,0.5729,0.0767,-18.17,1.0423,-0.2064,-30.05,-0.5481,0.0100,0.0519,1.0872,-0.2324,-31.01,-12.83,-0.5599,-0.5599,-0.5599,0.0500,2.500,0.150,0.600,1.000,0.050,0.0500,-0.5094
1779756700.0228,3.962,SERVO,0.1225,0.4084,0.4264,0.34,0.5784,0.0748,-19.75,1.0437,-0.2076,-30.05,-0.5442,0.0114,0.0558,1.0920,-0.2355,-31.14,-11.38,-0.4967,-0.4967,-0.4967,0.0500,2.500,0.150,0.600,1.000,0.050,0.0500,-0.5599
1779756700.1282,4.067,SERVO,0.1207,0.4047,0.4223,0.33,0.5839,0.0728,-20.56,1.0370,-0.2182,-30.05,-0.5379,0.0249,0.0621,1.0908,-0.2493,-32.43,-11.87,-0.5179,-0.5179,-0.5179,0.0500,2.500,0.150,0.600,1.000,0.050,0.0500,-0.4967
1779756700.2198,4.159,SERVO,0.1147,0.3972,0.4134,0.16,0.5885,0.0710,-21.94,1.0338,-0.2214,-30.05,-0.5319,0.0301,0.0681,1.0928,-0.2555,-32.92,-10.98,-0.4790,-0.4790,-0.4790,0.0500,2.500,0.150,0.600,1.000,0.050,0.0500,-0.5179
1779756700.3193,4.258,SERVO,0.1147,0.3972,0.4134,0.16,0.5937,0.0688,-23.02,1.0338,-0.2214,-30.05,-0.5263,0.0308,0.0737,1.0976,-0.2583,-33.00,-9.98,-0.4354,-0.4354,-0.4354,0.0500,2.500,0.150,0.600,1.000,0.050,0.0500,-0.4790
1779756700.4197,4.358,SERVO,0.1115,0.3930,0.4085,0.41,0.5986,0.0667,-24.05,1.0278,-0.2367,-30.05,-0.5235,0.0476,0.0765,1.0941,-0.2750,-34.59,-10.55,-0.4601,-0.4601,-0.4601,0.0500,2.500,0.150,0.600,1.000,0.050,0.0500,-0.4354
1779756700.5305,4.469,SERVO,0.1027,0.3850,0.3984,0.40,0.6039,0.0643,-25.05,1.0233,-0.2451,-30.05,-0.5180,0.0578,0.0820,1.0943,-0.2862,-35.55,-10.50,-0.4583,-0.4583,-0.4583,0.0500,2.500,0.150,0.600,1.000,0.050,0.0500,-0.4601
1779756700.6203,4.559,SERVO,0.1027,0.3850,0.3984,0.40,0.6075,0.0626,-26.32,1.0233,-0.2451,-30.05,-0.5140,0.0581,0.0860,1.0977,-0.2881,-35.58,-9.26,-0.4039,-0.4039,-0.4039,0.0500,2.500,0.150,0.600,1.000,0.050,0.0500,-0.4583
1779756700.7206,4.659,SERVO,0.0981,0.3799,0.3924,0.39,0.6116,0.0605,-27.24,1.0174,-0.2497,-30.05,-0.5066,0.0653,0.0934,1.0982,-0.2965,-36.26,-9.02,-0.3937,-0.3937,-0.3937,0.0500,2.500,0.150,0.600,1.000,0.050,0.0500,-0.4039
1779756700.8227,4.762,SERVO,0.0821,0.3667,0.3758,0.63,0.6156,0.0584,-28.14,1.0114,-0.2463,-30.05,-0.4952,0.0656,0.1048,1.1021,-0.2988,-36.29,-8.16,-0.3559,-0.3559,-0.3559,0.0500,2.500,0.150,0.600,1.000,0.050,0.0500,-0.3937
1779756700.9205,4.859,SERVO,0.0723,0.3594,0.3666,0.70,0.6190,0.0566,-29.02,1.0089,-0.2395,-30.05,-0.4858,0.0610,0.1142,1.1078,-0.2967,-35.86,-6.84,-0.2987,-0.2987,-0.2987,0.0500,2.500,0.150,0.600,1.000,0.050,0.0500,-0.3559
1779756701.0246,4.963,SERVO,0.0723,0.3594,0.3666,0.70,0.6221,0.0548,-30.14,1.0089,-0.2395,-30.05,-0.4822,0.0611,0.1178,1.1108,-0.2985,-35.86,-5.72,-0.2497,-0.2497,-0.2497,0.0500,2.500,0.150,0.600,1.000,0.050,0.0500,-0.2987
1779756701.1201,5.059,SERVO,0.0574,0.3505,0.3552,0.84,0.6252,0.0530,-31.17,1.0046,-0.2405,-30.05,-0.4754,0.0641,0.1246,1.1125,-0.3029,-36.15,-4.98,-0.2173,-0.2173,-0.2173,0.0500,2.500,0.150,0.600,1.000,0.050,0.0500,-0.2497
1779756701.2192,5.158,SERVO,0.0485,0.3454,0.3488,0.32,0.6304,0.0498,-32.04,1.0029,-0.2387,-30.05,-0.4669,0.0632,0.1331,1.1181,-0.3054,-36.07,-4.03,-0.1760,-0.1760,-0.1760,0.0500,2.500,0.150,0.600,1.000,0.050,0.0500,-0.2173
1779756701.3194,5.258,SERVO,0.0485,0.3454,0.3488,0.32,0.6355,0.0466,-33.04,1.0029,-0.2387,-30.05,-0.4609,0.0630,0.1391,1.1233,-0.3084,-36.05,-3.00,-0.1311,-0.1500,-0.1500,0.0500,2.500,0.150,0.600,1.000,0.050,0.0500,-0.1760
1779756701.4199,5.359,SERVO,0.0429,0.3414,0.3441,0.37,0.6396,0.0439,-33.80,1.0036,-0.2504,-30.05,-0.4625,0.0724,0.1375,1.1226,-0.3193,-36.94,-3.14,-0.1369,-0.1500,-0.1500,0.0500,2.500,0.150,0.600,1.000,0.050,0.0500,-0.1500
1779756701.5291,5.468,SERVO,0.0378,0.3372,0.3393,0.63,0.6438,0.0411,-34.39,1.0035,-0.2452,-30.05,-0.4547,0.0677,0.1453,1.1292,-0.3180,-36.49,-2.10,-0.0916,0.0000,0.0000,0.0500,2.500,0.150,0.600,1.000,0.050,0.0500,-0.1500
1779756701.6202,5.559,SERVO,0.0324,0.3332,0.3348,0.68,0.6472,0.0387,-34.92,1.0048,-0.2473,-30.05,-0.4528,0.0685,0.1472,1.1322,-0.3211,-36.57,-1.65,-0.0718,0.0000,0.0000,0.0500,2.500,0.150,0.600,1.000,0.050,0.0500,0.0000
1779756701.7214,5.660,SERVO,0.0324,0.3332,0.3348,0.68,0.6507,0.0362,-35.49,1.0048,-0.2473,-30.05,-0.4485,0.0681,0.1515,1.1360,-0.3232,-36.53,-1.04,-0.0454,0.0000,0.0000,0.0500,2.500,0.150,0.600,1.000,0.050,0.0500,0.0000
1779756701.8236,5.762,SERVO,0.0268,0.3283,0.3294,0.77,0.6539,0.0339,-36.23,1.0057,-0.2534,-30.05,-0.4484,0.0726,0.1516,1.1369,-0.3294,-36.95,-0.72,-0.0314,0.0000,0.0000,0.0500,2.500,0.150,0.600,1.000,0.050,0.0500,0.0000
1779756701.9204,5.859,SERVO,0.0268,0.3283,0.3294,0.77,0.6575,0.0312,-36.91,1.0057,-0.2534,-30.05,-0.4439,0.0721,0.1561,1.1408,-0.3316,-36.90,0.01,0.0004,0.0000,0.0000,0.0500,2.500,0.150,0.600,1.000,0.050,0.0500,0.0000
1779756702.0229,5.961,SERVO,0.0268,0.3283,0.3294,0.77,0.6607,0.0288,-37.76,1.0057,-0.2534,-30.05,-0.4399,0.0716,0.1601,1.1442,-0.3336,-36.86,0.90,0.0395,0.0000,0.0000,0.0500,2.500,0.150,0.600,1.000,0.050,0.0500,0.0000
1779756702.1197,6.059,SERVO,0.0268,0.3283,0.3294,0.77,0.6640,0.0263,-38.39,1.0057,-0.2534,-30.05,-0.4358,0.0710,0.1642,1.1477,-0.3357,-36.80,1.59,0.0694,0.0000,0.0000,0.0500,2.500,0.150,0.600,1.000,0.050,0.0500,0.0000
1779756702.2194,6.158,SERVO,0.0204,0.3229,0.3235,0.93,0.6678,0.0232,-38.93,1.0031,-0.2684,-30.05,-0.4363,0.0845,0.1637,1.1448,-0.3504,-38.07,0.86,0.0374,0.0000,0.0000,0.0500,2.500,0.150,0.600,1.000,0.050,0.0500,0.0000
1779756702.3204,6.259,SERVO,0.0137,0.3179,0.3182,0.94,0.6711,0.0206,-39.51,1.0045,-0.2663,-30.05,-0.4323,0.0813,0.1677,1.1497,-0.3503,-37.77,1.73,0.0756,0.0000,0.0000,0.0500,2.500,0.150,0.600,1.000,0.050,0.0500,0.0000
1779756702.4199,6.359,SERVO,0.0072,0.3123,0.3124,1.09,0.6735,0.0185,-39.84,1.0048,-0.2658,-30.05,-0.4291,0.0802,0.1709,1.1527,-0.3514,-37.67,2.17,0.0945,0.0000,0.0000,0.0500,2.500,0.150,0.600,1.000,0.050,0.0500,0.0000
1779756702.5278,6.467,SERVO,0.0013,0.3068,0.3068,1.11,0.6763,0.0162,-39.91,1.0054,-0.2612,-30.05,-0.4238,0.0753,0.1762,1.1580,-0.3495,-37.21,2.70,0.1178,0.0000,0.0000,0.0500,2.500,0.150,0.600,1.000,0.050,0.0500,0.0000
1779756702.6196,6.558,SERVO,-0.0040,0.3013,0.3013,1.27,0.6831,0.0106,-40.01,1.0082,-0.2565,-30.05,-0.4152,0.0684,0.1848,1.1682,-0.3490,-36.55,3.46,0.1508,0.1508,0.1508,0.0500,2.500,0.150,0.600,1.000,0.050,0.0500,0.0000
1779756702.7198,6.659,SERVO,-0.0040,0.3013,0.3013,1.27,0.6883,0.0061,-40.54,1.0082,-0.2565,-30.05,-0.4084,0.0671,0.1916,1.1741,-0.3524,-36.44,4.11,0.1792,0.1792,0.1792,0.0500,2.500,0.150,0.600,1.000,0.050,0.0500,0.1508
1779756702.8187,6.758,SERVO,-0.0040,0.3013,0.3013,1.27,0.6914,0.0035,-40.84,1.0082,-0.2565,-30.05,-0.4044,0.0663,0.1956,1.1775,-0.3544,-36.36,4.48,0.1953,0.1953,0.1953,0.0500,2.500,0.150,0.600,1.000,0.050,0.0500,0.1792
1779756702.9194,6.858,SERVO,-0.0143,0.2880,0.2884,1.36,0.6960,-0.0005,-41.34,1.0146,-0.2580,-30.05,-0.4047,0.0633,0.1953,1.1836,-0.3558,-36.08,5.26,0.2296,0.2296,0.2296,0.0500,2.500,0.150,0.600,1.000,0.050,0.0500,0.1953
1779756703.0231,6.962,SERVO,-0.0143,0.2880,0.2884,1.36,0.6998,-0.0039,-41.41,1.0146,-0.2580,-30.05,-0.3997,0.0623,0.2003,1.1880,-0.3583,-35.98,5.42,0.2366,0.2366,0.2366,0.0500,2.500,0.150,0.600,1.000,0.050,0.0500,0.2296
1779756703.1209,7.060,SERVO,-0.0143,0.2880,0.2884,1.36,0.7050,-0.0084,-41.45,1.0146,-0.2580,-30.05,-0.3929,0.0610,0.2071,1.1938,-0.3617,-35.86,5.60,0.2442,0.2442,0.2442,0.0500,2.500,0.150,0.600,1.000,0.050,0.0500,0.2366
1779756703.2205,7.159,SERVO,-0.0143,0.2880,0.2884,1.36,0.7111,-0.0139,-41.74,1.0146,-0.2580,-30.05,-0.3849,0.0594,0.2151,1.2007,-0.3657,-35.70,6.04,0.2636,0.2636,0.2636,0.0500,2.500,0.150,0.600,1.000,0.050,0.0500,0.2442
1779756703.3197,7.259,SERVO,-0.0143,0.2880,0.2884,1.36,0.7152,-0.0176,-41.99,1.0146,-0.2580,-30.05,-0.3795,0.0582,0.2205,1.2054,-0.3684,-35.59,6.40,0.2792,0.2792,0.2792,0.0500,2.500,0.150,0.600,1.000,0.050,0.0500,0.2636
1779756703.4207,7.360,SERVO,-0.0143,0.2880,0.2884,1.36,0.7190,-0.0210,-42.30,1.0146,-0.2580,-30.05,-0.3745,0.0571,0.2255,1.2097,-0.3709,-35.49,6.81,0.2970,0.2970,0.2970,0.0500,2.500,0.150,0.600,1.000,0.050,0.0500,0.2792
1779756703.5288,7.468,SERVO,-0.0143,0.2880,0.2884,1.36,0.7220,-0.0238,-42.81,1.0146,-0.2580,-30.05,-0.3705,0.0562,0.2295,1.2132,-0.3729,-35.41,7.40,0.3231,0.3231,0.3231,0.0500,2.500,0.150,0.600,1.000,0.050,0.0500,0.2970
1779756703.6191,7.558,SERVO,-0.0143,0.2880,0.2884,1.36,0.7246,-0.0261,-42.21,1.0146,-0.2580,-30.05,-0.3671,0.0555,0.2329,1.2162,-0.3747,-35.34,6.87,0.2998,0.2998,0.2998,0.0500,2.500,0.150,0.600,1.000,0.050,0.0500,0.3231
1779756703.7227,7.660,SERVO,-0.0143,0.2880,0.2884,1.36,0.7309,-0.0318,-42.31,1.0146,-0.2580,-30.05,-0.3589,0.0538,0.2411,1.2233,-0.3788,-35.17,7.14,0.3115,0.3115,0.3115,0.0500,2.500,0.150,0.600,1.000,0.050,0.0500,0.2998
1779756703.8223,7.761,SERVO,-0.0143,0.2880,0.2884,1.36,0.7364,-0.0368,-42.39,1.0146,-0.2580,-30.05,-0.3515,0.0522,0.2485,1.2296,-0.3825,-35.02,7.37,0.3217,0.3217,0.3217,0.0500,2.500,0.150,0.600,1.000,0.050,0.0500,0.3115
1779756703.9197,7.858,SERVO,-0.0143,0.2880,0.2884,1.36,0.7409,-0.0410,-42.43,1.0146,-0.2580,-30.05,-0.3455,0.0508,0.2545,1.2348,-0.3855,-34.90,7.53,0.3286,0.3286,0.3286,0.0500,2.500,0.150,0.600,1.000,0.050,0.0500,0.3217
1779756704.0271,7.966,SERVO,-0.0143,0.2880,0.2884,1.36,0.7445,-0.0443,-42.82,1.0146,-0.2580,-30.05,-0.3407,0.0497,0.2593,1.2390,-0.3879,-34.79,8.02,0.3501,0.3501,0.3501,0.0500,2.500,0.150,0.600,1.000,0.050,0.0500,0.3286
1779756704.1197,8.058,SERVO,-0.0143,0.2880,0.2884,1.36,0.7453,-0.0450,-42.65,1.0146,-0.2580,-30.05,-0.3397,0.0495,0.2603,1.2399,-0.3884,-34.77,7.88,0.3439,0.3439,0.3439,0.0500,2.500,0.150,0.600,1.000,0.050,0.0500,0.3501
1779756704.2210,8.160,SERVO,-0.0143,0.2880,0.2884,1.36,0.7486,-0.0481,-42.88,1.0146,-0.2580,-30.05,-0.3353,0.0485,0.2647,1.2436,-0.3906,-34.68,8.20,0.3577,0.3577,0.3577,0.0500,2.500,0.150,0.600,1.000,0.050,0.0500,0.3439
1779756704.3220,8.261,SERVO,-0.0143,0.2880,0.2884,1.36,0.7524,-0.0515,-42.76,1.0146,-0.2580,-30.05,-0.3303,0.0474,0.2697,1.2480,-0.3931,-34.57,8.19,0.3575,0.3575,0.3575,0.0500,2.500,0.150,0.600,1.000,0.050,0.0500,0.3577
1779756704.4211,8.360,SERVO,-0.0143,0.2880,0.2884,1.36,0.7580,-0.0567,-42.76,1.0146,-0.2580,-30.05,-0.3229,0.0457,0.2771,1.2544,-0.3968,-34.41,8.35,0.3645,0.3645,0.3645,0.0500,2.500,0.150,0.600,1.000,0.050,0.0500,0.3575
1779756704.5230,8.462,SERVO,-0.0143,0.2880,0.2884,1.36,0.7617,-0.0602,-42.82,1.0146,-0.2580,-30.05,-0.3179,0.0446,0.2821,1.2587,-0.3993,-34.30,8.52,0.3715,0.3715,0.3715,0.0500,2.500,0.150,0.600,1.000,0.050,0.0500,0.3645
1779756704.6201,8.559,SERVO,-0.0143,0.2880,0.2884,1.36,0.7653,-0.0635,-42.49,1.0146,-0.2580,-30.05,-0.3132,0.0436,0.2868,1.2628,-0.4017,-34.21,8.29,0.3616,0.3616,0.3616,0.0500,2.500,0.150,0.600,1.000,0.050,0.0500,0.3715
1779756704.7230,8.662,SERVO,-0.0143,0.2880,0.2884,1.36,0.7653,-0.0634,-42.27,1.0146,-0.2580,-30.05,-0.3132,0.0436,0.2868,1.2628,-0.4016,-34.21,8.07,0.3519,0.3519,0.3519,0.0500,2.500,0.150,0.600,1.000,0.050,0.0500,0.3616
1779756704.8228,8.762,SERVO,-0.0143,0.2880,0.2884,1.36,0.7675,-0.0655,-42.22,1.0146,-0.2580,-30.05,-0.3103,0.0429,0.2897,1.2653,-0.4031,-34.15,8.07,0.3522,0.3522,0.3522,0.0500,2.500,0.150,0.600,1.000,0.050,0.0500,0.3519
1779756729.3209,0.079,SERVO,-0.2256,0.4924,0.5416,1.42,0.5916,0.1090,-47.29,1.1768,-0.1923,-27.24,-0.6582,0.0000,-0.0582,1.1250,-0.1657,-27.24,20.05,0.8748,0.8748,0.8748,0.0500,2.500,0.150,0.600,1.000,0.050,0.0000,0.0000
1779756729.4204,0.179,SERVO,-0.2265,0.4939,0.5434,0.77,0.5917,0.1088,-46.96,1.1785,-0.1929,-27.24,-0.6598,-0.0003,-0.0598,1.1253,-0.1656,-27.21,19.74,0.8615,0.8615,0.8615,0.0500,2.500,0.150,0.600,1.000,0.050,0.0500,0.8748
1779756729.5303,0.288,SERVO,-0.2265,0.4940,0.5434,0.97,0.5914,0.1092,-47.01,1.1798,-0.1899,-27.24,-0.6601,-0.0034,-0.0601,1.1264,-0.1624,-26.91,20.10,0.8769,0.8769,0.8769,0.0500,2.500,0.150,0.600,1.000,0.050,0.0500,0.8615
1779756729.6206,0.379,SERVO,-0.2264,0.4941,0.5435,1.02,0.5926,0.1079,-46.63,1.1798,-0.1900,-27.24,-0.6585,-0.0039,-0.0585,1.1278,-0.1633,-26.87,19.76,0.8622,0.8622,0.8622,0.0500,2.500,0.150,0.600,1.000,0.050,0.0500,0.8769
1779756729.7203,0.478,SERVO,-0.2264,0.4941,0.5435,1.02,0.5930,0.1074,-46.36,1.1798,-0.1900,-27.24,-0.6579,-0.0041,-0.0579,1.1284,-0.1635,-26.85,19.51,0.8513,0.8513,0.8513,0.0500,2.500,0.150,0.600,1.000,0.050,0.0500,0.8622
1779756729.8200,0.578,SERVO,-0.2264,0.4941,0.5435,1.02,0.5945,0.1059,-45.96,1.1798,-0.1900,-27.24,-0.6559,-0.0048,-0.0559,1.1301,-0.1644,-26.78,19.17,0.8366,0.8366,0.8366,0.0500,2.500,0.150,0.600,1.000,0.050,0.0500,0.8513
1779756729.9227,0.681,SERVO,-0.2228,0.4974,0.5450,0.74,0.5966,0.1038,-45.01,1.1949,-0.1796,-27.24,-0.6617,-0.0219,-0.0617,1.1401,-0.1514,-25.15,19.86,0.8666,0.8666,0.8666,0.0500,2.500,0.150,0.600,1.000,0.050,0.0500,0.8366
1779756730.0235,0.780,SERVO,-0.2228,0.4974,0.5450,0.74,0.6008,0.0997,-43.38,1.1949,-0.1796,-27.24,-0.6561,-0.0236,-0.0561,1.1451,-0.1540,-24.99,18.40,0.8027,0.8027,0.8027,0.0500,2.500,0.150,0.600,1.000,0.050,0.0500,0.8666
1779756730.1225,0.881,SERVO,-0.2228,0.4974,0.5450,0.74,0.6072,0.0937,-41.67,1.1949,-0.1796,-27.24,-0.6476,-0.0260,-0.0476,1.1526,-0.1578,-24.76,16.91,0.7378,0.7378,0.7378,0.0500,2.500,0.150,0.600,1.000,0.050,0.0500,0.8027
1779756730.2187,0.977,SERVO,-0.2228,0.4974,0.5450,0.74,0.6136,0.0883,-39.49,1.1949,-0.1796,-27.24,-0.6395,-0.0279,-0.0395,1.1598,-0.1616,-24.58,14.91,0.6507,0.6507,0.6507,0.0500,2.500,0.150,0.600,1.000,0.050,0.0500,0.7378
1779756730.3200,1.078,SERVO,-0.2228,0.4974,0.5450,0.74,0.6180,0.0850,-36.70,1.1949,-0.1796,-27.24,-0.6340,-0.0288,-0.0340,1.1646,-0.1641,-24.49,12.21,0.5329,0.5329,0.5329,0.0500,2.500,0.150,0.600,1.000,0.050,0.0500,0.6507
1779756730.4202,1.178,SERVO,-0.2103,0.4963,0.5391,1.08,0.6204,0.0833,-34.80,1.2469,-0.1103,-27.24,-0.6456,-0.1147,-0.0456,1.2063,-0.0894,-16.42,18.38,0.8018,0.8018,0.8018,0.0500,2.500,0.150,0.600,1.000,0.050,0.0500,0.5329
1779756730.5279,1.286,SERVO,-0.2103,0.4963,0.5391,1.08,0.6225,0.0818,-33.24,1.2469,-0.1103,-27.24,-0.6431,-0.1150,-0.0431,1.2086,-0.0906,-16.39,16.85,0.7353,0.7353,0.7353,0.0500,2.500,0.150,0.600,1.000,0.050,0.0500,0.8018
1779756730.6207,1.379,SERVO,-0.1849,0.4982,0.5314,0.35,0.6242,0.0807,-32.20,1.2508,-0.0955,-27.24,-0.6378,-0.1302,-0.0378,1.2172,-0.0782,-15.00,17.20,0.7506,0.7506,0.7506,0.0500,2.500,0.150,0.600,1.000,0.050,0.0500,0.7353
1779756730.7264,1.485,SERVO,-0.1613,0.4988,0.5242,0.23,0.6249,0.0803,-31.27,1.2427,-0.1061,-27.24,-0.6345,-0.1171,-0.0345,1.2119,-0.0903,-16.20,15.06,0.6573,0.6573,0.6573,0.0500,2.500,0.150,0.600,1.000,0.050,0.0500,0.7506
1779756730.8191,1.577,SERVO,-0.1613,0.4988,0.5242,0.23,0.6284,0.0782,-29.72,1.2427,-0.1061,-27.24,-0.6305,-0.1174,-0.0305,1.2155,-0.0921,-16.18,13.54,0.5909,0.5909,0.5909,0.0500,2.500,0.150,0.600,1.000,0.050,0.0500,0.6573
1779756730.9197,1.678,SERVO,-0.1613,0.4988,0.5242,0.23,0.6310,0.0768,-28.06,1.2427,-0.1061,-27.24,-0.6276,-0.1174,-0.0276,1.2182,-0.0935,-16.17,11.89,0.5188,0.5188,0.5188,0.0500,2.500,0.150,0.600,1.000,0.050,0.0500,0.5909
1779756731.0243,1.782,SERVO,-0.1477,0.5003,0.5217,0.56,0.6390,0.0726,-25.50,1.2570,-0.0832,-27.24,-0.6208,-0.1444,-0.0208,1.2385,-0.0737,-13.71,11.78,0.5142,0.5142,0.5142,0.0500,2.500,0.150,0.600,1.000,0.050,0.0500,0.5188
1779756731.1221,1.880,SERVO,-0.1477,0.5003,0.5217,0.56,0.6495,0.0678,-22.61,1.2570,-0.0832,-27.24,-0.6092,-0.1439,-0.0092,1.2488,-0.0789,-13.76,8.85,0.3861,0.3861,0.3861,0.0500,2.500,0.150,0.600,1.000,0.050,0.0500,0.5142
1779756731.2196,1.978,SERVO,-0.1477,0.5003,0.5217,0.56,0.6541,0.0663,-19.32,1.2570,-0.0832,-27.24,-0.6045,-0.1431,-0.0045,1.2530,-0.0811,-13.83,5.50,0.2398,0.2398,0.2398,0.0500,2.500,0.150,0.600,1.000,0.050,0.0500,0.3861
1779756731.3194,2.078,SERVO,-0.1251,0.4939,0.5095,0.81,0.6561,0.0656,-18.42,1.2833,-0.0100,-27.24,-0.5923,-0.2199,0.0077,1.2902,-0.0136,-7.11,11.31,0.4933,0.4933,0.4933,0.0500,2.500,0.150,0.600,1.000,0.050,0.0500,0.2398
1779756731.4202,2.178,SERVO,-0.1040,0.4910,0.5019,0.77,0.6587,0.0646,-18.38,1.2771,-0.0236,-27.24,-0.5902,-0.2047,0.0098,1.2859,-0.0281,-8.41,9.97,0.4350,0.4350,0.4350,0.0500,2.500,0.150,0.600,1.000,0.050,0.0500,0.4933
1779756731.5377,2.296,SERVO,-0.0670,0.4852,0.4898,0.25,0.6636,0.0630,-17.57,1.2665,-0.0577,-27.24,-0.5912,-0.1687,0.0088,1.2743,-0.0617,-11.54,6.03,0.2632,0.2632,0.2632,0.0500,2.500,0.150,0.600,1.000,0.050,0.0500,0.4350
1779756731.6204,2.379,SERVO,-0.0358,0.4795,0.4808,0.32,0.6690,0.0613,-16.79,1.2539,-0.0836,-27.24,-0.5863,-0.1389,0.0137,1.2661,-0.0898,-14.20,2.58,0.1127,0.0000,0.0000,0.0500,2.500,0.150,0.600,1.000,0.050,0.0500,0.2632
1779756731.7214,2.480,SERVO,-0.0358,0.4795,0.4808,0.32,0.6742,0.0599,-14.85,1.2539,-0.0836,-27.24,-0.5811,-0.1378,0.0189,1.2707,-0.0922,-14.30,0.54,0.0237,0.0000,0.0000,0.0500,2.500,0.150,0.600,1.000,0.050,0.0500,0.0000
1779756731.8339,2.592,SERVO,-0.0358,0.4795,0.4808,0.16,0.6772,0.0591,-14.19,1.2539,-0.0836,-27.24,-0.5781,-0.1372,0.0219,1.2734,-0.0936,-14.37,-0.18,-0.0078,0.0000,0.0000,0.0500,2.500,0.150,0.600,1.000,0.050,0.0500,0.0000
1779756731.9221,2.680,SERVO,-0.0050,0.4707,0.4707,0.09,0.6829,0.0576,-13.77,1.2593,-0.0794,-27.24,-0.5752,-0.1420,0.0248,1.2813,-0.0908,-13.92,-0.15,-0.0066,0.0000,0.0000,0.0500,2.500,0.150,0.600,1.000,0.050,0.0500,0.0000
1779756732.0234,2.782,SERVO,-0.0050,0.4707,0.4707,0.09,0.6890,0.0562,-12.68,1.2593,-0.0794,-27.24,-0.5691,-0.1405,0.0309,1.2868,-0.0936,-14.06,-1.39,-0.0606,0.0000,0.0000,0.0500,2.500,0.150,0.600,1.000,0.050,0.0500,0.0000
1779756732.1195,2.878,SERVO,0.0107,0.4651,0.4652,-0.00,0.6945,0.0550,-11.90,1.2657,-0.0812,-27.24,-0.5702,-0.1404,0.0298,1.2922,-0.0948,-14.07,-2.18,-0.0950,0.0000,0.0000,0.0500,2.500,0.150,0.600,1.000,0.050,0.0500,0.0000
1779756732.2199,2.978,SERVO,0.0107,0.4651,0.4652,-0.00,0.6991,0.0541,-11.00,1.2657,-0.0812,-27.24,-0.5657,-0.1391,0.0343,1.2962,-0.0969,-14.19,-3.19,-0.1390,-0.1500,-0.1500,0.0500,2.500,0.150,0.600,1.000,0.050,0.0500,0.0000
1779756732.3213,3.079,SERVO,0.0107,0.4651,0.4652,-0.00,0.7038,0.0532,-10.57,1.2657,-0.0812,-27.24,-0.5611,-0.1378,0.0389,1.3003,-0.0990,-14.31,-3.74,-0.1631,-0.1631,-0.1631,0.0500,2.500,0.150,0.600,1.000,0.050,0.0500,-0.1500
1779756732.4200,3.178,SERVO,0.0400,0.4540,0.4557,-0.17,0.7088,0.0522,-9.96,1.2709,-0.0891,-27.24,-0.5645,-0.1317,0.0355,1.3025,-0.1054,-14.87,-4.91,-0.2142,-0.2142,-0.2142,0.0500,2.500,0.150,0.600,1.000,0.050,0.0500,-0.1631
1779756732.5239,3.282,SERVO,0.0529,0.4472,0.4503,0.41,0.7148,0.0512,-9.36,1.2665,-0.0974,-27.24,-0.5585,-0.1205,0.0415,1.3034,-0.1164,-15.89,-6.53,-0.2851,-0.2851,-0.2851,0.0500,2.500,0.150,0.600,1.000,0.050,0.0500,-0.2142
1779756732.6196,3.378,SERVO,0.0646,0.4406,0.4453,0.55,0.7202,0.0504,-8.53,1.2683,-0.0997,-27.24,-0.5560,-0.1175,0.0440,1.3074,-0.1198,-16.16,-7.63,-0.3331,-0.3331,-0.3331,0.0500,2.500,0.150,0.600,1.000,0.050,0.0500,-0.2851
1779756732.7279,3.486,SERVO,0.0764,0.4339,0.4406,0.54,0.7277,0.0492,-8.44,1.2680,-0.1092,-27.24,-0.5529,-0.1065,0.0471,1.3099,-0.1308,-17.18,-8.74,-0.3813,-0.3813,-0.3813,0.0500,2.500,0.150,0.600,1.000,0.050,0.0500,-0.3331
1779756732.8190,3.577,SERVO,0.0764,0.4339,0.4406,0.54,0.7319,0.0487,-7.54,1.2680,-0.1092,-27.24,-0.5489,-0.1050,0.0511,1.3134,-0.1326,-17.31,-9.77,-0.4264,-0.4264,-0.4264,0.0500,2.500,0.150,0.600,1.000,0.050,0.0500,-0.3813
1779756732.9208,3.679,SERVO,0.0980,0.4191,0.4304,0.42,0.7335,0.0485,-7.77,1.2609,-0.1179,-27.24,-0.5450,-0.0935,0.0550,1.3097,-0.1431,-18.39,-10.62,-0.4632,-0.4632,-0.4632,0.0500,2.500,0.150,0.600,1.000,0.050,0.0500,-0.4264
1779756733.0253,3.784,SERVO,0.0980,0.4191,0.4304,0.42,0.7352,0.0482,-7.65,1.2609,-0.1179,-27.24,-0.5434,-0.0929,0.0566,1.3112,-0.1439,-18.44,-10.80,-0.4711,-0.4711,-0.4711,0.0500,2.500,0.150,0.600,1.000,0.050,0.0500,-0.4632
1779756733.1196,3.878,SERVO,0.0980,0.4191,0.4304,0.42,0.7418,0.0473,-7.73,1.2609,-0.1179,-27.24,-0.5371,-0.0907,0.0629,1.3168,-0.1467,-18.65,-10.91,-0.4762,-0.4762,-0.4762,0.0500,2.500,0.150,0.600,1.000,0.050,0.0500,-0.4711
1779756733.2205,3.979,SERVO,0.0980,0.4191,0.4304,0.42,0.7489,0.0463,-7.73,1.2609,-0.1179,-27.24,-0.5304,-0.0883,0.0696,1.3228,-0.1498,-18.87,-11.13,-0.4858,-0.4858,-0.4858,0.0500,2.500,0.150,0.600,1.000,0.050,0.0500,-0.4762
1779756733.3205,4.079,SERVO,0.1074,0.4121,0.4259,0.07,0.7532,0.0458,-7.53,1.2696,-0.1328,-27.24,-0.5409,-0.0776,0.0591,1.3222,-0.1599,-19.87,-12.34,-0.5385,-0.5385,-0.5385,0.0500,2.500,0.150,0.600,1.000,0.050,0.0500,-0.4858
1779756733.4203,4.179,SERVO,0.1074,0.4121,0.4259,0.07,0.7564,0.0453,-7.73,1.2696,-0.1328,-27.24,-0.5378,-0.0765,0.0622,1.3249,-0.1613,-19.97,-12.24,-0.5341,-0.5341,-0.5341,0.0500,2.500,0.150,0.600,1.000,0.050,0.0500,-0.5385
1779756733.5270,4.285,SERVO,0.1155,0.4040,0.4202,0.05,0.7611,0.0447,-7.83,1.2677,-0.1414,-27.24,-0.5356,-0.0665,0.0644,1.3250,-0.1708,-20.92,-13.09,-0.5712,-0.5712,-0.5712,0.0500,2.500,0.150,0.600,1.000,0.050,0.0500,-0.5341
1779756733.6203,4.379,SERVO,0.1223,0.3959,0.4143,0.43,0.7649,0.0441,-8.51,1.2625,-0.1480,-27.24,-0.5304,-0.0570,0.0696,1.3244,-0.1799,-21.82,-13.31,-0.5807,-0.5807,-0.5807,0.0500,2.500,0.150,0.600,1.000,0.050,0.0500,-0.5712
1779756733.7213,4.479,SERVO,0.1283,0.3885,0.4091,0.28,0.7668,0.0439,-8.50,1.2553,-0.1624,-27.24,-0.5287,-0.0402,0.0713,1.3187,-0.1950,-23.41,-14.90,-0.6503,-0.6503,-0.6503,0.0500,2.500,0.150,0.600,1.000,0.050,0.0500,-0.5807
1779756733.8190,4.577,SERVO,0.1283,0.3885,0.4091,0.28,0.7701,0.0434,-9.13,1.2553,-0.1624,-27.24,-0.5256,-0.0392,0.0744,1.3215,-0.1964,-23.50,-14.38,-0.6273,-0.6273,-0.6273,0.0500,2.500,0.150,0.600,1.000,0.050,0.0500,-0.6503
1779756733.9200,4.678,SERVO,0.1336,0.3821,0.4048,0.43,0.7718,0.0431,-10.05,1.2506,-0.1692,-27.24,-0.5228,-0.0305,0.0772,1.3192,-0.2045,-24.34,-14.29,-0.6233,-0.6233,-0.6233,0.0500,2.500,0.150,0.600,1.000,0.050,0.0500,-0.6273
1779756734.0226,4.781,SERVO,0.1336,0.3821,0.4048,0.43,0.7728,0.0429,-10.97,1.2506,-0.1692,-27.24,-0.5218,-0.0302,0.0782,1.3201,-0.2049,-24.36,-13.39,-0.5843,-0.5843,-0.5843,0.0500,2.500,0.150,0.600,1.000,0.050,0.0500,-0.6233
1779756734.1185,4.877,SERVO,0.1336,0.3821,0.4048,0.43,0.7766,0.0421,-11.97,1.2506,-0.1692,-27.24,-0.5181,-0.0291,0.0819,1.3234,-0.2067,-24.46,-12.49,-0.5452,-0.5452,-0.5452,0.0500,2.500,0.150,0.600,1.000,0.050,0.0500,-0.5843
1779756734.2196,4.978,SERVO,0.1370,0.3698,0.3944,0.23,0.7834,0.0407,-12.29,1.2340,-0.2007,-27.24,-0.5110,0.0083,0.0890,1.3130,-0.2414,-28.04,-15.75,-0.6873,-0.6873,-0.6873,0.0500,2.500,0.150,0.600,1.000,0.050,0.0500,-0.5452
1779756734.3199,5.078,SERVO,0.1380,0.3634,0.3888,0.27,0.7895,0.0392,-13.82,1.2323,-0.1984,-27.24,-0.5024,0.0085,0.0976,1.3190,-0.2430,-28.06,-14.24,-0.6214,-0.6214,-0.6214,0.0500,2.500,0.150,0.600,1.000,0.050,0.0500,-0.6873
1779756734.4253,5.184,SERVO,0.1361,0.3523,0.3777,0.60,0.7952,0.0378,-14.93,1.2263,-0.2173,-27.24,-0.5001,0.0295,0.0999,1.3151,-0.2631,-30.05,-15.12,-0.6598,-0.6598,-0.6598,0.0500,2.500,0.150,0.600,1.000,0.050,0.0500,-0.6214
1779756734.5234,5.282,SERVO,0.1335,0.3430,0.3681,0.52,0.8007,0.0363,-15.86,1.2141,-0.2187,-27.24,-0.4842,0.0375,0.1158,1.3170,-0.2717,-30.82,-14.96,-0.6527,-0.6527,-0.6527,0.0500,2.500,0.150,0.600,1.000,0.050,0.0500,-0.6598
1779756734.6201,5.378,SERVO,0.1317,0.3379,0.3626,0.98,0.8054,0.0349,-16.66,1.2113,-0.2200,-27.24,-0.4776,0.0408,0.1224,1.3202,-0.2760,-31.14,-14.48,-0.6317,-0.6317,-0.6317,0.0500,2.500,0.150,0.600,1.000,0.050,0.0500,-0.6527
1779756734.7202,5.478,SERVO,0.1298,0.3341,0.3584,1.16,0.8094,0.0337,-17.28,1.2090,-0.2213,-27.24,-0.4720,0.0438,0.1280,1.3228,-0.2799,-31.42,-14.14,-0.6170,-0.6170,-0.6170,0.0500,2.500,0.150,0.600,1.000,0.050,0.0500,-0.6317
1779756734.8196,5.578,SERVO,0.1277,0.3303,0.3541,1.10,0.8141,0.0322,-18.00,1.2071,-0.2237,-27.24,-0.4666,0.0476,0.1334,1.3258,-0.2848,-31.78,-13.78,-0.6015,-0.6015,-0.6015,0.0500,2.500,0.150,0.600,1.000,0.050,0.0500,-0.6170
1779756734.9204,5.679,SERVO,0.1277,0.3303,0.3541,1.10,0.8193,0.0305,-18.90,1.2071,-0.2237,-27.24,-0.4612,0.0484,0.1388,1.3305,-0.2872,-31.86,-12.96,-0.5657,-0.5657,-0.5657,0.0500,2.500,0.150,0.600,1.000,0.050,0.0500,-0.6015
1779756735.0224,5.781,SERVO,0.1277,0.3303,0.3541,1.10,0.8257,0.0282,-20.08,1.2071,-0.2237,-27.24,-0.4544,0.0494,0.1456,1.3366,-0.2903,-31.95,-11.87,-0.5180,-0.5180,-0.5180,0.0500,2.500,0.150,0.600,1.000,0.050,0.0500,-0.5657
1779756735.1196,5.878,SERVO,0.1277,0.3303,0.3541,1.10,0.8304,0.0265,-21.02,1.2071,-0.2237,-27.24,-0.4495,0.0499,0.1505,1.3409,-0.2926,-32.00,-10.98,-0.4793,-0.4793,-0.4793,0.0500,2.500,0.150,0.600,1.000,0.050,0.0500,-0.5180
1779756735.2203,5.978,SERVO,0.1190,0.3223,0.3436,0.75,0.8350,0.0247,-21.77,1.2063,-0.2508,-27.24,-0.4562,0.0750,0.1438,1.3341,-0.3167,-34.37,-12.60,-0.5497,-0.5497,-0.5497,0.0500,2.500,0.150,0.600,1.000,0.050,0.0500,-0.4793
1779756735.3256,6.084,SERVO,0.1190,0.3223,0.3436,0.95,0.8394,0.0229,-22.82,1.2063,-0.2508,-27.24,-0.4515,0.0754,0.1485,1.3383,-0.3188,-34.41,-11.59,-0.5055,-0.5055,-0.5055,0.0500,2.500,0.150,0.600,1.000,0.050,0.0500,-0.5497
1779756735.4201,6.178,SERVO,0.1143,0.3183,0.3382,0.95,0.8440,0.0209,-24.02,1.2046,-0.2548,-27.24,-0.4467,0.0800,0.1533,1.3408,-0.3249,-34.84,-10.82,-0.4720,-0.4720,-0.4720,0.0500,2.500,0.150,0.600,1.000,0.050,0.0500,-0.5055
1779756735.5245,6.283,SERVO,0.1092,0.3134,0.3319,0.99,0.8470,0.0195,-25.35,1.2001,-0.2640,-27.24,-0.4437,0.0904,0.1563,1.3391,-0.3355,-35.81,-10.45,-0.4561,-0.4561,-0.4561,0.0500,2.500,0.150,0.600,1.000,0.050,0.0500,-0.4720
1779756735.6200,6.378,SERVO,0.1092,0.3134,0.3319,0.99,0.8507,0.0177,-26.63,1.2001,-0.2640,-27.24,-0.4396,0.0905,0.1604,1.3427,-0.3374,-35.82,-9.19,-0.4008,-0.4008,-0.4008,0.0500,2.500,0.150,0.600,1.000,0.050,0.0500,-0.4561
1779756735.7201,6.478,SERVO,0.0968,0.3049,0.3199,1.14,0.8539,0.0161,-27.91,1.1904,-0.2682,-27.24,-0.4293,0.0987,0.1707,1.3422,-0.3463,-36.58,-8.67,-0.3782,-0.3782,-0.3782,0.0500,2.500,0.150,0.600,1.000,0.050,0.0500,-0.4008
1779756735.8217,6.580,SERVO,0.0968,0.3049,0.3199,1.14,0.8565,0.0146,-29.37,1.1904,-0.2682,-27.24,-0.4263,0.0986,0.1737,1.3449,-0.3477,-36.57,-7.20,-0.3142,-0.3142,-0.3142,0.0500,2.500,0.150,0.600,1.000,0.050,0.0500,-0.3782
1779756735.9198,6.678,SERVO,0.0898,0.3031,0.3161,0.76,0.8614,0.0118,-30.83,1.1865,-0.2741,-27.24,-0.4199,0.1054,0.1801,1.3466,-0.3565,-37.21,-6.37,-0.2781,-0.2781,-0.2781,0.0500,2.500,0.150,0.600,1.000,0.050,0.0500,-0.3142
1779756736.0244,6.783,SERVO,0.0818,0.3005,0.3114,0.17,0.8667,0.0086,-32.26,1.1851,-0.2810,-27.24,-0.4157,0.1117,0.1843,1.3490,-0.3653,-37.79,-5.53,-0.2414,-0.2414,-0.2414,0.0500,2.500,0.150,0.600,1.000,0.050,0.0500,-0.2781
1779756736.1207,6.879,SERVO,0.0670,0.2910,0.2986,0.42,0.8709,0.0059,-33.20,1.1832,-0.2785,-27.24,-0.4078,0.1099,0.1922,1.3541,-0.3665,-37.63,-4.43,-0.1933,-0.1933,-0.1933,0.0500,2.500,0.150,0.600,1.000,0.050,0.0500,-0.2414
1779756736.2203,6.978,SERVO,0.0670,0.2910,0.2986,0.42,0.8749,0.0032,-34.19,1.1832,-0.2785,-27.24,-0.4031,0.1094,0.1969,1.3583,-0.3687,-37.58,-3.38,-0.1476,-0.1500,-0.1500,0.0500,2.500,0.150,0.600,1.000,0.050,0.0500,-0.1933
1779756736.3234,7.082,SERVO,0.0594,0.2858,0.2919,0.38,0.8783,0.0010,-34.75,1.1827,-0.2826,-27.24,-0.4005,0.1127,0.1995,1.3601,-0.3739,-37.88,-3.13,-0.1366,-0.1500,-0.1500,0.0500,2.500,0.150,0.600,1.000,0.050,0.0500,-0.1500
1779756736.4212,7.179,SERVO,0.0594,0.2858,0.2919,0.38,0.8815,-0.0013,-35.46,1.1827,-0.2826,-27.24,-0.3966,0.1122,0.2034,1.3636,-0.3757,-37.83,-2.37,-0.1036,0.0000,0.0000,0.0500,2.500,0.150,0.600,1.000,0.050,0.0500,-0.1500
1779756736.5306,7.289,SERVO,0.0594,0.2858,0.2919,0.38,0.8846,-0.0035,-36.03,1.1827,-0.2826,-27.24,-0.3927,0.1116,0.2073,1.3670,-0.3775,-37.78,-1.75,-0.0763,0.0000,0.0000,0.0500,2.500,0.150,0.600,1.000,0.050,0.0500,0.0000
1779756736.6201,7.378,SERVO,0.0512,0.2795,0.2842,0.41,0.8886,-0.0065,-36.86,1.1823,-0.2886,-27.24,-0.3903,0.1164,0.2097,1.3688,-0.3846,-38.22,-1.36,-0.0595,0.0000,0.0000,0.0500,2.500,0.150,0.600,1.000,0.050,0.0500,0.0000
1779756736.7205,7.479,SERVO,0.0512,0.2795,0.2842,0.41,0.8927,-0.0096,-37.84,1.1823,-0.2886,-27.24,-0.3853,0.1155,0.2147,1.3732,-0.3869,-38.14,-0.30,-0.0132,0.0000,0.0000,0.0500,2.500,0.150,0.600,1.000,0.050,0.0500,0.0000
1779756736.8224,7.581,SERVO,0.0512,0.2795,0.2842,0.41,0.8955,-0.0118,-38.47,1.1823,-0.2886,-27.24,-0.3817,0.1148,0.2183,1.3764,-0.3886,-38.08,0.39,0.0169,0.0000,0.0000,0.0500,2.500,0.150,0.600,1.000,0.050,0.0500,0.0000
1779756736.9217,7.680,SERVO,0.0512,0.2795,0.2842,0.41,0.8989,-0.0146,-39.39,1.1823,-0.2886,-27.24,-0.3774,0.1139,0.2226,1.3802,-0.3905,-38.00,1.39,0.0608,0.0000,0.0000,0.0500,2.500,0.150,0.600,1.000,0.050,0.0500,0.0000
1779756737.0211,7.779,SERVO,0.0512,0.2795,0.2842,0.41,0.9021,-0.0172,-39.97,1.1823,-0.2886,-27.24,-0.3734,0.1131,0.2266,1.3838,-0.3923,-37.92,2.05,0.0894,0.0000,0.0000,0.0500,2.500,0.150,0.600,1.000,0.050,0.0500,0.0000
1779756737.1201,7.878,SERVO,0.0512,0.2795,0.2842,0.41,0.9055,-0.0199,-40.11,1.1823,-0.2886,-27.24,-0.3692,0.1121,0.2308,1.3876,-0.3943,-37.83,2.28,0.0996,0.0000,0.0000,0.0500,2.500,0.150,0.600,1.000,0.050,0.0500,0.0000
1779756737.2194,7.978,SERVO,0.0512,0.2795,0.2842,0.41,0.9093,-0.0231,-40.16,1.1823,-0.2886,-27.24,-0.3643,0.1110,0.2357,1.3919,-0.3965,-37.73,2.43,0.1061,0.0000,0.0000,0.0500,2.500,0.150,0.600,1.000,0.050,0.0500,0.0000
1779756737.3210,8.079,SERVO,0.0512,0.2795,0.2842,0.41,0.9145,-0.0277,-41.18,1.1823,-0.2886,-27.24,-0.3576,0.1094,0.2424,1.3979,-0.3996,-37.58,3.60,0.1572,0.1572,0.1572,0.0500,2.500,0.150,0.600,1.000,0.050,0.0500,0.0000
1779756737.4196,8.178,SERVO,0.0512,0.2795,0.2842,0.41,0.9163,-0.0293,-41.45,1.1823,-0.2886,-27.24,-0.3552,0.1088,0.2448,1.4000,-0.4007,-37.52,3.93,0.1716,0.1716,0.1716,0.0500,2.500,0.150,0.600,1.000,0.050,0.0500,0.1572
1779756737.6193,8.377,BLIND,-0.0488,0.1827,0.1891,0.04,0.9206,-0.0330,-41.02,1.1800,-0.1970,0.00,0.0000,0.0000,0.0000,0.0000,0.0000,0.00,0.00,0.0000,0.0000,0.0000,0.0500,2.500,0.150,0.600,1.000,0.050,0.0500,0.0000
1779756737.7185,8.476,BLIND,-0.0488,0.1827,0.1891,0.04,0.9250,-0.0369,-41.50,1.1800,-0.1970,0.00,0.0000,0.0000,0.0000,0.0000,0.0000,0.00,0.00,0.0000,0.0000,0.0000,0.0500,2.500,0.150,0.600,1.000,0.050,0.0500,0.0000
1779756737.8180,8.576,BLIND,-0.0488,0.1827,0.1891,0.04,0.9281,-0.0397,-42.27,1.1800,-0.1970,0.00,0.0000,0.0000,0.0000,0.0000,0.0000,0.00,0.00,0.0000,0.0000,0.0000,0.0500,2.500,0.150,0.600,1.000,0.050,0.0500,0.0000
1779756737.9201,8.676,BLIND,-0.0488,0.1827,0.1891,0.04,0.9306,-0.0419,-41.88,1.1800,-0.1970,0.00,0.0000,0.0000,0.0000,0.0000,0.0000,0.00,0.00,0.0000,0.0000,0.0000,0.0500,2.500,0.150,0.600,1.000,0.050,0.0500,0.0000
1779756738.0225,8.778,BLIND,-0.0488,0.1827,0.1891,0.04,0.9367,-0.0473,-41.83,1.1800,-0.1970,0.00,0.0000,0.0000,0.0000,0.0000,0.0000,0.00,0.00,0.0000,0.0000,0.0000,0.0500,2.500,0.150,0.600,1.000,0.050,0.0500,0.0000
1779756738.1275,8.882,BLIND,-0.0488,0.1827,0.1891,0.04,0.9431,-0.0532,-42.48,1.1800,-0.1970,0.00,0.0000,0.0000,0.0000,0.0000,0.0000,0.00,0.00,0.0000,0.0000,0.0000,0.0500,2.500,0.150,0.600,1.000,0.050,0.0500,0.0000
1779756738.2181,8.976,BLIND,-0.0488,0.1827,0.1891,0.04,0.9478,-0.0576,-43.17,1.1800,-0.1970,0.00,0.0000,0.0000,0.0000,0.0000,0.0000,0.00,0.00,0.0000,0.0000,0.0000,0.0500,2.500,0.150,0.600,1.000,0.050,0.0500,0.0000
1779756738.3206,9.078,BLIND,-0.0488,0.1827,0.1891,0.04,0.9501,-0.0597,-43.47,1.1800,-0.1970,0.00,0.0000,0.0000,0.0000,0.0000,0.0000,0.00,0.00,0.0000,0.0000,0.0000,0.0500,2.500,0.150,0.600,1.000,0.050,0.0500,0.0000
1779756738.4221,9.179,BLIND,-0.0488,0.1827,0.1891,0.04,0.9527,-0.0621,-42.93,1.1800,-0.1970,0.00,0.0000,0.0000,0.0000,0.0000,0.0000,0.00,0.00,0.0000,0.0000,0.0000,0.0500,2.500,0.150,0.600,1.000,0.050,0.0500,0.0000
1779756738.5246,9.283,BLIND,-0.0488,0.1827,0.1891,0.04,0.9601,-0.0690,-43.03,1.1800,-0.1970,0.00,0.0000,0.0000,0.0000,0.0000,0.0000,0.00,0.00,0.0000,0.0000,0.0000,0.0500,2.500,0.150,0.600,1.000,0.050,0.0500,0.0000
1779756738.6192,9.376,BLIND,-0.0488,0.1827,0.1891,0.04,0.9656,-0.0743,-43.49,1.1800,-0.1970,0.00,0.0000,0.0000,0.0000,0.0000,0.0000,0.00,0.00,0.0000,0.0000,0.0000,0.0500,2.500,0.150,0.600,1.000,0.050,0.0500,0.0000
1779756738.7200,9.477,BLIND,-0.0488,0.1827,0.1891,0.04,0.9690,-0.0776,-44.42,1.1800,-0.1970,0.00,0.0000,0.0000,0.0000,0.0000,0.0000,0.00,0.00,0.0000,0.0000,0.0000,0.0500,2.500,0.150,0.600,1.000,0.050,0.0500,0.0000
1779756738.8177,9.576,BLIND,-0.0488,0.1827,0.1891,0.04,0.9710,-0.0795,-44.27,1.1800,-0.1970,0.00,0.0000,0.0000,0.0000,0.0000,0.0000,0.00,0.00,0.0000,0.0000,0.0000,0.0500,2.500,0.150,0.600,1.000,0.050,0.0500,0.0000
1779756738.9184,9.677,BLIND,-0.0488,0.1827,0.1891,0.04,0.9725,-0.0809,-43.86,1.1800,-0.1970,0.00,0.0000,0.0000,0.0000,0.0000,0.0000,0.00,0.00,0.0000,0.0000,0.0000,0.0500,2.500,0.150,0.600,1.000,0.050,0.0500,0.0000
1779756739.0205,9.777,BLIND,-0.0488,0.1827,0.1891,0.04,0.9763,-0.0847,-44.95,1.1800,-0.1970,0.00,0.0000,0.0000,0.0000,0.0000,0.0000,0.00,0.00,0.0000,0.0000,0.0000,0.0500,2.500,0.150,0.600,1.000,0.050,0.0500,0.0000
1779756739.1240,9.880,BLIND,-0.0488,0.1827,0.1891,0.04,0.9793,-0.0877,-45.36,1.1800,-0.1970,0.00,0.0000,0.0000,0.0000,0.0000,0.0000,0.00,0.00,0.0000,0.0000,0.0000,0.0500,2.500,0.150,0.600,1.000,0.050,0.0500,0.0000
1779756739.2176,9.976,BLIND,-0.0488,0.1827,0.1891,0.04,0.9832,-0.0916,-45.18,1.1800,-0.1970,0.00,0.0000,0.0000,0.0000,0.0000,0.0000,0.00,0.00,0.0000,0.0000,0.0000,0.0500,2.500,0.150,0.600,1.000,0.050,0.0500,0.0000
1779756739.3188,10.076,BLIND,-0.0488,0.1827,0.1891,0.04,0.9899,-0.0984,-46.04,1.1800,-0.1970,0.00,0.0000,0.0000,0.0000,0.0000,0.0000,0.00,0.00,0.0000,0.0000,0.0000,0.0500,2.500,0.150,0.600,1.000,0.050,0.0500,0.0000
1779756739.4209,10.178,BLIND,-0.0488,0.1827,0.1891,0.04,0.9952,-0.1039,-46.44,1.1800,-0.1970,0.00,0.0000,0.0000,0.0000,0.0000,0.0000,0.00,0.00,0.0000,0.0000,0.0000,0.0500,2.500,0.150,0.600,1.000,0.050,0.0500,0.0000
1779756739.5199,10.278,BLIND,-0.0488,0.1827,0.1891,0.04,0.9983,-0.1074,-47.40,1.1800,-0.1970,0.00,0.0000,0.0000,0.0000,0.0000,0.0000,0.00,0.00,0.0000,0.0000,0.0000,0.0500,2.500,0.150,0.600,1.000,0.050,0.0500,0.0000
1779756739.6193,10.377,BLIND,-0.0488,0.1827,0.1891,0.04,0.9991,-0.1083,-47.80,1.1800,-0.1970,0.00,0.0000,0.0000,0.0000,0.0000,0.0000,0.00,0.00,0.0000,0.0000,0.0000,0.0500,2.500,0.150,0.600,1.000,0.050,0.0500,0.0000
1779756739.7213,10.480,BLIND,-0.0488,0.1827,0.1891,0.04,1.0008,-0.1101,-47.97,1.1800,-0.1970,0.00,0.0000,0.0000,0.0000,0.0000,0.0000,0.00,0.00,0.0000,0.0000,0.0000,0.0500,2.500,0.150,0.600,1.000,0.050,0.0500,0.0000
1779756739.8189,10.576,BLIND,-0.0488,0.1827,0.1891,0.04,1.0038,-0.1134,-47.47,1.1800,-0.1970,0.00,0.0000,0.0000,0.0000,0.0000,0.0000,0.00,0.00,0.0000,0.0000,0.0000,0.0500,2.500,0.150,0.600,1.000,0.050,0.0500,0.0000
1779756739.9194,10.678,BLIND,-0.0488,0.1827,0.1891,0.04,1.0094,-0.1196,-47.82,1.1800,-0.1970,0.00,0.0000,0.0000,0.0000,0.0000,0.0000,0.00,0.00,0.0000,0.0000,0.0000,0.0500,2.500,0.150,0.600,1.000,0.050,0.0500,0.0000
1779756740.0224,10.778,BLIND,-0.0488,0.1827,0.1891,0.04,1.0130,-0.1235,-48.14,1.1800,-0.1970,0.00,0.0000,0.0000,0.0000,0.0000,0.0000,0.00,0.00,0.0000,0.0000,0.0000,0.0500,2.500,0.150,0.600,1.000,0.050,0.0500,0.0000
1779756946.1238,0.104,SERVO,-0.3106,0.5390,0.6221,1.10,0.8223,0.1200,-61.63,1.4123,-0.3168,-36.52,-0.7341,0.0000,-0.1341,1.3046,-0.2370,-36.52,25.12,0.4384,0.4384,0.4384,0.1500,1.000,0.150,0.600,1.000,0.150,0.0000,0.0000
1779756946.2191,0.199,SERVO,-0.3112,0.5396,0.6229,0.84,0.8226,0.1195,-61.41,1.4137,-0.3158,-36.52,-0.7341,-0.0019,-0.1341,1.3060,-0.2360,-36.33,25.07,0.4376,0.4376,0.4376,0.1500,1.000,0.150,0.600,1.000,0.150,0.1500,0.4384
1779756946.3211,0.301,SERVO,-0.3112,0.5396,0.6229,0.84,0.8243,0.1165,-61.25,1.4137,-0.3158,-36.52,-0.7310,-0.0033,-0.1310,1.3085,-0.2379,-36.20,25.05,0.4372,0.4372,0.4372,0.1500,1.000,0.150,0.600,1.000,0.150,0.1500,0.4376
1779756946.4247,0.405,SERVO,-0.3053,0.5304,0.6120,2.35,0.8266,0.1123,-61.03,1.4117,-0.3140,-36.52,-0.7239,-0.0055,-0.1239,1.3121,-0.2403,-35.99,25.04,0.4370,0.4370,0.4370,0.1500,1.000,0.150,0.600,1.000,0.150,0.1500,0.4372
1779756946.5236,0.504,SERVO,-0.3069,0.5324,0.6146,2.37,0.8331,0.1005,-61.09,1.4179,-0.3239,-36.52,-0.7225,-0.0069,-0.1225,1.3194,-0.2510,-35.86,25.24,0.4405,0.4405,0.4405,0.1500,1.000,0.150,0.600,1.000,0.150,0.1500,0.4370
1779756946.6254,0.605,SERVO,-0.3074,0.5319,0.6143,2.26,0.8414,0.0855,-60.90,1.4226,-0.3309,-36.52,-0.7149,-0.0112,-0.1149,1.3302,-0.2625,-35.45,25.45,0.4442,0.4442,0.4442,0.1500,1.000,0.150,0.600,1.000,0.150,0.1500,0.4405
1779756946.7214,0.701,SERVO,-0.3064,0.5283,0.6107,2.36,0.8501,0.0699,-60.75,1.4305,-0.3419,-36.52,-0.7115,-0.0144,-0.1115,1.3409,-0.2755,-35.14,25.61,0.4469,0.4469,0.4469,0.1500,1.000,0.150,0.600,1.000,0.150,0.1500,0.4442
1779756946.8284,0.808,SERVO,-0.3060,0.5254,0.6080,2.28,0.8591,0.0543,-60.02,1.4386,-0.3534,-36.52,-0.7083,-0.0172,-0.1083,1.3515,-0.2890,-34.88,25.14,0.4387,0.4387,0.4387,0.1500,1.000,0.150,0.600,1.000,0.150,0.1500,0.4469
1779756946.9204,0.901,SERVO,-0.3027,0.5174,0.5995,2.67,0.8667,0.0414,-59.20,1.4517,-0.3540,-36.52,-0.7054,-0.0304,-0.1054,1.3670,-0.2912,-33.62,25.58,0.4464,0.4464,0.4464,0.1500,1.000,0.150,0.600,1.000,0.150,0.1500,0.4387
1779756947.0251,1.005,SERVO,-0.3011,0.5121,0.5940,2.49,0.8751,0.0274,-58.57,1.4521,-0.3525,-36.52,-0.6897,-0.0380,-0.0897,1.3800,-0.2991,-32.89,25.68,0.4482,0.4482,0.4482,0.1500,1.000,0.150,0.600,1.000,0.150,0.1500,0.4464
1779756947.1260,1.106,SERVO,-0.2947,0.4971,0.5779,2.35,0.8829,0.0151,-57.39,1.4622,-0.3503,-36.52,-0.6830,-0.0511,-0.0830,1.3955,-0.3009,-31.65,25.74,0.4492,0.4492,0.4492,0.1500,1.000,0.150,0.600,1.000,0.150,0.1500,0.4482
1779756947.2220,1.202,SERVO,-0.2947,0.4971,0.5779,2.35,0.8904,0.0034,-56.66,1.4622,-0.3503,-36.52,-0.6700,-0.0560,-0.0700,1.4059,-0.3086,-31.19,25.47,0.4445,0.4445,0.4445,0.1500,1.000,0.150,0.600,1.000,0.150,0.1500,0.4492
1779756947.3226,1.303,SERVO,-0.2872,0.4826,0.5616,2.15,0.8988,-0.0092,-55.97,1.4694,-0.3487,-36.52,-0.6606,-0.0667,-0.0606,1.4207,-0.3127,-30.17,25.79,0.4502,0.4502,0.4502,0.1500,1.000,0.150,0.600,1.000,0.150,0.1500,0.4445
1779756947.4232,1.403,SERVO,-0.2822,0.4745,0.5520,2.25,0.9079,-0.0222,-54.50,1.4732,-0.3509,-36.52,-0.6499,-0.0722,-0.0499,1.4331,-0.3212,-29.65,24.85,0.4337,0.4337,0.4337,0.1500,1.000,0.150,0.600,1.000,0.150,0.1500,0.4502
1779756947.5289,1.508,SERVO,-0.2822,0.4745,0.5520,2.25,0.9179,-0.0361,-53.50,1.4732,-0.3509,-36.52,-0.6336,-0.0774,-0.0336,1.4462,-0.3309,-29.16,24.33,0.4247,0.4247,0.4247,0.1500,1.000,0.150,0.600,1.000,0.150,0.1500,0.4337
1779756947.6206,1.601,SERVO,-0.2822,0.4745,0.5520,2.25,0.9274,-0.0485,-52.07,1.4732,-0.3509,-36.52,-0.6186,-0.0817,-0.0186,1.4582,-0.3398,-28.76,23.32,0.4069,0.4069,0.4069,0.1500,1.000,0.150,0.600,1.000,0.150,0.1500,0.4247
1779756947.7270,1.707,SERVO,-0.2751,0.4649,0.5402,2.27,0.9366,-0.0601,-50.64,1.5184,-0.3433,-36.52,-0.6361,-0.1186,-0.0361,1.4894,-0.3218,-25.34,25.31,0.4417,0.4417,0.4417,0.1500,1.000,0.150,0.600,1.000,0.150,0.1500,0.4069
1779756947.8240,1.804,SERVO,-0.2751,0.4649,0.5402,2.27,0.9455,-0.0709,-49.74,1.5184,-0.3433,-36.52,-0.6226,-0.1220,-0.0226,1.5003,-0.3299,-25.03,24.72,0.4314,0.4314,0.4314,0.1500,1.000,0.150,0.600,1.000,0.150,0.1500,0.4417
1779756947.9250,1.902,SERVO,-0.2674,0.4545,0.5273,2.25,0.9545,-0.0812,-48.65,1.5247,-0.3411,-36.52,-0.6129,-0.1305,-0.0129,1.5143,-0.3334,-24.25,24.40,0.4259,0.4259,0.4259,0.1500,1.000,0.150,0.600,1.000,0.150,0.1500,0.4314
1779756948.0210,2.001,SERVO,-0.2506,0.4332,0.5005,1.51,0.9632,-0.0910,-47.55,1.5256,-0.3345,-36.52,-0.5969,-0.1389,0.0031,1.5281,-0.3363,-23.48,24.07,0.4202,0.4202,0.4202,0.1500,1.000,0.150,0.600,1.000,0.150,0.1500,0.4259
1779756948.1204,2.100,SERVO,-0.2506,0.4332,0.5005,1.51,0.9726,-0.1010,-46.20,1.5256,-0.3345,-36.52,-0.5833,-0.1414,0.0167,1.5390,-0.3444,-23.25,22.95,0.4005,0.4005,0.4005,0.1500,1.000,0.150,0.600,1.000,0.150,0.1500,0.4202
1779756948.2199,2.200,SERVO,-0.2413,0.4221,0.4862,1.40,0.9833,-0.1118,-44.53,1.5377,-0.3256,-36.52,-0.5728,-0.1581,0.0272,1.5596,-0.3418,-21.75,22.78,0.3975,0.3975,0.3975,0.1500,1.000,0.150,0.600,1.000,0.150,0.1500,0.4005
1779756948.3267,2.307,SERVO,-0.2320,0.4115,0.4724,1.85,0.9949,-0.1231,-43.19,1.5291,-0.3234,-36.52,-0.5486,-0.1569,0.0514,1.5705,-0.3540,-21.86,21.33,0.3723,0.3723,0.3723,0.1500,1.000,0.150,0.600,1.000,0.150,0.1500,0.3975
1779756948.4197,2.400,SERVO,-0.2320,0.4115,0.4724,1.85,1.0058,-0.1332,-42.08,1.5291,-0.3234,-36.52,-0.5339,-0.1585,0.0661,1.5823,-0.3628,-21.72,20.37,0.3554,0.3554,0.3554,0.1500,1.000,0.150,0.600,1.000,0.150,0.1500,0.3723
1779756948.5260,2.506,SERVO,-0.2320,0.4115,0.4724,1.85,1.0174,-0.1435,-41.06,1.5291,-0.3234,-36.52,-0.5184,-0.1599,0.0816,1.5947,-0.3720,-21.59,19.47,0.3399,0.3399,0.3399,0.1500,1.000,0.150,0.600,1.000,0.150,0.1500,0.3554
1779756948.6228,2.602,SERVO,-0.2320,0.4115,0.4724,1.85,1.0284,-0.1531,-40.16,1.5291,-0.3234,-36.52,-0.5038,-0.1610,0.0962,1.6065,-0.3807,-21.49,18.67,0.3258,0.3258,0.3258,0.1500,1.000,0.150,0.600,1.000,0.150,0.1500,0.3399
1779756948.7204,2.700,SERVO,-0.2320,0.4115,0.4724,1.85,1.0409,-0.1635,-39.33,1.5291,-0.3234,-36.52,-0.4875,-0.1620,0.1125,1.6195,-0.3904,-21.41,17.92,0.3128,0.3128,0.3128,0.1500,1.000,0.150,0.600,1.000,0.150,0.1500,0.3258
1779756948.8252,2.805,SERVO,-0.1122,0.2499,0.2740,-1.36,1.0531,-0.1732,-38.09,1.4131,-0.3159,-36.52,-0.3743,-0.0995,0.2257,1.5945,-0.4502,-27.10,10.99,0.1919,0.1919,0.1919,0.1500,1.000,0.150,0.600,1.000,0.150,0.1500,0.3128
1779756948.9225,2.903,SERVO,-0.1122,0.2499,0.2740,-1.36,1.0651,-0.1826,-37.36,1.4131,-0.3159,-36.52,-0.3591,-0.0999,0.2409,1.6067,-0.4593,-27.06,10.30,0.1797,0.1797,0.1797,0.1500,1.000,0.150,0.600,1.000,0.150,0.1500,0.1919
1779756949.0250,3.005,SERVO,-0.1111,0.2474,0.2712,-1.37,1.0770,-0.1916,-36.55,1.4340,-0.3222,-36.52,-0.3646,-0.1074,0.2354,1.6232,-0.4623,-26.36,10.19,0.1778,0.1778,0.1778,0.1500,1.000,0.150,0.600,1.000,0.150,0.1500,0.1797
1779756949.1204,3.100,SERVO,-0.1111,0.2474,0.2712,-1.37,1.0887,-0.2002,-35.96,1.4340,-0.3222,-36.52,-0.3501,-0.1074,0.2499,1.6348,-0.4709,-26.37,9.59,0.1674,0.1674,0.1674,0.1500,1.000,0.150,0.600,1.000,0.150,0.1500,0.1778
1779756949.2213,3.201,SERVO,-0.1111,0.2474,0.2712,-1.37,1.0995,-0.2078,-35.09,1.4340,-0.3222,-36.52,-0.3369,-0.1071,0.2631,1.6454,-0.4788,-26.39,8.70,0.1518,0.1518,0.1518,0.1500,1.000,0.150,0.600,1.000,0.150,0.1500,0.1674
1779756949.3233,3.303,SERVO,-0.1111,0.2474,0.2712,-1.37,1.1107,-0.2157,-34.36,1.4340,-0.3222,-36.52,-0.3232,-0.1067,0.2768,1.6565,-0.4869,-26.43,7.93,0.1384,0.1500,0.1500,0.1500,1.000,0.150,0.600,1.000,0.150,0.1500,0.1518
1779756949.4200,3.400,SERVO,-0.1111,0.2474,0.2712,-1.37,1.1225,-0.2237,-33.72,1.4340,-0.3222,-36.52,-0.3090,-0.1062,0.2910,1.6679,-0.4954,-26.48,7.23,0.1263,0.1500,0.1500,0.1500,1.000,0.150,0.600,1.000,0.150,0.1500,0.1500
1779756949.5278,3.507,SERVO,-0.1111,0.2474,0.2712,-1.37,1.1349,-0.2318,-32.80,1.4340,-0.3222,-36.52,-0.2942,-0.1053,0.3000,1.6751,-0.5007,-26.47,6.33,0.1105,0.1500,0.1500,0.1500,1.000,0.150,0.600,1.000,0.150,0.1500,0.1500
1779756949.6220,3.602,SERVO,-0.1111,0.2474,0.2712,-1.37,1.1468,-0.2395,-32.29,1.4340,-0.3222,-36.52,-0.2800,-0.1044,0.3000,1.6751,-0.5007,-26.31,5.98,0.1044,0.1500,0.1500,0.1500,1.000,0.150,0.600,1.000,0.150,0.1500,0.1500
1779756949.7223,3.700,SERVO,-0.1111,0.2474,0.2712,-1.37,1.1591,-0.2471,-31.64,1.4340,-0.3222,-36.52,-0.2656,-0.1032,0.3000,1.6751,-0.5007,-26.17,5.47,0.0955,0.1500,0.1500,0.1500,1.000,0.150,0.600,1.000,0.150,0.1500,0.1500
1779756949.8288,3.809,SERVO,-0.1111,0.2474,0.2712,-1.37,1.1723,-0.2553,-31.30,1.4340,-0.3222,-36.52,-0.2501,-0.1019,0.3000,1.6751,-0.5007,-26.02,5.28,0.0922,0.1500,0.1500,0.1500,1.000,0.150,0.600,1.000,0.150,0.1500,0.1500
1779756949.9224,3.902,SERVO,-0.1111,0.2474,0.2712,-1.37,1.1856,-0.2633,-30.85,1.4340,-0.3222,-36.52,-0.2346,-0.1005,0.3000,1.6751,-0.5007,-25.87,4.98,0.0869,0.1500,0.1500,0.1500,1.000,0.150,0.600,1.000,0.150,0.1500,0.1500
1779756950.0240,4.004,SERVO,-0.1111,0.2474,0.2712,-1.37,1.1990,-0.2714,-30.86,1.4340,-0.3222,-36.52,-0.2190,-0.0990,0.3000,1.6751,-0.5007,-25.72,5.14,0.0897,0.1500,0.1500,0.1500,1.000,0.150,0.600,1.000,0.150,0.1500,0.1500
1779756950.1219,4.102,SERVO,-0.1111,0.2474,0.2712,-1.37,1.2118,-0.2790,-30.55,1.4340,-0.3222,-36.52,-0.2042,-0.0974,0.3000,1.6751,-0.5007,-25.58,4.97,0.0868,0.1500,0.1500,0.1500,1.000,0.150,0.600,1.000,0.150,0.1500,0.1500
1779756950.2239,4.204,SERVO,-0.1111,0.2474,0.2712,-1.37,1.2236,-0.2859,-30.38,1.4340,-0.3222,-36.52,-0.1906,-0.0960,0.3000,1.6751,-0.5007,-25.45,4.93,0.0860,0.1500,0.1500,0.1500,1.000,0.150,0.600,1.000,0.150,0.1500,0.1500
1779756950.3205,4.301,SERVO,-0.1111,0.2474,0.2712,-1.37,1.2349,-0.2925,-30.25,1.4340,-0.3222,-36.52,-0.1777,-0.0946,0.3000,1.6751,-0.5007,-25.32,4.93,0.0861,0.1500,0.1500,0.1500,1.000,0.150,0.600,1.000,0.150,0.1500,0.1500
1779756950.4203,4.400,SERVO,-0.1111,0.2474,0.2712,-1.37,1.2477,-0.2998,-29.68,1.4340,-0.3222,-36.52,-0.1630,-0.0929,0.3000,1.6751,-0.5007,-25.17,4.50,0.0786,0.1500,0.1500,0.1500,1.000,0.150,0.600,1.000,0.150,0.1500,0.1500
1779756950.5283,4.508,SERVO,-0.1111,0.2474,0.2712,-1.37,1.2592,-0.3065,-29.69,1.4340,-0.3222,-36.52,-0.1498,-0.0913,0.3000,1.6751,-0.5007,-25.04,4.65,0.0812,0.1500,0.1500,0.1500,1.000,0.150,0.600,1.000,0.150,0.1500,0.1500
1779756950.6214,4.601,SERVO,-0.1111,0.2474,0.2712,-1.37,1.2670,-0.3106,-28.79,1.4340,-0.3222,-36.52,-0.1411,-0.0901,0.3000,1.6751,-0.5007,-24.97,3.82,0.0667,0.1500,0.1500,0.1500,1.000,0.150,0.600,1.000,0.150,0.1500,0.1500
1779756950.7231,4.703,SERVO,-0.1111,0.2474,0.2712,-1.37,1.2715,-0.3132,-28.66,1.4340,-0.3222,-36.52,-0.1359,-0.0894,0.3000,1.6751,-0.5007,-24.92,3.74,0.0652,0.1500,0.1500,0.1500,1.000,0.150,0.600,1.000,0.150,0.1500,0.1500
1779756950.8239,4.803,SERVO,-0.1111,0.2474,0.2712,-1.37,1.2747,-0.3149,-28.23,1.4340,-0.3222,-36.52,-0.1323,-0.0889,0.3000,1.6751,-0.5007,-24.90,3.33,0.0581,0.1500,0.1500,0.1500,1.000,0.150,0.600,1.000,0.150,0.1500,0.1500
1779756950.9201,4.900,SERVO,-0.1111,0.2474,0.2712,-1.37,1.2795,-0.3175,-27.82,1.4340,-0.3222,-36.52,-0.1269,-0.0881,0.3000,1.6751,-0.5007,-24.86,2.96,0.0517,0.1500,0.1500,0.1500,1.000,0.150,0.600,1.000,0.150,0.1500,0.1500
1779756986.4240,0.156,SERVO,-0.2635,0.5141,0.5777,3.42,1.0955,-0.0642,-66.60,1.5915,-0.5471,-44.23,-0.6923,0.0000,-0.0923,1.5254,-0.4828,-44.23,22.37,0.5855,0.5855,0.5855,0.1500,1.500,0.150,0.600,1.000,0.150,0.0000,0.0000
1779756986.5333,0.265,SERVO,-0.2623,0.5124,0.5756,3.07,1.0959,-0.0650,-66.44,1.5907,-0.5445,-44.23,-0.6890,-0.0017,-0.0890,1.5270,-0.4824,-44.07,22.37,0.5857,0.5857,0.5857,0.1500,1.500,0.150,0.600,1.000,0.150,0.1500,0.5855
1779756986.6228,0.354,SERVO,-0.2621,0.5121,0.5753,3.15,1.0983,-0.0706,-66.87,1.5912,-0.5452,-44.23,-0.6842,-0.0038,-0.0842,1.5308,-0.4864,-43.87,23.00,0.6022,0.6022,0.6022,0.1500,1.500,0.150,0.600,1.000,0.150,0.1500,0.5857
1779756986.7187,0.450,SERVO,-0.2628,0.5122,0.5756,3.70,1.1019,-0.0792,-67.29,1.5897,-0.5608,-44.23,-0.6854,0.0048,-0.0854,1.5285,-0.5012,-44.69,22.59,0.5915,0.5915,0.5915,0.1500,1.500,0.150,0.600,1.000,0.150,0.1500,0.6022
1779756986.8231,0.552,SERVO,-0.2630,0.5097,0.5736,3.97,1.1092,-0.0965,-67.33,1.5952,-0.5761,-44.23,-0.6828,0.0045,-0.0828,1.5359,-0.5184,-44.67,22.66,0.5932,0.5932,0.5932,0.1500,1.500,0.150,0.600,1.000,0.150,0.1500,0.5915
1779756986.9238,0.655,SERVO,-0.2654,0.5091,0.5741,3.84,1.1163,-0.1133,-67.12,1.6032,-0.5850,-44.23,-0.6779,-0.0017,-0.0779,1.5474,-0.5306,-44.07,23.05,0.6034,0.6034,0.6034,0.1500,1.500,0.150,0.600,1.000,0.150,0.1500,0.5932
1779756987.0246,0.756,SERVO,-0.2654,0.5091,0.5741,3.84,1.1232,-0.1296,-67.08,1.6032,-0.5850,-44.23,-0.6616,-0.0085,-0.0616,1.5590,-0.5420,-43.42,23.67,0.6196,0.6196,0.6196,0.1500,1.500,0.150,0.600,1.000,0.150,0.1500,0.6034
1779756987.1222,0.854,SERVO,-0.2662,0.5034,0.5694,3.63,1.1298,-0.1445,-66.15,1.6206,-0.6054,-44.23,-0.6732,-0.0121,-0.0732,1.5682,-0.5544,-43.08,23.07,0.6039,0.6039,0.6039,0.1500,1.500,0.150,0.600,1.000,0.150,0.1500,0.6196
1779756987.2220,0.954,SERVO,-0.2661,0.4973,0.5641,3.43,1.1360,-0.1586,-65.84,1.6277,-0.6113,-44.23,-0.6681,-0.0186,-0.0681,1.5789,-0.5638,-42.46,23.37,0.6119,0.6119,0.6119,0.1500,1.500,0.150,0.600,1.000,0.150,0.1500,0.6039
1779756987.3228,1.054,SERVO,-0.2655,0.4898,0.5571,3.29,1.1426,-0.1727,-64.96,1.6304,-0.6117,-44.23,-0.6558,-0.0257,-0.0558,1.5904,-0.5728,-41.78,23.18,0.6068,0.6068,0.6068,0.1500,1.500,0.150,0.600,1.000,0.150,0.1500,0.6119
1779756987.4194,1.151,SERVO,-0.2655,0.4898,0.5571,3.29,1.1491,-0.1864,-64.16,1.6304,-0.6117,-44.23,-0.6415,-0.0310,-0.0415,1.6006,-0.5828,-41.28,22.88,0.5990,0.5990,0.5990,0.1500,1.500,0.150,0.600,1.000,0.150,0.1500,0.6068
1779756987.5275,1.259,SERVO,-0.2628,0.4742,0.5422,2.59,1.1554,-0.1991,-63.11,1.6570,-0.6138,-44.23,-0.6487,-0.0527,-0.0487,1.6221,-0.5799,-39.21,23.89,0.6256,0.6256,0.6256,0.1500,1.500,0.150,0.600,1.000,0.150,0.1500,0.5990
1779756987.6287,1.360,SERVO,-0.2628,0.4742,0.5422,2.74,1.1617,-0.2109,-61.67,1.6570,-0.6138,-44.23,-0.6360,-0.0568,-0.0360,1.6312,-0.5887,-38.82,22.85,0.5981,0.5981,0.5981,0.1500,1.500,0.150,0.600,1.000,0.150,0.1500,0.6256
1779756987.7249,1.456,SERVO,-0.2509,0.4473,0.5129,2.85,1.1685,-0.2230,-60.24,1.6601,-0.5948,-44.23,-0.6116,-0.0766,-0.0116,1.6518,-0.5867,-36.96,23.28,0.6095,0.6095,0.6095,0.1500,1.500,0.150,0.600,1.000,0.150,0.1500,0.5981
1779756987.8256,1.557,SERVO,-0.2509,0.4473,0.5129,2.85,1.1759,-0.2357,-58.77,1.6601,-0.5948,-44.23,-0.5974,-0.0804,0.0026,1.6620,-0.5966,-36.60,22.17,0.5805,0.5805,0.5805,0.1500,1.500,0.150,0.600,1.000,0.150,0.1500,0.6095
1779756987.9241,1.656,SERVO,-0.2509,0.4473,0.5129,2.85,1.1843,-0.2490,-57.02,1.6601,-0.5948,-44.23,-0.5822,-0.0841,0.0178,1.6728,-0.6073,-36.25,20.77,0.5437,0.5437,0.5437,0.1500,1.500,0.150,0.600,1.000,0.150,0.1500,0.5805
1779756988.0269,1.759,SERVO,-0.2509,0.4473,0.5129,2.85,1.1929,-0.2622,-55.91,1.6601,-0.5948,-44.23,-0.5667,-0.0876,0.0333,1.6839,-0.6180,-35.93,19.98,0.5230,0.5230,0.5230,0.1500,1.500,0.150,0.600,1.000,0.150,0.1500,0.5437
1779756988.1200,1.852,SERVO,-0.2296,0.4183,0.4772,2.38,1.2027,-0.2762,-54.20,1.7010,-0.5835,-44.23,-0.5714,-0.1274,0.0286,1.7215,-0.6035,-32.24,21.96,0.5748,0.5748,0.5748,0.1500,1.500,0.150,0.600,1.000,0.150,0.1500,0.5230
1779756988.2270,1.959,SERVO,-0.2222,0.4089,0.4654,2.20,1.2100,-0.2862,-53.18,1.7034,-0.5811,-44.23,-0.5593,-0.1329,0.0407,1.7326,-0.6095,-31.74,21.44,0.5612,0.5612,0.5612,0.1500,1.500,0.150,0.600,1.000,0.150,0.1500,0.5748
1779756988.3209,2.053,SERVO,-0.2222,0.4089,0.4654,2.20,1.2187,-0.2975,-51.73,1.7034,-0.5811,-44.23,-0.5451,-0.1350,0.0549,1.7427,-0.6194,-31.56,20.17,0.5281,0.5281,0.5281,0.1500,1.500,0.150,0.600,1.000,0.150,0.1500,0.5612
1779756988.4251,2.157,SERVO,-0.2222,0.4089,0.4654,2.20,1.2287,-0.3101,-50.58,1.7034,-0.5811,-44.23,-0.5291,-0.1370,0.0709,1.7542,-0.6305,-31.37,19.21,0.5028,0.5028,0.5028,0.1500,1.500,0.150,0.600,1.000,0.150,0.1500,0.5281
1779756988.5252,2.256,SERVO,-0.2222,0.4089,0.4654,2.20,1.2391,-0.3221,-48.50,1.7034,-0.5811,-44.23,-0.5133,-0.1384,0.0867,1.7655,-0.6416,-31.25,17.25,0.4517,0.4517,0.4517,0.1500,1.500,0.150,0.600,1.000,0.150,0.1500,0.5028
1779756988.6219,2.352,SERVO,-0.2023,0.3862,0.4360,1.17,1.2489,-0.3330,-47.03,1.7348,-0.5714,-44.23,-0.5145,-0.1681,0.0855,1.7960,-0.6311,-28.59,18.44,0.4828,0.4828,0.4828,0.1500,1.500,0.150,0.600,1.000,0.150,0.1500,0.4517
1779756988.7274,2.459,SERVO,-0.1924,0.3747,0.4213,0.91,1.2581,-0.3425,-45.28,1.7367,-0.5675,-44.23,-0.4998,-0.1726,0.1002,1.8084,-0.6373,-28.18,17.10,0.4477,0.4477,0.4477,0.1500,1.500,0.150,0.600,1.000,0.150,0.1500,0.4828
1779756988.8189,2.551,SERVO,-0.1924,0.3747,0.4213,0.91,1.2686,-0.3530,-43.98,1.7367,-0.5675,-44.23,-0.4850,-0.1729,0.1150,1.8191,-0.6477,-28.16,15.81,0.4140,0.4140,0.4140,0.1500,1.500,0.150,0.600,1.000,0.150,0.1500,0.4477
1779756988.9218,2.654,SERVO,-0.1924,0.3747,0.4213,0.91,1.2790,-0.3630,-42.90,1.7367,-0.5675,-44.23,-0.4706,-0.1727,0.1294,1.8294,-0.6578,-28.17,14.72,0.3855,0.3855,0.3855,0.1500,1.500,0.150,0.600,1.000,0.150,0.1500,0.4140
1779756989.0218,2.754,SERVO,-0.1924,0.3747,0.4213,0.91,1.2885,-0.3714,-41.15,1.7367,-0.5675,-44.23,-0.4579,-0.1722,0.1421,1.8385,-0.6666,-28.22,12.93,0.3384,0.3384,0.3384,0.1500,1.500,0.150,0.600,1.000,0.150,0.1500,0.3855
1779756989.1238,2.855,SERVO,-0.1924,0.3747,0.4213,0.91,1.3003,-0.3817,-40.07,1.7367,-0.5675,-44.23,-0.4423,-0.1713,0.1577,1.8497,-0.6775,-28.30,11.78,0.3083,0.3083,0.3083,0.1500,1.500,0.150,0.600,1.000,0.150,0.1500,0.3384
1779756989.2217,2.953,SERVO,-0.1924,0.3747,0.4213,0.91,1.3136,-0.3927,-38.89,1.7367,-0.5675,-44.23,-0.4251,-0.1699,0.1749,1.8620,-0.6895,-28.42,10.47,0.2741,0.2741,0.2741,0.1500,1.500,0.150,0.600,1.000,0.150,0.1500,0.3083
1779756989.3261,3.056,SERVO,-0.1924,0.3747,0.4213,0.91,1.3259,-0.4023,-37.34,1.7367,-0.5675,-44.23,-0.4095,-0.1682,0.1905,1.8732,-0.7004,-28.57,8.77,0.2296,0.2296,0.2296,0.1500,1.500,0.150,0.600,1.000,0.150,0.1500,0.2741
1779756989.5248,3.254,BLIND,-0.0528,0.1909,0.1981,-0.77,1.3473,-0.4182,-35.45,1.6099,-0.5526,0.00,0.0000,0.0000,0.0000,0.0000,0.0000,0.00,0.00,0.0000,0.0000,0.0000,0.1500,1.500,0.150,0.600,1.000,0.150,0.1500,0.0000
1779756989.6188,3.349,BLIND,-0.0528,0.1909,0.1981,-0.77,1.3580,-0.4257,-34.70,1.6099,-0.5526,0.00,0.0000,0.0000,0.0000,0.0000,0.0000,0.00,0.00,0.0000,0.0000,0.0000,0.1500,1.500,0.150,0.600,1.000,0.150,0.1500,0.0000
1779756989.7248,3.450,BLIND,-0.0528,0.1909,0.1981,-0.77,1.3696,-0.4336,-33.80,1.6099,-0.5526,0.00,0.0000,0.0000,0.0000,0.0000,0.0000,0.00,0.00,0.0000,0.0000,0.0000,0.1500,1.500,0.150,0.600,1.000,0.150,0.1500,0.0000
1779756989.8181,3.550,BLIND,-0.0528,0.1909,0.1981,-0.77,1.3827,-0.4425,-33.43,1.6099,-0.5526,0.00,0.0000,0.0000,0.0000,0.0000,0.0000,0.00,0.00,0.0000,0.0000,0.0000,0.1500,1.500,0.150,0.600,1.000,0.150,0.1500,0.0000
1779756989.9212,3.653,BLIND,-0.0528,0.1909,0.1981,-0.77,1.3968,-0.4517,-32.97,1.6099,-0.5526,0.00,0.0000,0.0000,0.0000,0.0000,0.0000,0.00,0.00,0.0000,0.0000,0.0000,0.1500,1.500,0.150,0.600,1.000,0.150,0.1500,0.0000
1779756990.0198,3.750,BLIND,-0.0528,0.1909,0.1981,-0.77,1.4117,-0.4613,-32.59,1.6099,-0.5526,0.00,0.0000,0.0000,0.0000,0.0000,0.0000,0.00,0.00,0.0000,0.0000,0.0000,0.1500,1.500,0.150,0.600,1.000,0.150,0.1500,0.0000
1779757074.7269,2.331,SERVO,-0.3318,0.4478,0.5573,1.24,1.3388,-0.3333,-63.67,1.8781,-0.7077,-34.77,-0.6566,0.0000,-0.0566,1.8317,-0.6755,-34.77,28.90,0.9079,0.9079,0.9079,0.1500,1.800,0.150,0.600,1.000,0.150,0.0500,0.5493
1779757074.8203,2.425,SERVO,-0.3248,0.4455,0.5513,0.55,1.3416,-0.3388,-62.46,1.8905,-0.6971,-34.77,-0.6553,-0.0187,-0.0553,1.8451,-0.6656,-32.98,29.47,0.9259,0.9259,0.9259,0.1500,1.800,0.150,0.600,1.000,0.150,0.1500,0.9079
1779757074.9249,2.526,SERVO,-0.3209,0.4435,0.5474,1.61,1.3444,-0.3440,-61.10,1.8927,-0.6935,-34.77,-0.6498,-0.0255,-0.0498,1.8518,-0.6652,-32.33,28.77,0.9038,0.9038,0.9038,0.1500,1.800,0.150,0.600,1.000,0.150,0.0000,0.1093
1779757075.0297,2.634,SERVO,-0.3111,0.4389,0.5379,2.27,1.3483,-0.3511,-60.09,1.8962,-0.6869,-34.77,-0.6415,-0.0366,-0.0415,1.8621,-0.6632,-31.27,28.81,0.9052,0.9052,0.9052,0.1500,1.800,0.150,0.600,1.000,0.150,0.0000,0.0000
1779757075.1276,2.732,SERVO,-0.3111,0.4389,0.5379,2.27,1.3561,-0.3637,-56.83,1.8962,-0.6869,-34.77,-0.6280,-0.0426,-0.0280,1.8732,-0.6709,-30.71,26.12,0.8207,0.8207,0.8207,0.1500,1.800,0.150,0.600,1.000,0.150,0.1500,0.9052
1779757075.2224,2.827,SERVO,-0.3111,0.4389,0.5379,2.27,1.3642,-0.3756,-54.19,1.8962,-0.6869,-34.77,-0.6146,-0.0477,-0.0146,1.8842,-0.6786,-30.22,23.96,0.7528,0.7528,0.7528,0.1500,1.800,0.150,0.600,1.000,0.150,0.1500,0.8207
1779757075.3220,2.926,SERVO,-0.3111,0.4389,0.5379,2.27,1.3764,-0.3916,-50.61,1.8962,-0.6869,-34.77,-0.5954,-0.0538,0.0046,1.9000,-0.6895,-29.64,20.97,0.6589,0.6589,0.6589,0.1500,1.800,0.150,0.600,1.000,0.150,0.1500,0.7528
1779757075.4257,3.030,SERVO,-0.2973,0.4388,0.5300,1.25,1.3874,-0.4045,-48.02,1.9862,-0.6254,-34.77,-0.6179,-0.1600,-0.0179,1.9715,-0.6152,-19.84,28.18,0.8853,0.8853,0.8853,0.1500,1.800,0.150,0.600,1.000,0.150,0.0000,0.0000
1779757075.5320,3.134,SERVO,-0.2973,0.4388,0.5300,1.25,1.3970,-0.4143,-44.51,1.9862,-0.6254,-34.77,-0.6044,-0.1625,-0.0044,1.9826,-0.6229,-19.61,24.90,0.7823,0.7823,0.7823,0.1500,1.800,0.150,0.600,1.000,0.150,0.0000,0.0000
1779757075.6221,3.227,SERVO,-0.2806,0.4364,0.5188,1.37,1.4036,-0.4213,-44.09,1.9982,-0.6139,-34.77,-0.5983,-0.1809,0.0017,1.9996,-0.6149,-17.99,26.10,0.8200,0.8200,0.8200,0.1500,1.800,0.150,0.600,1.000,0.150,0.1500,0.7823
1779757075.7224,3.327,SERVO,-0.2806,0.4364,0.5188,1.37,1.4097,-0.4273,-43.37,1.9982,-0.6139,-34.77,-0.5899,-0.1823,0.0101,2.0065,-0.6197,-17.87,25.50,0.8012,0.8012,0.8012,0.1500,1.800,0.150,0.600,1.000,0.150,0.0000,0.0000
1779757075.8245,3.429,SERVO,-0.2806,0.4364,0.5188,1.37,1.4192,-0.4360,-41.59,1.9982,-0.6139,-34.77,-0.5771,-0.1840,0.0229,2.0170,-0.6270,-17.72,23.88,0.7502,0.7502,0.7502,0.1500,1.800,0.150,0.600,1.000,0.150,0.1500,0.8012
1779757075.9209,3.525,SERVO,-0.2806,0.4364,0.5188,1.37,1.4273,-0.4430,-40.18,1.9982,-0.6139,-34.77,-0.5665,-0.1852,0.0335,2.0258,-0.6331,-17.61,22.56,0.7088,0.7088,0.7088,0.1500,1.800,0.150,0.600,1.000,0.150,0.1500,0.7502
1779757076.0252,3.630,SERVO,-0.2620,0.4314,0.5047,1.36,1.4331,-0.4477,-38.66,2.0262,-0.5996,-34.77,-0.5738,-0.2135,0.0262,2.0477,-0.6145,-15.18,23.48,0.7377,0.7377,0.7377,0.1500,1.800,0.150,0.600,1.000,0.150,0.1500,0.7088
1779757076.1234,3.728,SERVO,-0.2427,0.4268,0.4909,1.11,1.4407,-0.4537,-37.07,2.0239,-0.5964,-34.77,-0.5604,-0.2154,0.0396,2.0564,-0.6190,-15.02,22.05,0.6927,0.6927,0.6927,0.1500,1.800,0.150,0.600,1.000,0.150,0.1500,0.7377
1779757076.2227,3.826,SERVO,-0.2241,0.4204,0.4764,1.21,1.4486,-0.4596,-36.16,2.0182,-0.6028,-34.77,-0.5495,-0.2072,0.0505,2.0597,-0.6316,-15.71,20.45,0.6424,0.6424,0.6424,0.1500,1.800,0.150,0.600,1.000,0.150,0.1500,0.6927
1779757076.3199,3.924,SERVO,-0.2241,0.4204,0.4764,1.21,1.4594,-0.4671,-33.28,2.0182,-0.6028,-34.77,-0.5364,-0.2072,0.0636,2.0704,-0.6390,-15.72,17.56,0.5515,0.5515,0.5515,0.1500,1.800,0.150,0.600,1.000,0.150,0.1500,0.6424
1779757076.4205,4.025,SERVO,-0.2241,0.4204,0.4764,1.21,1.4689,-0.4735,-32.65,2.0182,-0.6028,-34.77,-0.5249,-0.2070,0.0751,2.0799,-0.6456,-15.74,16.92,0.5314,0.5314,0.5314,0.1500,1.800,0.150,0.600,1.000,0.150,0.1500,0.5515
1779757076.5363,4.141,SERVO,-0.2241,0.4204,0.4764,1.21,1.4816,-0.4814,-31.16,2.0182,-0.6028,-34.77,-0.5100,-0.2063,0.0900,2.0921,-0.6541,-15.79,15.36,0.4827,0.4827,0.4827,0.1500,1.800,0.150,0.600,1.000,0.150,0.1500,0.5314
1779757076.6206,4.225,SERVO,-0.2030,0.4111,0.4585,0.59,1.4940,-0.4887,-29.73,2.0559,-0.5809,-34.77,-0.5142,-0.2447,0.0858,2.1264,-0.6298,-12.58,17.15,0.5389,0.5389,0.5389,0.1500,1.800,0.150,0.600,1.000,0.150,0.1500,0.4827
1779757076.7210,4.325,SERVO,-0.2030,0.4111,0.4585,0.59,1.5072,-0.4959,-27.62,2.0559,-0.5809,-34.77,-0.4992,-0.2430,0.1008,2.1387,-0.6384,-12.72,14.90,0.4682,0.4682,0.4682,0.1500,1.800,0.150,0.600,1.000,0.150,0.1500,0.5389
1779757076.8194,4.424,SERVO,-0.2030,0.4111,0.4585,0.59,1.5203,-0.5024,-25.54,2.0559,-0.5809,-34.77,-0.4847,-0.2409,0.1153,2.1506,-0.6467,-12.89,12.65,0.3974,0.3974,0.3974,0.1500,1.800,0.150,0.600,1.000,0.150,0.1500,0.4682
1779757076.9267,4.531,SERVO,-0.2030,0.4111,0.4585,0.59,1.5337,-0.5085,-23.44,2.0559,-0.5809,-34.77,-0.4702,-0.2383,0.1298,2.1625,-0.6549,-13.10,10.34,0.3248,0.3248,0.3248,0.1500,1.800,0.150,0.600,1.000,0.150,0.1500,0.3974
1779757077.0233,4.628,SERVO,-0.1782,0.3946,0.4329,0.60,1.5462,-0.5139,-22.00,2.0874,-0.5476,-34.77,-0.4638,-0.2809,0.1362,2.1993,-0.6253,-9.68,12.32,0.3869,0.3869,0.3869,0.1500,1.800,0.150,0.600,1.000,0.150,0.1500,0.3248
1779757077.1202,4.725,SERVO,-0.1782,0.3946,0.4329,0.60,1.5590,-0.5190,-20.71,2.0874,-0.5476,-34.77,-0.4503,-0.2778,0.1497,2.2103,-0.6329,-9.93,10.79,0.3389,0.3389,0.3389,0.1500,1.800,0.150,0.600,1.000,0.150,0.1500,0.3869
1779757077.2221,4.827,SERVO,-0.1782,0.3946,0.4329,0.60,1.5726,-0.5240,-19.73,2.0874,-0.5476,-34.77,-0.4363,-0.2742,0.1637,2.2218,-0.6409,-10.21,9.52,0.2992,0.2992,0.2992,0.1500,1.800,0.150,0.600,1.000,0.150,0.1500,0.3389
1779757077.3210,4.925,SERVO,-0.1782,0.3946,0.4329,0.60,1.5878,-0.5294,-18.54,2.0874,-0.5476,-34.77,-0.4208,-0.2699,0.1792,2.2346,-0.6498,-10.55,7.99,0.2511,0.2511,0.2511,0.1500,1.800,0.150,0.600,1.000,0.150,0.1500,0.2992
1779757077.4281,5.029,SERVO,-0.1782,0.3946,0.4329,0.60,1.6027,-0.5343,-17.79,2.0874,-0.5476,-34.77,-0.4057,-0.2655,0.1943,2.2470,-0.6584,-10.90,6.89,0.2164,0.2164,0.2164,0.1500,1.800,0.150,0.600,1.000,0.150,0.1500,0.2511
1779757077.5240,5.128,SERVO,-0.1782,0.3946,0.4329,0.60,1.6174,-0.5388,-16.47,2.0874,-0.5476,-34.77,-0.3910,-0.2608,0.2090,2.2590,-0.6667,-11.28,5.19,0.1631,0.1631,0.1631,0.1500,1.800,0.150,0.600,1.000,0.150,0.1500,0.2164
1779757077.6239,5.226,SERVO,-0.1782,0.3946,0.4329,0.60,1.6312,-0.5428,-15.66,2.0874,-0.5476,-34.77,-0.3775,-0.2562,0.2225,2.2702,-0.6745,-11.64,4.02,0.1262,0.1500,0.1500,0.1500,1.800,0.150,0.600,1.000,0.150,0.1500,0.1631
1779757077.7206,5.325,SERVO,-0.1782,0.3946,0.4329,0.60,1.6464,-0.5469,-14.49,2.0874,-0.5476,-34.77,-0.3626,-0.2509,0.2374,2.2824,-0.6830,-12.07,2.42,0.0760,0.0000,0.0000,0.1500,1.800,0.150,0.600,1.000,0.150,0.1500,0.1500
1779757077.8231,5.428,SERVO,-0.1782,0.3946,0.4329,0.60,1.6619,-0.5509,-13.63,2.0874,-0.5476,-34.77,-0.3476,-0.2453,0.2524,2.2947,-0.6915,-12.53,1.10,0.0344,0.0000,0.0000,0.1500,1.800,0.150,0.600,1.000,0.150,0.1500,0.0000
1779757077.9198,5.524,SERVO,-0.1782,0.3946,0.4329,0.60,1.6794,-0.5551,-12.91,2.0874,-0.5476,-34.77,-0.3308,-0.2388,0.2692,2.3085,-0.7011,-13.07,-0.15,-0.0049,0.0000,0.0000,0.1500,1.800,0.150,0.600,1.000,0.150,0.1500,0.0000
1779757078.0240,5.627,SERVO,-0.1782,0.3946,0.4329,0.60,1.6972,-0.5592,-12.63,2.0874,-0.5476,-34.77,-0.3139,-0.2320,0.2861,2.3224,-0.7107,-13.63,-1.00,-0.0314,0.0000,0.0000,0.1500,1.800,0.150,0.600,1.000,0.150,0.1500,0.0000
1779757078.1195,5.724,SERVO,-0.1782,0.3946,0.4329,0.60,1.7133,-0.5626,-12.00,2.0874,-0.5476,-34.77,-0.2987,-0.2257,0.3000,2.3338,-0.7187,-14.12,-2.12,-0.0665,0.0000,0.0000,0.1500,1.800,0.150,0.600,1.000,0.150,0.1500,0.0000
1779757078.2224,5.827,SERVO,-0.1782,0.3946,0.4329,0.60,1.7275,-0.5656,-11.56,2.0874,-0.5476,-34.77,-0.2853,-0.2200,0.3000,2.3338,-0.7187,-14.17,-2.61,-0.0821,0.0000,0.0000,0.1500,1.800,0.150,0.600,1.000,0.150,0.1500,0.0000
1779757078.3218,5.926,SERVO,-0.1782,0.3946,0.4329,0.60,1.7414,-0.5684,-11.22,2.0874,-0.5476,-34.77,-0.2723,-0.2143,0.3000,2.3338,-0.7187,-14.23,-3.02,-0.0948,-0.1500,-0.1500,0.1500,1.800,0.150,0.600,1.000,0.150,0.1500,0.0000
1779757078.4199,6.024,SERVO,-0.1782,0.3946,0.4329,0.60,1.7563,-0.5714,-11.16,2.0874,-0.5476,-34.77,-0.2584,-0.2083,0.3000,2.3338,-0.7187,-14.31,-3.15,-0.0989,-0.1500,-0.1500,0.1500,1.800,0.150,0.600,1.000,0.150,0.1500,-0.1500
1779757078.5265,6.130,SERVO,-0.1782,0.3946,0.4329,0.60,1.7682,-0.5736,-10.69,2.0874,-0.5476,-34.77,-0.2473,-0.2034,0.3000,2.3338,-0.7187,-14.39,-3.69,-0.1160,-0.1500,-0.1500,0.1500,1.800,0.150,0.600,1.000,0.150,0.1500,-0.1500
1779757078.6210,6.225,SERVO,-0.1782,0.3946,0.4329,0.60,1.7730,-0.5746,-11.41,2.0874,-0.5476,-34.77,-0.2429,-0.2015,0.3000,2.3338,-0.7187,-14.41,-2.99,-0.0941,-0.1500,-0.1500,0.1500,1.800,0.150,0.600,1.000,0.150,0.1500,-0.1500
1779757078.7215,6.325,SERVO,-0.1782,0.3946,0.4329,0.60,1.7772,-0.5755,-12.17,2.0874,-0.5476,-34.77,-0.2389,-0.1998,0.3000,2.3338,-0.7187,-14.43,-2.26,-0.0709,0.0000,0.0000,0.1500,1.800,0.150,0.600,1.000,0.150,0.1500,-0.1500
1779757078.8200,6.424,SERVO,-0.1782,0.3946,0.4329,0.60,1.7815,-0.5764,-12.47,2.0874,-0.5476,-34.77,-0.2348,-0.1981,0.3000,2.3338,-0.7187,-14.44,-1.98,-0.0621,0.0000,0.0000,0.1500,1.800,0.150,0.600,1.000,0.150,0.1500,0.0000
1779757078.9257,6.527,SERVO,-0.1782,0.3946,0.4329,0.60,1.7863,-0.5775,-12.72,2.0874,-0.5476,-34.77,-0.2303,-0.1962,0.3000,2.3338,-0.7187,-14.46,-1.74,-0.0546,0.0000,0.0000,0.1500,1.800,0.150,0.600,1.000,0.150,0.1500,0.0000
1779757119.4200,2.902,SERVO,-0.2625,0.4014,0.4796,14.03,1.5750,-0.4401,-54.64,2.0900,-0.7225,-34.77,-0.5840,-0.0617,0.0160,2.1031,-0.7316,-28.90,25.75,0.7190,0.7190,0.7190,0.1500,1.600,0.150,0.600,1.000,0.150,0.0102,0.2701
1779757119.5332,3.015,SERVO,-0.2625,0.4014,0.4796,14.03,1.5760,-0.4415,-53.14,2.0900,-0.7225,-34.77,-0.5824,-0.0622,0.0176,2.1044,-0.7325,-28.84,24.29,0.6783,0.6783,0.6783,0.1500,1.600,0.150,0.600,1.000,0.150,0.0000,0.0000
1779757119.6205,3.103,SERVO,-0.2625,0.4014,0.4796,14.03,1.5768,-0.4425,-52.53,2.0900,-0.7225,-34.77,-0.5812,-0.0626,0.0188,2.1054,-0.7332,-28.81,23.73,0.6626,0.6626,0.6626,0.1500,1.600,0.150,0.600,1.000,0.150,0.1500,0.6783
1779757119.7207,3.203,SERVO,-0.2625,0.4014,0.4796,14.03,1.5778,-0.4438,-52.41,2.0900,-0.7225,-34.77,-0.5796,-0.0632,0.0204,2.1067,-0.7341,-28.76,23.65,0.6604,0.6604,0.6604,0.1500,1.600,0.150,0.600,1.000,0.150,0.0000,0.0000
1779757119.8206,3.303,SERVO,-0.2630,0.4079,0.4853,9.53,1.5825,-0.4499,-50.27,2.1260,-0.6924,-34.77,-0.5847,-0.1107,0.0153,2.1385,-0.7011,-24.31,25.96,0.7249,0.7249,0.7249,0.1500,1.600,0.150,0.600,1.000,0.150,0.0000,0.0000
1779757119.9196,3.402,SERVO,-0.2630,0.4079,0.4853,9.53,1.5880,-0.4564,-48.27,2.1260,-0.6924,-34.77,-0.5765,-0.1129,0.0235,2.1453,-0.7058,-24.11,24.15,0.6745,0.6745,0.6745,0.1500,1.600,0.150,0.600,1.000,0.150,0.0000,0.0000
1779757120.0243,3.506,SERVO,-0.2630,0.4079,0.4853,9.53,1.5923,-0.4611,-47.50,2.1260,-0.6924,-34.77,-0.5703,-0.1144,0.0297,2.1504,-0.7093,-23.97,23.52,0.6569,0.6569,0.6569,0.1500,1.600,0.150,0.600,1.000,0.150,0.0000,0.0000
1779757120.1204,3.603,SERVO,-0.2574,0.4115,0.4854,6.63,1.5928,-0.4616,-47.81,2.1452,-0.6835,-34.77,-0.5803,-0.1328,0.0197,2.1614,-0.6947,-22.29,25.52,0.7126,0.7126,0.7126,0.1500,1.600,0.150,0.600,1.000,0.150,0.1500,0.6569
1779757120.2204,3.703,SERVO,-0.2574,0.4115,0.4854,6.63,1.5936,-0.4625,-47.18,2.1452,-0.6835,-34.77,-0.5791,-0.1330,0.0209,2.1624,-0.6954,-22.27,24.91,0.6956,0.6956,0.6956,0.1500,1.600,0.150,0.600,1.000,0.150,0.0000,0.0000
1779757120.3211,3.803,SERVO,-0.2510,0.4164,0.4862,5.68,1.5971,-0.4663,-45.33,2.1493,-0.6882,-34.77,-0.5802,-0.1326,0.0198,2.1656,-0.6995,-22.30,23.02,0.6429,0.6429,0.6429,0.1500,1.600,0.150,0.600,1.000,0.150,0.0000,0.0000
1779757120.4198,3.902,SERVO,-0.2362,0.4198,0.4817,4.11,1.6002,-0.4694,-44.26,2.1543,-0.6796,-34.77,-0.5750,-0.1433,0.0250,2.1748,-0.6938,-21.34,22.92,0.6401,0.6401,0.6401,0.1500,1.600,0.150,0.600,1.000,0.150,0.0000,0.0000
1779757120.5220,4.004,SERVO,-0.2362,0.4198,0.4817,4.11,1.6011,-0.4702,-44.19,2.1543,-0.6796,-34.77,-0.5738,-0.1435,0.0262,2.1758,-0.6945,-21.32,22.87,0.6385,0.6385,0.6385,0.1500,1.600,0.150,0.600,1.000,0.150,0.1500,0.6401
1779757120.6254,4.107,SERVO,-0.2298,0.4209,0.4796,3.60,1.6027,-0.4718,-43.55,2.1547,-0.6864,-34.77,-0.5759,-0.1385,0.0241,2.1745,-0.7002,-21.77,21.77,0.6080,0.6080,0.6080,0.1500,1.600,0.150,0.600,1.000,0.150,0.1500,0.6385
1779757120.7211,4.203,SERVO,-0.2298,0.4209,0.4796,3.60,1.6075,-0.4763,-42.02,2.1547,-0.6864,-34.77,-0.5693,-0.1394,0.0307,2.1799,-0.7039,-21.68,20.34,0.5680,0.5680,0.5680,0.1500,1.600,0.150,0.600,1.000,0.150,0.1500,0.6080
1779757120.8228,4.305,SERVO,-0.2298,0.4209,0.4796,3.60,1.6149,-0.4828,-40.12,2.1547,-0.6864,-34.77,-0.5596,-0.1406,0.0404,2.1879,-0.7095,-21.58,18.54,0.5178,0.5178,0.5178,0.1500,1.600,0.150,0.600,1.000,0.150,0.1500,0.5680
1779757120.9235,4.406,SERVO,-0.2298,0.4209,0.4796,3.60,1.6269,-0.4929,-38.38,2.1547,-0.6864,-34.77,-0.5440,-0.1420,0.0560,2.2007,-0.7184,-21.45,16.93,0.4728,0.4728,0.4728,0.1500,1.600,0.150,0.600,1.000,0.150,0.1500,0.5178
1779757121.0253,4.508,SERVO,-0.2298,0.4209,0.4796,3.60,1.6414,-0.5040,-36.25,2.1547,-0.6864,-34.77,-0.5256,-0.1429,0.0744,2.2158,-0.7288,-21.37,14.88,0.4156,0.4156,0.4156,0.1500,1.600,0.150,0.600,1.000,0.150,0.1500,0.4728
1779757121.1223,4.605,SERVO,-0.2298,0.4209,0.4796,3.60,1.6546,-0.5134,-34.36,2.1547,-0.6864,-34.77,-0.5094,-0.1430,0.0906,2.2291,-0.7381,-21.36,13.01,0.3632,0.3632,0.3632,0.1500,1.600,0.150,0.600,1.000,0.150,0.1500,0.4156
1779757121.2223,4.705,SERVO,-0.2298,0.4209,0.4796,3.60,1.6676,-0.5219,-32.11,2.1547,-0.6864,-34.77,-0.4940,-0.1426,0.1060,2.2418,-0.7469,-21.40,10.71,0.2991,0.2991,0.2991,0.1500,1.600,0.150,0.600,1.000,0.150,0.1500,0.3632
1779757121.3220,4.804,SERVO,-0.2298,0.4209,0.4796,3.60,1.6786,-0.5283,-29.60,2.1547,-0.6864,-34.77,-0.4813,-0.1417,0.1187,2.2522,-0.7541,-21.48,8.11,0.2265,0.2265,0.2265,0.1500,1.600,0.150,0.600,1.000,0.150,0.1500,0.2991
1779757121.4221,4.903,SERVO,-0.0309,0.3570,0.3584,-1.70,1.6917,-0.5359,-28.74,2.1283,-0.7325,-34.77,-0.4708,-0.0875,0.1292,2.2344,-0.8062,-26.47,2.27,0.0635,0.0000,0.0000,0.1500,1.600,0.150,0.600,1.000,0.150,0.1500,0.2265
1779757121.5235,5.006,SERVO,-0.0302,0.3565,0.3577,-1.47,1.7043,-0.5427,-27.37,2.1353,-0.7407,-34.77,-0.4670,-0.0831,0.1330,2.2445,-0.8166,-26.89,0.49,0.0137,0.0000,0.0000,0.1500,1.600,0.150,0.600,1.000,0.150,0.1500,0.0000
1779757121.6203,5.103,SERVO,-0.0281,0.3521,0.3532,-1.12,1.7168,-0.5491,-26.60,2.1535,-0.7351,-34.77,-0.4648,-0.0962,0.1352,2.2646,-0.8122,-25.66,0.94,0.0262,0.0000,0.0000,0.1500,1.600,0.150,0.600,1.000,0.150,0.1500,0.0000
1779757121.7224,5.205,SERVO,-0.0281,0.3521,0.3532,-1.12,1.7291,-0.5552,-25.93,2.1535,-0.7351,-34.77,-0.4512,-0.0942,0.1488,2.2757,-0.8200,-25.85,0.09,0.0025,0.0000,0.0000,0.1500,1.600,0.150,0.600,1.000,0.150,0.1500,0.0000
1779757121.8230,5.305,SERVO,-0.0257,0.3468,0.3478,-0.91,1.7403,-0.5606,-25.58,2.1753,-0.7392,-34.77,-0.4592,-0.1013,0.1408,2.2910,-0.8196,-25.18,0.39,0.0110,0.0000,0.0000,0.1500,1.600,0.150,0.600,1.000,0.150,0.1500,0.0000
1779757121.9220,5.404,SERVO,-0.0213,0.3363,0.3369,-0.80,1.7524,-0.5664,-25.27,2.1707,-0.7418,-34.77,-0.4436,-0.0945,0.1564,2.2991,-0.8309,-25.82,-0.55,-0.0154,0.0000,0.0000,0.1500,1.600,0.150,0.600,1.000,0.150,0.1500,0.0000
1779757122.0328,5.515,SERVO,-0.0191,0.3298,0.3303,-0.40,1.7646,-0.5721,-24.83,2.1727,-0.7436,-34.77,-0.4331,-0.0918,0.1669,2.3098,-0.8388,-26.07,-1.23,-0.0345,0.0000,0.0000,0.1500,1.600,0.150,0.600,1.000,0.150,0.1500,0.0000
1779757122.1198,5.602,SERVO,-0.0148,0.3156,0.3159,-0.42,1.7776,-0.5781,-24.53,2.1760,-0.7450,-34.77,-0.4225,-0.0901,0.1775,2.3218,-0.8463,-26.23,-1.70,-0.0475,0.0000,0.0000,0.1500,1.600,0.150,0.600,1.000,0.150,0.1500,0.0000
1779757122.2221,5.704,SERVO,-0.0107,0.3005,0.3007,-0.27,1.7897,-0.5836,-24.12,2.1746,-0.7466,-34.77,-0.4091,-0.0855,0.1909,2.3314,-0.8555,-26.65,-2.54,-0.0708,0.0000,0.0000,0.1500,1.600,0.150,0.600,1.000,0.150,0.1500,0.0000
1779757122.3221,5.804,SERVO,-0.0107,0.3005,0.3007,-0.27,1.8021,-0.5891,-23.84,2.1746,-0.7466,-34.77,-0.3958,-0.0830,0.2042,2.3423,-0.8630,-26.89,-3.05,-0.0853,-0.1500,-0.1500,0.1500,1.600,0.150,0.600,1.000,0.150,0.1500,0.0000
1779757122.4199,5.902,SERVO,-0.0107,0.3005,0.3007,-0.27,1.8163,-0.5954,-23.48,2.1746,-0.7466,-34.77,-0.3805,-0.0800,0.2195,2.3549,-0.8718,-27.17,-3.69,-0.1031,-0.1500,-0.1500,0.1500,1.600,0.150,0.600,1.000,0.150,0.1500,-0.1500
1779757122.5307,6.011,SERVO,-0.0086,0.2899,0.2900,-0.27,1.8320,-0.6021,-23.10,2.2120,-0.7560,-34.77,-0.3998,-0.0903,0.2002,2.3764,-0.8701,-26.21,-3.11,-0.0867,-0.1500,-0.1500,0.1500,1.600,0.150,0.600,1.000,0.150,0.1500,-0.1500
1779757122.6212,6.104,SERVO,-0.0064,0.2786,0.2787,-0.25,1.8479,-0.6089,-22.88,2.2125,-0.7564,-34.77,-0.3837,-0.0867,0.2163,2.3902,-0.8798,-26.54,-3.66,-0.1023,-0.1500,-0.1500,0.1500,1.600,0.150,0.600,1.000,0.150,0.1500,-0.1500
1779757122.7229,6.205,SERVO,-0.0064,0.2786,0.2787,-0.25,1.8618,-0.6147,-22.76,2.2125,-0.7564,-34.77,-0.3689,-0.0836,0.2311,2.4024,-0.8882,-26.84,-4.08,-0.1139,-0.1500,-0.1500,0.1500,1.600,0.150,0.600,1.000,0.150,0.1500,-0.1500
1779757122.8215,6.304,SERVO,-0.0064,0.2786,0.2787,-0.25,1.8743,-0.6199,-22.50,2.2125,-0.7564,-34.77,-0.3557,-0.0807,0.2443,2.4132,-0.8957,-27.11,-4.61,-0.1288,-0.1500,-0.1500,0.1500,1.600,0.150,0.600,1.000,0.150,0.1500,-0.1500
1779757122.9271,6.404,SERVO,-0.0064,0.2786,0.2787,-0.25,1.8863,-0.6248,-22.25,2.2125,-0.7564,-34.77,-0.3430,-0.0779,0.2570,2.4236,-0.9030,-27.37,-5.12,-0.1429,-0.1500,-0.1500,0.1500,1.600,0.150,0.600,1.000,0.150,0.1500,-0.1500
1779757123.0284,6.511,SERVO,-0.0064,0.2786,0.2787,-0.25,1.8975,-0.6294,-22.02,2.2125,-0.7564,-34.77,-0.3312,-0.0753,0.2688,2.4333,-0.9097,-27.62,-5.60,-0.1564,-0.1564,-0.1564,0.1500,1.600,0.150,0.600,1.000,0.150,0.1500,-0.1500
1779757123.1214,6.604,SERVO,-0.0064,0.2786,0.2787,-0.25,1.9103,-0.6346,-22.13,2.2125,-0.7564,-34.77,-0.3178,-0.0723,0.2822,2.4444,-0.9174,-27.90,-5.77,-0.1611,-0.1611,-0.1611,0.1500,1.600,0.150,0.600,1.000,0.150,0.1500,-0.1564
1779757123.2226,6.705,SERVO,-0.0064,0.2786,0.2787,-0.25,1.9234,-0.6400,-22.26,2.2125,-0.7564,-34.77,-0.3039,-0.0692,0.2961,2.4558,-0.9253,-28.19,-5.93,-0.1657,-0.1657,-0.1657,0.1500,1.600,0.150,0.600,1.000,0.150,0.1500,-0.1611
1779757123.3205,6.803,SERVO,-0.0064,0.2786,0.2787,-0.25,1.9369,-0.6456,-22.64,2.2125,-0.7564,-34.77,-0.2897,-0.0661,0.3000,2.4590,-0.9275,-28.37,-5.73,-0.1600,-0.1600,-0.1600,0.1500,1.600,0.150,0.600,1.000,0.150,0.1500,-0.1657
1779757123.4203,6.903,SERVO,-0.0064,0.2786,0.2787,-0.25,1.9508,-0.6514,-22.99,2.2125,-0.7564,-34.77,-0.2749,-0.0630,0.3000,2.4590,-0.9275,-28.52,-5.52,-0.1542,-0.1542,-0.1542,0.1500,1.600,0.150,0.600,1.000,0.150,0.1500,-0.1600
1779757123.5326,7.015,SERVO,-0.0064,0.2786,0.2787,-0.25,1.9635,-0.6567,-23.00,2.2125,-0.7564,-34.77,-0.2614,-0.0601,0.3000,2.4590,-0.9275,-28.66,-5.66,-0.1580,-0.1580,-0.1580,0.1500,1.600,0.150,0.600,1.000,0.150,0.1500,-0.1542
1779757123.6190,7.101,SERVO,-0.0064,0.2786,0.2787,-0.25,1.9745,-0.6615,-23.58,2.2125,-0.7564,-34.77,-0.2497,-0.0578,0.3000,2.4590,-0.9275,-28.77,-5.19,-0.1450,-0.1500,-0.1500,0.1500,1.600,0.150,0.600,1.000,0.150,0.1500,-0.1580
1779757123.7200,7.202,SERVO,-0.0064,0.2786,0.2787,-0.25,1.9822,-0.6646,-22.75,2.2125,-0.7564,-34.77,-0.2416,-0.0559,0.3000,2.4590,-0.9275,-28.88,-6.13,-0.1711,-0.1711,-0.1711,0.1500,1.600,0.150,0.600,1.000,0.150,0.1500,-0.1500
1779757123.8225,7.305,SERVO,-0.0064,0.2786,0.2787,-0.25,1.9906,-0.6681,-22.33,2.2125,-0.7564,-34.77,-0.2327,-0.0540,0.3000,2.4590,-0.9275,-28.98,-6.65,-0.1857,-0.1857,-0.1857,0.1500,1.600,0.150,0.600,1.000,0.150,0.1500,-0.1711
1779757123.9281,7.410,SERVO,-0.0064,0.2786,0.2787,-0.25,1.9908,-0.6682,-22.34,2.2125,-0.7564,-34.77,-0.2325,-0.0539,0.3000,2.4590,-0.9275,-28.98,-6.64,-0.1855,-0.1855,-0.1855,0.1500,1.600,0.150,0.600,1.000,0.150,0.1500,-0.1857
1779757124.0237,7.506,SERVO,-0.0064,0.2786,0.2787,-0.25,1.9970,-0.6708,-22.19,2.2125,-0.7564,-34.77,-0.2259,-0.0525,0.3000,2.4590,-0.9275,-29.07,-6.87,-0.1919,-0.1919,-0.1919,0.1500,1.600,0.150,0.600,1.000,0.150,0.1500,-0.1855
1779757124.1205,7.603,SERVO,-0.0064,0.2786,0.2787,-0.25,2.0012,-0.6725,-22.50,2.2125,-0.7564,-34.77,-0.2215,-0.0516,0.3000,2.4590,-0.9275,-29.12,-6.62,-0.1848,-0.1848,-0.1848,0.1500,1.600,0.150,0.600,1.000,0.150,0.1500,-0.1919
1779757124.2227,7.705,SERVO,-0.0064,0.2786,0.2787,-0.25,2.0068,-0.6748,-22.44,2.2125,-0.7564,-34.77,-0.2155,-0.0503,0.3000,2.4590,-0.9275,-29.20,-6.76,-0.1887,-0.1887,-0.1887,0.1500,1.600,0.150,0.600,1.000,0.150,0.1500,-0.1848
1779757124.3202,7.802,SERVO,-0.0064,0.2786,0.2787,-0.25,2.0113,-0.6768,-23.05,2.2125,-0.7564,-34.77,-0.2108,-0.0493,0.3000,2.4590,-0.9275,-29.25,-6.20,-0.1733,-0.1733,-0.1733,0.1500,1.600,0.150,0.600,1.000,0.150,0.1500,-0.1887
1779757124.4217,7.904,SERVO,-0.0064,0.2786,0.2787,-0.25,2.0136,-0.6778,-23.58,2.2125,-0.7564,-34.77,-0.2082,-0.0488,0.3000,2.4590,-0.9275,-29.28,-5.70,-0.1592,-0.1592,-0.1592,0.1500,1.600,0.150,0.600,1.000,0.150,0.1500,-0.1733
1779757124.5213,8.004,SERVO,-0.0064,0.2786,0.2787,-0.25,2.0051,-0.6741,-24.33,2.2125,-0.7564,-34.77,-0.2174,-0.0507,0.3000,2.4590,-0.9275,-29.17,-4.84,-0.1352,-0.1500,-0.1500,0.1500,1.600,0.150,0.600,1.000,0.150,0.1500,-0.1592
