t,odom_vx,odom_wz,x,y,yaw
0.09694623947143555,-0.002181874088226705,1.0208426013629404e-19,0.09694623947143555,0.06603440905043836,-0.00011778544570865623
0.11996793746948242,0.0002867510427664319,1.6989893550355927e-25,0.11996793746948242,0.06599936923005999,-0.00011766080440186338
0.15423107147216797,0.006308117275296885,-1.900051058194126e-17,0.15423107147216797,0.06633482355678669,-0.0001188558011706357
0.18749213218688965,0.008261788915409187,-4.506553953414993e-23,0.18749213218688965,0.06648310889205991,-0.00011938376143673997
0.2206096649169922,0.00997888061069117,-1.1539809020789925e-28,0.2206096649169922,0.0666628101603792,-0.00012002373873925469
0.2530982494354248,0.016994492232798957,-8.073471322034287e-09,0.2530982494354248,0.06751894315116141,-0.00012307529002792688
0.28694629669189453,0.020785121700191107,-5.055114361675271e-20,0.28694629669189453,0.06827505426022937,-0.0001258007039466833
0.3207223415374756,0.022338049101693878,-1.2648476414708533e-25,0.3207223415374756,0.06869866868945837,-0.00012732761549986225
0.3541996479034424,-0.007182578310239353,-6.577180853336445e-09,0.3541996479034424,0.06685239875074671,-0.00012070186344454292
0.3881504535675049,-0.0033599884275504806,-4.096593239071584e-20,0.3881504535675049,0.06664103155333981,-0.00011994007595592293
0.41944098472595215,-0.00010963371585674572,-2.5841294363040864e-31,0.41944098472595215,0.06656290552915355,-0.00011965818548138096
0.4529118537902832,0.003516467493960005,-8.494003530916394e-09,0.4529118537902832,0.06672996247357685,-0.00012026005524758686
0.4870564937591553,0.008192500841347233,-3.613315982476035e-20,0.4870564937591553,0.06701934133568412,-0.00012130510591773181
0.5209660530090332,0.00975738048358554,-9.075250335014956e-26,0.5209660530090332,0.06719041678492353,-0.00012192267107613683
0.5536582469940186,0.0045524241007777085,3.851692903257946e-09,0.5536582469940186,0.06682463879553993,-0.00012060363969760683
0.587296724319458,0.006531526142000914,9.606676264448682e-15,0.587296724319458,0.06693718752153967,-0.0001210053941036212
0.6211380958557129,0.009877171126183686,6.020898645663945e-26,0.6211380958557129,0.06725861358139203,-0.00012215234470756855
0.6528792381286621,0.0027753042567915344,2.258664060037635e-08,0.6528792381286621,0.06678322763500276,-0.00012044668964295344
0.6863143444061279,0.007452297088107405,9.668350489159551e-20,0.6863143444061279,0.0670360571705327,-0.00012134760806384152
0.71913743019104,0.009081177204476163,2.4179424781284197e-25,0.71913743019104,0.06719489752023763,-0.0001219138513959472
0.754361629486084,0.005343709062650232,-1.8168645204855519e-09,0.754361629486084,0.06698240131946423,-0.00012115382894835668
0.7869124412536621,0.00808963125889016,-3.024413081489031e-15,0.7869124412536621,0.06718524457151523,-0.00012187763296086593
0.8212757110595703,0.011197702071389346,-1.893814741626409e-26,0.8212757110595703,0.06756104933274125,-0.00012321900084036365
0.853473424911499,0.012642591419637408,-4.721956538899403e-32,0.853473424911499,0.06779137549980901,-0.00012404107369276437
0.886380672454834,0.012574803026207086,2.480313127063969e-16,0.886380672454834,0.06794656008349696,-0.00012459445728341278
0.9210934638977051,0.014280636199937302,6.1762848431480455e-22,0.9210934638977051,0.06821499650325641,-0.00012555219925652837
0.9528615474700928,0.017374712797933047,3.86712624965027e-33,0.9528615474700928,0.06883557689799849,-0.00012776636224705456
0.98769211769104,0.0037696624611841703,-6.013505496533205e-14,0.98769211769104,0.06760942369150598,-0.00012339119115091068
1.0212266445159912,0.008010968180506242,-2.5091052294535547e-25,1.0212266445159912,0.06790255277446078,-0.0001244370414487996
1.0573060512542725,0.009591080254796326,-5.787934758754032e-31,1.0573060512542725,0.0680846496550879,-0.00012508675296197012
1.0871121883392334,-0.008865672056787288,-2.1755289442220716e-19,1.0871121883392334,0.06605608748582623,-0.00011784902117978232
1.119154930114746,-0.0063415731497800994,-3.589980652371161e-25,1.119154930114746,0.06582371276947362,-0.0001170199596779053
1.1539740562438965,-0.003456648917078449,-2.2750808050659536e-36,1.1539740562438965,0.06561355696733907,-0.00011627018366295129
1.1879959106445312,0.01832215180967478,5.841330862418443e-20,1.1879959106445312,0.06768515477797546,-0.00012366126914956248
1.2196338176727295,0.02066808813709097,9.783747603845475e-26,1.2196338176727295,0.06826108925678283,-0.0001257161044667671
1.2520358562469482,0.023801866121935158,6.128900643230637e-37,1.2520358562469482,0.06914250802972031,-0.00012886084609304676
1.2856574058532715,0.01090009715335477,-1.0799713410089656e-13,1.2856574058532715,0.06811100116657653,-0.00012518060705914865
1.3208038806915283,0.012708052466069363,-2.701944959172816e-19,1.3208038806915283,0.06834724876872539,-0.00012602349294499917
1.3547804355621338,0.01666675747689096,-4.499506908859342e-25,1.3547804355621338,0.06907383396551375,-0.0001286158198247612
1.3867647647857666,0.004826808593512642,3.8188306060606336e-14,1.3867647647857666,0.06803767391679154,-0.00012490896662683935
1.4189507961273193,0.006398357403154267,9.811972011284828e-20,1.4189507961273193,0.06814427204643043,-0.0001252760418433863
1.454240322113037,0.00870204080445244,1.617730862669404e-25,1.454240322113037,0.06836472517982387,-0.0001260351632912311
1.4872376918792725,0.0024208599317563713,7.279663107155362e-15,1.4872376918792725,0.06770705258996255,-0.00012373672171668877
1.5206236839294434,0.005700597664183802,4.5638951018464867e-26,1.5206236839294434,0.06786556048360244,-0.0001242799002600228
1.5539660453796387,0.007999034956572762,7.603078694047914e-32,1.5539660453796387,0.06806268874950896,-0.00012495531858744036
1.5881242752075195,0.012490891718096283,-7.437808622907184e-20,1.5881242752075195,0.06855599524522231,-0.00012664502886329675
1.618720293045044,0.01419383262983247,-1.8601182229300782e-25,1.618720293045044,0.06882096278495452,-0.00012755271103723068
1.6524507999420166,0.015623539744833244,-4.6518497464304995e-31,1.6524507999420166,0.06910831761091459,-0.00012853737480428574
1.6876657009124756,0.009010708477067432,2.619564131649018e-14,1.6876657009124756,0.06873438409724347,-0.0001272441665064068
1.720442771911621,0.012399539880302434,1.6386883559082485e-25,1.720442771911621,0.0691606442370093,-0.00012868461214274934
1.7551465034484863,0.013892247982787192,4.013246347799356e-31,1.7551465034484863,0.06941989221628368,-0.00012956082140478664
1.7874410152435303,0.006158748099287428,7.508448659990331e-15,1.7874410152435303,0.0687238160436227,-0.00012718878254465213
1.819958209991455,0.007925012595566761,1.8831099170347163e-20,1.819958209991455,0.06886431494978297,-0.00012765889974243968
1.85994291305542,0.010816790684232936,1.17224740554959e-31,1.85994291305542,0.06922137901309497,-0.00012885424341945503
1.8867723941802979,0.00419124743046843,-3.767266485800244e-14,1.8867723941802979,0.06857954722370237,-0.0001266945830272774
1.9208621978759766,0.00754387702984202,-2.3727604336362045e-25,1.9208621978759766,0.06881279916428264,-0.0001274751120015026
1.9539053440093994,0.010943603252752227,-2.3727604336362045e-25,1.9539053440093994,0.06918591265984601,-0.00012872355516032328
1.9893734455108643,0.015306939152627005,2.5013205097161463e-14,1.9893734455108643,0.069673153285036,-0.00013035457228667061
2.020132064819336,0.018735596192425936,1.562916897227433e-25,2.020132064819336,0.07035395218769638,-0.00013263255421510243
2.0526857376098633,0.020995830422272314,2.604366502679956e-31,2.0526857376098633,0.07094110843823755,-0.0001345973967533823
2.0858893394470215,0.01268472560742922,-1.0278141884433802e-19,2.0858893394470215,0.07054423592643548,-0.00013326821230390202
2.1195147037506104,0.014453162952004729,-2.5545568018760275e-25,2.1195147037506104,0.0708177469736347,-0.00013418336589092141
2.154315233230591,0.015852591395323135,-6.430251855263259e-31,2.154315233230591,0.07110914382390109,-0.00013515853614897862
2.1864023208618164,0.003856985569989569,8.839529910630744e-15,2.1864023208618164,0.0703504293543789,-0.00013261902810690005
2.2206757068634033,0.007181424006690023,5.543072926965516e-26,2.2206757068634033,0.07057077403105011,-0.00013335453892898138
2.254154920578003,0.00858663711792184,1.3710047892979267e-31,2.254154920578003,0.0707204299467357,-0.00013385415017647885
2.286984920501709,0.0053810983239724304,-2.3843312355069398e-14,2.286984920501709,0.07039255469332337,-0.00013276447162301896
2.321232795715332,0.007159424138231331,-5.949389974086655e-20,2.321232795715332,0.07051917970934438,-0.0001331958706554469
2.352914571762085,0.009974105301824078,-3.727658672100219e-31,2.352914571762085,0.0708415173724389,-0.00013429427679627023
2.3873982429504395,-0.0013945207037864135,1.7641880538405616e-09,2.3873982429504395,0.06970910549988371,-0.0001304602722110662
2.4211721420288086,0.002145879952378378,1.104048102882627e-20,2.4211721420288086,0.06972787408118163,-0.0001305238817458173
2.454545259475708,0.0036034594062909946,2.733442549690361e-26,2.454545259475708,0.0697753587612795,-0.00013068415562841247
2.487051486968994,0.013669025499165741,-3.270880937975589e-14,2.487051486968994,0.07074597322897824,-0.00013397178468917798
2.520333766937256,0.015569283554464101,-8.174081379505782e-20,2.520333766937256,0.07104137873479953,-0.00013497433915994608
2.553516149520874,0.018342225219032657,-5.11295509945528e-31,2.553516149520874,0.0716973262959337,-0.00013720018685400802
2.587451219558716,-0.004827891693897739,3.6426581523276574e-09,2.587451219558716,0.06964111848208705,-0.0001302286510795898
2.619900703430176,-0.000402931171244464,1.5199336196055178e-20,2.619900703430176,0.06951255915115281,-0.00012979555089253177
2.653275728225708,0.0010175645254457085,3.7820286534982666e-26,2.653275728225708,0.06950859685528309,-0.00012978213747007677
2.6882712841033936,0.0015346713513433726,-5.581220146875021e-14,2.6882712841033936,0.06930881995728351,-0.00012910744768186797
2.7210216522216797,0.004257295313259511,-9.302785595225336e-20,2.7210216522216797,0.06939705534871486,-0.00012940605715158434
2.7532925605773926,0.007179360398961078,-5.828092042007801e-31,2.7532925605773926,0.06960976397916663,-0.00013012600273375844
2.788388729095459,0.018774032138763008,-3.2246591707800264e-15,2.788388729095459,0.07086819403264079,-0.00013438576968997134
2.820676803588867,0.021491793539974657,-5.4237709958520886e-21,2.820676803588867,0.07146802987236638,-0.00013641945906915678
2.8533823490142822,0.02309741006574334,-1.3283755779478353e-26,2.8533823490142822,0.07191596454076328,-0.00013793812438572104
2.887925386428833,0.01166896386325349,-3.4079992798179656e-14,2.887925386428833,0.07139196483419978,-0.00013616531757129104
2.92056941986084,0.013547000753639807,-8.514808107625379e-20,2.92056941986084,0.07164510053691765,-0.0001370246040894247
2.953510046005249,0.017402847605202946,-3.5534917926788123e-31,2.953510046005249,0.07240533697285877,-0.00013960510962199952
2.9862723350524902,0.004133806838875784,-7.727784105676902e-15,2.9862723350524902,0.0713487201468024,-0.00013602145264715812
3.0206048488616943,0.005888616969641774,-7.727797563034134e-15,3.0206048488616943,0.0714495376743844,-0.00013636469045536805
3.0538763999938965,0.00822764808668217,-7.711727601842957e-21,3.0538763999938965,0.07165567655272115,-0.00013706643175635179
3.0873191356658936,-0.0007129966922167855,-8.71960314683351e-15,3.0873191356658936,0.07085542644181636,-0.000134345209345439
3.120694398880005,0.0030119820583533637,-1.0910315663882418e-20,3.120694398880005,0.07090493914452838,-0.0001345139201369144
3.1538610458374023,0.005384798136475648,-1.8182577232943532e-26,3.1538610458374023,0.07102128094474157,-0.00013491007352005324
3.187025547027588,0.00938836073763237,-1.8508370443422474e-14,3.187025547027588,0.07135594959520918,-0.00013605392215589965
3.221086025238037,0.011332286564879626,-4.6227627767176307e-20,3.221086025238037,0.07156647859319262,-0.00013677601394384184
3.2545883655548096,0.01290965048446509,-1.1580791919431743e-25,3.2545883655548096,0.07180144202287447,-0.00013758182681660282
3.2882790565490723,0.004604716014614787,-4.605326688592654e-14,3.2882790565490723,0.07132274803883984,-0.000135947439893747
3.322903871536255,0.008386528780461458,-2.873975051228267e-25,3.322903871536255,0.07158601107130623,-0.00013685070531951958
3.354696273803711,0.009931268006737716,-7.128256541647915e-31,3.354696273803711,0.07176199850640116,-0.00013745430463760262
3.388521909713745,0.018047238825768232,4.4371588785443436e-14,3.388521909713745,0.07276983503949981,-0.00014089129916497326
3.420865535736084,0.019957781744314576,1.1082461785527244e-19,3.420865535736084,0.07315307907965792,-0.00014218383394251462
3.4538190364837646,0.023087687419586934,6.909960263372425e-31,3.4538190364837646,0.07400213419563513,-0.00014504714825021352
3.4889414310455322,0.00553019534365874,8.30437914180887e-09,3.4889414310455322,0.07281513225042345,-0.00014101907733755976
3.525501012802124,0.009993067571031428,3.5547849490929863e-20,3.525501012802124,0.07319746633301807,-0.00014230540461088233
3.5642879009246826,0.011425726374329653,8.886695241382275e-26,3.5642879009246826,0.07340250463715436,-0.0001429955901061857
3.586148500442505,0.00419752064672832,8.787284768035117e-12,3.586148500442505,0.07287574499498234,-0.00014121691616400357
3.6194348335266113,0.00611540010884811,2.1987082966571683e-17,3.6194348335266113,0.07298087103120092,-0.00014157048767332467
3.654534339904785,0.00930677197868203,1.3731829010950954e-28,3.654534339904785,0.07328017048424765,-0.0001425778048801033
3.686840534210205,0.03400623156884625,3.834806312124142e-09,3.686840534210205,0.07538672777765018,-0.00014966923854138942
3.7218804359436035,0.03865512888530276,1.5798768763564863e-20,3.7218804359436035,0.07721347605364527,-0.0001558052495533598
3.752535581588745,0.040181884990196745,3.9793326794205955e-26,3.752535581588745,0.07798772075968805,-0.0001584060925475069
3.786029577255249,-0.0112739898627915,-3.1206942286386707e-09,3.786029577255249,0.07448105883938515,-0.0001466170249328893
3.8208138942718506,-0.008468350111571874,-5.200404942412166e-15,3.8208138942718506,0.07418684544521796,-0.00014562313133417026
3.852553129196167,-0.005481782388440339,-3.1941669175368577e-26,3.852553129196167,0.07388971776996346,-0.00014461965517693304
3.8869540691375732,-0.0020420039972002743,-2.0108893680114235e-37,3.8869540691375732,0.07374714177788305,-0.0001441380337968953
3.923461437225342,0.00029613481456318116,-5.68803369130302e-14,3.923461437225342,0.07369370655098023,-0.00014395765927147062
3.9570000171661377,0.0018528941839735095,-1.417768347957052e-19,3.9570000171661377,0.07371366271670683,-0.00014402503771836434
3.9884836673736572,0.010338105391020789,-2.534248223383037e-09,3.9884836673736572,0.0743064476831704,-0.00014602668800325764
4.021596193313599,0.0122505270685037,-6.334239099720492e-15,4.021596193313599,0.07453286440564268,-0.00014679507799909342
4.053783416748047,0.01651418362981972,-2.6410879081184024e-26,4.053783416748047,0.07525020494032998,-0.0001492292521808116
4.087318658828735,-0.004901440989880636,-1.8808239183729812e-14,4.087318658828735,0.07348656002058018,-0.00014325367413595136
4.120206594467163,-0.002942047875380122,-4.692820072785528e-20,4.120206594467163,0.07341149271048787,-0.00014299863997471385
4.153412580490112,-0.00032728148908777127,-4.692524045237958e-20,4.153412580490112,0.07335824642430183,-0.00014281764873843181
4.186520338058472,-0.00147641540526614,-0.0010526456951221869,4.186520338058472,0.07298399415682379,-0.00014154670976482636
4.219996929168701,0.0022344846266189066,-1.329306605529509e-09,4.219996929168701,0.07300185062419504,-0.00014160804453112785
4.25310206413269,0.004602248965779955,-1.3280833077093945e-15,4.25310206413269,0.07309508558624417,-0.00014192707705873827
4.288923740386963,0.0057561802259323246,6.455460732900688e-14,4.288923740386963,0.07310952192914434,-0.00014197790693472076
4.319580316543579,0.007606997733430002,1.6373212760979072e-19,4.319580316543579,0.07324240647303422,-0.00014243224141212863
4.353909015655518,0.009276906917987587,4.0959284196894535e-25,4.353909015655518,0.07340904455945858,-0.00014300175705424784
4.390793323516846,0.013156997823752068,1.685260916810278e-36,4.390793323516846,0.0739584508996718,-0.00014487950393615885
4.418947458267212,0.0013935866602708196,-6.871126792805867e-20,4.418947458267212,0.0726525061502973,-0.00014041755922211623
4.453305244445801,0.0030129918656425173,-1.7103004501239175e-25,4.453305244445801,0.07269331701930892,-0.00014055698413177828
4.486992120742798,0.004622886350710443,-6.662567179022852e-14,4.486992120742798,0.07268721992951797,-0.00014053623760440056
4.5202202796936035,0.006595560573949084,-1.6626948407510088e-19,4.5202202796936035,0.07280022083141247,-0.00014092253682641985
4.553000450134277,0.009912938716373623,-1.0398810880816654e-30,4.553000450134277,0.07312395360638384,-0.00014202899389158453
4.587286472320557,0.005273546001528805,1.761751240378362e-08,4.587286472320557,0.07284855124774219,-0.00014108771022654337
4.621050834655762,0.009159115962641792,1.1010834042035719e-19,4.621050834655762,0.07313709199385689,-0.00014206548574197703
4.652764558792114,0.010858660845039362,2.752663504287465e-25,4.652764558792114,0.07333359917105556,-0.0001427314277404515
4.686866760253906,0.007982505889724257,7.959769859713238e-09,4.686866760253906,0.07330236591294732,-0.00014261817996495793
4.719276428222656,0.00995598815731282,1.9808095226246527e-14,4.719276428222656,0.07348429074052107,-0.00014321927662180883
4.752226829528809,0.0132359320018172,1.2396387865025276e-25,4.752226829528809,0.07394043304489047,-0.0001447271354764907
4.786309719085693,0.014764742923190638,3.099233172406166e-31,4.786309719085693,0.07421292598812394,-0.00014562787228925245
4.820260047912598,0.007410202681591161,-1.1496845824240344e-15,4.820260047912598,0.07355000590139928,-0.00014341139539243667
4.853095531463623,0.009086885460879188,-2.861650282698233e-21,4.853095531463623,0.07371235775950771,-0.00014394949410038383
4.886746644973755,0.03309286574031302,5.7017796703702495e-09,4.886746644973755,0.07592114556676922,-0.00015127534225952796
4.920959711074829,0.03583054948391536,9.485737996440448e-15,4.920959711074829,0.07695710909080146,-0.00015469939064426724
4.953343391418457,0.0391464168010906,5.942852139625122e-26,4.953343391418457,0.07845076158923854,-0.0001596368932245156
4.987280368804932,-0.006873253896557776,-8.84912392369136e-12,4.987280368804932,0.07536704000365575,-0.00014942871277671746
5.020203590393066,-0.004153275551663128,-1.4818551276093403e-17,5.020203590393066,0.07520440182604102,-0.00014889094282635615
5.063616991043091,-0.002440592219003768,-3.650153898659755e-23,5.063616991043091,0.07513601535659606,-0.00014866494731790287
5.086219072341919,-0.013894040124116299,6.3913676924716445e-09,5.086219072341919,0.07381896584654708,-0.00014431060418666064
5.120270490646362,-0.01209712457425214,1.598209643471524e-14,5.120270490646362,0.07355764743382247,-0.00014344764257748113
5.152766942977905,-0.007786247374277009,6.662671569425051e-26,5.152766942977905,0.07306120939881422,-0.0001418085343258039
5.186762094497681,-0.0045179701827500595,4.159187532777093e-37,5.186762094497681,0.07280973620697202,-0.00014097828042466303
5.219807147979736,0.01594878610799602,2.8518923639146413e-08,5.219807147979736,0.07468955638403098,-0.00014718673919944994
5.2527687549591064,0.018493842239987353,2.8518923639146413e-08,5.2527687549591064,0.07520650976036247,-0.00014889357532654876
5.290194272994995,0.021870026591589247,2.8518923639146413e-08,5.290194272994995,0.07601017773825286,-0.00015154706231994156
5.319594144821167,-0.0010366763738176772,-0.02859242477398158,5.319594144821167,0.0740999747296374,-0.00014549119786649322
5.352860689163208,0.0031320610642705466,-0.02859242477398158,5.352860689163208,0.07415233299370005,-0.00014578327904848215
5.386462450027466,0.006470631721404307,-0.02859242477398158,5.386462450027466,0.07434449514735889,-0.00014705001513185662
5.420096158981323,0.018321427191984156,-0.28869683452254025,5.420096158981323,0.07569439057054983,-0.0001673040467475695
5.452310085296631,0.02005030572538912,-0.28869683452254025,5.452310085296631,0.07608787599450546,-0.00018059669644282828
5.485808610916138,0.02338007812441369,-0.28869683452254025,5.485808610916138,0.07694533163376913,-0.0002171938523751031
5.520876169204712,0.026550760586907,-0.7688678779954563,5.520876169204712,0.07810556146695988,-0.00033158647696245936
5.55308198928833,0.02990337034167151,-0.7688678779954563,5.55308198928833,0.07922123491905923,-0.0004675866278243928
5.586021661758423,0.03158979665444358,-0.7688678779954563,5.586021661758423,0.0798306980269486,-0.0005559838129606863
5.6197357177734375,0.13349092201194807,-1.3267793010478979,5.6197357177734375,0.09516956037124871,-0.0028411670509251707
5.653542995452881,0.13551769220254067,-1.3267793010478979,5.653542995452881,0.09781561041931043,-0.00358573521459336
5.689394950866699,0.1404342527962583,-1.3267793010478979,5.689394950866699,0.10431387441079298,-0.005719584758651502
5.722457408905029,0.22254348416447786,-1.455728660938722,5.722457408905029,0.11572365089732152,-0.009212575968981594
5.751955986022949,0.23045353173800553,-1.4557467214254012,5.751955986022949,0.1240182709121486,-0.012971161327624344
5.786286354064941,0.2349332799656279,-1.4557467214254012,5.786286354064941,0.13024430390049574,-0.016114568611710275
5.820044279098511,0.3112755414449367,-1.1436287135392278,5.820044279098511,0.14714596494359083,-0.02371880929626482
5.85322380065918,0.31446991317362244,-1.1436287135392278,5.85322380065918,0.15257227057854308,-0.026881601279600677
5.887172222137451,0.3187493720108938,-1.1437099028303315,5.887172222137451,0.16576229734987075,-0.03522324819575615
5.922950029373169,0.40410700620411366,-0.8906661212671536,5.922950029373169,0.1804545546764242,-0.04315424561254609
5.952971458435059,0.4118739594334561,-0.8906395629774118,5.952971458435059,0.19382457380088827,-0.05251429820049382
5.987909555435181,0.4168194996543787,-0.8906395629774118,5.987909555435181,0.2038201539749993,-0.059899211677587556
6.020968198776245,0.37211041946837964,-0.8895538792448812,6.020968198776245,0.2115123862692684,-0.06664423578090298
6.052634239196777,0.37537626903706517,-0.8895538792448812,6.052634239196777,0.21735843730099352,-0.07155490156661651
6.087431192398071,0.38330505631168676,-0.8895538792448812,6.087431192398071,0.2314061344723335,-0.08406789467567342
6.121028184890747,0.32844806554903644,-1.1237932003099318,6.121028184890747,0.2312618294352813,-0.0858124890141269
6.1532814502716064,0.3314619039090283,-1.1237932003099318,6.1532814502716064,0.23578367037901984,-0.09051658188721246
6.186864614486694,0.3390769533995593,-1.1237932003099318,6.186864614486694,0.24695245502812732,-0.10299926385291146
6.221156120300293,0.32339607271298165,-1.3039000093106001,6.221156120300293,0.2531319719704631,-0.11218470893760384
6.253974676132202,0.3283979950523955,-1.3039000093039574,6.253974676132202,0.258827451540356,-0.12018237322641437
6.286092758178711,0.33522408022099176,-1.3039000092982025,6.286092758178711,0.2660008346547561,-0.13145604137023945
6.319571495056152,0.2740508779010876,-1.3489914301930501,6.319571495056152,0.265152774122047,-0.13170501789018438
6.352825880050659,0.27849999218877564,-1.3489914301930501,6.352825880050659,0.2689107601650506,-0.13863096550979498
6.387662410736084,0.2847663066320862,-1.3489914301930501,6.387662410736084,0.27378070868108856,-0.1488414661731286
6.419750690460205,0.29070654532126194,-1.0496553001199234,6.419750690460205,0.2765063820502559,-0.15434717126505884
6.452936172485352,0.2984719276770404,-1.0496553001199234,6.452936172485352,0.2820547504187241,-0.16789601993232559
6.48761510848999,0.30471885985611935,-1.0496553001199234,6.48761510848999,0.28606039144509465,-0.17927015494193688
6.521310329437256,0.2204277733663716,-0.44323845389593397,6.521310329437256,0.2838464888172759,-0.1727085794761722
6.552637815475464,0.22479237197258023,-0.44323845389593397,6.552637815475464,0.2861532454041788,-0.1789462062904284
6.58808159828186,0.23062584489376595,-0.44323845389593397,6.58808159828186,0.28915553284487466,-0.18752840266760806
6.623582601547241,0.20355988287724253,-0.04037275970604692,6.623582601547241,0.289532414823407,-0.18695662469142707
6.6527674198150635,0.21065484413711688,-0.04037275970604692,6.6527674198150635,0.2931657836285515,-0.19665426546997267
6.68643856048584,0.21271440823056895,-0.04032223808253621,6.68643856048584,0.2961254790846422,-0.2045189676243692
6.718835830688477,0.14088769206268836,0.5616342557584247,6.718835830688477,0.2954063101258838,-0.199112430803903
6.753930568695068,0.14303944270331234,0.5616342557584247,6.753930568695068,0.29659217781028874,-0.20169768603250476
6.788773775100708,0.14733731768614586,0.5616342557584247,6.788773775100708,0.29910353673494466,-0.20693692891372129
6.819332599639893,0.15320744863409275,1.0474112678704395,6.819332599639893,0.3017336172120322,-0.20983151797908095
6.8519604206085205,0.15545300893679087,1.04741460102236,6.8519604206085205,0.304951641745922,-0.21501906395447798
6.887216091156006,0.1586718725401097,1.0474145604439857,6.887216091156006,0.30847230644334145,-0.220219552716415
6.9201483726501465,0.12697446718404412,0.9017423493624326,6.9201483726501465,0.3084876171496803,-0.22017046789613254
6.952211856842041,0.1300629001353269,0.9017174139982966,6.952211856842041,0.3105834334296538,-0.2230310686752791
6.986083030700684,0.1346956278511264,0.9016976301542543,6.986083030700684,0.31387061656658205,-0.22721277116030045
7.019912958145142,0.1362076465244244,0.26628159359816095,7.019912958145142,0.31713197466558307,-0.23346742235590986
7.052531957626343,0.13938452531926104,0.2662737151790263,7.052531957626343,0.3204155433462587,-0.23785850303817044
7.087843179702759,0.14123528824067322,0.2662737151790263,7.087843179702759,0.3221187093920593,-0.2400972434970951
7.119749069213867,0.10720208209292549,0.045033809203407826,7.119749069213867,0.323578726872401,-0.2424534347649985
7.153353214263916,0.10907169649335102,0.045033809203407826,7.153353214263916,0.3249211542939519,-0.2442526802751251
7.19066309928894,0.11352551605444217,0.045033809203407826,7.19066309928894,0.3282190961166609,-0.2486593342958151
7.218621253967285,0.0842333534940793,-0.11976011966084432,7.218621253967285,0.32756435597978917,-0.2480497595490967
7.251898527145386,0.08770224639879969,-0.11976011966084432,7.251898527145386,0.32957019699475665,-0.2508202874944955
7.2879109382629395,0.09031450427795407,-0.11976011966084432,7.2879109382629395,0.3311264220448755,-0.25298598995393856
7.319226503372192,0.11882742662576808,-0.5731802934413801,7.319226503372192,0.3358389182555459,-0.2604588092079165
7.352559566497803,0.12061734451470021,-0.5731802934413801,7.352559566497803,0.3371035765446865,-0.262490596479786
7.3876848220825195,0.12388744863763677,-0.5731469010399046,7.3876848220825195,0.3402106775961551,-0.2676973448696546
7.419743776321411,0.1333279042249907,-0.9773134370497182,7.419743776321411,0.34303244531892657,-0.27312161735720636
7.454000473022461,0.13496531392118422,-0.9772938695380043,7.454000473022461,0.3453351479554446,-0.277923331362329
7.485856294631958,0.13687170142791044,-0.9772938695380043,7.485856294631958,0.3469875743679927,-0.28164812595503785
7.519659519195557,0.18837634417889776,-0.7411411965982135,7.519659519195557,0.3514248888816562,-0.2911053687430415
7.552541255950928,0.18975060744434216,-0.7411411965982135,7.552541255950928,0.35284276404555376,-0.2946761318732311
7.591651678085327,0.193114565737077,-0.7411411965982135,7.591651678085327,0.35614364755500744,-0.3036074300216861
7.620901346206665,0.20692032033832922,-0.20240680958858104,7.620901346206665,0.35708793127620564,-0.3047240309474715
7.651833534240723,0.20830605734142305,-0.20240680958858104,7.651833534240723,0.35859060066516263,-0.308544064582339
7.687433242797852,0.2113990236885181,-0.20240147026236893,7.687433242797852,0.3623699467947469,-0.3183301307423971
7.719877243041992,0.2040529178549716,-0.13448146176832898,7.719877243041992,0.3635315923743541,-0.32120473880358374
7.75251841545105,0.20747897503742876,-0.11050001520381672,7.75251841545105,0.3671783613378239,-0.3307538902944721
7.787496089935303,0.21255981000854926,-0.11050001519616671,7.787496089935303,0.3701327265677783,-0.33869169073257993
7.8203370571136475,0.25391559044129836,-0.10603674851803398,7.8203370571136475,0.37298127552644633,-0.34630275337071736
7.853926420211792,0.25693346640922393,-0.10603674851803398,7.853926420211792,0.3758917125142814,-0.3542222516234123
7.8870580196380615,0.26029559289033627,-0.10603674851803398,7.8870580196380615,0.37913460800020615,-0.3631699255148347
7.918653726577759,0.2833508000386941,0.13313197277799854,7.918653726577759,0.38172438240130946,-0.3698588671184217
7.952434062957764,0.2880443486289832,0.13313197277799854,7.952434062957764,0.38675657351087417,-0.38321204261258357
7.98853874206543,0.29075682667286745,0.13319597319916687,7.98853874206543,0.3909797895686918,-0.3941952976320895
8.019307613372803,0.2225961962359599,0.6000706721327347,8.019307613372803,0.39006582096956527,-0.38896670138425116
8.0519859790802,0.22607351927265498,0.6000548870813993,8.0519859790802,0.3928830315229151,-0.39522459027365164
8.087398052215576,0.22957252410734214,0.6000548870813993,8.087398052215576,0.3967589228726865,-0.403290284974329
8.119718313217163,0.1976570526369286,0.661729242054867,8.119718313217163,0.39762977770182883,-0.4043776516599528
8.15224003791809,0.2019819532869545,0.661729242054867,8.15224003791809,0.4023511901455851,-0.4131910006908429
8.186489582061768,0.20788615224418694,0.661716046918901,8.186489582061768,0.4064929476686733,-0.42037139217858976
8.219683170318604,0.16934663084537194,0.3058704882198542,8.219683170318604,0.406419026934792,-0.4214729888221671
8.252460479736328,0.1729227368715986,0.3058704882198542,8.252460479736328,0.408993418709781,-0.4260030541203855
8.28581190109253,0.17752772419550766,0.3058704882198542,8.28581190109253,0.4124610961893423,-0.4319335670868403
8.3205406665802,0.17676514233931773,0.061761733491891374,8.3205406665802,0.415130739349403,-0.43734204339542615
8.353299856185913,0.18167570924513654,0.061763407606526106,8.353299856185913,0.41866193180472044,-0.4434840871658582
8.386977910995483,0.18651494407566624,0.061763407606526106,8.386977910995483,0.4223489331046521,-0.44986282120892457
8.41972541809082,0.18148117472641273,-0.04815346362189721,8.41972541809082,0.42460503262249505,-0.4541199685628005
8.452798843383789,0.18316122400520787,-0.048165939716776116,8.452798843383789,0.42639300688089704,-0.45727863946159175
8.48576307296753,0.18767780559579952,-0.048165939716776116,8.48576307296753,0.4300517283916354,-0.46375401775626107
8.521077871322632,0.1745676466000966,-0.1102357369568093,8.521077871322632,0.43200341588520724,-0.4674114992040103
8.553613901138306,0.17759482752820743,-0.11025220151907944,8.553613901138306,0.4353846857719849,-0.47354158239943805
8.586967945098877,0.17949733794944145,-0.11025902322647291,8.586967945098877,0.4379436267813116,-0.4782156500046761
8.61960744857788,0.14222202798778222,-0.34324389104109165,8.61960744857788,0.43903275976915096,-0.48098736781908225
8.653242588043213,0.1438606060862054,-0.34324389104109165,8.653242588043213,0.44036851433471186,-0.48362188359046077
8.686609268188477,0.1464286661059071,-0.34322364399377414,8.686609268188477,0.4435160748468213,-0.49000810081052604
8.720221042633057,0.1502156462992352,-0.7133863288303005,8.720221042633057,0.44472285093276653,-0.49360066080809806
8.753379106521606,0.15189206469767333,-0.7133798862484685,8.753379106521606,0.4470236999550313,-0.4991355824522524
8.786385774612427,0.1534258043205115,-0.7133798862484685,8.786385774612427,0.4486928547519734,-0.5034061978408326
8.819815158843994,0.19776815288708927,-0.7043375537158234,8.819815158843994,0.45238233665777533,-0.5130956561975987
8.852647542953491,0.19782615714039253,-0.7043076255301284,8.852647542953491,0.4536696973407156,-0.5169270485939965
8.886293888092041,0.19917661343580423,-0.7043076255301284,8.886293888092041,0.45658981584538705,-0.5263460422815823
8.921544313430786,0.19799751764984896,-0.7042779531898458,8.921544313430786,0.4576456035246395,-0.5300997936452138
8.954092979431152,0.20981912358100213,-0.3101999975074453,8.954092979431152,0.45915324009647046,-0.5334567354911375
8.986098766326904,0.21037705837886134,-0.3101999975074453,8.986098766326904,0.4621186500944661,-0.5435203497089633
9.02005672454834,0.1982735155694865,-0.2909026422919639,9.02005672454834,0.4640538240863559,-0.5505510945759594
9.053647994995117,0.198424274237363,-0.2909026422919639,9.053647994995117,0.4656036416076297,-0.5563036964135285
9.086446046829224,0.19862493704213613,-0.2909026422919639,9.086446046829224,0.46757891070332325,-0.5639907998316955
9.119493007659912,0.20019805688279207,-0.29090763698147654,9.119493007659912,0.46856043919128015,-0.567964657884492
9.152673482894897,0.19754432174234593,-0.4415959155624185,9.152673482894897,0.469799710131079,-0.5736693167495095
9.188364505767822,0.19911855307083856,-0.4416197967481053,9.188364505767822,0.4714299518592281,-0.5813456201933928
9.219127655029297,0.20665354183837292,-0.7569801758687237,9.219127655029297,0.47250206025906366,-0.5878863850515713
9.252127647399902,0.2079658464459629,-0.7569801758687237,9.252127647399902,0.47392939677424084,-0.5972060496235043
9.28542685508728,0.20911978973261117,-0.7569801758687237,9.28542685508728,0.4749150572748532,-0.605487628650377
9.319793939590454,0.2097053017715456,-0.7569801758687237,9.319793939590454,0.47532139240941934,-0.6097176691438828
9.352097034454346,0.2077089162641077,-1.007923676097004,9.352097034454346,0.47551083878621253,-0.616539271181908
9.388018608093262,0.20883212039894794,-1.007923676097004,9.388018608093262,0.47566295742954073,-0.6248004910574244
9.419842004776001,0.20940021499848271,-1.007923676097004,9.419842004776001,0.47561441882341216,-0.6289964633219746
9.452571392059326,0.19049226517215423,-1.1091353340781955,9.452571392059326,0.4749212260476014,-0.6374342218715143
9.485318899154663,0.19150680015774074,-1.1091353340781955,9.485318899154663,0.4741081683817995,-0.6450566628452005
9.522069931030273,0.19539294551747396,-1.109204594489377,9.522069931030273,0.47327741105065296,-0.6509354471250296
9.553404808044434,0.1928755655759069,-0.7837858833910458,9.553404808044434,0.47316145658048925,-0.6528935632751972
9.585766792297363,0.19350184880025836,-0.783750947186407,9.585766792297363,0.4718924932521555,-0.6604708400547641
9.623315334320068,0.19354523988041766,-0.7837308212967632,9.623315334320068,0.4707968680483841,-0.6661758370516031
9.652888536453247,0.17439335613324544,-0.4891516783830947,9.652888536453247,0.4702014381310214,-0.669919779063479
9.687448263168335,0.17521686317827018,-0.4891516783830947,9.687448263168335,0.46912571671113956,-0.6750447111508671
9.720038414001465,0.17819753023518978,-0.4891645325543367,9.720038414001465,0.4674754683058244,-0.6821784005144553
9.752532482147217,0.17874020093593113,-0.35551562281620547,9.752532482147217,0.4669281853101152,-0.685085524364407
9.7858304977417,0.17935120334920154,-0.355507439250692,9.7858304977417,0.4647959223836354,-0.6937979748464633
9.821810722351074,0.17940183111247543,-0.35550566297524444,9.821810722351074,0.46390161724531853,-0.6972440336829098
9.852538824081421,0.17028965102155355,-0.5565370258313715,9.852538824081421,0.4618702508526225,-0.7034582082655044
9.88647723197937,0.17076303123562547,-0.5565370258313715,9.88647723197937,0.4603590347924316,-0.7083467459947593
9.922622680664062,0.17181140991446556,-0.5565374732895738,9.922622680664062,0.4581836061950601,-0.7148642992452247
9.95452094078064,0.12013889102552242,-0.8974797043457214,9.95452094078064,0.4579647167553382,-0.7135450085563273
9.987593650817871,0.12098607179506266,-0.8974797043457214,9.987593650817871,0.45563010877045546,-0.7190774382626461
10.021263599395752,0.12133595453874102,-0.8974797043457214,10.021263599395752,0.45458371541242937,-0.721339530697851
10.052247047424316,0.1509643762837333,-1.0931100019838904,10.052247047424316,0.4507292523718212,-0.7289413127663001
10.086843967437744,0.15154286964696878,-1.0931100019838904,10.086843967437744,0.4485051607209344,-0.7328916147238175
10.119632720947266,0.1523163558964128,-1.0931100019838904,10.119632720947266,0.44528922982906527,-0.7380610919443966
10.15338659286499,0.15777233504077506,-0.9842768457647342,10.15338659286499,0.44357543754706996,-0.7408798583600998
10.185643911361694,0.16054755130845363,-0.9842888593382527,10.185643911361694,0.43895942929133597,-0.7474546478041935
10.22171401977539,0.1631129117079904,-0.9842985622655333,10.22171401977539,0.4369693670777605,-0.7500730333826521
10.25309157371521,0.13659105527836998,-0.6549586421945279,10.25309157371521,0.43692415498869,-0.7503166688726272
10.2859468460083,0.14076047888820933,-0.6549607248039848,10.2859468460083,0.43264762316701566,-0.7557919583099001
10.320073366165161,0.14234992554145712,-0.6549607248039848,10.320073366165161,0.4308476325666104,-0.757983673897362
10.35309386253357,0.15931172347683792,-0.24541534332853016,10.35309386253357,0.42689368870777794,-0.7634592108303607
10.386265277862549,0.16444470622651208,-0.24541716532831692,10.386265277862549,0.4218224975487094,-0.7696876439497524
10.423763036727905,0.1651009428077824,-0.24541560982774438,10.423763036727905,0.41973505852681414,-0.7722132744269707
10.452964305877686,0.1284178030582884,-0.2233593955223256,10.452964305877686,0.41973888091992767,-0.7721591547909015
10.486471891403198,0.13275347070259227,-0.22335955125761375,10.486471891403198,0.41557702602721713,-0.7770761962798169
10.523863554000854,0.13450101256623712,-0.22335955125761375,10.523863554000854,0.4138295786001403,-0.7791064001776599
10.553980827331543,0.09143949059878899,-0.4900806555213699,10.553980827331543,0.4122887221384272,-0.7803259476315926
10.586216449737549,0.09317429376643344,-0.4900751911129435,10.586216449737549,0.4097580209005847,-0.7829773710379123
10.620320796966553,0.09466153907420323,-0.49007770748717294,10.620320796966553,0.40841588584806776,-0.7843411646834622
10.653863906860352,0.08619494712961875,-0.8033288409889622,10.653863906860352,0.40665651890651977,-0.7856960619797649
10.687175750732422,0.08864261165469312,-0.8033288409889622,10.687175750732422,0.4040453268864932,-0.7880195551550008
10.72041940689087,0.08986672204965017,-0.8033288409889622,10.72041940689087,0.40268383740519736,-0.7891736220254277
10.756278038024902,0.08292330318492933,-0.8539029352177145,10.756278038024902,0.39985070853698773,-0.7913287773912868
10.7873055934906,0.0853289371732056,-0.8539029352177145,10.7873055934906,0.3970332157954191,-0.7933918327191446
10.819746732711792,0.08697949175618111,-0.8539029352177145,10.819746732711792,0.3950156362224292,-0.7947884787939417
10.85307002067566,0.06819600543299963,-0.8387968915560219,10.85307002067566,0.39513776679885987,-0.7945730858962485
10.887061834335327,0.06968860445708415,-0.8387894870495082,10.887061834335327,0.3928099227310469,-0.7960271599947362
10.921027421951294,0.07169401384984089,-0.8387935915480291,10.921027421951294,0.39094070317169405,-0.797126550358096
10.953242778778076,0.10585260726857665,-0.5758058154947114,10.953242778778076,0.3860002460533387,-0.8001650180198797
10.987083435058594,0.10749092154491459,-0.5758058154947114,10.987083435058594,0.3832030733164574,-0.8017071627093346
11.022226095199585,0.1096902977283168,-0.5758058154947114,11.022226095199585,0.3793329159155097,-0.8037259497826201
11.057969331741333,0.12447493557833243,-0.19432182675199744,11.057969331741333,0.37719376162068535,-0.8051314514384886
11.08631443977356,0.12792228963110802,-0.1943221344414757,11.08631443977356,0.3716512983833011,-0.8080977858963642
11.11913537979126,0.12921748946933467,-0.1943221344414757,11.11913537979126,0.3693343031101069,-0.8093174076926279
11.152377128601074,0.15410374745928931,-0.1398509673398759,11.152377128601074,0.362718551894817,-0.8128503445338884
11.188551664352417,0.15569004219285681,-0.1398509673398759,11.188551664352417,0.3585955081637091,-0.8149915496082891
11.21927785873413,0.1570559370775973,-0.13984795692242927,11.21927785873413,0.3530556518792702,-0.8178311904143674
11.253019094467163,0.12777631322959376,-0.24501726100860166,11.253019094467163,0.35253126237871657,-0.8179475780707011
11.285366535186768,0.12922552730294007,-0.24500936839263282,11.285366535186768,0.34681751554854984,-0.8207306007316331
11.319929838180542,0.1299597197173001,-0.24500936839263282,11.319929838180542,0.34441019256901156,-0.8218751767803404
11.352769613265991,0.11048358710139332,-0.678764070973296,11.352769613265991,0.3429188051384328,-0.8220740705030869
11.386723041534424,0.11093573441926947,-0.6787628375385765,11.386723041534424,0.33779145925010806,-0.8241392040695498
11.41947603225708,0.1128918300225942,-0.7137999879516002,11.41947603225708,0.33349479721372927,-0.8256809745120255
11.452361345291138,0.12672287687828718,-0.7211375276788942,11.452361345291138,0.3289584932840846,-0.8272818237308174
11.487600088119507,0.1287969215057352,-0.7211380402993816,11.487600088119507,0.32404483766936926,-0.8287874909447892
11.520476818084717,0.12958320243950824,-0.7211380402993816,11.520476818084717,0.3215317096594625,-0.8294997467585434
11.565423727035522,0.16326688375867576,-0.729137340894234,11.565423727035522,0.3146984115167973,-0.8314506030575408
11.586543798446655,0.1648886010989633,-0.729137340894234,11.586543798446655,0.3083937243660939,-0.8329404335476157
11.619284629821777,0.1666989724942909,-0.7291603147163085,11.619284629821777,0.3051170123449676,-0.8336383776568543
11.655348539352417,0.11620923443460107,-0.4363404700880604,11.655348539352417,0.30346640077261694,-0.8338338980872624
11.6852445602417,0.11814694538304202,-0.4363404700880604,11.6852445602417,0.2988565691870602,-0.8346914072205148
11.719979286193848,0.1191249845879191,-0.4363404700880604,11.719979286193848,0.2964953051356081,-0.8350987718834288
11.753298044204712,0.1107398583240731,-0.23305707970464856,11.753298044204712,0.2946918706774679,-0.8354679616201955
11.78650951385498,0.11312139354817743,-0.23305769040788812,11.78650951385498,0.29028167022951074,-0.836205131435063
11.820972681045532,0.11415535129457773,-0.23305769040788812,11.820972681045532,0.28803572807952227,-0.8365666806745212
11.852279663085938,0.08779442990024482,-0.27079538628781635,11.852279663085938,0.28523381442960166,-0.8369207364947971
11.886898756027222,0.08978173625602034,-0.27079538628781635,11.886898756027222,0.2817149020611457,-0.8374039774836709
11.92293667793274,0.09127193547396828,-0.27079538628781635,11.92293667793274,0.27902161916391416,-0.837751586062473
11.952888488769531,0.061736678006796594,-0.455799627811756,11.952888488769531,0.27957318103493994,-0.8374932428239954
11.987357378005981,0.06396553597111378,-0.4520000017430631,11.987357378005981,0.2764860834770098,-0.8377697765932364
12.021287679672241,0.06490252131745164,-0.4520000017430631,12.021287679672241,0.2751921156359174,-0.8378632249415535
12.052955627441406,0.05580132272274247,-0.47403769196283085,12.052955627441406,0.27367020615081256,-0.8379201013916067
12.087067365646362,0.05715514105432001,-0.47403769196283085,12.087067365646362,0.2719747094024446,-0.8379953597512793
12.120801210403442,0.05529398476670424,-0.47397629731611085,12.120801210403442,0.26986042108110087,-0.8380570178735823
12.152537107467651,0.04289989909676659,-0.31672395711657436,12.152537107467651,0.27031429582579053,-0.8380068308352843
12.185410737991333,0.04268332180926645,-0.3167169872722014,12.185410737991333,0.26820210162257935,-0.838025873417071
12.219863891601562,0.0426568344690535,-0.3167169872722014,12.219863891601562,0.2673414016544652,-0.8380225729495379
12.253511428833008,0.025634184845791105,0.01703714418865504,12.253511428833008,0.26820923859012313,-0.8380227635669744
12.28673505783081,0.025564141720593247,0.01703714418865504,12.28673505783081,0.26744062556568804,-0.8380300290460726
12.319121837615967,0.025470881469234277,0.01703714418865504,12.319121837615967,0.26642051217046364,-0.8380403673484615
12.353668928146362,0.05635793725215013,0.39767132598741983,12.353668928146362,0.26461399270843067,-0.838128968503858
12.385641813278198,0.05614786949453545,0.3976780548309535,12.385641813278198,0.2618203684888556,-0.8382741913605092
12.421188831329346,0.05629492352167309,0.3976738711459977,12.421188831329346,0.26067709949930834,-0.8383499528554285
12.455999374389648,0.07661791588128013,0.6663034116378881,12.455999374389648,0.259069115341419,-0.8385692564146868
12.486574172973633,0.07665506278989938,0.6663034116378881,12.486574172973633,0.25534033929293626,-0.838997500121517
12.522093296051025,0.0758628238901094,0.6663087452395572,12.522093296051025,0.252343259520617,-0.8394386792239823
12.553781986236572,0.07298179534913578,0.6294250417129754,12.553781986236572,0.25094842242853793,-0.8396582165214778
12.587547063827515,0.07255691103505627,0.6294250417129754,12.587547063827515,0.24739694528859402,-0.8403172279313879
12.619481325149536,0.07238021643224649,0.6294250417129754,12.619481325149536,0.2459329517834129,-0.8406250338359292
12.653823852539062,0.029995437648369316,0.36076550111111777,12.653823852539062,0.24656692859333523,-0.8403992349414965
12.685790538787842,0.03039569034775818,0.36071857121994255,12.685790538787842,0.2451896806874971,-0.840702538841159
12.720335960388184,0.030383683907970308,0.36071857121994255,12.720335960388184,0.24459371942706556,-0.8408408695464559
12.753090620040894,0.03427078235841767,-0.20056124880015247,12.753090620040894,0.2396748451939739,-0.8415916093538741
12.787152290344238,0.034230439975787536,-0.20056124880015247,12.787152290344238,0.23832700984909874,-0.8418444521765965
12.820700407028198,0.03201968631930081,-0.20053384444901115,12.820700407028198,0.23775424840266987,-0.8419432429383098
12.8525390625,0.03254094813412422,-0.20054592445227867,12.8525390625,0.23673158197598032,-0.8421268849424831
12.888787984848022,0.028640570563204893,-0.3748732494001023,12.888787984848022,0.23519433929712152,-0.8423232675157454
12.920189380645752,0.027794616696026366,-0.37485082912786954,12.920189380645752,0.234650361888324,-0.8423979812949669
12.954919338226318,0.027770332238088544,-0.4126999890285994,12.954919338226318,0.2329818638963748,-0.8426119633001617
12.987231969833374,0.01866800061592423,-0.3974000382481092,12.987231969833374,0.2329224824170288,-0.842587282947666
13.019547462463379,0.018157963638013655,-0.3974000382481092,13.019547462463379,0.23255410301405038,-0.8426212140699122
13.05526614189148,0.016847732210969205,-0.3974000382481092,13.05526614189148,0.2320560952577014,-0.8426628459985714
13.08748459815979,0.03662390255326951,-0.39086162009752873,13.08748459815979,0.2288841486041466,-0.8429522736492826
13.120775699615479,0.035242154051860555,-0.39085863300729884,13.120775699615479,0.22817319767096897,-0.8429928341307547
13.153465509414673,0.0316706568894972,-0.39085544718556686,13.153465509414673,0.226538443882198,-0.8430650888431453
13.186398267745972,0.0577659149337305,-0.2705167906527089,13.186398267745972,0.22199479889140647,-0.8432965197483762
13.220559120178223,0.056491570817396614,-0.2705167906527089,13.220559120178223,0.22083923918283757,-0.8433266571249454
13.253655672073364,0.055578989332812544,-0.27052673011598444,13.253655672073364,0.21913677085435498,-0.8433609878553168
13.28570294380188,0.053200050232900704,-0.10180000327204168,13.28570294380188,0.2174427070309985,-0.843424956890568
13.319880723953247,0.0521223334290626,-0.10180000327222768,13.319880723953247,0.21584285455582058,-0.8434582401147139
13.3526451587677,0.04993697692308355,-0.1018000032720125,13.3526451587677,0.21383294328117466,-0.8434927637815947
13.385808229446411,0.0681314709158774,-0.053786777436762204,13.385808229446411,0.20953741556969707,-0.843569030433693
13.419928312301636,0.06754288839638022,-0.053787461347445706,13.419928312301636,0.20749397009141368,-0.8435948124873901
13.453401803970337,0.06629887240274532,-0.07239999242635717,13.453401803970337,0.20615651013075434,-0.8436082112082932
13.486229658126831,0.05785352839297816,-0.07239996271341838,13.486229658126831,0.204335021582264,-0.8436195559551211
13.519733190536499,0.0571169773930285,-0.0723999627163847,13.519733190536499,0.20258827681828542,-0.843630197621054
13.556539297103882,0.05582925602631495,-0.0723999627163847,13.556539297103882,0.20034279953640105,-0.8436377341612251
13.58746862411499,0.06561579436129374,-1.0077754380999338e-08,13.58746862411499,0.19817088910277977,-0.8436535212092477
13.619611501693726,0.06402720447226276,-1.009336376643001e-14,13.619611501693726,0.1949348599545484,-0.8436667447828604
13.653002500534058,0.06412015433571512,-1.0098466608331054e-14,13.653002500534058,0.19359535497013247,-0.8436718701618285
13.686670780181885,0.06863390123879481,-0.0023560027162783533,13.686670780181885,0.18981691774453643,-0.8436871949303205
13.720234155654907,0.06941653501843839,-1.3916902890790717e-09,13.720234155654907,0.18839120735950138,-0.8436924110864289
13.755045652389526,0.06947085462925075,-3.5291159527968543e-15,13.755045652389526,0.18563305019350465,-0.8437034321038617
13.786928653717041,0.055145784609211775,-5.914549446560391e-09,13.786928653717041,0.1856149498700924,-0.8437032281541352
13.82308316230774,0.05517428805098005,-1.0133811535190203e-14,13.82308316230774,0.18290246708840144,-0.8437139426468798
13.854031085968018,0.05518592057727086,-1.0133811535190203e-14,13.854031085968018,0.18179507427053013,-0.8437183169242338
13.88946270942688,0.06448291374324096,1.2682693282585934e-08,13.88946270942688,0.1779956846169946,-0.8437333871727762
13.919273614883423,0.06481100568737858,1.2682693282585934e-08,13.919273614883423,0.17668859444346377,-0.8437387269291446
13.954847812652588,0.06545647751115587,9.102872644003899e-15,13.954847812652588,0.17409772700147882,-0.8437493112039125
13.99245810508728,0.049565490967650325,-0.0019382647957231925,13.99245810508728,0.1738747024065858,-0.8437502721300492
14.019760131835938,0.050165467015042,-0.0019382647957231925,14.019760131835938,0.17187813618680967,-0.8437582761783774
14.052611112594604,0.05046468661073252,-0.0019382647957231925,14.052611112594604,0.1708734322969633,-0.8437622455216288
14.08735966682434,0.06539767222856906,0.11086663840487179,14.08735966682434,0.16665196347463387,-0.8438024800926329
14.120450019836426,0.06721605614221207,0.12289999435975264,14.120450019836426,0.16526740190935635,-0.8438231393542098
14.154488563537598,0.06596027350797594,0.12289999436247055,14.154488563537598,0.16404073965435878,-0.8438442813091486
14.18686580657959,0.013863375554794825,0.1513000002515812,14.18686580657959,0.16666022734819455,-0.8438260883054411
14.22243618965149,0.015034180090550991,0.1533999973643253,14.22243618965149,0.1660735322456057,-0.8438426163149634
14.2551908493042,0.016327756600356083,0.13930001759620317,14.2551908493042,0.16572242162970285,-0.8438539837882412
14.286313533782959,0.02124277857114158,0.14432944866943667,14.286313533782959,0.16456011594777392,-0.8438961655877786
14.320152044296265,0.02322504600108815,0.14432825483531556,14.320152044296265,0.16408221336093085,-0.8439168932531559
14.353912830352783,0.02456318314131796,0.1443281627632295,14.353912830352783,0.16360572049724578,-0.8439387107381089
14.38663935661316,0.0091424695057972,0.14186329251855043,14.38663935661316,0.16432719451601482,-0.8439183334185472
14.423081636428833,0.011653414002584859,0.14186329251855043,14.423081636428833,0.16391248499070918,-0.8439420526667322
14.452206373214722,0.013538260578355754,0.14186329251855043,14.452206373214722,0.16353547247444578,-0.8439651915531324
14.487414598464966,0.0021948102065283475,0.05088952290186137,14.487414598464966,0.1644699832032742,-0.8439117267829308
14.523932456970215,0.003443532264689153,0.05088952290186137,14.523932456970215,0.16441308414688835,-0.8439152252834132
14.553285121917725,0.0053248401691648895,0.05088952290186137,14.553285121917725,0.16427978143386118,-0.8439235592468742
14.585553407669067,0.033247928287242386,0.010547850560075227,14.585553407669067,0.16134147055811954,-0.8440998685815958
14.621240615844727,0.034545691738668685,0.010547850560075227,14.621240615844727,0.16066232809792536,-0.844141753697538
14.655699968338013,0.03777770481235278,0.010547850560075227,14.655699968338013,0.1588579844346088,-0.84425365289324
14.686579942703247,0.02869193903825126,-0.017800005182455128,14.686579942703247,0.15862579431507115,-0.844261106515701
14.720521450042725,0.03006014952679817,-0.017800005182455128,14.720521450042725,0.1580342132805719,-0.8442959813408712
14.75449013710022,0.0321121646669461,-0.017800005182455128,14.75449013710022,0.1570953015254309,-0.8443509936600139
14.78830075263977,0.08676923317780177,-0.04744256145579229,14.78830075263977,0.1504527292469628,-0.8447392615351164
14.82170057296753,0.08764263137052655,-0.06469998953465572,14.82170057296753,0.14871103562923554,-0.8448350566681296
14.852806091308594,0.09193841161179186,-0.06469998953809723,14.852806091308594,0.14420073530660935,-0.8450766320462431
14.885788440704346,0.08918253954605224,-0.04996741878149379,14.885788440704346,0.14119782848786339,-0.8452265520034034
14.92228651046753,0.09048819296828295,-0.04996447994969289,14.92228651046753,0.13939897228928472,-0.845314966368026
14.954617261886597,0.09226419701148053,-0.04996165417387516,14.954617261886597,0.13668066718007854,-0.8454458636421976
14.986213207244873,0.0811261812569738,-0.06469998206305648,14.986213207244873,0.13435455289626397,-0.8455473019871094
15.019141912460327,0.08223411113940832,-0.06469998206305648,15.019141912460327,0.13271615136403686,-0.8456198246985696
15.05399775505066,0.0854153502347401,-0.06469998206581325,15.05399775505066,0.128518544169723,-0.8457969032722967
15.090412616729736,0.08686344070947488,-0.06139336727928802,15.090412616729736,0.12524321252388995,-0.8459239627392934
15.119428873062134,0.08866540577241999,-0.06139478325010295,15.119428873062134,0.12346109618436447,-0.8459904904766833
15.154144287109375,0.09109945257320845,-0.06139478325010295,15.154144287109375,0.12077361872227495,-0.8460874864330598
15.190459251403809,0.07940836436813072,0.011601813838851479,15.190459251403809,0.11867914966572382,-0.8461754143873799
15.220519542694092,0.08194812560983715,0.02909999083186334,15.220519542694092,0.11627660891552177,-0.8462709547712841
15.2532958984375,0.08561563525963843,0.02909999083186334,15.2532958984375,0.11294758943318264,-0.8464032608377781
15.28598427772522,0.07658817575955934,-1.4910081627278707e-14,15.28598427772522,0.11089118108742708,-0.8464875931737255
15.321256875991821,0.07969745537274187,-2.481445286448538e-20,15.321256875991821,0.10854544324394297,-0.8465822707925456
15.352782487869263,0.08177094428190468,-2.481445286448538e-20,15.352782487869263,0.10692926259783463,-0.8466475023509576
15.387189626693726,0.05791265205179489,2.0878259036330904e-08,15.387189626693726,0.10639858186344361,-0.846670001179324
15.420451402664185,0.060814648847596374,3.4003522422518606e-14,15.420451402664185,0.10457968836660748,-0.8467439813126819
15.455349206924438,0.06460600814322777,3.4003522422518606e-14,15.455349206924438,0.10211878276022257,-0.8468440695462272
15.485853672027588,0.06366336592698214,-0.0222000389188697,15.485853672027588,0.09997912506059298,-0.8469296535542487
15.520036935806274,0.06721291360869529,-0.02220003891886973,15.520036935806274,0.09799963478180726,-0.847007041866624
15.553778648376465,0.06934785490895078,-0.018900003279927063,15.553778648376465,0.09661632301594035,-0.8470601943359424
15.587638139724731,0.07232650002506832,-1.8579969374543284e-08,15.587638139724731,0.09383276044541733,-0.8471654544971233
15.620682001113892,0.07499819684416255,-1.8579969374543284e-08,15.620682001113892,0.09160555163428147,-0.8472490693156755
15.65316915512085,0.07635251853738205,-1.8578645090527046e-08,15.65316915512085,0.08866533640973055,-0.8473595003872224
15.687315464019775,0.05008948971081635,-0.021099987030919778,15.687315464019775,0.08949858416664828,-0.8473266134232316
15.720564126968384,0.05292841012721985,-0.017800003293669903,15.720564126968384,0.08691992627013778,-0.8474209203367247
15.753262519836426,0.05406799550660309,-0.027599975633181423,15.753262519836426,0.08584480900003508,-0.847459421508086
15.785838842391968,0.04041856149555047,-0.029800014416294845,15.785838842391968,0.085158418933774,-0.8474819624079436
15.820475101470947,0.0420756563437738,-0.018900010926232787,15.820475101470947,0.08393024783199256,-0.8475240771787103
15.85282039642334,0.0442894739000897,-0.018900010926232787,15.85282039642334,0.08221241043610003,-0.8475813533409267
15.887670755386353,0.07177778187434715,-0.008801497845410575,15.887670755386353,0.07829392974605516,-0.8477131334588631
15.919562101364136,0.07440238315874646,-0.025499990753991696,15.919562101364136,0.07534028790818538,-0.8478081316463891
15.95287299156189,0.07559235010754262,-0.025499990753991696,15.95287299156189,0.07380838141691548,-0.8478565045121118
15.98797869682312,0.10440757813323046,-0.015655081461646406,15.98797869682312,0.0672227328474179,-0.8480625871117714
16.020087480545044,0.10536433222014066,-1.0382483744270088e-08,16.020087480545044,0.06505337822576655,-0.8481286316585908
16.053112030029297,0.10776837844442624,-1.3333724444017937e-14,16.053112030029297,0.06090632498632589,-0.8482542575912679
16.090481281280518,0.15675597584393308,-0.0010978478975339932,16.090481281280518,0.05316855745901001,-0.8484906396069748
16.121140241622925,0.15958487297469512,-0.0010978478975339932,16.121140241622925,0.046775991780718416,-0.8486839787944656
16.153143167495728,0.16100013439376246,-6.192495841193107e-10,16.153143167495728,0.043522248551123154,-0.8487823841035269
16.18759846687317,0.18848622270737558,0.022499979493256366,16.18759846687317,0.033021563447015664,-0.8491000168150229
16.220991373062134,0.19001140864662325,0.022499979493256366,16.220991373062134,0.02917463024770691,-0.8492175046611827
16.252624034881592,0.19298771134398787,0.022499979493256366,16.252624034881592,0.0215784649404375,-0.8494546794328708
16.285716772079468,0.20252760882379,0.015466384956360848,16.285716772079468,0.01515754038663611,-0.8496585681322302
16.32016134262085,0.2068769513548016,0.015466384956360848,16.32016134262085,0.006968755084570909,-0.8499239560162839
16.35548996925354,0.20924246311914158,6.994031295087799e-09,16.35548996925354,0.0027327220630694914,-0.850057957788676
16.388203859329224,0.2049562356115202,-0.000953866353908475,16.388203859329224,-0.006818820066473203,-0.8503676532714659
16.420684814453125,0.2071437485846487,-0.000953866353908475,16.420684814453125,-0.011025450274598251,-0.8505038051351942
16.45558452606201,0.2090423951841068,0.019299987869069522,16.45558452606201,-0.015063503299230157,-0.8506363958968923
16.488399982452393,0.2189891173672846,0.0013342342573902373,16.488399982452393,-0.026056768007046423,-0.8510011605226053
16.521984100341797,0.22515819350054428,-0.022199980181973233,16.521984100341797,-0.035020639688056694,-0.8513012347939316
16.553139209747314,0.22752762695145917,-0.022199980181716497,16.553139209747314,-0.03957903969880805,-0.8514522875084772
16.58706021308899,0.23939571009798366,3.958476060631187e-09,16.58706021308899,-0.05162966513424402,-0.8518444889347248
16.621761560440063,0.2416465950163976,3.958476060631187e-09,16.621761560440063,-0.05649152632150131,-0.8520018256383086
16.652464628219604,0.24504535819598935,3.958275102441355e-09,16.652464628219604,-0.06384472261882036,-0.8522397858059233
16.687702417373657,0.22112434282573395,-0.0002992903492107663,16.687702417373657,-0.07076914879219708,-0.8524633851327498
16.71985936164856,0.2233117649641306,-2.0928964664839247e-10,16.71985936164856,-0.07520741164668512,-0.8526070344209484
16.752525568008423,0.22778532591478456,-2.0928964664839247e-10,16.752525568008423,-0.08439334258411821,-0.8529042391885787
16.789966583251953,0.2345221014783603,-1.5298189064660025e-16,16.789966583251953,-0.09583110490039347,-0.8532742960286371
16.82033944129944,0.2386323089094572,0.007535051734776648,16.82033944129944,-0.10069798608153792,-0.8534317561654341
16.852985858917236,0.24231186727910012,0.007539582337384454,16.852985858917236,-0.1079488777870712,-0.8536674581548619
16.88525676727295,0.17581347642850637,0.031583526413436876,16.88525676727295,-0.11131234660513609,-0.8537854731464622
16.92080521583557,0.17836267535761505,0.031583526413436876,16.92080521583557,-0.11486456153339152,-0.8539070472748652
16.954437255859375,0.1842980097317757,0.05309999110489332,16.954437255859375,-0.12385050063658784,-0.8542326609692265
16.98669934272766,0.1743227904050715,0.05639998605221734,16.98669934272766,-0.129796782204938,-0.8544646227135837
17.020710229873657,0.17627500121140544,0.05639998605402326,17.020710229873657,-0.1334310869650226,-0.8546091452452601
17.05286192893982,0.17985094432963433,0.06509999131519247,17.05286192893982,-0.1386281712192569,-0.8548219904854759
17.087356090545654,0.17621247261352238,0.058072517577847586,17.087356090545654,-0.1451455062119416,-0.8551080384599153
17.12016987800598,0.1776916843547619,0.0580798959026282,17.12016987800598,-0.14866601936865947,-0.8552669642643747
17.1543185710907,0.1825887346273625,0.08689998239774917,17.1543185710907,-0.15761513326507098,-0.8556939683621935
17.185085773468018,0.18673901648771987,0.08689998239774917,17.185085773468018,-0.16499188976278226,-0.856074748948041
17.22002911567688,0.1546196712093689,0.09999997893520565,17.22002911567688,-0.16519243234425326,-0.8561064559393566
17.252267599105835,0.15763874863010957,0.09999997893520565,17.252267599105835,-0.16986769754489953,-0.8563691096593228
17.28620219230652,0.15132579514587968,0.06635507607605706,17.28620219230652,-0.17538552784917433,-0.8567053854751504
17.319801092147827,0.1530229369949677,0.06635507607605706,17.319801092147827,-0.1784256611560095,-0.8568946340364525
17.353775024414062,0.15725953614768684,0.06635507607605706,17.353775024414062,-0.18616170309076324,-0.8573927504283929
17.387521743774414,0.178529883633564,0.043471024503532484,17.387521743774414,-0.1942511046631977,-0.857919256474296
17.419507265090942,0.18113108196553282,0.043471024503532484,17.419507265090942,-0.19962262259872626,-0.8582828267759288
17.452818632125854,0.182974634895917,0.043471024503532484,17.452818632125854,-0.20347629453909027,-0.8585487006916368
17.487828731536865,0.1871776510163444,0.07269998400774365,17.487828731536865,-0.2124780311385137,-0.8591910843367278
17.51990270614624,0.17223952861254277,0.06867697444758887,17.51990270614624,-0.21452430458264451,-0.8593506098513094
17.554595232009888,0.17465335827357903,0.0686833475647564,17.554595232009888,-0.22137853978975042,-0.8598710388413884
17.586968898773193,0.17671811229461262,0.08249999370154729,17.586968898773193,-0.22663330055917635,-0.8602835619270707
17.61976933479309,0.2074668304552281,0.08249997163878194,17.61976933479309,-0.236877204594687,-0.8611033794499289
17.65213918685913,0.2090184363900934,0.08249997163878194,17.65213918685913,-0.24110561587266205,-0.8614587473725841
17.68911910057068,0.1926295491158263,0.061100189945729994,17.68911910057068,-0.24974378785259754,-0.8622131458354292
17.720060110092163,0.19241232479773032,0.06110785873730944,17.720060110092163,-0.25362085139762613,-0.862555975654451
17.756184577941895,0.1925998024074382,0.05420000395907337,17.756184577941895,-0.2611456548917504,-0.8632363799969853
17.787002563476562,0.19250934013399398,0.054200003960167435,17.787002563476562,-0.2668486869266311,-0.8637619850926777
17.820844411849976,0.20196141106371043,0.035600006502484564,17.820844411849976,-0.2755394273707858,-0.8645772334208413
17.85455298423767,0.20230337542488183,0.039999989053259015,17.85455298423767,-0.279583344686615,-0.8649631540429568
17.88687229156494,0.2026271141219244,0.022500017449690667,17.88687229156494,-0.2896641151249857,-0.8659373636734634
17.92019510269165,0.24319697504780424,0.022500027093931892,17.92019510269165,-0.2978486289894516,-0.8667261871057713
17.953091859817505,0.24340448026191505,0.038899979393991736,17.953091859817505,-0.3026346566392375,-0.8671970978107086
17.989362239837646,0.2434647147148726,0.03889997939399174,17.989362239837646,-0.31471730573690554,-0.8683990527456783
18.021073818206787,0.20080493353307893,0.032799344363127925,18.021073818206787,-0.3154041924440161,-0.8684800014004328
18.05276870727539,0.20072906790409764,0.04439999424962758,18.05276870727539,-0.3253497443946996,-0.8694963408476366
18.089017629623413,0.20093184445164808,0.04439999424962758,18.089017629623413,-0.33332978136717367,-0.8703275798427969
18.119876623153687,0.19692311639822563,0.03573157467274539,18.119876623153687,-0.33700087590078304,-0.870715294003326
18.152558088302612,0.1964462763196162,0.03573231308247483,18.152558088302612,-0.3428731379617582,-0.871338621813374
18.18521022796631,0.19695732296460616,0.03572740810112484,18.18521022796631,-0.350698196631964,-0.8721807910097992
18.22006893157959,0.17124807040660558,2.1144215624907536e-08,18.22006893157959,-0.3522556097486313,-0.8723455711692133
18.253999948501587,0.17102916122800718,2.1144215624907536e-08,18.253999948501587,-0.3607681883454243,-0.8732610675872293
18.286181211471558,0.1702300648331375,1.5107488737319384e-14,18.286181211471558,-0.3675214615756508,-0.8739872449528168
18.319356441497803,0.1714112480209624,-0.02329997010088526,18.319356441497803,-0.37105954482602505,-0.8743676877161859
18.35481548309326,0.1711241830468203,-0.02329997010088526,18.35481548309326,-0.37614738236767054,-0.8749136962697859
18.39177703857422,0.17102110234111548,-0.05049998054175424,18.39177703857422,-0.3829637195030595,-0.8756380463207422
18.42041826248169,0.18112629647421288,-0.05008743091745357,18.42041826248169,-0.38738430950502717,-0.8761031538728828
18.453831672668457,0.18018626614939287,-0.026600023061120234,18.453831672668457,-0.39630393574106,-0.8770267441772931
18.486909866333008,0.17939833080719336,-2.2528738864019404e-08,18.486909866333008,-0.4034630067232442,-0.8777574901021704
18.525306940078735,0.16062293197743402,-3.031662474593205e-08,18.525306940078735,-0.406806788902939,-0.8780945789084874
18.552928686141968,0.16014909867599816,-3.031667573547853e-08,18.552928686141968,-0.41001845921808605,-0.878421236298784
18.587123155593872,0.15887616172652239,-0.01889998653094718,18.587123155593872,-0.4163319536982343,-0.8790614726664774
18.62046480178833,0.17542584629858998,-9.414322400327682e-09,18.62046480178833,-0.4229029129935108,-0.879726191702569
18.652886152267456,0.17509886652932874,-2.302159144885641e-14,18.652886152267456,-0.4299135231207066,-0.8804323286409101
18.68628168106079,0.17440246051293715,-2.3014522825323266e-14,18.68628168106079,-0.433335314518685,-0.8807769918752303
18.719339609146118,0.17926865517915738,0.047599974393086206,18.719339609146118,-0.44264122727861943,-0.8817219912624955
18.752875804901123,0.17854314585946168,0.05849998660784123,18.752875804901123,-0.446326722609017,-0.8821017089575127
18.786786794662476,0.1781584300849035,0.058499986607841226,18.786786794662476,-0.45509083678508006,-0.8830204415246721
18.820061445236206,0.18686806588697846,0.03150041721344027,18.820061445236206,-0.45951777918762104,-0.8834906050808802
18.8528413772583,0.18608566749291802,0.03449999830024333,18.8528413772583,-0.46688573672945616,-0.8842844370037575
18.88999843597412,0.18560324754101115,0.03449999830024333,18.88999843597412,-0.47242730286235834,-0.8848870898896276
18.923202514648438,0.184783425548372,0.03449999830027659,18.923202514648438,-0.47979393375345736,-0.8856985153035049
18.954230546951294,0.18525730056386597,0.04110001246275899,18.954230546951294,-0.48355860482702906,-0.8861182637239015
18.987581968307495,0.18437687462804633,0.02800001311424903,18.987581968307495,-0.49273112959448045,-0.887153889944119
19.02149248123169,0.17230938209354704,0.026900002731245293,19.02149248123169,-0.4953725394009937,-0.8874588663734068
19.054641485214233,0.17189108689485585,0.03669997531427887,19.054641485214233,-0.5022168005638776,-0.8882471576050999
19.0914945602417,0.17147594269134422,0.048699987987957744,19.0914945602417,-0.5072955689384723,-0.8888372299288254
19.119815826416016,0.1971089334535489,0.04959419053279383,19.119815826416016,-0.5168110263666121,-0.8899538920987723
19.15391230583191,0.1967083899191338,0.04959419053279383,19.15391230583191,-0.5207834687537239,-0.8904283776845353
19.185418605804443,0.1976874957872963,0.08249998165717698,19.185418605804443,-0.5305634721364509,-0.8916207130296184
19.21895718574524,0.19646705094744052,0.0665827280727331,19.21895718574524,-0.5343901146806102,-0.892098975059639
19.252442121505737,0.19601587650813182,0.0665890396726235,19.252442121505737,-0.5382207029676696,-0.8925819827687126
19.287648916244507,0.19530652278499783,0.036700014133547676,19.287648916244507,-0.547949284502267,-0.8938245583344513
19.32083487510681,0.20212263324341243,0.035543447407384327,19.32083487510681,-0.5564240005689562,-0.8949246005138888
19.353984832763672,0.20217252228358604,0.035543447407384327,19.353984832763672,-0.5604892669653962,-0.8954573370952916
19.390947580337524,0.20231068911535452,0.022500007281023658,19.390947580337524,-0.5704548517831792,-0.8967716423051445
19.42076301574707,0.21387197140748976,2.389729199941959e-08,19.42076301574707,-0.5757264616163468,-0.8974696567337923
19.45257544517517,0.21396382370891204,4.0747667680472705e-14,19.45257544517517,-0.5819444516255973,-0.8982970896360093
19.487143516540527,0.21408841409394805,4.0747667680472705e-14,19.487143516540527,-0.5903829303568853,-0.8994200047539106
19.5196533203125,0.18602099882749124,0.02800000371833979,19.5196533203125,-0.5923084209614949,-0.8996788641353604
19.553678274154663,0.18506338676052358,0.02800000371833979,19.553678274154663,-0.6015050716603927,-0.9009130610909382
19.5855393409729,0.18658397601276974,0.03339999700035315,19.5855393409729,-0.6089597960236636,-0.9019244172890648
19.621551513671875,0.2086195704067417,0.022500027107545725,19.621551513671875,-0.6147672643091696,-0.9027139388456551
19.652058601379395,0.20837951966560975,0.022500027107545752,19.652058601379395,-0.6209367268020792,-0.9035608559784305
19.68953847885132,0.2083763208140684,2.2463081627427384e-08,19.68953847885132,-0.6291700681300071,-0.9046976235264168
19.719330549240112,0.18027356853533077,-1.312133254046527e-08,19.719330549240112,-0.6309480186546631,-0.9049460565985976
19.752737760543823,0.18140528712825757,-1.313014464971215e-08,19.752737760543823,-0.6399076245370694,-0.9061838257470098
19.786065340042114,0.1820533540836903,0.018200024512311536,19.786065340042114,-0.6471107657445105,-0.9071819913242657
19.819872617721558,0.1727744994398289,0.01677645694123552,19.819872617721558,-0.6498877683223022,-0.9075700664445677
19.853280067443848,0.17262910135764628,0.016776747042888368,19.853280067443848,-0.6553566266604992,-0.9083339539775415
19.886467695236206,0.17121216820249835,0.046499979087327635,19.886467695236206,-0.661724957874229,-0.9092313293659493
19.919865369796753,0.16896368093589964,0.048686103450850345,19.919865369796753,-0.6649441382429312,-0.9096903766099285
19.95334219932556,0.16865778065884449,0.07269997962442207,19.95334219932556,-0.6732361724178831,-0.9108849774990808
19.987517595291138,0.16831502110221153,0.07269997962542812,19.987517595291138,-0.6798952574047126,-0.9118663637208739
20.019100189208984,0.18128952673618628,0.06486291920449296,20.019100189208984,-0.6862119424553311,-0.9128061469297496
20.052876472473145,0.18077896062573368,0.09339998159255956,20.052876472473145,-0.6897961411713669,-0.913352574525908
20.09879207611084,0.1798598790559192,0.09339998159471308,20.09879207611084,-0.6969280229208821,-0.9144560083319434
20.125369548797607,0.16531020363779333,0.07379999624669241,20.125369548797607,-0.7009573886129388,-0.9150992458010192
20.152411460876465,0.16562130398677666,0.07379999622622982,20.152411460876465,-0.707467490186072,-0.9161442419701727
20.1870276927948,0.16557405387661028,0.07379999622622982,20.1870276927948,-0.7140030523202372,-0.917212856437715
20.219531297683716,0.16361523726800634,0.05199999693463577,20.219531297683716,-0.7187047256042652,-0.9179896163590796
20.25266456604004,0.16358891617789104,0.05199999693463577,20.25266456604004,-0.7219447453179964,-0.9185296382193938
20.286238431930542,0.16352341660026307,0.05199999693463577,20.286238431930542,-0.7300029596235101,-0.9198865566273172
20.319254398345947,0.13212113910623266,0.007712545969263088,20.319254398345947,-0.7305845313840411,-0.9199923487443039
20.355178833007812,0.13193990964586183,0.007712545969263088,20.355178833007812,-0.7357703455446146,-0.9208727261557809
20.389599323272705,0.13180342698586936,0.007712545969263088,20.389599323272705,-0.7396708949135057,-0.9215358336228853
20.421010971069336,0.0877573436714614,0.19096801919356055,20.421010971069336,-0.7399164663863929,-0.9216717531533449
20.452803134918213,0.0852480030031091,0.19107435227347577,20.452803134918213,-0.7415458853663743,-0.9219762550546328
20.486520528793335,0.08317925119928682,0.19107435227347577,20.486520528793335,-0.7456700318669848,-0.9227736233134614
20.520664930343628,0.17318526360951286,0.6715418522812766,20.520664930343628,-0.7533280467002972,-0.9245828736491353
20.554278135299683,0.1719872414211073,0.6715418522812766,20.554278135299683,-0.7599727273323675,-0.9263171656126343
20.587698698043823,0.17108673210576208,0.6715418522812766,20.587698698043823,-0.7649100546273075,-0.9277121544016477
20.618980884552002,0.16988198013761266,0.6715418522812766,20.618980884552002,-0.7714214736722558,-0.9297462928682851
20.653170824050903,0.1692689645657765,0.6715418522812766,20.653170824050903,-0.7746963638045589,-0.9308399918274052
20.690683126449585,0.1677739151405164,0.6715418522812766,20.690683126449585,-0.7825739962592182,-0.9336619809054312
20.71913433074951,0.16716489602648085,0.6715418522812766,20.71913433074951,-0.7857294057079824,-0.9348944757327499
20.752818822860718,0.16657097447799488,0.6715418522812766,20.752818822860718,-0.7887827448701564,-0.9361243782508047
20.78666114807129,0.16506427092788548,0.6715418522812766,20.78666114807129,-0.7964118781025192,-0.9393876608408415
20.820445775985718,0.3093213663689932,1.4589232525120508,20.820445775985718,-0.8179347816008287,-0.9510257388267086
20.852840662002563,0.3092297406700144,1.4589232525120508,20.852840662002563,-0.8306765840987631,-0.9597783855759263
20.886904001235962,0.3091564574719059,1.4589232525120508,20.886904001235962,-0.8403514538048691,-0.9674736207261085
20.920466661453247,0.36509664295970123,1.3588256601870952,20.920466661453247,-0.8524879684471054,-0.975110604351399
20.951927423477173,0.3649945800530515,1.3588256601870952,20.951927423477173,-0.860649367457131,-0.9823935625856572
20.98745059967041,0.364859023437911,1.3588256601870952,20.98745059967041,-0.8709449933646262,-0.99263489086911
21.02142834663391,0.37480312375227776,1.240714970829539,21.02142834663391,-0.87794487501492,-0.99858594892614
21.052960872650146,0.37470549690585825,1.240714970829539,21.052960872650146,-0.8902445744582856,-1.0125856874480286
21.091529607772827,0.37462538622321917,1.240714970829539,21.091529607772827,-0.8996337140268094,-1.0246527382507449
21.121258974075317,0.3417706091567558,1.1194429664358307,21.121258974075317,-0.9029340475054175,-1.0283362120747843
21.152220487594604,0.34150898530593177,1.1194429664358307,21.152220487594604,-0.9088401496740686,-1.0367108113562817
21.186575651168823,0.341159087854536,1.1194429664358307,21.186575651168823,-0.9162223709317291,-1.0482425277480647
21.21942710876465,0.32453748625089673,1.1638088529682376,21.21942710876465,-0.9193775514821292,-1.0542861394675167
21.252888679504395,0.323962083922746,1.1638088529682376,21.252888679504395,-0.9263777607300798,-1.0673925797553134
21.288649797439575,0.3234601897146609,1.1638088529682376,21.288649797439575,-0.9318740056228887,-1.0791068084768878
21.320844411849976,0.26870813404710714,1.3168209543113147,21.320844411849976,-0.9319247288230282,-1.0816740105958713
21.355264902114868,0.26789157160954635,1.3168209543113147,21.355264902114868,-0.9347865342724633,-1.0892046560253177
21.387778520584106,0.2669066111409361,1.3227999978847453,21.387778520584106,-0.9380106058299891,-1.0993070200345663
21.421773672103882,0.2635146205046417,1.349563031545718,21.421773672103882,-0.9395896710281166,-1.105133672347794
21.45309567451477,0.26220787849108657,1.349563031545718,21.45309567451477,-0.9423202499962745,-1.1170945163860133
21.48928427696228,0.26673427594859617,1.3495677506538881,21.48928427696228,-0.9439901757861836,-1.1278120939329568
21.52029299736023,0.2418206101070926,1.3268932926920303,21.52029299736023,-0.944478647987407,-1.133548577990713
21.554715633392334,0.24221767685017037,1.3268932926920303,21.554715633392334,-0.9448868609935425,-1.1384025396459734
21.58791971206665,0.24300914237940957,1.3268932926920303,21.58791971206665,-0.9453137458753524,-1.1481256134744933
21.62109065055847,0.17847019933464242,1.0465094874165768,21.62109065055847,-0.9452477855571866,-1.1500925022288768
21.65299940109253,0.1787472385821521,1.0465094874165768,21.65299940109253,-0.9450934767748341,-1.1571988921564926
21.691476821899414,0.17902561971534559,1.0465094874165768,21.691476821899414,-0.9446401600888478,-1.164338105522047
21.71963095664978,0.1792388881346703,1.0465094874165768,21.71963095664978,-0.9441206763544187,-1.1698016783580167
21.753568172454834,0.15672831067267806,0.7097999999456956,21.753568172454834,-0.9444211846259657,-1.171665294989332
21.786386013031006,0.15680529816847838,0.7097999999456956,21.786386013031006,-0.9435287867384317,-1.1794157217913182
21.822542190551758,0.15683624973626437,0.7097999999456956,21.822542190551758,-0.9430862801221318,-1.1825220351782149
21.852277517318726,0.1590033038628113,0.674832575492229,21.852277517318726,-0.9420233749108433,-1.1888550788756962
21.88684391975403,0.16015507453125075,0.674832575492229,21.88684391975403,-0.9408380318289399,-1.1951235087520904
21.92007875442505,0.1610206081203481,0.674832575492229,21.92007875442505,-0.9398380032694287,-1.1998433020351187
21.955187559127808,0.14439692717716177,0.7604284157580918,21.955187559127808,-0.9393299792631973,-1.2014053176056045
21.98806881904602,0.14739064772178262,0.7604255852189263,21.98806881904602,-0.9374480983428394,-1.208460510141719
22.02240538597107,0.14799757117716833,0.760426439505065,22.02240538597107,-0.9366074201083323,-1.2113029021963426
22.055583000183105,0.13248977525278513,0.9741762207005197,22.055583000183105,-0.9350572686127729,-1.2149569572670458
22.088846921920776,0.1345924827781034,0.9741917300095917,22.088846921920776,-0.9336299382603038,-1.218742464680014
22.120630741119385,0.1350246829208575,0.9639000030355097,22.120630741119385,-0.9315824309756713,-1.2236176830510188
22.152511596679688,0.10727300597264885,0.9639000000003352,22.152511596679688,-0.9314565949272557,-1.2233960089898548
22.186251640319824,0.10875017337140486,0.9639000000003352,22.186251640319824,-0.929122404274921,-1.2281268635073335
22.222082376480103,0.109499351296011,0.9639000000003352,22.222082376480103,-0.9280768919326935,-1.2300654325845226
22.25432014465332,0.10455481575637528,0.9749231045090746,22.25432014465332,-0.9261954322415229,-1.2332270873535736
22.2855863571167,0.10429782785557436,0.9749188657136948,22.2855863571167,-0.9245679701675172,-1.2358655992303904
22.32149600982666,0.1034938646820788,0.9749155443550136,22.32149600982666,-0.9222908747929215,-1.2392488808101507
22.354490041732788,0.1288385902835437,0.8671701872308065,22.354490041732788,-0.9197723307436202,-1.2431736642928863
22.387987852096558,0.12864867264499433,0.8671701872308065,22.387987852096558,-0.9159198171032407,-1.248327574387842
22.420540809631348,0.12722229158376666,0.8671631063909261,22.420540809631348,-0.914347214676219,-1.2502939889477878
22.45265245437622,0.12722874147373092,0.7228999778802555,22.45265245437622,-0.9129051640525947,-1.2521729210373926
22.48780632019043,0.12601327435939272,0.7163000109226906,22.48780632019043,-0.9088046013033545,-1.2570100402541877
22.522061824798584,0.1240986115336884,0.7163000109226906,22.522061824798584,-0.9052583225247938,-1.2609086075894533
22.55233407020569,0.15892393690314405,0.6864191799860156,22.55233407020569,-0.9002900987884106,-1.2664341698539074
22.585779428482056,0.15684758369193516,0.6864215749434602,22.585779428482056,-0.8958373893052082,-1.2708835288429592
22.62548017501831,0.15604724565445005,0.6864215253182273,22.62548017501831,-0.893552850879319,-1.273072085012514
22.65315008163452,0.16794873013044662,0.7098842021436047,22.65315008163452,-0.8891805775372817,-1.277200062293564
22.690847635269165,0.1670163093620345,0.7098884505647834,22.690847635269165,-0.8841508417121041,-1.2816135366445611
22.72020959854126,0.1663792975058302,0.7098884505647834,22.72020959854126,-0.8815909920672813,-1.2837667224374005
22.75475764274597,0.15320485383861596,0.7331942571477051,22.75475764274597,-0.8761273152421023,-1.2880121383893586
22.787853479385376,0.1515638365254061,0.725000003145554,22.787853479385376,-0.87127553537486,-1.2916264550126126
22.820124864578247,0.15091029825473382,0.725000003145554,22.820124864578247,-0.8687922290732853,-1.2933929268482418
22.852686405181885,0.15827702606312524,0.7384504624781408,22.852686405181885,-0.8643121503522011,-1.2965178371057866
22.886515378952026,0.15742251551581746,0.7384504624781408,22.886515378952026,-0.8590284152285163,-1.2999363833430435
22.919636487960815,0.15699195543021383,0.7384504624781408,22.919636487960815,-0.8563396213001863,-1.3015929158549104
22.954477548599243,0.20143298471895824,0.7272000083970267,22.954477548599243,-0.8444538981705638,-1.3088995373208911
22.986587047576904,0.20074115006792828,0.7272000083970267,22.986587047576904,-0.8373642577577612,-1.3127143780788033
23.02351999282837,0.20022310088276757,0.7272000083970267,23.02351999282837,-0.8320103884405557,-1.3154461489954725
23.054718494415283,0.2105319649189979,0.661800011954864,23.054718494415283,-0.8273586432862915,-1.3177893397239109
23.087194442749023,0.20989631763901434,0.6312000385863383,23.087194442749023,-0.8197294887318487,-1.3213014114208508
23.120394706726074,0.2094150093613709,0.6312000385863383,23.120394706726074,-0.8139172395041053,-1.3238406897901451
23.155665159225464,0.1841983107426969,0.6399000086931663,23.155665159225464,-0.8087936646248605,-1.3257589423993712
23.186732530593872,0.18339937174158938,0.6203000110023158,23.186732530593872,-0.801917493419541,-1.3283533933580118
23.220234155654907,0.18280030772174977,0.6203000110023158,23.220234155654907,-0.7967453747586852,-1.3301940329573707
23.254282474517822,0.15930999878126512,0.6247690369205114,23.254282474517822,-0.7953624346751156,-1.3305381885898773
23.289045572280884,0.15833723020329668,0.6247690369205114,23.289045572280884,-0.7893834055328095,-1.3324158379072173
23.320799827575684,0.1619274525023694,0.6247880693811828,23.320799827575684,-0.7845506062190032,-1.3338016635280796
23.352938890457153,0.14936430050118313,0.615336223973648,23.352938890457153,-0.7797242155023982,-1.3350220952714542
23.387377500534058,0.14962350527118265,0.615336223973648,23.387377500534058,-0.7753635954789431,-1.3361023705893043
23.41923213005066,0.1499684208377764,0.615336223973648,23.41923213005066,-0.7695157119098611,-1.3373990144927015
23.455504894256592,0.13050024394391713,0.43139228338158814,23.455504894256592,-0.7687629903971007,-1.3375625539849547
23.488662719726562,0.13141001178168324,0.4313921203507554,23.488662719726562,-0.7623465675515649,-1.3388560760307877
23.519785404205322,0.13020302860317154,0.4313930816512262,23.519785404205322,-0.7598121771505482,-1.3393352781010073
23.5534827709198,0.1334045976537232,0.23105006360916333,23.5534827709198,-0.7544662450906474,-1.3404717054580109
23.592807054519653,0.13357356428078665,0.23105152319429423,23.592807054519653,-0.7505171415959523,-1.3411857835950045
23.62487006187439,0.13354330209122622,0.23105152319429423,23.62487006187439,-0.7452402835303128,-1.342093093560368
23.65281653404236,0.11594138602521584,0.04097373112561615,23.65281653404236,-0.7444564969681027,-1.3423828549817036
23.688532829284668,0.11579771843433119,0.040971894893224614,23.688532829284668,-0.7387991742243744,-1.3434028385461616
23.72073745727539,0.11655841076447411,0.04097727127094022,23.72073745727539,-0.7364481413635675,-1.3438194962410297
23.75437355041504,0.12310512213110501,-0.1622548556882964,23.75437355041504,-0.733932335027383,-1.344453893089278
23.78719425201416,0.12391934220238769,-0.16224670076529335,23.78719425201416,-0.7278715863152773,-1.3456584444765327
23.821299076080322,0.12575404185593939,-0.16223032839528295,23.821299076080322,-0.7229358001535223,-1.3466774682525957
23.85319185256958,0.09440989788714456,-0.5082994922595285,23.85319185256958,-0.7246454339104601,-1.3467352725565718
23.88847827911377,0.09623904685509953,-0.49230000698836063,23.88847827911377,-0.720057497878157,-1.3479167790932258
23.920196533203125,0.09759511933401442,-0.49230000698871496,23.920196533203125,-0.7181491743116137,-1.3484490284731365
23.955233573913574,0.11400678754699307,-0.5849205412957119,23.955233573913574,-0.715003229986414,-1.3493156765988825
23.98824191093445,0.11613255098335057,-0.5849205412957119,23.98824191093445,-0.7095057125026856,-1.351018882468856
24.019508123397827,0.11783137540750067,-0.5849205412957119,24.019508123397827,-0.7050798344247569,-1.352527540159371
24.052136659622192,0.12231653287895079,-0.4016901251918735,24.052136659622192,-0.7024098753877375,-1.3534227988447585
24.0878324508667,0.12445187030914089,-0.4016901251918735,24.0878324508667,-0.6966190814567592,-1.3555408968670284
24.122386932373047,0.12671802494355508,-0.40167623879148234,24.122386932373047,-0.6941959094149773,-1.3564706906771888
24.156160593032837,0.15830650012694297,-0.03544428504961063,24.156160593032837,-0.688635896419814,-1.3583127508679584
24.186309576034546,0.16061518945257514,-0.03544428504961063,24.186309576034546,-0.6811567592371383,-1.3610728605143365
24.221940755844116,0.16153917651097066,-0.03544428504961063,24.221940755844116,-0.6781346462464524,-1.362192876661243
24.254111528396606,0.1366488283841313,0.5477180239839485,24.254111528396606,-0.6718937068065399,-1.3637744384452726
24.286515712738037,0.13839051641683522,0.5477180239839485,24.286515712738037,-0.6666174997135564,-1.3653402931232461
24.319958448410034,0.139272541898329,0.5477180239839485,24.319958448410034,-0.6639072105253077,-1.366096442605185
24.354705333709717,0.17861368337959452,0.8044871964176037,24.354705333709717,-0.6554132041226469,-1.368194569457625
24.38981342315674,0.18050033615220146,0.8044871964176037,24.38981342315674,-0.6484964567468966,-1.3696613472883767
24.420053720474243,0.18146394316085024,0.8044871964176037,24.420053720474243,-0.6449186596151694,-1.3703317360679257
24.453194618225098,0.19272707707111414,0.8084660717899382,24.453194618225098,-0.6349913934462966,-1.3719646644496608
24.48716449737549,0.19220232905608353,0.8084270325101803,24.48716449737549,-0.627407066160465,-1.3728868890682921
24.519550800323486,0.19352528464081162,0.8084353128140949,24.519550800323486,-0.6216192442820785,-1.37344383517006
24.553372859954834,0.2215403339799606,0.36964221084239407,24.553372859954834,-0.6166447800803122,-1.37446075577354
24.587676286697388,0.22226109188897306,0.36964221084239407,24.587676286697388,-0.6078350271839229,-1.3753122252270684
24.620431184768677,0.2228072056779245,0.36964221084239407,24.620431184768677,-0.6011340879473831,-1.3758851819539222
24.65467095375061,0.22625583209503097,0.09299295907520398,24.65467095375061,-0.5923503469650563,-1.3769771994599553
24.686015129089355,0.22649310566349157,0.09299295907520398,24.686015129089355,-0.5878425308120662,-1.3773762531371294
24.719178438186646,0.22708617087052016,0.09299295907520398,24.719178438186646,-0.5765516698428167,-1.3783419355344289
24.755234956741333,0.22204465754985978,-0.09803415470985848,24.755234956741333,-0.5725373157836917,-1.3789550646886628
24.785186767578125,0.22261672557263026,-0.09803415470985848,24.785186767578125,-0.5614752592660747,-1.3800462603016175
24.81931972503662,0.2246501045112558,-0.09803825078202175,24.81931972503662,-0.5569039671378919,-1.3805096777028563
24.8529155254364,0.18997130462916395,-0.5500085627820339,24.8529155254364,-0.5513592626288337,-1.3818988274409465
24.888657093048096,0.19182706450173886,-0.5500016510536994,24.888657093048096,-0.5456873390905161,-1.382779511451549
24.920634031295776,0.1920797975209999,-0.5500080148612677,24.920634031295776,-0.5381596981337086,-1.384125349332707
24.952616453170776,0.1546211753710239,-0.7414788507188022,24.952616453170776,-0.5376039609727034,-1.3846295327352125
24.986027002334595,0.15586807701980276,-0.7414788507188022,24.986027002334595,-0.5300468624110719,-1.3864016947953566
25.021215200424194,0.15637170483709112,-0.7414788507188022,25.021215200424194,-0.5269985864152772,-1.3872072170121945
25.05716300010681,0.15885928160769658,-0.7414774675136051,25.05716300010681,-0.520896734221347,-1.3889640574426925
25.088481664657593,0.1697219239521834,-0.7439413233202097,25.088481664657593,-0.5152690969836191,-1.3906708728857469
25.119341373443604,0.1712501947420311,-0.7439413233202097,25.119341373443604,-0.5088273115676214,-1.3928979403259345
25.15383219718933,0.16836876611413779,-0.3742293769618096,25.15383219718933,-0.5053935397236626,-1.3935304154815138
25.186205625534058,0.16858390763687958,-0.3742418063199848,25.186205625534058,-0.4974775049007973,-1.396280263858002
25.22136640548706,0.16972456763223778,-0.37423699844933617,25.22136640548706,-0.4942349290087316,-1.3974616589831328
25.253999948501587,0.1699478950521188,0.12317075797237015,25.253999948501587,-0.4894153278371846,-1.3983305781445707
25.288896799087524,0.17065926208678575,0.12317070007308129,25.288896799087524,-0.48221272535388804,-1.4006498818592825
25.321062803268433,0.17091350998466512,0.12317065330665986,25.321062803268433,-0.4756987615026716,-1.4027090455604367
25.352598905563354,0.16315529927680594,0.779750779995357,25.352598905563354,-0.4723900597556309,-1.4025202855758219
25.386488437652588,0.16241129966680587,0.7797454963451762,25.386488437652588,-0.46446496278546323,-1.4042885084481938
25.421197175979614,0.16119381775201663,0.7797424184936539,25.421197175979614,-0.4612779428333389,-1.4049006009210325
25.454323530197144,0.16079411503506816,0.7797424184936539,25.454323530197144,-0.4581479279881877,-1.4054529018810107
25.487312078475952,0.14028522568634152,1.0371424039467412,25.487312078475952,-0.45227412162856134,-1.4056455893858262
25.52049469947815,0.13834277726327046,1.0371332691664807,25.52049469947815,-0.44674380231585004,-1.4060535717325955
25.55253005027771,0.13735975770819242,1.0371332691664807,25.55253005027771,-0.44261304632938536,-1.4062292185278964
25.592257976531982,0.1687890145149768,0.9311061067963421,25.592257976531982,-0.4332068142189405,-1.4067489669484652
25.621124505996704,0.1681748701360043,0.9311061067963421,25.621124505996704,-0.4297969130268645,-1.406697127048769
25.6518976688385,0.16788714973661065,0.4383804875701247,25.6518976688385,-0.4253903319797663,-1.4071029497536283
25.687442541122437,0.16674444705728558,0.4383804875701247,25.687442541122437,-0.41901442653205845,-1.4069770888251956
25.71882462501526,0.166149406198674,0.4383804875701247,25.71882462501526,-0.415712585288601,-1.4068704749596759
25.75607132911682,0.16845791860237977,-0.10138805286399333,25.75607132911682,-0.40791969175805987,-1.4072542159036843
25.78640913963318,0.16402823376969694,-0.10137507803458051,25.78640913963318,-0.40133969286399573,-1.4072385793609714
25.820844888687134,0.16259899065093686,-0.10137507803458051,25.820844888687134,-0.39803622005651823,-1.4072311651085905
25.852975845336914,0.16049355421953093,-0.10137507803458051,25.852975845336914,-0.3932224825756005,-1.4072302323077646
25.888712167739868,0.15767107123696472,-0.10137507803458051,25.888712167739868,-0.38686781140978505,-1.4072548405789034
25.920034408569336,0.15932224025055303,-0.10137960010901649,25.920034408569336,-0.3834536849269225,-1.407270297731274
25.95473861694336,0.15685961564777734,-0.10137960010901649,25.95473861694336,-0.3755514448323645,-1.4073502772585211
25.988465785980225,0.15488764656314516,-0.10137960010901649,25.988465785980225,-0.36931278187922406,-1.4074437958284856
26.021538734436035,0.15341263109114003,-0.10137960010901649,26.021538734436035,-0.36469814387882016,-1.4075270335629424
26.054260730743408,0.1523951032158242,-0.10137960010901649,26.054260730743408,-0.36154069631174607,-1.4075935746125394
26.088059425354004,0.14725134636355078,-0.1013781388639748,26.088059425354004,-0.354500102991055,-1.407772175004249
26.119288444519043,0.14603846724267852,-0.0985000003395149,26.119288444519043,-0.3515396616943689,-1.407842323880106
26.155132293701172,0.14365221653169094,-0.08330003841278658,26.155132293701172,-0.345775040986071,-1.408018713342538
26.185593605041504,0.14385041247630814,-0.08330003841278658,26.185593605041504,-0.34265843770465404,-1.4081185132014953
26.220736503601074,0.14372727074537858,-0.09419999394334921,26.220736503601074,-0.33505538534792434,-1.408385559167147
26.25222134590149,0.14284309914671062,-0.09419999394334921,26.25222134590149,-0.33218127066898256,-1.4084989189630337
26.288687705993652,0.21851780120566672,-0.12147945823657649,26.288687705993652,-0.3006872597910239,-1.4094363508680037
26.31936740875244,0.21752411473071592,-0.14649998519121796,26.31936740875244,-0.2963427416255527,-1.409646012055904
26.352636337280273,0.2159045194732062,-0.14649998519121796,26.352636337280273,-0.2877171034909644,-1.410095575620772
26.386119604110718,0.21922462871033657,-0.1492354022646933,26.386119604110718,-0.28048095479761204,-1.4104897422724232
26.421066522598267,0.21761685867087588,-0.1492354022646933,26.421066522598267,-0.27176414248534553,-1.411034723162894
26.451757192611694,0.21680796779508918,-0.1492354022646933,26.451757192611694,-0.26740411751849336,-1.411326922236552
26.488256692886353,0.19040043096587603,-0.09960001642219166,26.488256692886353,-0.2599529883175229,-1.41188256395849
26.521066427230835,0.1895234889666714,-0.09960001642219166,26.521066427230835,-0.2561408227160785,-1.4121647166768156
26.554883241653442,0.18866052625483354,-0.10839998897941258,26.554883241653442,-0.25240716749939324,-1.4124485838358618
26.585351705551147,0.1625780385248869,-0.12878262502747514,26.585351705551147,-0.2457325403699637,-1.4130026917501342
26.620851516723633,0.16065860232462842,-0.12878264646228452,26.620851516723633,-0.23929062250752964,-1.413553414259507
26.655946731567383,0.15914924026479982,-0.12878264646228452,26.655946731567383,-0.2342697044422254,-1.414002259524489
26.687641859054565,0.14974469077909192,-0.085170044951123,26.687641859054565,-0.22906281389002126,-1.4144791902937282
26.719032764434814,0.14875797022645537,-0.085170044951123,26.719032764434814,-0.2260647461290311,-1.4147630490862053
26.755361795425415,0.14729747048678885,-0.085170044951123,26.755361795425415,-0.22166424351511416,-1.4151873225007972
26.786638498306274,0.1564788820120892,0.18499204764164406,26.786638498306274,-0.2143769634475473,-1.415654028819719
26.82233452796936,0.1555384713203132,0.18499204764164406,26.82233452796936,-0.21127277553569626,-1.4158843892662647
26.852465391159058,0.15318183445916148,0.18499204764164406,26.852465391159058,-0.20357277789090136,-1.416410121096313
26.89134383201599,0.170960939736125,0.7387936778982076,26.89134383201599,-0.1941690030660059,-1.416147789922185
26.91954779624939,0.17011009376702824,0.7387936778982076,26.91954779624939,-0.19083662071185165,-1.4160913047724941
26.952866315841675,0.16880916125261525,0.7387936778982076,26.952866315841675,-0.18577536273981884,-1.4159323929941874
26.987244367599487,0.16137463984981942,1.4293885166716267,26.987244367599487,-0.18033987453713066,-1.4141524420322678
27.021162271499634,0.16118791278768083,1.4293885166716267,27.021162271499634,-0.17716003236110878,-1.4135844250328116
27.053802013397217,0.15908671330574642,1.4293826393299656,27.053802013397217,-0.1693736964247579,-1.4118295663084701
27.08821415901184,0.1916592147665362,1.8763462703217564,27.08821415901184,-0.15934963643253183,-1.4081893677477058
27.12004518508911,0.18946596146107114,1.876343687816341,27.12004518508911,-0.15412425585888728,-1.4060134098185926
27.15764021873474,0.18937255948270335,1.8763446416969132,27.15764021873474,-0.15062812205926848,-1.4043017211117788
27.191600561141968,0.15376249991679272,1.8867391886428029,27.191600561141968,-0.14732336734498133,-1.4018726987913468
27.220194816589355,0.1527624728889823,1.8867391886428029,27.220194816589355,-0.14359000985489562,-1.399479289602573
27.25401782989502,0.15138667719950627,1.8867391886428029,27.25401782989502,-0.1387475159504853,-1.3958481018878046
27.290005922317505,0.14811380619141165,1.5623093213718675,27.290005922317505,-0.13505149223568205,-1.3934401415704858
27.319381713867188,0.14671888883606177,1.5623093213718675,27.319381713867188,-0.13066224696875664,-1.3894929894736365
27.354756593704224,0.1460207217978818,1.5623093213718675,27.354756593704224,-0.1285752258043771,-1.3874309429863614
27.387709140777588,0.14224270276741732,1.5623002124234364,27.387709140777588,-0.1238026635973353,-1.3822067967120384
27.423055171966553,0.1434183262163735,1.5623086908300996,27.423055171966553,-0.12187439145259359,-1.3798360550092867
27.46168541908264,0.13986969882673417,1.5623020991816468,27.46168541908264,-0.11864127279478871,-1.3754340070739386
27.487277507781982,0.13844393423801263,1.5623020991816468,27.487277507781982,-0.116342572631717,-1.3719246240106233
27.520036220550537,0.13483472983016428,1.5622985523398116,27.520036220550537,-0.11372098745704742,-1.367366420569033
27.55507183074951,0.13531904075354262,1.562301530711459,27.55507183074951,-0.11235693215925274,-1.3647951061899535
27.587676763534546,0.13418106099083946,1.5623032604532168,27.587676763534546,-0.10947901412204501,-1.3585537585969323
27.62049913406372,0.13335295414497023,1.5623032604532168,27.62049913406372,-0.10850487950191134,-1.3560392384702096
27.65311050415039,0.13253767989263598,1.5623032604532168,27.65311050415039,-0.10762967893851574,-1.3535500967791687
27.686898469924927,0.12648912811269938,1.562299699124829,27.686898469924927,-0.10607253948541454,-1.347835395095131
27.719354152679443,0.12525430933467838,1.562299699124829,27.719354152679443,-0.10549801711742678,-1.345371328895601
27.753824472427368,0.12218685950598171,1.562299699124829,27.753824472427368,-0.10439788360823364,-1.339293893191994
27.787237644195557,0.11973150944707005,1.562299699124829,27.787237644195557,-0.10391068726169526,-1.3344842134464383
27.821603059768677,0.11849063000098048,1.562299699124829,27.821603059768677,-0.10377311906687474,-1.3320821367643567
27.85830068588257,0.11650054259853494,1.562299699124829,27.85830068588257,-0.10367549668203366,-1.3282770283796144
27.888471364974976,0.1138278779906439,1.5622995676533193,27.888471364974976,-0.10386787203268504,-1.3240342938336316
27.91961932182312,0.11256201975091076,1.5622995676533193,27.91961932182312,-0.10405764079341018,-1.3217652662671675
27.954818964004517,0.10745415302467501,1.562299045387775,27.954818964004517,-0.10483410257559016,-1.3166757596302707
27.987417459487915,0.1046177569460992,1.562299045387775,27.987417459487915,-0.105711831290525,-1.3125245736564262
28.022430181503296,0.10318941386210856,1.562299045387775,28.022430181503296,-0.10624080129383774,-1.3104985273449383
28.05459713935852,0.10107582150305087,1.562299045387775,28.05459713935852,-0.10710259151765071,-1.3075772636995089
28.088211059570312,0.0982414735059395,1.562299045387775,28.088211059570312,-0.10846853197247087,-1.3038337599379435
28.123064756393433,0.0968208349844872,1.562299045387775,28.123064756393433,-0.1092224959081063,-1.3020300659386046
28.153727054595947,0.09327790388623548,1.562299045387775,28.153727054595947,-0.11127061425133926,-1.2977441877253173
28.189385414123535,0.19929735372866406,-0.06810706159543378,28.189385414123535,-0.0854568053643899,-1.242187705442306
28.219618320465088,0.19798727874972744,-0.06810706159543378,28.219618320465088,-0.084415881922772,-1.2382942097842207
28.2533061504364,0.19604554867588359,-0.06810706159543378,28.2533061504364,-0.08287779588862987,-1.2325728118700738
28.290950536727905,0.16310211954906853,-0.3591700964331361,28.290950536727905,-0.07789245857716498,-1.2306598205800283
28.32079291343689,0.1617087045421058,-0.3591700964331361,28.32079291343689,-0.07677085338349879,-1.227602722481695
28.35609197616577,0.1582354480131041,-0.3591700964331361,28.35609197616577,-0.07393104383707229,-1.22012892478933
28.38737988471985,0.11725839800253517,-0.7534253230210363,28.38737988471985,-0.07036948797421663,-1.218449833933856
28.42087435722351,0.11492479199989714,-0.7534253230210363,28.42087435722351,-0.06881303468264793,-1.2153331166799783
28.453250408172607,0.11335361584724775,-0.7534253230210363,28.453250408172607,-0.06773634695805666,-1.2132937959418402
28.489022731781006,0.09437560836828073,-0.7552231805762943,28.489022731781006,-0.06618980153918158,-1.2107227664895839
28.520014762878418,0.09189746119477152,-0.7552231805762943,28.520014762878418,-0.06475900855250348,-1.2082873117414519
28.554449558258057,0.08865548228312603,-0.7552231805762943,28.554449558258057,-0.06285192566896425,-1.2052555448098041
28.588286876678467,0.06499772075853895,-0.41179446421990357,28.588286876678467,-0.06391304500205748,-1.2062049636969554
28.62078285217285,0.0606291875562791,-0.41179446421990357,28.62078285217285,-0.06224412845601477,-1.2035470861819835
28.653048515319824,0.058872987744922424,-0.41179446421990357,28.653048515319824,-0.06158998364746859,-1.2025408353839064
28.687684774398804,-0.005513384215866323,-0.08451758179531743,28.687684774398804,-0.06415828857725231,-1.2056673525259056
28.719529628753662,-0.0065763313051782745,-0.08452234473204545,28.719529628753662,-0.06426204488133619,-1.2062094238407535
28.75373411178589,-0.010381303517226312,-0.0845218407140132,28.75373411178589,-0.06443957158813914,-1.2064510687404053
28.78810691833496,-0.013169733676217559,-0.0845218407140132,28.78810691833496,-0.06462888751647983,-1.2067496794450454
28.819578170776367,0.005092342014469434,0.3191570217264015,28.819578170776367,-0.0639811840081692,-1.205620651890635
28.85213279724121,0.0032636053666106305,0.3191570217264015,28.85213279724121,-0.06393954752635382,-1.2055467613835753
28.889284133911133,-0.0012168668758519789,0.3191570217264015,28.889284133911133,-0.06391486390223944,-1.2055022485938607
28.92304301261902,0.03182676134299279,0.5471006529233742,28.92304301261902,-0.06244824559932953,-1.203314906654606
28.95409631729126,0.02884840823639091,0.5470982080845871,28.95409631729126,-0.061915636578889634,-1.2021265632348843
28.98610520362854,0.027180565383241102,0.5470993819945659,28.98610520362854,-0.06155968220667121,-1.2014058659741231
29.022106885910034,0.07861491302759338,0.9045783894698124,29.022106885910034,-0.0586186142511758,-1.1949374893994908
29.054184913635254,0.0774799574020835,0.9045783894698124,29.054184913635254,-0.05807413052246231,-1.1934455342943664
29.091333627700806,0.07470835097333309,0.9045783894698124,29.091333627700806,-0.056881682657038905,-1.189857428323286
29.12010359764099,0.12467060288421897,1.1278036650078251,29.12010359764099,-0.05482681279022556,-1.1835617643868486
29.15454387664795,0.12364028253268083,1.1278036650078251,29.15454387664795,-0.05423743323881042,-1.181178116716658
29.18967843055725,0.12097882707366286,1.1278036717868203,29.18967843055725,-0.05297757122788439,-1.1751830120871323
29.22114849090576,0.1074145536046472,1.059771624652158,29.22114849090576,-0.05281128469660244,-1.1739597725573168
29.253197193145752,0.10468507748907786,1.059771624652158,29.253197193145752,-0.052093554620562546,-1.1687089435501894
29.288119554519653,0.10243607366880737,1.059771624652158,29.288119554519653,-0.05173299099380296,-1.1644596879792277
29.320188522338867,0.1573931497702859,0.4911925652258765,29.320188522338867,-0.05022646471328673,-1.157202791990844
29.355168104171753,0.15591937491691496,0.4911925652258765,29.355168104171753,-0.04974947517446657,-1.152563629596707
29.386560440063477,0.1539442683291046,0.4911925652258765,29.386560440063477,-0.049237316224222144,-1.1464037242511467
29.420994520187378,0.15077361398050132,0.38515913002660873,29.420994520187378,-0.04892693395491259,-1.1437654206724328
29.455848455429077,0.14828423407351252,0.38515913002660873,29.455848455429077,-0.048433217640201205,-1.1362926392496044
29.489058017730713,0.14886472832711875,0.38516532205957715,29.489058017730713,-0.04815679007003689,-1.1302954325337964
29.518987894058228,0.1122020465280392,0.5994262188055668,29.518987894058228,-0.04855457293745093,-1.1296659447203372
29.555994272232056,0.11094127485773103,0.5993953995658273,29.555994272232056,-0.04855772542724411,-1.1274266900483623
29.58665442466736,0.10942750306081335,0.5993953995658273,29.58665442466736,-0.048649882730761006,-1.1230418556758746
29.623263835906982,0.1262535353120662,1.1236620561772268,29.623263835906982,-0.049459733992210035,-1.1152019168167977
29.652096033096313,0.1254488422944693,1.1236618773376708,29.652096033096313,-0.05015342237687902,-1.1102346225358413
29.689056158065796,0.1243040346181729,1.1236618773376708,29.689056158065796,-0.051061785711186296,-1.1053163427174904
29.720330715179443,0.15438619636906087,1.359862469626456,29.720330715179443,-0.052697554241954894,-1.097767286881341
29.75595188140869,0.15393196803974005,1.359862469626456,29.75595188140869,-0.05358987950087938,-1.0946719201574842
29.786998510360718,0.1530836316386883,1.359862469626456,29.786998510360718,-0.055487441266333495,-1.0889899258147828
29.820898056030273,0.14918253212820592,1.3564588340355586,29.820898056030273,-0.057026240374846694,-1.085006048319146
29.854240894317627,0.14935667729211355,1.3564446907901067,29.854240894317627,-0.059455981382839404,-1.0795350838728206
29.887336254119873,0.1491497194663567,1.3564446907901067,29.887336254119873,-0.06078603387305699,-1.076830528278608
29.919523239135742,0.14428719131372278,1.1138969199866557,29.919523239135742,-0.06385222393678296,-1.0702455156579866
29.95426917076111,0.1447867170488474,1.1138936563433355,29.95426917076111,-0.06530469635965537,-1.0677105217979173
29.98643970489502,0.14467748270927358,1.1138936563433355,29.98643970489502,-0.0691098596288269,-1.0615591517561669
30.020683526992798,0.17348132532151164,0.42135044681811085,30.020683526992798,-0.0716321270417999,-1.0551252607009478
30.052518129348755,0.17348613413993064,0.42135044681811085,30.052518129348755,-0.07519154350224111,-1.0491967846786874
30.088581323623657,0.17348974911506249,0.42135044681811085,30.088581323623657,-0.07792330806942399,-1.0447740301236652
30.120469093322754,0.20425719710922252,0.11981278106065874,30.120469093322754,-0.08303372635092493,-1.0354513099258869
30.155972719192505,0.20433290786745328,0.11981278106065874,30.155972719192505,-0.08514687894335765,-1.0319587114046909
30.18771004676819,0.20452376977355186,0.11981278106065874,30.18771004676819,-0.09051126814437646,-1.0231688961957546
30.220914840698242,0.1938994929887007,-0.20209741901074182,30.220914840698242,-0.09164620489113917,-1.0203413234383716
30.252646923065186,0.19572790546001673,-0.20209949971015495,30.252646923065186,-0.09552382783234976,-1.013557765841861
30.286919116973877,0.19673257343242484,-0.20209949971015495,30.286919116973877,-0.09838851882898388,-1.0084639400520539
30.319489240646362,0.19942586255468886,-0.3614630766385777,30.319489240646362,-0.10202739162615992,-1.0012039645945878
30.353102922439575,0.20010939645684356,-0.3614630766385777,30.353102922439575,-0.10388432938250591,-0.9976228064757419
30.388378620147705,0.20360531397221165,-0.3614639206810836,30.388378620147705,-0.10845300909598982,-0.9885698071558955
30.419734954833984,0.24752883745125584,-0.06241944144359699,30.419734954833984,-0.11269659897869759,-0.9813738109620428
30.453022480010986,0.2487297186949341,-0.06241944144359699,30.453022480010986,-0.11496409276682591,-0.9770051418703255
30.488022089004517,0.2525749234416723,-0.06242567992399594,30.488022089004517,-0.1207282801141116,-0.9658495684834165
30.519705772399902,0.2357459649772637,0.3448730344195501,30.519705772399902,-0.1250274763002129,-0.9597289107156326
30.55311155319214,0.23678575946311278,0.3448731721212481,30.55311155319214,-0.12739323868457297,-0.9556384577891669
30.58774733543396,0.23964214332896175,0.3448729216661468,30.58774733543396,-0.13347279067716653,-0.9453902974482454
30.621200799942017,0.23867442268391534,0.8611489079035444,30.621200799942017,-0.13671801313705592,-0.942390201608775
30.652698040008545,0.23950023652559682,0.8611499124694986,30.652698040008545,-0.13945512636680532,-0.9385122672477265
30.687710523605347,0.24114096219378073,0.8611516304009199,30.687710523605347,-0.14661921854722473,-0.9289326997923463
30.719544410705566,0.19804136264756056,1.1411397481798955,30.719544410705566,-0.14754902413366508,-0.9292606248676358
30.757505893707275,0.1999687292185063,1.1411397481798955,30.757505893707275,-0.15423508637906347,-0.921893693085159
30.78950309753418,0.20151397704155524,1.1411397481798955,30.78950309753418,-0.15995516291377979,-0.9162341720517235
30.82193660736084,0.18414342423130603,1.189383009962855,30.82193660736084,-0.16174680737813582,-0.9149320046174779
30.85315752029419,0.18629739996160427,1.1893872878598948,30.85315752029419,-0.1659894847532806,-0.9112442335421842
30.887582540512085,0.18970303028592206,1.1893908179228778,30.887582540512085,-0.17186236480004127,-0.9066072883885564
30.919868230819702,0.20672180287163214,1.077736642143383,30.919868230819702,-0.17595611753075674,-0.9032212016876809
30.954432487487793,0.21002389018560413,1.077736642143383,30.954432487487793,-0.18450035214620122,-0.8972752862415568
30.986661672592163,0.21267016814110334,1.077736642143383,30.986661672592163,-0.19168628517907968,-0.8928071842919779
31.020076990127563,0.15937039948045134,0.783756637315014,31.020076990127563,-0.19154414380728596,-0.8928312888790081
31.052873134613037,0.16237487099195586,0.7837515524287775,31.052873134613037,-0.1944238375651945,-0.8911670667353657
31.0877583026886,0.16673975812536573,0.7837505723085676,31.0877583026886,-0.2001499164531418,-0.8880184822022535
31.12036895751953,0.20440331532379113,0.7797875630406966,31.12036895751953,-0.2078886619497135,-0.8837679707542708
31.153014183044434,0.20861410281988155,0.7797875630406966,31.153014183044434,-0.21529086586455712,-0.8802042367251214
31.186022996902466,0.2120803876539905,0.7797878876861907,31.186022996902466,-0.22295670620737515,-0.8768006425661725
31.220086812973022,0.23111648428903286,0.9223308292202552,31.220086812973022,-0.2306115034153246,-0.8738095958455944
31.2521333694458,0.23312255212153948,0.9223308292202552,31.2521333694458,-0.23497019472825234,-0.8721977148735398
31.2868492603302,0.23479578637384715,0.9223339517615325,31.2868492603302,-0.24373862305193036,-0.8692212725707625
31.320048332214355,0.18872735051683714,1.2074545863059578,31.320048332214355,-0.24585223550687618,-0.869501450542462
31.35466980934143,0.19153276749112644,1.2074545863059578,31.35466980934143,-0.25316532568403965,-0.8678094594065017
31.38846516609192,0.19480027308229206,1.2074572232117757,31.38846516609192,-0.25888925896672166,-0.8667010766948243
31.420442819595337,0.17153817646687983,1.3448314180214933,31.420442819595337,-0.26369354682888185,-0.8665514719870967
31.45372986793518,0.17295272109840804,1.3448314180214933,31.45372986793518,-0.2671630747404713,-0.8662360800751068
31.490647554397583,0.17643501280671156,1.3448314180214933,31.490647554397583,-0.27585092942898215,-0.8658258403166008
31.519522666931152,0.1782611794464695,1.335880829856668,31.519522666931152,-0.2794803229519266,-0.8658179892677924
31.554064989089966,0.1809074257258326,1.3358818714934313,31.554064989089966,-0.2866126920512032,-0.8661239510661298
31.58746027946472,0.1829419103973436,1.3358818714934313,31.58746027946472,-0.29205102808378697,-0.8665754114683313
31.62053656578064,0.16046580532142968,0.9557582919798118,31.62053656578064,-0.29699407140842854,-0.8667734845359455
31.652377367019653,0.16167303588346077,0.9557582919798118,31.652377367019653,-0.3001987621478574,-0.8671954022726539
31.686826944351196,0.1623756921936422,0.9557887475439029,31.686826944351196,-0.3081210541094432,-0.8684761039736866
31.719375133514404,0.18804362054680607,0.6111482907218941,31.719375133514404,-0.31501696831528264,-0.8689271932296203
31.7539381980896,0.18964617825629276,0.6111482907218941,31.7539381980896,-0.32240418534993237,-0.8703082023494156
31.787946224212646,0.19085352240067577,0.6111482907218941,31.787946224212646,-0.32799108139942085,-0.8714584193353945
31.821311473846436,0.22894341873101262,0.5175731139187304,31.821311473846436,-0.3397665060838897,-0.8737975606736075
31.853014707565308,0.22978481473936024,0.5175731139187304,31.853014707565308,-0.34424416998009355,-0.8748685483716551
31.891456127166748,0.23331325412971837,0.5175666237074751,31.891456127166748,-0.35548334943343635,-0.8777616390111358
31.919397830963135,0.22543887887474928,0.7293061727355941,31.919397830963135,-0.3585568854518862,-0.8791190896199184
31.95410656929016,0.2268686543783556,0.7293061727355941,31.95410656929016,-0.36284902420965265,-0.8804649287742757
31.986987590789795,0.2297013275308824,0.7293147321410544,31.986987590789795,-0.3759878395290428,-0.8849362488123066
32.020713567733765,0.24843053562591982,1.1221844223960762,32.020713567733765,-0.3808760303141364,-0.8875885004092275
32.05320930480957,0.24957619695722152,1.1221844223960762,32.05320930480957,-0.38536186632347075,-0.8895806053331523
32.087531089782715,0.2524807792000449,1.1221844223960762,32.087531089782715,-0.396637353192694,-0.8950760487836006
32.11974906921387,0.17900454443782282,1.3637327645358284,32.11974906921387,-0.3965393591860704,-0.8966801017889584
32.153794288635254,0.18055725513940463,1.3637327645358284,32.153794288635254,-0.4010735087100348,-0.8995932634596577
32.185710430145264,0.18263162022564008,1.3637327645358284,32.185710430145264,-0.40696798057994565,-0.9038518981082784
32.22031331062317,0.18063643010346736,1.3994343471900095,32.22031331062317,-0.4095028260468479,-0.9060178891456867
32.25284266471863,0.18369016179537778,1.3993527669773034,32.25284266471863,-0.41370687281722957,-0.9095613479015868
32.289507150650024,0.18652213455437747,1.3993527669773034,32.289507150650024,-0.41909696126988866,-0.9146210603478626
32.320043087005615,0.21342541707123427,1.0347603910895804,32.320043087005615,-0.4255707359819555,-0.9194294436864732
32.355347633361816,0.2173600325708403,1.0347565904385096,32.355347633361816,-0.43308192342484975,-0.9271572782804977
32.39515471458435,0.22041617970230742,1.0347565904385096,32.39515471458435,-0.4388668405594783,-0.9337292339097182
32.42167115211487,0.23697475934992854,0.7402999885666851,32.42167115211487,-0.444095555367404,-0.9385492785041283
32.45320200920105,0.23996425796584359,0.7402999885666851,32.45320200920105,-0.4486961322655191,-0.9439778438088894
32.48784399032593,0.2451601786865013,0.7402999885634155,32.48784399032593,-0.4547613534075932,-0.9515916610513485
32.521547079086304,0.2609752070241402,0.6490367528225878,32.521547079086304,-0.45860721663161996,-0.9565009451192028
32.55236339569092,0.2654843475461602,0.6490558888612773,32.55236339569092,-0.4663790318672613,-0.9670962198222163
32.587514877319336,0.2694318366286556,0.6490558888612773,32.587514877319336,-0.47242762225237145,-0.9759213141007189
32.62087154388428,0.2889819938519445,0.8683821346126663,32.62087154388428,-0.47746044376006536,-0.9840062208840646
32.65388464927673,0.29102214059299064,0.8683821346126663,32.65388464927673,-0.4805094762104596,-0.989064450404432
32.68725848197937,0.2949987911531748,0.8683821346126663,32.68725848197937,-0.4862497130148241,-0.9991804917535774
32.71956157684326,0.3075533375644904,1.3393969126460252,32.71956157684326,-0.4886424725887637,-1.0062373169397887
32.75216770172119,0.31161932129273284,1.3393969126460252,32.75216770172119,-0.49348749796605224,-1.0175670328503157
32.78677463531494,0.31982820993359906,1.339342250071262,32.78677463531494,-0.4978691227546287,-1.0295994012097658
32.81965970993042,0.2743849830373685,1.5972604610738008,32.81965970993042,-0.4971589413246424,-1.0327247072125516
32.85284066200256,0.27709785438394263,1.5972604610738008,32.85284066200256,-0.4984825745882839,-1.0380965015030519
32.886215925216675,0.28250118813004116,1.5972604610738008,32.886215925216675,-0.5006325398318462,-1.0490677754359141
32.9210786819458,0.2865896803930694,1.5972604610738008,32.9210786819458,-0.5018818386327926,-1.0575806322027224
32.955199003219604,0.20295750641549484,1.552953843076888,32.955199003219604,-0.5002511160753969,-1.056950231683479
32.9859778881073,0.20949858680563574,1.552953843076888,32.9859778881073,-0.5004465446859718,-1.0651570223703604
33.01972222328186,0.15274779342820896,0.9682677614217683,33.01972222328186,-0.5014320058910157,-1.0657016785291558
33.053733587265015,0.1556102240522149,0.9682677614217683,33.053733587265015,-0.5014364252883843,-1.0688246859334072
33.08749580383301,0.16334213092110852,0.9682311873305265,33.08749580383301,-0.501233895479302,-1.0752373109352742
33.12126898765564,0.10821746603425351,0.3796205561864521,33.12126898765564,-0.5021094242763191,-1.0761491787058797
33.15485143661499,0.11454589596662677,0.3796205561864521,33.15485143661499,-0.5019881348698133,-1.0805789795864755
33.18952703475952,0.11931396818006304,0.3796205561864521,33.18952703475952,-0.5018526991047283,-1.084081529362992
33.221487522125244,0.13213867365886078,0.21038672793832636,33.221487522125244,-0.501835370358152,-1.0903592562784306
33.25198221206665,0.13534839991692232,0.21038672793832636,33.25198221206665,-0.5017108793965739,-1.0930488328357881
33.29198360443115,0.14516181921046067,0.21037465165067146,33.29198360443115,-0.5013222063954855,-1.1000757641191603
33.321579694747925,0.1487576953796061,0.21037465165067146,33.321579694747925,-0.5011413205340127,-1.103038373232629
33.35635828971863,0.0969471798881076,0.32512579093007415,33.35635828971863,-0.5009495319830543,-1.1014003903847247
33.387351751327515,0.10306474065177396,0.29200001434860245,33.387351751327515,-0.5007004134456848,-1.1045540925497814
33.42136883735657,0.0818650556335402,0.34589649266131794,33.42136883735657,-0.5004937215663143,-1.106097526796403
33.453272581100464,0.08526647428605148,0.34589649266131794,33.453272581100464,-0.5003122668986939,-1.1077628735089178
33.48760914802551,0.09380847983141437,0.34589623792747365,33.48760914802551,-0.4997779832670832,-1.1122003473635051
33.521406412124634,0.053605994982108864,0.25174460112689007,33.521406412124634,-0.4999217367543887,-1.1106547073086204
33.55283260345459,0.05670613458252207,0.2517472542105103,33.55283260345459,-0.4997765859288122,-1.1117332627495526
33.58818602561951,0.06397496516136275,0.2517604409625914,33.58818602561951,-0.4993495241910442,-1.1147363604530458
33.61970376968384,0.01943643988696339,0.11130506909108293,33.61970376968384,-0.4996022922182778,-1.1129869683648297
33.651684284210205,0.021803756564792536,0.11131133590469121,33.651684284210205,-0.49954273342259775,-1.1133918422194302
33.68780326843262,0.025940894278974894,0.11134073068114148,33.68780326843262,-0.49937718033311,-1.1145106885553133
33.72183537483215,0.027953168119442113,0.11134135065430392,33.72183537483215,-0.49929106542297874,-1.1150520143980887
33.753315448760986,0.007865737664830903,0.04620426333485884,33.753315448760986,-0.49952781166295734,-1.1135560902421349
33.78557014465332,0.01183461694100517,0.04620797847468469,33.78557014465332,-0.49945680436593953,-1.1140282211538557
33.83354926109314,0.015543624077670386,0.04620742873218135,33.83354926109314,-0.4993682326755759,-1.1145784126918927
33.85695791244507,-0.00422611769131027,1.745095523321565e-08,33.85695791244507,-0.4996651976436199,-1.1127133715217326
33.88796067237854,-0.0017817314278736028,1.091152382581578e-19,33.88796067237854,-0.4996887905933528,-1.1125751629292544
33.920509338378906,4.554257597959879e-05,2.701730863003792e-25,33.920509338378906,-0.4996890142860883,-1.112571044701759
33.956793546676636,0.0010890788825727452,5.68647554382604e-14,33.956793546676636,-0.4997074424912393,-1.1124520814272314
33.98726463317871,0.00333513812315316,3.601563851364021e-25,33.98726463317871,-0.4996970660560896,-1.1125234932414458
34.02069115638733,0.0047712720171423275,9.001586989397765e-31,34.02069115638733,-0.49968382378663073,-1.1126065200054467
34.05217218399048,0.017904210066860885,-8.613214096651358e-10,34.05217218399048,-0.49945971981377574,-1.1140167236964593
34.08832359313965,0.020106571210696773,-5.37434246926828e-21,34.08832359313965,-0.49934368229859544,-1.1147498080998788
34.11976480484009,0.021839204424718626,-5.377844795624759e-21,34.11976480484009,-0.4992743045903135,-1.1151860511103087
34.15402269363403,0.007936776455784077,-0.003823634870295355,34.15402269363403,-0.4994339625614936,-1.1141810161670906
34.1873459815979,0.010474655178305167,-0.003823634870295355,34.1873459815979,-0.4993763719525436,-1.1145441721967295
34.22185301780701,0.011747451781815988,-0.003823634870295355,34.22185301780701,-0.499341535734153,-1.1147640021050746
34.25391745567322,-0.006702920353589628,-0.0017247324449841416,34.25391745567322,-0.4996291500028299,-1.1129502280174022
34.28826832771301,-0.004223595196086472,-0.0017247324449841416,34.28826832771301,-0.4996630877579272,-1.1127359372570222
34.3206832408905,-0.0023470591560634923,-0.0017247324449841416,34.3206832408905,-0.4996785291790714,-1.1126384029353575
34.35477638244629,0.015523853573212298,0.18661318784277967,34.35477638244629,-0.499477905158441,-1.1138935814802224
34.387535572052,0.018035783194185844,0.18661318784277967,34.387535572052,-0.49936210286600013,-1.1145418412193424
34.42027187347412,0.019969838501457633,0.18661318784277967,34.42027187347412,-0.49925806404407636,-1.115106536739816
34.45242381095886,0.07441269473239687,0.42554799167124474,34.45242381095886,-0.49812727762167247,-1.120845644262519
34.48924231529236,0.07582329835360331,0.42554799167124474,34.48924231529236,-0.4977953001653371,-1.1223069740626956
34.52018713951111,0.07943358967604633,0.42554799167124474,34.52018713951111,-0.4968639225500624,-1.1261595064858159
34.553725242614746,0.09703936534576237,0.8082589598707867,34.553725242614746,-0.4964449718785681,-1.1263407910855305
34.58795189857483,0.09926740042805929,0.8082589598707867,34.58795189857483,-0.49493388517801895,-1.1309882289138182
34.621631145477295,0.10017033291143483,0.8082589598707867,34.621631145477295,-0.4942538755012645,-1.1328819717522778
34.6550087928772,0.09660396046137816,0.8543967286297833,34.6550087928772,-0.49300988435646076,-1.1357719049157016
34.6886727809906,0.09956947275539665,0.8543028160771945,34.6886727809906,-0.4918405412310353,-1.138542546590373
34.719361782073975,0.10239873745953668,0.8542896554725534,34.719361782073975,-0.4901363087231645,-1.1422290968143467
34.753862619400024,0.07254349850235868,0.5067220080721682,34.753862619400024,-0.48990445574985925,-1.1439111536566258
34.786495208740234,0.07378091781251116,0.5068020368164472,34.786495208740234,-0.4883952033923302,-1.147113584742977
34.81994295120239,0.07542125367577457,0.5067524213447374,34.81994295120239,-0.4877049271343422,-1.148505427843216
34.855154275894165,0.07450268044504402,0.16439669027393983,34.855154275894165,-0.48521191073144604,-1.1550765076881133
34.88846564292908,0.07567121543620617,0.16439669027393983,34.88846564292908,-0.484247533893105,-1.1571095907655962
34.9198362827301,0.07665854933933304,0.16440959023527865,34.9198362827301,-0.4829310450802677,-1.1598407564123014
34.95331120491028,0.07965153718422893,-0.5069687841090664,34.95331120491028,-0.4798656738754678,-1.1685619910831873
34.98690938949585,0.08126132945115679,-0.5069687841090664,34.98690938949585,-0.47843912987165793,-1.1723111267617516
35.02096199989319,0.08190723796305172,-0.5069687841090664,35.02096199989319,-0.4778880559955459,-1.1738473950724622
35.05243706703186,0.05873079026082698,-0.7782396536366811,35.05243706703186,-0.4770767461974978,-1.1768192062573375
35.08784222602844,0.05962370399891593,-0.7782396536366811,35.08784222602844,-0.4765914763254296,-1.17852760528173
35.12010431289673,0.05899429929441234,-0.7781889334613756,35.12010431289673,-0.4760338514910902,-1.1807600118755002
35.15212607383728,0.09334278261604445,-0.4324399535737607,35.15212607383728,-0.47556755251139954,-1.1824677616654198
35.18791460990906,0.09335579481398676,-0.4324405538963751,35.18791460990906,-0.47444832269490017,-1.1869777096069805
35.22067737579346,0.09338146382195824,-0.4324405538963751,35.22067737579346,-0.47402850082369763,-1.188795946955247
35.253204345703125,-0.010207140504704393,-0.13512132448781367,35.253204345703125,-0.47709856899861963,-1.1770722656061554
35.28823113441467,-0.009849171939884169,-0.13512423166268328,35.28823113441467,-0.47714746195207064,-1.1768812079978659
35.320467710494995,-0.00908049914721504,-0.13512655071384355,35.320467710494995,-0.47725618137992754,-1.1764368830749443
35.354190826416016,0.00824350559884883,-4.781488100423503e-09,35.354190826416016,-0.4770230239561875,-1.1773844962078042
35.386762857437134,0.009708939067372645,-3.046295537354493e-20,35.386762857437134,-0.4769385127859565,-1.1777374167678156
35.421709060668945,0.009979070855279893,-5.071380085802462e-26,35.421709060668945,-0.4768696915742493,-1.1780111652684957
35.45570611953735,0.0029106312757835595,-3.088863820602622e-14,35.45570611953735,-0.4769955991101808,-1.1775148344497461
35.48567295074463,0.004548698585212893,-1.9338460675153727e-25,35.48567295074463,-0.4769594053041853,-1.1776618373606165
35.51935148239136,0.00544881214853022,-3.2226121852290466e-31,35.51935148239136,-0.47692505361919507,-1.177799274030941
35.55282378196716,-0.0004099571407254991,1.309200492374124e-09,35.55282378196716,-0.4770521435010522,-1.1772891099012728
35.588406562805176,0.001790368412867923,7.955588015092093e-21,35.588406562805176,-0.4770448068033991,-1.1773205927796466
35.621129512786865,0.002229761376794065,2.0466973635192678e-26,35.621129512786865,-0.47703866566375985,-1.177343878631586
35.6520676612854,-0.007335768605683882,-4.093192511660804e-14,35.6520676612854,-0.4772943172037111,-1.176314152784892
35.6885712146759,-0.005350147776573581,-2.553707808535551e-25,35.6885712146759,-0.47735529060122905,-1.1760684511069366
35.72076916694641,-0.004775994602635464,-6.371064745036855e-31,35.72076916694641,-0.4773826133356677,-1.1759577746212868
35.75495171546936,0.010784613894976652,-5.292288642912146e-09,35.75495171546936,-0.4771007645188957,-1.1770943390303392
35.785003900527954,0.013189703934902226,-3.450212078480111e-20,35.785003900527954,-0.47698640813834015,-1.1775560264896743
35.82085132598877,0.01459407563218068,-2.160459760147142e-31,35.82085132598877,-0.4768580875985363,-1.17807295185206
35.85347890853882,-0.004911307510435863,-3.516081637541628e-10,35.85347890853882,-0.4772820281663328,-1.1763638465582114
35.88885807991028,-0.0028377495123062717,-2.2045194855915848e-21,35.88885807991028,-0.47731923998322523,-1.1762138093142664
35.91870927810669,-0.0024306985527845692,-5.503210617580216e-27,35.91870927810669,-0.4773369917644243,-1.1761420242826142
35.95263481140137,-0.0026317269488542027,1.710089891915345e-08,35.95263481140137,-0.4773704075099233,-1.1760073260480244
35.98546361923218,0.000177000649443037,7.135907855974963e-20,35.98546361923218,-0.4773848137175257,-1.175949397337312
36.02049446105957,0.001268759480380087,4.464588433193711e-31,36.02049446105957,-0.47738467394497,-1.1759498035763543
36.051737546920776,0.00576516977999756,-3.4424480991091443e-09,36.051737546920776,-0.47729515837489195,-1.176310748721147
36.08742618560791,0.008288085700227273,-1.458407694334029e-20,36.08742618560791,-0.4772109129738132,-1.1766504604381667
36.12012720108032,0.008726857538966277,-3.6344445929167076e-26,36.12012720108032,-0.47717400828141654,-1.176799213579867
36.15548801422119,0.008952720084553011,-2.724003480048434e-11,36.15548801422119,-0.4771257968448691,-1.1769936463563713
36.1868736743927,0.010681717451626207,-2.9150176936400054e-17,36.1868736743927,-0.4770539526073596,-1.1772833393667035
36.221946001052856,0.011843864854021573,-1.535026912403491e-28,36.221946001052856,-0.4769522426827616,-1.17769339627078
36.25324273109436,0.013107815174925886,-1.6238665055375238e-28,36.25324273109436,-0.4768844063977142,-1.1779669247738314
36.288747787475586,0.01944129579358073,1.0649376148453938e-14,36.288747787475586,-0.4765971236657281,-1.179125159085435
36.321226835250854,0.020010447895867357,2.6770787250066686e-20,36.321226835250854,-0.47650545567622893,-1.1794946793454963
36.355329751968384,0.010266268042534419,-1.2221373234602706e-08,36.355329751968384,-0.4765854680303989,-1.1791720742608367
36.38665771484375,0.011508773548306284,-2.990304372723494e-14,36.38665771484375,-0.47653178442970784,-1.1793885980947532
36.42166018486023,0.01324059116521174,-1.2654889763788774e-25,36.42166018486023,-0.4763881680033558,-1.1799678290871185
36.45283246040344,0.00044900235569975827,1.4987030836841053e-08,36.45283246040344,-0.47660155510514673,-1.1791073202025557
36.486072063446045,0.0027065580818641647,9.38960603644018e-20,36.486072063446045,-0.47658613411302336,-1.1791695162623994
36.51956844329834,0.003695491808780412,1.5625362214786129e-25,36.51956844329834,-0.4765663024162809,-1.1792494859811276
36.55380916595459,0.0007943795452387041,-5.88455883378166e-14,36.55380916595459,-0.4766307123119923,-1.1789897390898518
36.586490869522095,0.002835772487913102,-3.676282824839562e-25,36.586490869522095,-0.47661279486756464,-1.1790619961019435
36.620707273483276,0.0037238251883961134,-6.135892982832911e-31,36.620707273483276,-0.47659333393147874,-1.179140474019667
36.65309476852417,0.004684976433257258,-1.5068536188520535e-36,36.65309476852417,-0.47657141056627095,-1.1792288850643264
36.68587279319763,0.001770489315433638,2.1647879532718915e-19,36.68587279319763,-0.4766667265202441,-1.1788445056122998
36.7205286026001,0.0025706517423400473,5.409830155818272e-25,36.7205286026001,-0.476657870710141,-1.1788802176454105
36.75495910644531,-0.00010322585776094745,-6.619527077613329e-14,36.75495910644531,-0.4767308221276255,-1.1785860253533311
36.791882276535034,0.0021417140662185977,-4.1278538870075347e-25,36.791882276535034,-0.47672048510930554,-1.1786277120100903
36.82148003578186,0.0027063773836931626,-1.0309807250161946e-30,36.82148003578186,-0.47671236762672853,-1.1786604469250679
36.852503538131714,0.007753055693141736,5.736771169936286e-11,36.852503538131714,-0.476611999233918,-1.179065204269815
36.887001037597656,0.010194345059056508,3.116481268508631e-22,36.887001037597656,-0.4765249592143521,-1.1794162126411452
36.91927695274353,0.011407051311827017,2.2186932321553136e-33,36.91927695274353,-0.4764270764084476,-1.1798109457033448
36.953277349472046,-0.005822169002385048,1.5871328510956706e-09,36.953277349472046,-0.47676728526165274,-1.1784389784367157
36.986347675323486,-0.003433317713602802,9.878069041852332e-21,36.986347675323486,-0.47681059409765963,-1.1782643342799142
37.019933223724365,-0.002833960682268212,2.474725148374339e-26,37.019933223724365,-0.4768290936094693,-1.1781897342050256
37.05367422103882,0.005950810692073204,-0.0014194916220655605,37.05367422103882,-0.47669287101583935,-1.1787390655318626
37.08651614189148,0.008693901297486609,-5.952611584384857e-15,37.08651614189148,-0.476611130998365,-1.1790687075374244
37.12045741081238,0.010099218069558415,-3.724816591360109e-26,37.12045741081238,-0.4765255240573901,-1.1794139709357443
37.15305781364441,-0.004544018777512456,-3.696163963654367e-09,37.15305781364441,-0.4767972089227025,-1.1783182950958746
37.18668484687805,-0.0016152879791516794,-1.546214917223333e-20,37.18668484687805,-0.47683439892622204,-1.1781683038161401
37.2206609249115,-0.0009754670449357317,-3.8638010239143314e-26,37.2206609249115,-0.47684353521859085,-1.178131455077714
37.25386643409729,0.0008133741469516906,-1.0463406613587037e-09,37.25386643409729,-0.47684767032555775,-1.1781147778980583
37.28745150566101,0.002659634915645294,-1.7448483232642108e-15,37.28745150566101,-0.47683494453183134,-1.1781661049211702
37.321871519088745,0.004073679610257064,-1.0873260024489181e-26,37.321871519088745,-0.47680663005510626,-1.1782803028338311
37.354228258132935,-0.011171098532969612,-2.134133943919531e-10,37.354228258132935,-0.4770990974378698,-1.1771007256916568
37.38741111755371,-0.008383877719230007,-2.222290366816225e-16,37.38741111755371,-0.47721503971440415,-1.1766331038173932
37.42109775543213,-0.007748828307044274,-2.1921106992638064e-16,37.42109775543213,-0.47725660941100806,-1.1764654427568824
37.45434308052063,0.009094252862812997,4.302108826082993e-09,37.45434308052063,-0.47699484554182686,-1.1775211949778719
37.4887216091156,0.010268335149687837,1.0761215875768097e-14,37.4887216091156,-0.47694818565217467,-1.1777093724316439
37.52085256576538,0.012215282283786837,4.4822808921367824e-26,37.52085256576538,-0.4768151556880398,-1.1782458756536072
37.55218815803528,0.0020504716598278108,-9.751208095327979e-09,37.55218815803528,-0.47696263129937905,-1.1776510956863255
37.587926387786865,0.004284140378236845,-6.195114571307025e-20,37.587926387786865,-0.4769327142655933,-1.177771750261624
37.62041997909546,0.005535924741879634,-1.0316667138513902e-25,37.62041997909546,-0.4768987842718685,-1.1779085897439197
37.65375232696533,0.0029526872882642864,-1.0157789351403906e-08,37.65375232696533,-0.47692745118087265,-1.1777929754609777
37.687031745910645,0.005404774724827561,-6.346204864772367e-20,37.687031745910645,-0.47688635028829685,-1.1779587539823257
37.720622301101685,0.0065652499706072235,-1.058076013531613e-25,37.720622301101685,-0.4768463277661268,-1.1781201832023935
37.752652406692505,0.006293987419706239,0.0002700868123949787,37.752652406692505,-0.4768326336974769,-1.1781754201965815
37.78650498390198,0.00859413860581817,1.6982363898509925e-15,37.78650498390198,-0.4767627707062637,-1.178457207430731
37.819141149520874,0.009488236876670797,4.246526275950748e-21,37.819141149520874,-0.4767203079467127,-1.1786284752133012
37.85299324989319,0.011430072704113501,1.7085498817192218e-32,37.85299324989319,-0.4765973148169784,-1.179124551721575
37.88673186302185,-0.011686193043468603,6.279248898269772e-20,37.88673186302185,-0.47720891540164345,-1.176657742686068
37.92066717147827,-0.011040012265440496,1.5733952848451692e-25,37.92066717147827,-0.4772655238659136,-1.1764294195154086
37.953609466552734,0.0036908209042087613,2.9774509968660823e-08,37.953609466552734,-0.4770995395863242,-1.1770988948509862
37.986510038375854,0.006108172585572583,1.5809432496613675e-19,37.986510038375854,-0.4770483881300048,-1.1773052079174229
38.01970720291138,0.007168109518699437,1.201091118122674e-30,38.01970720291138,-0.4769946650549617,-1.177521892611477
38.05295729637146,0.00826228170759773,1.99503688185914e-36,38.05295729637146,-0.47694006083863655,-1.1777421315314314
38.08656859397888,0.016145837312226765,-1.225012845983115e-19,38.08656859397888,-0.47668640909952614,-1.1787652027558027
38.120577812194824,0.016904187214618636,-3.0579303757883844e-25,38.120577812194824,-0.4766082586081286,-1.1790804124739613
38.15432906150818,0.0033873072085355543,0.0028544622083914338,38.15432906150818,-0.47676227929639825,-1.1784591901440173
38.18691968917847,0.005658865072987439,1.2668805094163832e-14,38.18691968917847,-0.47671869110874454,-1.1786349786847403
38.22025728225708,0.007287140070186731,7.876153369323133e-26,38.22025728225708,-0.4766581076195626,-1.178879286116693
38.25302243232727,0.008007845087515356,1.962712335237859e-31,38.25302243232727,-0.4766228760505454,-1.1790213600004527
38.28692579269409,0.0068528727740401986,1.3558792479283278e-15,38.28692579269409,-0.4766285744084316,-1.1789983549990752
38.32017779350281,0.007703578524355339,3.391729378148351e-21,38.32017779350281,-0.4765948607631119,-1.1791343031369794
38.35494303703308,0.009008186432140425,2.1146011346700265e-32,38.35494303703308,-0.47651978734739225,-1.1794370316477374
38.38638710975647,0.007378705799775433,-6.036792926020583e-14,38.38638710975647,-0.47653296446466237,-1.179383887539593
38.41908407211304,0.00898491633898516,-3.7848480126761194e-25,38.41908407211304,-0.4764557663416492,-1.1796951835326905
38.45304870605469,0.009570387831052607,-9.37286777269097e-31,38.45304870605469,-0.47641316441092374,-1.1798669728367328
38.48828434944153,-0.00015290797539650877,-4.991261926655963e-15,38.48828434944153,-0.47664274788101846,-1.1789411856096015
38.52114009857178,0.0007920882931999632,-1.2467182992843379e-20,38.52114009857178,-0.47664165299863076,-1.178945601078778
38.555259466171265,0.0021114264743906297,-1.5578991017091694e-26,38.555259466171265,-0.4766327722980519,-1.1789814149585631
38.58690786361694,0.0042149147699846335,3.523018520657305e-14,38.58690786361694,-0.4765968076920273,-1.1791264479815793
38.619240283966064,0.006611713891402766,1.4692574792233115e-25,38.619240283966064,-0.4765318951073913,-1.179388220903487
38.655240058898926,0.007134365954894694,3.660881416062746e-31,38.655240058898926,-0.4765024237469156,-1.1795070700293357
38.68759894371033,-0.005336356574502042,2.9334798382949704e-09,38.68759894371033,-0.47681028968690153,-1.1782655560691888
38.720985889434814,-0.003770973475703058,4.884598329038648e-15,38.720985889434814,-0.4768434637276879,-1.1781318010834119
38.75570034980774,-0.002524840973688223,3.0535612649380073e-26,38.75570034980774,-0.4768802263394286,-1.1779835769870561
38.78815484046936,0.006226629055160448,1.9221385361119218e-20,38.78815484046936,-0.4767085399998642,-1.1786758328186495
38.82137155532837,0.007381593235547512,3.209314444521043e-26,38.82137155532837,-0.47666165098581526,-1.1788648866246945
38.853989601135254,0.007781741002151997,7.901058662818812e-32,38.853989601135254,-0.4766291371319515,-1.178995980886863
38.890597343444824,0.0043917629905042025,-1.5706046831699046e-14,38.890597343444824,-0.4766918669065372,-1.1787430578363334
38.920414209365845,0.005439395558860064,-3.9145551012024856e-20,38.920414209365845,-0.4766679659584879,-1.1788394350954707
38.95433568954468,0.007038387192739985,-1.6311982807030522e-31,38.95433568954468,-0.4765984817805689,-1.1791196218434488
38.9868848323822,0.0027476095348283186,-1.0125598939363781e-19,38.9868848323822,-0.4767065365529923,-1.1786839198535315
39.02228879928589,0.00370944309047769,-2.528385132109164e-25,39.02228879928589,-0.47669144118873613,-1.1787447898196068
39.05448246002197,0.00466460286094887,-4.21116005647965e-31,39.05448246002197,-0.47666516323153846,-1.1788507519698705
39.08669471740723,-0.01412149257755868,-8.545466132811896e-15,39.08669471740723,-0.4771343625038255,-1.1769587702804505
39.12074661254883,-0.012257882745144017,-5.344049385151094e-26,39.12074661254883,-0.47726214025244956,-1.1764435045859385
39.153106451034546,-0.011191425973106604,-8.892791556947234e-32,39.153106451034546,-0.47735019741278006,-1.1760884127155746
39.18845200538635,-0.0012755354419070235,-1.949599052997645e-15,39.18845200538635,-0.4772348865000527,-1.1765533974157176
39.220983028411865,-0.00031794233197121857,-4.874892386410562e-21,39.220983028411865,-0.47723939961310563,-1.1765351976046208
39.253135442733765,0.0001838379447659783,-1.2155363639530446e-26,39.253135442733765,-0.47724364968569694,-1.1765180582770998
39.28768038749695,0.01316697499118218,5.742468328967684e-14,39.28768038749695,-0.4769635386243759,-1.1776475962904522
39.32068133354187,0.015077468994683655,3.5348466225656365e-25,39.32068133354187,-0.47682697045646444,-1.1781982463627747
39.354069232940674,0.015602211700756027,8.913092466713512e-31,39.354069232940674,-0.47675726573036004,-1.1784792993582398
39.38711333274841,0.010560600427422198,1.8936126977458072e-14,39.38711333274841,-0.476772463692352,-1.178417944553435
39.4192476272583,0.011673239824602407,4.695314152832014e-20,39.4192476272583,-0.4767183777598635,-1.1786359642994229
39.45359444618225,0.012977123422685019,2.9565709966761253e-31,39.45359444618225,-0.47660585447056464,-1.1790895452696313
39.4890251159668,0.003852741068117008,1.5082996940177576e-09,39.4890251159668,-0.4767763109392744,-1.1784023571778128
39.51899313926697,0.006060456508529281,9.43515946495558e-21,39.51899313926697,-0.476728056538994,-1.1785968485765803
39.55433654785156,0.006645852632051446,2.3573260930752383e-26,39.55433654785156,-0.4767009167839936,-1.1787062388494423
39.58715581893921,-0.006442847743079705,-2.924875188756966e-14,39.58715581893921,-0.4770238901774869,-1.177404390316486
39.6218421459198,-0.005337868591033801,-7.307847624130736e-20,39.6218421459198,-0.47705222395719016,-1.177290182928397
39.653080463409424,-0.004246576211478993,-4.568440773001288e-31,39.653080463409424,-0.4771058521815449,-1.1770740227406138
39.68784141540527,0.0008945870184046882,3.942668768720792e-09,39.68784141540527,-0.47703265271783485,-1.177369072703133
39.71934747695923,0.0035276446388011152,1.642131670607987e-20,39.71934747695923,-0.47700544810661727,-1.1774787194679026
39.7593412399292,0.003914025600571756,1.6426884685785166e-20,39.7593412399292,-0.4769925512064382,-1.1775307012327785
39.78702926635742,-0.005672811953444271,4.230554082267107e-09,39.78702926635742,-0.4772304388508509,-1.1765718824485214
39.82264518737793,-0.004005172506788211,4.366036421543656e-15,39.82264518737793,-0.47726464142339237,-1.1764340337707284
39.852598667144775,-0.002872337736609019,2.7017779091233567e-26,39.852598667144775,-0.47730429027264953,-1.1762742371634503
39.888723373413086,0.012001425292070714,2.5268653194505572e-15,39.888723373413086,-0.47697849805432224,-1.1775873001608135
39.920336961746216,0.013465582557845102,4.215013719976304e-21,39.920336961746216,-0.4768868501908174,-1.1779566682328853
39.95484900474548,0.013971257130963397,1.0481211997384273e-26,39.95484900474548,-0.47682420831622613,-1.1782091342169678
39.98687720298767,-0.007389340792488014,5.1648747914059225e-14,39.98687720298767,-0.4772714704757021,-1.1764065213807944
40.02092909812927,-0.0061638629257869055,1.2863935562146204e-19,40.02092909812927,-0.4773037985102568,-1.176276233900212
40.053404331207275,-0.0044991335176797955,5.369737073441392e-31,40.053404331207275,-0.4773729344753072,-1.1759976065436395
40.088961601257324,0.005408904548720829,-3.200678173931546e-14,40.088961601257324,-0.47719690794569425,-1.1767070451223498
40.12233638763428,0.006367759450253618,-7.978178516942688e-20,40.12233638763428,-0.4771686751647334,-1.1768208492731922
40.15310049057007,0.00723598060061465,-1.3310341832727965e-25,40.15310049057007,-0.4771234601976855,-1.1770031076049365
40.186983823776245,0.0024894233311245234,-3.533311241763165e-14,40.186983823776245,-0.4772054589077033,-1.1766726079467271
40.221174001693726,0.004626267202878891,-2.2070826043560915e-25,40.221174001693726,-0.4771702353129844,-1.1768145967837427
40.2556893825531,0.005529279071706636,-3.665503490035791e-31,40.2556893825531,-0.47713755500435945,-1.176946331636503
40.285884618759155,-0.004012217940763134,-1.7852506068728788e-14,40.285884618759155,-0.4773846629651642,-1.1759502411102418
40.3202440738678,-0.0028512115357597566,-4.477239399579147e-20,40.3202440738678,-0.4774006007224578,-1.1758859881266117
40.35314106941223,-0.0022653268420718717,-1.118660814912345e-25,40.35314106941223,-0.4774159261365925,-1.1758242022516987
40.385719776153564,0.004009613990522514,-7.459070311588273e-15,40.385719776153564,-0.477332137930523,-1.176161982441899
40.419758558273315,0.006059836548890529,-4.9945720272613436e-26,40.419758558273315,-0.4772839823562261,-1.1763561242443703
40.45885920524597,0.006491280841149255,-1.2386256430399534e-31,40.45885920524597,-0.4772579329290494,-1.1764611420021296
40.486690044403076,-0.00248580018406464,-4.8963340262335087e-14,40.486690044403076,-0.4774745363689762,-1.1755879091683
40.524097204208374,-0.0012283538047138556,-1.2206402053757411e-19,40.524097204208374,-0.4774825543382425,-1.1755555844769474
40.55468940734863,-8.174412631225853e-06,-7.654088215321466e-31,40.55468940734863,-0.47749401424908205,-1.1755093808550923
40.58552002906799,0.009396350238002756,-5.032930390939554e-09,40.58552002906799,-0.4772962378507838,-1.1763067358095356
40.61976194381714,0.011834516506022784,-3.146074164507139e-20,40.61976194381714,-0.47719321398571024,-1.176722161143534
40.65583944320679,0.012452930843419776,-7.827321232776974e-26,40.65583944320679,-0.47713754828206695,-1.176946621522834
40.68701171875,0.007337505875624152,7.525548800653306e-10,40.68701171875,-0.477167817338142,-1.176824602350197
40.71937847137451,0.008659774011229571,1.878375478962157e-15,40.71937847137451,-0.47712869586357115,-1.1769823456587742
40.75416803359985,0.009917637822615885,1.1780873611342353e-26,40.75416803359985,-0.47704450592760766,-1.1773218052910988
40.7869827747345,0.005696047054124398,-1.3799311440699721e-09,40.7869827747345,-0.4770996236014248,-1.177099564207353
40.819597244262695,0.00851833425907733,-5.775883957836468e-21,40.819597244262695,-0.4770139261401633,-1.1774451108561856
40.853864908218384,0.009109544381663611,-1.4273113624215886e-26,40.853864908218384,-0.4769742978834916,-1.1776048973546667
40.88695478439331,0.005160381392967448,-1.4177375570181491e-09,40.88695478439331,-0.4770096128387628,-1.177462503205188
40.92018175125122,0.006989495169854869,-2.3598480182961088e-15,40.92018175125122,-0.4769645273510357,-1.1776443030155583
40.95559310913086,0.008420694410071317,-1.477492311874076e-26,40.95559310913086,-0.47689538463714876,-1.1779231084577286
40.98700141906738,-0.0014449170174599146,-3.010408279302568e-14,40.98700141906738,-0.4771165194694953,-1.1770314336171743
41.020875692367554,0.00033832992837025297,-5.0279650111250924e-20,41.020875692367554,-0.4771198997797685,-1.177017802595722
41.0534770488739,0.001066959032649858,-1.251008196387392e-25,41.0534770488739,-0.47711938241738494,-1.177019888421613
41.08570122718811,0.0009447238016805853,-5.1039274751030206e-09,41.08570122718811,-0.47714647496435747,-1.1769106392248405
41.11869478225708,0.002222188054030151,-1.2757594054080604e-14,41.11869478225708,-0.4771389388145125,-1.1769410336158639
41.15435862541199,0.004356977795066451,-5.326185603410642e-26,41.15435862541199,-0.47710162098209696,-1.177091535192466
41.1883385181427,0.003091131339613357,-4.1942575426722385e-14,41.1883385181427,-0.4771294913977139,-1.1769791459816799
41.22051978111267,0.004292778120874719,-1.0454151232280566e-19,41.22051978111267,-0.4771114082408626,-1.1770520782247007
41.25338697433472,0.00556093075434161,-1.7310845677877787e-25,41.25338697433472,-0.4770773510135704,-1.1771894338417759
41.28735947608948,0.0028211812466136916,-6.3747332382409205e-09,41.28735947608948,-0.47710833452077717,-1.1770644783256503
41.31941843032837,0.005105667446940384,-3.98394659687042e-20,41.31941843032837,-0.47706938612371397,-1.1772215774441048
41.35362672805786,0.006094540770180652,-6.64131576726031e-26,41.35362672805786,-0.4770326754721041,-1.1773696480176983
41.388115882873535,-0.009824477107966058,-2.5388801776329986e-14,41.388115882873535,-0.4773817724069504,-1.1759616143590808
41.42024827003479,-0.00861821574823751,-6.364403168786407e-20,41.42024827003479,-0.47742535270313924,-1.1757858348984023
41.45369482040405,-0.007750428613360283,-1.5850612153100823e-25,41.45369482040405,-0.47746575718150924,-1.1756228634461265
41.48624610900879,0.004615398595846938,-1.6678806116169481e-09,41.48624610900879,-0.4773276595011914,-1.1761798706579099
41.520617723464966,0.006947534585695371,-1.0455162741700138e-20,41.520617723464966,-0.4772714170925292,-1.1764067312547961
41.55328130722046,0.007559001920852209,-2.605651198629896e-26,41.55328130722046,-0.4772391720838685,-1.176536793871055
41.5853750705719,-0.0068483417646974755,2.4904348486296978e-14,41.5853750705719,-0.4775174542518471,-1.1754143279567173
41.62038064002991,-0.005628607414169323,6.265364545119382e-20,41.62038064002991,-0.47754576774824575,-1.1753001237994998
41.65384578704834,-0.004361576634240955,3.927707206627843e-31,41.65384578704834,-0.4775985112427558,-1.175087377883613
41.68814253807068,0.00993843216589512,9.888161831873854e-09,41.68814253807068,-0.4773313541645099,-1.1761649757317127
41.721243143081665,0.012242395941451021,6.179945536877082e-20,41.721243143081665,-0.4772230553084364,-1.176601765035578
41.75481343269348,0.012905253045684769,1.5381123728490375e-25,41.75481343269348,-0.47716476931788515,-1.1768368425593891
41.7884087562561,-0.004898632608972319,4.057475779840891e-09,41.7884087562561,-0.4774793487132654,-1.1755680325467994
41.81956505775452,-0.003348984994887548,7.236415530746617e-15,41.81956505775452,-0.47750719483582904,-1.1754557286520255
41.85322690010071,-0.0018569256500516372,4.528395346989055e-26,41.85322690010071,-0.477534382014567,-1.175346083726853
41.891183853149414,-0.0011631995120591327,1.1103869277156421e-31,41.891183853149414,-0.4775433894493848,-1.1753097570266553
41.91921544075012,0.000335422967436903,-3.950914315782852e-15,41.91921544075012,-0.47758115524311245,-1.1751574432060758
41.95439267158508,0.0011118685954433394,-9.752935004018923e-21,41.95439267158508,-0.47757942793455227,-1.1751644108353851
41.98943638801575,0.0035526411389759462,-4.0931608218192814e-32,41.98943638801575,-0.4775514333909114,-1.1752773243940355
42.02050185203552,0.01636602884831639,-0.017799970304649113,42.02050185203552,-0.47720548807036584,-1.1766726380421444
42.05409908294678,0.01730706695830414,-0.017799970304649106,42.05409908294678,-0.47712535712142795,-1.1769958395683717
42.08799386024475,0.01847416625596507,-2.226269825780777e-08,42.08799386024475,-0.47696110220330956,-1.1776596567078705
42.120784282684326,-0.006499812779385184,1.6110773320889699e-09,42.120784282684326,-0.4775663896766874,-1.1752164355054826
42.154500246047974,-0.004138622368397687,1.6117988807792527e-15,42.154500246047974,-0.47763074988659526,-1.1749562617734652
42.18662095069885,-0.00258901308750956,1.0111760343313503e-26,42.18662095069885,-0.4776662130577656,-1.174812900099685
42.22082757949829,-0.003828866189386953,5.536650799662793e-14,42.22082757949829,-0.47774593292555384,-1.1744907802534446
42.252349853515625,-0.0024030050651181896,9.139085435025396e-20,42.252349853515625,-0.4777687877538938,-1.1743983851207433
42.28750681877136,-0.001464774482117422,5.795635169021884e-31,42.28750681877136,-0.47779293870678796,-1.174300727341286
42.32011270523071,0.007824917184845522,-7.854247822057099e-20,42.32011270523071,-0.4775760510719029,-1.1751773849104177
42.35319995880127,0.00856163198055073,-1.9047394327294964e-25,42.35319995880127,-0.4775362076129132,-1.1753384392042765
42.38617992401123,0.010280624963663972,-8.08564197430621e-37,42.38617992401123,-0.47742727366105564,-1.1757787871919725
42.420355558395386,0.013913412501851562,3.702976224835494e-14,42.420355558395386,-0.4773118549754016,-1.1762453592591642
42.453108072280884,0.014945501273932437,9.217281424984548e-20,42.453108072280884,-0.4772422749063191,-1.1765266330560609
42.48776960372925,0.016567621302267476,3.873774560621052e-31,42.48776960372925,-0.4770564511919295,-1.1772778003288238
42.522852182388306,-0.008416944899408217,-7.640598964554415e-20,42.522852182388306,-0.47768111800406854,-1.1747526861218172
42.55538034439087,-0.007482028302116624,-1.8188687027914188e-25,42.55538034439087,-0.47772185929442545,-1.174587991025998
42.58722233772278,-0.005573369629857875,-7.838510039497283e-37,42.58722233772278,-0.4778021553231785,-1.1742633975185126
42.621501207351685,0.013188043162988923,4.736637373339632e-14,42.621501207351685,-0.4773663578260148,-1.1760250710506068
42.65378403663635,0.015087042640408497,2.9632247848000808e-25,42.65378403663635,-0.47723092611249074,-1.1765725421844442
42.69001245498657,0.016090761377949788,4.938060001890057e-31,42.69001245498657,-0.4771216842260123,-1.1770141423463136
42.72093939781189,0.0019152332065224531,-7.190963147041962e-16,42.72093939781189,-0.47743772340422747,-1.1757365836345253
42.75305366516113,0.0029686937535461175,-1.7550454083618838e-21,42.75305366516113,-0.47742584644440195,-1.1757845955884936
42.78593325614929,0.004922342927131019,-7.451072698814945e-33,42.78593325614929,-0.4773827230465031,-1.1759589190407247
42.82003903388977,-0.009597863548078301,-4.311688318391106e-14,42.82003903388977,-0.47772869605944296,-1.1745603412173988
42.85375738143921,-0.007648083685608091,-2.688145964161725e-25,42.85375738143921,-0.4778118375260183,-1.1742242447798843
42.888285636901855,-0.007087472282685825,-6.7265577804191205e-31,42.888285636901855,-0.47784995224005644,-1.1740701669446707
42.9207067489624,-0.00408606338779687,-3.3915234109568447e-18,42.9207067489624,-0.4779137307293858,-1.1738123456982708
