time_s,vx_m_s,wz_rad_s,v_left_m_s,v_right_m_s,cte_m
0.0,0.06129935011267662,-0.15503999590873718,0.0709893498569727,0.05160935036838055,0.00813664768694371
0.10001468658447266,0.06705586612224579,-0.02390018291771412,0.06854962755460292,0.06556210468988866,0.008116471510498921
0.2000432014465332,0.15929657220840454,0.041257936507463455,0.15671795117668808,0.161875193240121,0.008135863105031118
0.3001213073730469,0.2271307110786438,0.08567047119140625,0.2217763066291809,0.2324851155281067,0.008036071884043493
0.4000575542449951,0.2730790674686432,0.125687837600708,0.26522357761859894,0.28093455731868744,0.007819774719758794
0.5031845569610596,0.27096664905548096,0.11785488575696945,0.26360071869567037,0.27833257941529155,0.00744922509562955
0.6028647422790527,0.2577560544013977,0.0763416439294815,0.2529847016558051,0.2625274071469903,0.00700311180066693
0.7001869678497314,0.256735622882843,-0.08995397388935089,0.26235774625092745,0.2511134995147586,0.006276964144414622
0.8003392219543457,0.2900440990924835,-0.014556065201759338,0.2909538531675935,0.28913434501737356,0.005467891123227302
0.9001820087432861,0.31513768434524536,0.03747815266251564,0.31279529980383813,0.3174800688866526,0.004688609882838954
1.0047318935394287,0.3324221074581146,0.07062425464391708,0.3280080915428698,0.33683612337335944,0.003837789657876717
1.099823236465454,0.3148442506790161,0.07137364149093628,0.3103833980858326,0.31930510327219963,0.002758335536971822
1.200058937072754,0.2972661554813385,0.08613072335720062,0.29188298527151346,0.30264932569116354,0.0017008777199906196
1.2999212741851807,0.30963653326034546,0.001136641949415207,0.309565493138507,0.3097075733821839,0.00037868531207236304
1.3999607563018799,0.3649931848049164,0.060919567942619324,0.3611857118085027,0.3688006578013301,0.0018695751539980277
1.499929428100586,0.3417152762413025,0.06213856488466263,0.3378316159360111,0.3455989365465939,0.006528277016448998
1.5999698638916016,0.327517032623291,0.09297527372837067,0.32170607801526785,0.3333279872313142,0.00759362840266209
1.7002320289611816,0.28413674235343933,0.10965432226657867,0.27728334721177816,0.2909901374951005,0.00861367349665497
1.800412893295288,0.23179075121879578,0.12409521639347076,0.22403480019420385,0.2395467022433877,0.009822479175222743
1.9002149105072021,0.2410801649093628,0.07493910938501358,0.23639647057279944,0.24576385924592614,0.01156547499017415
1.9999744892120361,0.24864113330841064,0.08142814040184021,0.24355187453329563,0.25373039208352566,0.01222654047348107
2.100140333175659,0.207228422164917,0.07968287914991379,0.20224824221804738,0.2122086021117866,0.012852119848450163
2.200190782546997,0.19149218499660492,0.1150447279214859,0.18430188950151205,0.1986824804916978,0.014582267440409987
2.3003687858581543,0.16314353048801422,0.14415337145328522,0.1541339447721839,0.17215311620384455,0.02425559643934424
2.4090194702148438,0.21011948585510254,0.15305133163928986,0.20055377762764692,0.21968519408255816,0.02538232061124453
2.5008935928344727,0.2241283506155014,0.18336942791938782,0.21266776137053967,0.23558893986046314,0.026522455468712992
2.600013256072998,0.24052709341049194,0.21771037578582764,0.22692019492387772,0.25413399189710617,0.02735871701619205
2.70005202293396,0.22028905153274536,0.22938573360443115,0.20595244318246841,0.2346256598830223,0.02641302249579455
2.800410747528076,0.19701625406742096,0.21312867105007172,0.18369571212679148,0.21033679600805044,0.02750618049379969
2.9003634452819824,0.1776307076215744,0.23180443048477173,0.16314293071627617,0.19211848452687263,0.02834852685668242
2.9999613761901855,0.14742064476013184,0.23146553337574005,0.13295404892414808,0.1618872405961156,0.02905849167329537
3.1003472805023193,0.12610198557376862,0.2376956194639206,0.11124600935727358,0.14095796179026365,0.02956104026957652
3.200061082839966,0.14329969882965088,0.147202730178833,0.13409952819347382,0.15249986946582794,0.030106888599756736
3.3003134727478027,0.17166294157505035,0.13403941690921783,0.16328547801822424,0.18004040513187647,0.036722006270800515
3.399914026260376,0.1667778640985489,0.15427669882774353,0.15713557042181492,0.17642015777528286,0.036803050525598555
3.500580310821533,0.18809063732624054,0.1405215710401535,0.17930803913623095,0.19687323551625013,0.03656420353915663
3.6003174781799316,0.18675874173641205,0.14609351754188538,0.1776278968900442,0.19588958658277988,0.03627953119789663
3.7003767490386963,0.20257282257080078,0.09209377318620682,0.19681696174666286,0.2083286833949387,0.035767548672811206
3.800058364868164,0.17272289097309113,0.102018341422081,0.16634674463421106,0.1790990373119712,0.03517135628710789
3.9001309871673584,0.16120721399784088,0.06726691871881485,0.15700303157791495,0.1654113964177668,0.030302873668175603
4.000213146209717,0.13342782855033875,0.06311114877462387,0.12948338175192475,0.13737227534875274,0.028731917303541646
4.100437164306641,0.1127907857298851,-0.022827964276075363,0.11421753349713981,0.11136403796263039,0.027375865876249874
4.204480409622192,0.10393481701612473,-0.16311980783939362,0.11412980500608683,0.09373982902616262,0.026113096025680595
4.300577878952026,0.10470022261142731,-0.15832605957984924,0.11459560133516788,0.09480484388768673,0.024623099464835332
4.400757789611816,0.13005430996418,-0.005969328805804253,0.13042739301454276,0.12968122691381723,0.023089813335930565
4.500957012176514,0.15168951451778412,-0.0422317311167717,0.15432899771258235,0.1490500313229859,0.021764274785923913
4.600748062133789,0.14299249649047852,0.006824245676398277,0.14256598113570362,0.1434190118452534,0.018977112812738117
4.700178384780884,0.1450222134590149,-0.06106261909008026,0.1488386271521449,0.14120579976588488,0.017721983333620787
4.800159454345703,0.11745283007621765,-0.022598108276724815,0.11886521184351295,0.11604044830892235,0.016396394492917507
4.900668144226074,0.1051158457994461,-0.06771282851696014,0.10934789758175611,0.1008837940171361,0.01486827832563689
5.002565622329712,0.08209889382123947,-0.017474325373768806,0.08319103915710002,0.08100674848537892,0.01315957187971135
5.100788116455078,0.08780385553836823,-0.07762613147497177,0.09265548875555396,0.08295222232118249,0.01158278893884407
5.203430891036987,0.08889823406934738,-0.19218391180038452,0.10090972855687141,0.07688673958182335,0.01025962176787176
5.300280809402466,0.11187374591827393,-0.18440678715705872,0.1233991701155901,0.10034832172095776,0.008915702699129769
5.400044202804565,0.14323946833610535,-0.01891522854566574,0.14442167012020946,0.14205726655200124,0.010833015868138387
5.500398874282837,0.170500248670578,-0.03909149020910263,0.17294346680864692,0.1680570305325091,0.010676947501713772
5.600107192993164,0.15171833336353302,0.007629295811057091,0.15124150237534195,0.1521951643517241,0.00988118264306163
5.700082778930664,0.1476363092660904,-0.035484861582517624,0.14985411311499774,0.14541850541718304,0.00929135290182483
5.800385475158691,0.12036353349685669,-0.009061204269528389,0.12092985876370221,0.11979720823001117,0.008233775764915784
5.900392532348633,0.0,0.0,0.0,0.0,0.007110794038961465
6.00019097328186,0.0,0.0,0.0,0.0,0.005706467519951691
6.100306510925293,0.0,0.0,0.0,0.0,0.005053541969522243
6.203068494796753,0.0,0.0,0.0,0.0,0.004329491086252477
6.30057430267334,0.0,0.0,0.0,0.0,0.0006959163651534129
6.400896310806274,0.0,0.0,0.0,0.0,0.0024015693308025057
6.500462293624878,0.0,0.0,0.0,0.0,0.002341697981641291
6.599988222122192,0.09918395552380103,-0.22000000000000003,0.11293395552380103,0.08543395552380104,0.026093690819833648
6.700515031814575,0.1354326268666814,-0.44000000000000006,0.1629326268666814,0.1079326268666814,0.02536253845890638
6.800316333770752,0.14207440161039336,-0.66,0.18332440161039337,0.10082440161039335,0.025181385828594957
6.901579856872559,0.1671156264831619,-0.8800000000000001,0.2221156264831619,0.11211562648316188,0.024318964601509244
7.000311374664307,0.18300381212564457,-1.1,0.25175381212564457,0.11425381212564456,0.02388724940543321
7.100122690200806,0.22923968800755007,-1.32,0.3117396880075501,0.14673968800755005,0.027282174834793033
7.200192928314209,0.22702675920562085,-1.54,0.3232767592056208,0.13077675920562085,0.03129016260389835
7.300165176391602,0.24995497774709546,-1.76,0.35995497774709545,0.13995497774709548,0.03466384377053874
7.4004576206207275,0.20107316970825195,-1.7854770421981812,0.3126654848456383,0.08948085457086563,0.03830708378943268
7.500124931335449,0.1928621381521225,-1.6058906316757202,0.293230302631855,0.09249397367238998,0.04131440667085973
7.6027092933654785,0.14890801906585693,-1.5629541873931885,0.2465926557779312,0.051223382353782654,0.04322857105708817
7.700588703155518,0.13000471022375906,-1.3429541873931885,0.21393934693583333,0.04607007351168478,0.043861597524853385
7.800288438796997,0.10399695485830307,-1.2126572132110596,0.1797880306839943,0.028205879032611847,0.04052773381975374
7.900332450866699,0.09730130434036255,-1.1043035984039307,0.16632027924060822,0.028282329440116882,0.03984292499225701
8.0007164478302,0.08046068251132965,-1.0074434280395508,0.14342589676380157,0.017495468258857727,0.03836054760608933
8.100172519683838,0.1321985274553299,-0.8251366019248962,0.1837695650756359,0.08062748983502388,0.03777308828039889
8.200397968292236,0.20326851627504816,-0.6051366019248963,0.2410895538953542,0.16544747865474213,0.0389160913178999
8.303035020828247,0.22292882204055786,-0.4476161301136017,0.25090483017265797,0.19495281390845776,0.039601674133997226
8.400486707687378,0.19921010732650757,-0.42059800028800964,0.22549748234450817,0.17292273230850697,0.041035363190193866
8.500774383544922,0.19153612852096558,-0.43671125173568726,0.21883058175444603,0.16424167528748512,0.04182133957094844
8.60006594657898,0.18599073588848114,-0.4106885492801666,0.21165877021849155,0.16032270155847073,0.04256852547302777
8.700788021087646,0.14853119850158691,-0.5176994204521179,0.18088741227984428,0.11617498472332954,0.04255823369075848
8.80021047592163,0.1429484635591507,-0.4996334910392761,0.17417555674910545,0.11172137036919594,0.04164910159473916
8.900199174880981,0.22904060781002045,-0.3867780864238739,0.25321423821151257,0.20486697740852833,0.03770517083380099
9.000525712966919,0.2650664746761322,-0.291386216878891,0.2832781132310629,0.24685483612120152,0.0345747257492877
9.10047435760498,0.2671816647052765,-0.28102436661720276,0.28474568761885166,0.24961764179170132,0.03695708182710944
9.200549364089966,0.25668811798095703,-0.3112806975841522,0.27614316157996655,0.23723307438194752,0.03899053465804626
9.303176403045654,0.24582040309906006,-0.3451484441757202,0.26739218086004257,0.22424862533807755,0.041896731569460305
9.400872230529785,0.24574050307273865,-0.34259745478630066,0.26715284399688244,0.22432816214859486,0.039077072969642884
9.500330686569214,0.2741164267063141,-0.33819469809532166,0.2952535953372717,0.2529792580753565,0.03502796005537934
9.600568294525146,0.2705919146537781,-0.19452475011348724,0.28274971153587103,0.2584341177716851,0.03720502219480368
9.700300455093384,0.3086632192134857,-0.0020356522873044014,0.30879044748144224,0.3085359909455292,0.03890253903032162
9.800738096237183,0.3217223882675171,0.10247557610273361,0.31531766476109624,0.32812711177393794,0.040572432617185225
9.900511980056763,0.3417227864265442,0.17390522360801697,0.33085370995104313,0.35259186290204525,0.042124204637767955
10.000391006469727,0.333614706993103,0.16567754745483398,0.3232598602771759,0.34396955370903015,0.04343586414207972
10.10041618347168,0.3390613794326782,0.07419729977846146,0.3344240481965244,0.34369871066883206,0.039731026471757074
10.200727939605713,0.3420047163963318,0.10049604624509811,0.33572371350601315,0.3482857192866504,0.03371408564144817
10.300725221633911,0.34331464767456055,0.17391762137413025,0.3324447963386774,0.3541844990104437,0.034495883247279154
10.400754690170288,0.33878809213638306,0.22372038662433624,0.32480556797236204,0.35277061630040407,0.03439616936130831
10.500447750091553,0.31939223408699036,0.2434462606906891,0.3041768427938223,0.3346076253801584,0.0340220786534088
10.600568056106567,0.3564726412296295,0.28701329231262207,0.33853431046009064,0.3744109719991684,0.03386851451543927
10.700595378875732,0.34181907773017883,0.35153645277023315,0.31984804943203926,0.3637901060283184,0.03349182953942024
10.800351619720459,0.35014215111732483,0.36818215250968933,0.32713076658546925,0.3731535356491804,0.029430106314895964
10.900205850601196,0.33928680419921875,0.38006460666656494,0.31553276628255844,0.36304084211587906,0.025205214308494407
11.000776529312134,0.3160237967967987,0.34555941820144653,0.2944263331592083,0.3376212604343891,0.023455161712359198
11.100572347640991,0.2645401954650879,0.16170597076416016,0.2544335722923279,0.2746468186378479,0.02435705449285783
11.201250076293945,0.15815888345241547,0.0801638662815094,0.15314864180982113,0.1631691250950098,0.019994661488350524
11.300556182861328,0.18310686945915222,0.051572129130363464,0.1798836113885045,0.18633012752979994,0.015589675767413484
11.400815963745117,0.1615755259990692,0.07477474212646484,0.15690210461616516,0.16624894738197327,0.010438391653964168
11.500906944274902,0.13658186793327332,0.10651566088199615,0.12992463912814856,0.14323909673839808,0.0040658783688254825
11.600441217422485,0.12524554133415222,0.14639286696910858,0.11609598714858294,0.1343950955197215,0.0011794536247299293
11.70084834098816,0.11242031306028366,0.13904668390750885,0.10372989531606436,0.12111073080450296,0.0011100484302363734
11.800401449203491,0.10685262084007263,0.1359575241804123,0.09835527557879686,0.1153499661013484,0.0005939816706720546
11.900302410125732,0.09003741294145584,0.12501391768455505,0.08222404308617115,0.09785078279674053,0.006952533499307982
12.000304698944092,0.07307855039834976,0.11734642088413239,0.06574439909309149,0.08041270170360804,0.006486100307201244
12.104400396347046,0.05912475287914276,0.11397905647754669,0.05200106184929609,0.06624844390898943,0.0061577531315523725
12.2005295753479,0.049722276628017426,0.13144299387931824,0.041507089510560036,0.057937463745474815,0.005809056361413234
12.300413131713867,0.05502936616539955,0.12523747980594635,0.047202023677527905,0.0628567086532712,0.005517313722775563
12.400639295578003,0.060792844742536545,0.13421808183193207,0.05240421462804079,0.0691814748570323,0.0053566655640115285
12.503555536270142,0.09310121834278107,0.10671380907297134,0.08643160527572036,0.09977083140984178,0.0026633162240134217
12.604524374008179,0.10961441695690155,0.12433522194623947,0.10184346558526158,0.11738536832854152,0.005722606709665166
12.700491666793823,0.1215483620762825,0.15995368361473083,0.11155125685036182,0.13154546730220318,0.0059679920670111485
12.802898168563843,0.1267232447862625,0.18294623494148254,0.11528910510241985,0.13815738447010517,0.006196099666184551
12.900334358215332,0.09460002183914185,0.19588813185691833,0.08235701359808445,0.10684303008019924,0.006462266532851755
13.000479698181152,0.0930195152759552,0.1912645697593689,0.08106547966599464,0.10497355088591576,0.006724819602651824
13.10037612915039,0.12688511610031128,0.187113419175148,0.11519052740186453,0.13857970479875803,0.006971008427334983
13.200590372085571,0.14760592579841614,0.1930222362279892,0.1355420360341668,0.15966981556266546,0.007274746150726932
13.300403594970703,0.192500501871109,0.21178501844406128,0.17926393821835518,0.20573706552386284,0.0074711223028268055
13.400643587112427,0.12521405518054962,0.21087123453617096,0.11203460302203894,0.1383935073390603,0.007640593863134408
13.502640008926392,0.13969144225120544,0.14708799123764038,0.13049844279885292,0.14888444170355797,0.007717398916037717
13.602453470230103,0.1493489295244217,0.16729384660720825,0.13889306411147118,0.1598047949373722,0.007304958891275286
13.700560569763184,0.12180127203464508,0.11922894418239594,0.11434946302324533,0.12925308104604483,0.0068123711305614525
13.80045485496521,0.1683361679315567,0.05954965204000473,0.1646143146790564,0.172058021184057,0.005943039769643727
13.90279245376587,0.06482181698083878,0.025193585082888603,0.06324721791315824,0.06639641604851931,0.005233540373954674
14.000566244125366,0.08660890907049179,-0.014488540589809418,0.08751444285735488,0.0857033752836287,0.005570166708465648
14.100394010543823,0.16831034421920776,-0.04852470010519028,0.17134313797578216,0.16527755046263337,0.014590224498791812
14.200696229934692,0.06782041490077972,0.036203205585479736,0.06555771455168724,0.07008311524987221,0.014012628087655484
14.30117130279541,0.03906939923763275,0.01518193818628788,0.03812052810098976,0.040018270374275744,0.01354116509133635
14.400737047195435,0.15854907035827637,-0.048034898936748505,0.16155125154182315,0.15554688917472959,0.013111515736552521
14.500389337539673,0.09171372652053833,-0.10780090093612671,0.09845128282904625,0.08497617021203041,0.012663614836201993
14.600696325302124,0.14080092310905457,-0.1550355702638626,0.15049064625054598,0.13111119996756315,0.012068654943545483
14.700397729873657,0.11076051741838455,-0.1208392009139061,0.11831296747550368,0.10320806736126542,0.011574415620440637
14.800743579864502,0.1739458292722702,-0.06054665148258209,0.17772999498993158,0.17016166355460882,0.010869549705566382
14.900826454162598,0.1236213818192482,0.03483022376894951,0.12144449283368886,0.12579827080480754,0.009883719635805347
15.0004141330719,0.18741264939308167,0.056234195828437805,0.1838980121538043,0.19092728663235903,0.00893286764755286
15.100852251052856,0.117722287774086,0.04453998804092407,0.11493853852152824,0.12050603702664375,0.008201957939198968
15.200724363327026,0.17337636649608612,0.06895130127668381,0.16906691016629338,0.17768582282587886,0.012724693545055865
15.301047325134277,0.10812725126743317,0.0427243709564209,0.10545697808265686,0.11079752445220947,0.01191807097294355
15.404515266418457,0.19096314907073975,0.04247576743364334,0.18830841360613704,0.19361788453534245,0.011122074986283282
15.501058340072632,0.11947599053382874,0.08961369842290878,0.11387513438239694,0.12507684668526053,0.010301485251477296
15.600468873977661,0.17842121422290802,0.235958993434906,0.1636737771332264,0.19316865131258965,0.009399401616830647
15.70029592514038,0.1371787190437317,0.18734979629516602,0.1254693567752838,0.14888808131217957,0.008463956164382105
15.801034927368164,0.16454268991947174,0.19844475388526917,0.15213989280164242,0.17694548703730106,0.007553710947055573
15.90058183670044,0.14254622161388397,0.11003963649272919,0.1356687443330884,0.14942369889467955,0.0065585941468511684
16.00066351890564,0.15044523775577545,0.10188604891300201,0.14407735969871283,0.15681311581283808,0.005615948112295607
16.101252555847168,0.13014818727970123,0.04280548542737961,0.12747284444049,0.13282353011891246,0.004570848937027392
16.203205823898315,0.1453467756509781,0.05338875949382782,0.14200997818261385,0.14868357311934233,0.012049052652901952
16.300907135009766,0.0754106268286705,-0.020548302680253983,0.07669489574618638,0.07412635791115463,0.011936973058815834
16.400604248046875,0.08976412320209451,0.19945169731974605,0.07729839211961038,0.10222985428457863,0.010935466780591319
16.500608205795288,0.09721338751773057,0.4194516973197461,0.07099765643524644,0.12342911860021469,0.009901172400664418
16.60079860687256,0.0693700814741529,0.639451697319746,0.02940435039166877,0.10933581255663702,0.009005338822515238
16.700823068618774,0.0,0.790452778339386,-0.049403298646211624,0.049403298646211624,0.008297513666099961
16.803707599639893,0.0,0.6656610369682312,-0.04160381481051445,0.04160381481051445,0.007561791202607299
16.90050435066223,0.0,0.7543339133262634,-0.047145869582891464,0.047145869582891464,0.007036728119385466
17.001359462738037,0.013846784830093384,0.7187044620513916,-0.03107224404811859,0.05876581370830536,0.006708135497224892
17.100918769836426,0.037934429943561554,0.7648477554321289,-0.009868554770946503,0.08573741465806961,0.013961659907102951
17.200843334197998,0.03822171688079834,0.6428425312042236,-0.001955941319465637,0.07839937508106232,0.015581933351496845
17.300591230392456,0.06840631365776062,0.5867562294006348,0.03173404932022095,0.10507857799530029,0.015492486446472033
17.400436878204346,0.05145746096968651,0.6444268226623535,0.011180784553289413,0.0917341373860836,0.01527669730750331
17.500483751296997,0.023674769327044487,0.5113672018051147,-0.008285680785775185,0.05563521943986416,0.015000512740881267
17.60573124885559,0.02429971657693386,0.6128605604171753,-0.014004068449139595,0.06260350160300732,0.01483780651530494
17.700836658477783,0.022803254425525665,0.4533497095108032,-0.005531102418899536,0.05113761126995087,0.014834589435833358
17.800647974014282,0.02941408008337021,0.4286176264286041,0.002625478431582451,0.05620268173515797,0.014767480487075203
17.900792598724365,0.057120393961668015,0.3982761800289154,0.0322281327098608,0.08201265521347523,0.014623139414837526
18.00047469139099,0.05562613159418106,0.3588705062866211,0.03319672495126724,0.07805553823709488,0.014471752286970126
18.100575923919678,0.04238661751151085,0.3041154146194458,0.023379404097795486,0.06139383092522621,0.01424535247617741
18.20059561729431,0.03555142879486084,0.2574356198310852,0.019461702555418015,0.051641155034303665,0.021959036680625953
18.303203582763672,0.03850873187184334,0.25592896342277527,0.022513171657919884,0.05450429208576679,0.024470906436034386
18.40085530281067,0.047752078622579575,0.23313437402248383,0.033181180246174335,0.062322976998984814,0.024084567886989972
18.50066876411438,0.05021343007683754,0.2191314548254013,0.03651771415024996,0.06390914600342512,0.023906771874447785
18.600961446762085,0.05304713547229767,0.19278402626514435,0.04099813383072615,0.06509613711386919,0.02390985256184329
18.700671195983887,0.0455663800239563,0.17631103098392487,0.034546940587460995,0.0565858194604516,0.025876072228573042
18.80103898048401,0.059227608144283295,0.14518560469150543,0.050153507851064205,0.06830170843750238,0.026485173538771337
18.900696992874146,0.06490611284971237,0.16207954287528992,0.05477614142000675,0.07503608427941799,0.025576759416142947
19.000619649887085,0.06235172599554062,0.1743333339691162,0.051455892622470856,0.07324755936861038,0.024078249636509765
19.100809812545776,0.07232198119163513,0.17671777307987213,0.061277120374143124,0.08336684200912714,0.02288424316986998
19.201170444488525,0.1338001099037046,0.39671777307987216,0.1090052490862126,0.15859497072119663,0.02215926378310449
19.300830602645874,0.1539030522108078,0.5613764524459839,0.11881702393293381,0.1889890804886818,0.020578425636673423
19.400612592697144,0.14152256559780116,0.7813764524459839,0.09268653731992717,0.19035859387567516,0.01845698467824046
19.502158403396606,0.13162620712989603,1.0013764524459838,0.06904017885202204,0.19421223540777002,0.01661513507872456
19.600563764572144,0.09959043562412262,1.1055305004119873,0.030494779348373413,0.16868609189987183,0.014307262205404101
19.7007577419281,0.12397567927837372,0.9712578058242798,0.06327206641435623,0.1846792921423912,0.011540774688880484
19.800583124160767,0.09910711646080017,0.8855662941932678,0.04375922307372093,0.1544550098478794,0.007692665868241074
19.90062689781189,0.044015347957611084,0.8593116998672485,-0.00969163328409195,0.09772232919931412,0.004310799606399784
20.00108051300049,0.04417579621076584,0.8526342511177063,-0.009113844484090805,0.09746543690562248,0.005115169683056665
20.100773334503174,0.0,0.6997388601303101,-0.04373367875814438,0.04373367875814438,0.006450871786654852
20.200878858566284,0.0,0.6889860033988953,-0.043061625212430954,0.043061625212430954,0.0074697444540042564
20.300596714019775,0.021179914474487305,0.522748589515686,-0.011491872370243073,0.05385170131921768,0.007469505989733198
20.402695417404175,0.06429915130138397,0.4569660425186157,0.03573877364397049,0.09285952895879745,0.007362829058028888
20.500879526138306,0.07553955912590027,0.35659363865852356,0.053252456709742546,0.09782666154205799,0.0010021916916323815
20.60065007209778,0.0801692008972168,0.2818821370601654,0.06255156733095646,0.09778683446347713,0.004410243628491012
20.701050519943237,0.06809981167316437,0.24124203622341156,0.053022184409201145,0.08317743893712759,0.006854578038030156
20.80099368095398,0.09213286638259888,0.19061918556690216,0.08021916728466749,0.10404656548053026,0.009626829039053122
20.900760412216187,0.08879800140857697,0.1693502515554428,0.07821361068636179,0.09938239213079214,0.011788505705388789
21.00080418586731,0.10124143213033676,0.13822397589683533,0.09260243363678455,0.10988043062388897,0.014425634502456864
21.10114288330078,0.10545547306537628,0.09152637422084808,0.09973507467657328,0.11117587145417929,0.016111981861407835
21.200924396514893,0.1047796830534935,0.06446743756532669,0.10075046820566058,0.10880889790132642,0.018066577015974375
21.300954580307007,0.09195554256439209,0.06961885094642639,0.08760436438024044,0.09630672074854374,0.020221461388163144
21.400811672210693,0.15553436698383782,0.2896188509464264,0.13743318879968616,0.17363554516798949,0.023279570820311093
21.50081491470337,0.20195642382169227,0.5096188509464264,0.17010524563754062,0.2338076020058439,0.026172766553797258
21.600911855697632,0.21762477875851344,0.7296188509464265,0.17202360057436178,0.2632259569426651,0.028851827858199466
21.70108151435852,0.2609427869319916,0.9011120200157166,0.2046232856810093,0.31726228818297386,0.032251788402938436
21.80520796775818,0.2572542130947113,0.7813609838485718,0.20841915160417557,0.30608927458524704,0.036391961942280525
21.901437520980835,0.21440239250659943,0.8846818804740906,0.15910977497696877,0.2696950100362301,0.03555552978625077
22.001458406448364,0.11833958509703993,0.6646818804740906,0.07679696756740927,0.15988220262667058,0.03200148970487217
22.100659608840942,0.08482510596513748,0.7663849592208862,0.03692604601383209,0.13272416591644287,0.028649193346500727
22.200790405273438,0.018522499035986684,0.5463849592208863,-0.015626560915318707,0.052671558987292075,0.02608271519647502
22.30112910270691,0.16095307620494412,0.7663849592208862,0.11305401625363873,0.2088521361562495,0.02471946886726006
22.402395725250244,0.1884287995043073,0.9863849592208862,0.12677973955300192,0.25007785945561267,0.02413307204714267
22.5008807182312,0.1777028497893596,1.2063849592208862,0.10230378983805422,0.253101909740665,0.023648342878859672
22.60077977180481,0.18687321245670319,1.2263307571411133,0.1102275401353836,0.26351888477802277,0.024015883170592934
22.701225996017456,0.1866786777973175,1.0343425273895264,0.1220322698354721,0.2513250857591629,0.0205654899260154
22.800718069076538,0.17013882100582123,1.0410184860229492,0.1050751656293869,0.23520247638225555,0.01691339071285446
22.900946617126465,0.10154278576374054,0.9465724229812622,0.04238200932741165,0.16070356220006943,0.013877128484876402
23.00075674057007,0.08233097940683365,1.013348937034607,0.018996670842170715,0.14566528797149658,0.0060945255123412085
23.10105538368225,0.021343322470784187,0.9172949194908142,-0.0359876099973917,0.07867425493896008,0.0019757960753684816
23.205870151519775,0.152328067619941,1.1372949194908142,0.08124713515176511,0.22340900008811687,0.005620937528356328
23.300697803497314,0.1666118362641536,1.3572949194908142,0.08178090379597772,0.2514427687323295,0.00756380372244688
23.400726079940796,0.15242577233081953,1.5772949194908141,0.05384483986264364,0.2510067047989954,0.008415487655607663
23.501291275024414,0.17414207756519318,1.4836907386779785,0.08141140639781952,0.26687274873256683,0.009131911595630192
23.601051330566406,0.14885088801383972,1.2851420640945435,0.06852950900793076,0.2291722670197487,0.008301132043397566
23.7010555267334,0.11916835606098175,1.2649567127227783,0.040108561515808105,0.1982281506061554,0.009774816325707794
23.80158758163452,0.0684802308678627,1.108533263206482,-0.0008030980825424194,0.13776355981826782,0.016807984574293878
23.900617599487305,0.06812429428100586,1.0759670734405518,0.0008763521909713745,0.13537223637104034,0.026519844626635248
24.001118183135986,0.032972078770399094,0.986447811126709,-0.028680909425020218,0.0946250669658184,0.031529535404814846
24.100820541381836,0.0,1.0083521604537964,-0.06302201002836227,0.06302201002836227,0.03425996432603831
24.2009437084198,0.0,0.7883521604537964,-0.049272010028362276,0.049272010028362276,0.03394909274744796
24.302204847335815,0.0,0.7109827995300293,-0.04443642497062683,0.04443642497062683,0.03151881714178417
24.403520822525024,0.01488111075013876,0.5786995887756348,-0.021287613548338413,0.05104983504861593,0.019374336318162197
24.501200914382935,0.031996555626392365,0.5520980954170227,-0.0025095753371715546,0.06650268658995628,0.020267175489743907
24.601194381713867,0.05076047033071518,0.465146541595459,0.021688811480998993,0.07983212918043137,0.02314694411449995
24.70086431503296,0.17782098943813682,0.685146541595459,0.13499933058842062,0.22064264828785302,0.022407948418521603
24.800755262374878,0.2085053484590511,0.9051465415954589,0.15193368960933493,0.26507700730876727,0.018879800509978204
24.900726556777954,0.19694479743462787,1.125146541595459,0.1266231385849117,0.26726645628434403,0.01888154829781405
25.003087520599365,0.13567326962947845,1.3208379745483398,0.053120896220207214,0.2182256430387497,0.018576834323094708
25.101537466049194,0.17562948920857574,1.1008379745483399,0.1068271157993045,0.244431862617847,0.016899431398007824
25.200663805007935,0.22326870262622833,1.0394612550735474,0.15830237418413162,0.28823503106832504,0.015282639083237834
25.30420994758606,0.18384202796015084,0.8194612550735474,0.13262569951805414,0.23505835640224754,0.01207082871573727
25.400789737701416,0.22511357069015503,0.9175456166267395,0.1677669696509838,0.28246017172932625,0.007280297946817206
25.500982522964478,0.15557967850683718,0.6975456166267395,0.11198307746766596,0.19917627954600842,0.002345623240795956
25.600786209106445,0.12788274884223938,0.7093117237091064,0.08355076611042023,0.17221473157405853,0.006321842369875225
25.702451467514038,0.07272977981300915,0.4893117237091064,0.04214779708119,0.10331176254482831,0.004686001168559479
25.80111336708069,0.0977475494146347,0.49635857343673706,0.06672513857483864,0.12876996025443077,0.004209901191414449
25.90078568458557,0.0544231020855095,0.27635857343673703,0.037150691245713435,0.07169551292530557,0.0042321710306328746
26.00212287902832,0.011098654756384302,0.056358573436737,0.007576243916588239,0.014621065596180365,0.0032600705911462005
26.104172706604004,0.0,0.0,0.0,0.0,0.0037978263746073944
26.200910568237305,0.0,0.0,0.0,0.0,0.0047115874169968725
26.301130294799805,0.0,0.0,0.0,0.0,0.011066743116751154
26.408689498901367,0.0,0.0,0.0,0.0,0.011130886547661416
26.50113296508789,0.0,0.0,0.0,0.0,0.011067703392599455
26.60093593597412,0.0,0.0,0.0,0.0,0.011074653898251028
26.700840950012207,0.0,0.0,0.0,0.0,0.011759093366404495
26.8010516166687,0.0,0.0,0.0,0.0,0.01172151035392844
28.800939083099365,0.08162803520035705,0.22000000000000003,0.06787803520035705,0.09537803520035705,0.050155802296598134
28.903327465057373,0.1309712304595176,0.44000000000000006,0.10347123045951762,0.1584712304595176,0.050418348357408174
29.008191108703613,0.12233842950754881,0.6600000000000001,0.0810884295075488,0.16358842950754882,0.04865997641598408
29.10154628753662,0.2,0.6198593974113464,0.16125878766179086,0.23874121233820916,0.04513043627424312
29.201112985610962,0.2,0.8398593974113464,0.14750878766179087,0.25249121233820915,0.03628541398177556
29.304383516311646,0.19815228739893526,1.0598593974113464,0.1319110750607261,0.26439349973714443,0.025249045526181728
29.401665210723877,0.19953499436667393,0.8398593974113464,0.1470437820284648,0.25202620670488307,0.017896181710678107
29.50080442428589,0.19996698464674187,1.0598593974113464,0.13372577230853272,0.266208196984951,0.01497126771463052
29.60127305984497,0.2,1.0023175477981567,0.13735515326261521,0.2626448467373848,0.012070217564664323
29.700831174850464,0.2,0.7823175477981568,0.1511051532626152,0.24889484673738482,0.0098760324102849
29.801003217697144,0.2,1.0023175477981567,0.13735515326261521,0.2626448467373848,0.008202472818193007
29.901007413864136,0.2,1.1050351858139038,0.13093530088663102,0.269064699113369,0.007172963796686982
30.006019115447998,0.13963940739631653,0.9342180490493774,0.08125077933073044,0.19802803546190262,0.00674173679361675
30.100857257843018,0.17213725461091112,0.7142180490493775,0.127498626545325,0.21677588267649722,0.009772698960529375
30.20147132873535,0.19551626360963403,0.49421804904937744,0.16462763554404794,0.22640489167522013,0.00997347003380457
30.30254292488098,0.19845879852635817,0.2742180490493774,0.1813201704607721,0.21559742659194425,0.006239434078683663
30.40115714073181,0.1997369993261501,0.49421804904937744,0.168848371260564,0.2306256273917362,0.005503384426608691
30.500855445861816,0.2,0.6937352418899536,0.1566415473818779,0.2433584526181221,0.003666406982239947
30.60123324394226,0.12135762721300125,0.6226420402526855,0.0824424996972084,0.1602727547287941,0.0014109430548484092
30.704614639282227,0.0666159987449646,0.6029020547866821,0.028934620320796967,0.10429737716913223,0.0007542156965769984
30.8012056350708,0.0,0.5747453570365906,-0.03592158481478691,0.03592158481478691,0.005572480614369089
30.900856971740723,0.12006477266550064,0.5295684337615967,0.08696674555540085,0.15316279977560043,0.007739358868125308
31.00094485282898,0.1886551490641191,0.30956843376159665,0.1693071219540193,0.20800317617421887,0.007661270603824125
31.10114812850952,0.2,0.4459865391254425,0.17212584130465985,0.22787415869534017,0.007298433823244461
31.20107674598694,0.2,0.22598653912544248,0.18587584130465987,0.21412415869534016,0.012257567780199477
31.301674842834473,0.2,0.4459865391254425,0.17212584130465985,0.22787415869534017,0.015382275066651335
31.401098012924194,0.15694708527665255,0.6659865391254425,0.1153229265813124,0.19857124397199272,0.01454066663177396
31.502976894378662,0.1781250293289744,0.8859865391254425,0.12275087063363424,0.23349918802431455,0.014232740618396996
31.600995779037476,0.1896490454673767,1.0107368230819702,0.12647799402475357,0.25282009690999985,0.013466115687986542
31.70163655281067,0.15024371210356635,0.7907368230819702,0.10082266066094321,0.1996647635461895,0.011853823158739165
31.80104088783264,0.1529182282498084,0.5707368230819703,0.11724717680718527,0.18858927969243156,0.009818895954150957
31.901536226272583,0.1314812922234751,0.3507368230819703,0.10956024078085196,0.15340234366609823,0.00737334338216819
32.00618052482605,0.13063473526894268,0.13073682308197027,0.12246368382631953,0.13880578671156582,0.004393350306350833
32.10098600387573,0.11744660219219262,-0.08926317691802976,0.12302555074956947,0.11186765363481577,0.0009841221221406334
32.201234579086304,0.10383919196536548,-0.3092631769180298,0.12316814052274234,0.08451024340798861,0.002420662517633291
32.3012330532074,0.10903998216744448,-0.5292631769180298,0.14211893072482135,0.07596103361006762,0.0023116122860001374
32.40118145942688,0.11069908011220579,-0.3092631769180298,0.13002802866958266,0.09137013155482893,0.002645617035347515
32.501017808914185,0.09841426187788448,-0.08926317691802976,0.10399321043526133,0.09283531332050762,0.004747859003238696
32.60179328918457,0.10049294992441901,0.13073682308197027,0.09232189848179587,0.10866400136704216,0.002576032535800265
32.70320391654968,0.12440835338550146,0.3507368230819703,0.10248730194287832,0.14632940482812462,0.00019499461504155212
32.80105638504028,0.19882350596774967,0.5707368230819703,0.16315245452512653,0.2344945574103728,0.002510907644989588
32.90113592147827,0.19928758878837835,0.35073682308197024,0.17736653734575522,0.22120864023100148,0.005237270482280871
33.0011625289917,0.19954468983033677,0.1307368230819702,0.19137363838771362,0.20771574127295991,0.008299119772270313
33.102001667022705,0.14208394472506286,-0.08926317691802982,0.14766289328243973,0.136504996167686,0.004421681303449083
33.20089936256409,0.0,0.0,0.0,0.0,0.0023527515308362583
33.30098009109497,0.0,-0.06468337774276733,0.004042711108922958,-0.004042711108922958,0.018197455267290698
33.40103816986084,0.13572101294994354,-0.13281309604644775,0.14402183145284653,0.12742019444704056,0.023105878198709805
33.50303530693054,0.2,-0.3460981547832489,0.22163113467395307,0.17836886532604695,0.020394745718278123
33.60117435455322,0.2,-0.5660981547832489,0.23538113467395305,0.16461886532604697,0.01817553465452005
33.70697283744812,0.2,-0.7860981547832488,0.24913113467395306,0.15086886532604696,0.011672821181479949
33.80166435241699,0.2,-1.0060981547832488,0.2628811346739531,0.13711886532604695,0.0066157998685213125
33.90180015563965,0.2,-1.2260981547832488,0.27663113467395306,0.12336886532604696,0.004957198247412545
34.001314640045166,0.2,-1.3444288969039917,0.2840268060564995,0.11597319394350053,0.0029304828509020466
34.101141691207886,0.2,-1.1244288969039917,0.2702768060564995,0.12972319394350051,0.0007403255447019091
34.20119380950928,0.2,-0.9044288969039918,0.25652680605649947,0.14347319394350053,0.0009066737711595858
34.301186084747314,0.2,-0.6844288969039918,0.24277680605649948,0.15722319394350054,0.0028480852661083773
34.4010546207428,0.2,-0.46442889690399175,0.2290268060564995,0.17097319394350052,0.005469437497175494
34.5011260509491,0.2,-0.24442889690399172,0.2152768060564995,0.18472319394350054,0.008735618326357828
34.60090708732605,0.2,-0.3756522536277771,0.22347826585173608,0.17652173414826394,0.01201381173026323
34.70335245132446,0.2,-0.41837194561958313,0.22614824660122396,0.17385175339877607,0.015401858032054253
34.8010618686676,0.2,-0.4001910090446472,0.22501193806529046,0.17498806193470956,0.018951669632018327
34.902690172195435,0.2,-0.6201910090446472,0.23876193806529045,0.16123806193470958,0.022857550982999793
35.004557609558105,0.2,-0.40019100904464716,0.22501193806529046,0.17498806193470956,0.029994119010617094
35.10136032104492,0.2,-0.6201910090446472,0.23876193806529045,0.16123806193470958,0.044148343999406404
35.20137619972229,0.1290541150092157,-0.40019100904464716,0.15406605307450616,0.10404217694392526,0.033333257425305296
35.30145001411438,0.05810823001843139,-0.18019100904464713,0.06937016808372184,0.046846291953140946,0.03426101151526551
35.34286165237427,0.0,0.0,0.0,0.0,0.03509727254278113
35.40107560157776,0.0,0.0,0.0,0.0,0.03638685547749854
35.50136423110962,0.0,0.0,0.0,0.0,0.03891757863475087
35.601245403289795,0.0,0.0,0.0,0.0,0.04164970454630793
35.701067209243774,0.0,0.0,0.0,0.0,0.041588029499705886
35.80329418182373,0.0,0.0,0.0,0.0,0.041543990554747806
35.901297092437744,0.0,0.0,0.0,0.0,0.04222247251728858
36.00109839439392,0.0,0.0,0.0,0.0,0.04475432579394264
36.10231876373291,0.0,0.0,0.0,0.0,0.04469361687102408
36.201294898986816,0.0,0.0,0.0,0.0,0.04471758539250231
239.0973072052002,0.48315300000000017,3.119722858696951,0.2881703213314407,0.6781356786685596,1.4081390582090174
243.78053545951843,0.0,0.0,0.0,0.0,1.1933838290256937
251.19664192199707,0.04203021385372666,-0.22000000000000003,0.05578021385372667,0.02828021385372666,0.028729489726040124
251.29676008224487,0.08256380815741268,-0.44000000000000006,0.11006380815741268,0.05506380815741268,0.028608667526147574
251.40189456939697,0.10838098714134982,-0.6600000000000001,0.1496309871413498,0.06713098714134981,0.028413248399013755
251.49680256843567,0.16583265468906877,-0.8800000000000001,0.22083265468906876,0.11083265468906876,0.02747490874981581
251.59662437438965,0.20273968788655453,-1.1,0.27148968788655453,0.13398968788655452,0.025266864019315174
251.6984453201294,0.22594475890784296,-1.32,0.30844475890784295,0.14344475890784297,0.02235302972109493
251.79689383506775,0.27173948922771707,-1.54,0.36798948922771707,0.17548948922771707,0.023486843547289086
251.8977530002594,0.23413665273389278,-1.76,0.34413665273389277,0.12413665273389278,0.02719828293367894
251.99682664871216,0.25121766328811646,-1.8368521928787231,0.36602092534303665,0.13641440123319626,0.03173133793050484
252.09742641448975,0.12844033539295197,-1.8797966241836548,0.2459276244044304,0.010953046381473541,0.03582522359991358
252.1968719959259,0.17598247528076172,-1.9609168767929077,0.29853978008031845,0.05342517048120499,0.039152721631940376
252.2984757423401,0.2338174730539322,-2.1194748878479004,0.36628465354442596,0.10135029256343842,0.040831575864522726
252.39690256118774,0.20865726470947266,-1.9865379333496094,0.33281588554382324,0.08449864387512207,0.04107544346859489
252.49811053276062,0.17971615493297577,-2.0031564235687256,0.3049134314060211,0.05451887845993042,0.039334598357271336
252.597186088562,0.2826457619667053,-1.9334900379180908,0.403488889336586,0.16180263459682465,0.03754559852147205
252.69721937179565,0.39517299871497974,-2.153490037918091,0.5297661260848604,0.2605798713450991,0.03311047836566875
252.7968544960022,0.4685168163917697,-1.933490037918091,0.5893599437616504,0.347673689021889,0.033335555064202306
252.8976616859436,0.47462284979201264,-1.713490037918091,0.5817159771618934,0.36752972242213194,0.02456071315121793
252.99676132202148,0.47215436504352803,-1.493490037918091,0.5654974924134087,0.3788112376736473,0.009896111472496721
253.09880757331848,0.36137802477584685,-1.2734900379180911,0.4409711521457276,0.28178489740596613,0.00088792644183543
253.19829392433167,0.33941636759072885,-1.493490037918091,0.43275949496060956,0.24607324022084814,0.019870570197682524
253.29686617851257,0.2286074161529541,-1.6939849853515625,0.33448147773742676,0.12273335456848145,0.03199362116607024
253.39743518829346,0.19560348798926946,-1.4739849853515625,0.28772754957374214,0.1034794264047968,0.04404119552599618
253.4968204498291,0.2515917718410492,-1.6768906116485596,0.35639743506908417,0.14678610861301422,0.05106271148083905
253.59923553466797,0.18067845652096756,-1.4568906116485596,0.2717341197490025,0.08962279329293259,0.0473775985599654
253.69693851470947,0.20529869830553138,-1.2368906116485596,0.2826043615335664,0.1279930350774964,0.04366783131283625
253.79741215705872,0.17376593442978533,-1.4568906116485596,0.2648215976578203,0.08271027120175035,0.036293860989049735
253.8966190814972,0.17615640320242426,-1.6768906116485596,0.28096206643045923,0.07135073997438929,0.03413034900586537
253.9968123435974,0.24002864843174732,-1.8968906116485595,0.3585843116597823,0.12147298520371234,0.038188397016521075
254.10031533241272,0.3315757215023041,-2.037693738937378,0.4589315801858902,0.20421986281871796,0.036568219720814
254.19737243652344,0.4109566807746887,-2.082900047302246,0.5411379337310791,0.28077542781829834,0.029621754292862557
254.29844880104065,0.3386490862653712,-1.8629000473022461,0.4550803392217616,0.22221783330898082,0.023754949189457617
254.39841318130493,0.31283918023109436,-1.6475045680999756,0.41580821573734283,0.2098701447248459,0.02358982990821972
254.4967758655548,0.28395436281302244,-1.8675045680999756,0.4006733983192709,0.16723532730677398,0.02142706034456539
254.5971918106079,0.19270198047161102,-2.0520341396331787,0.3209541141986847,0.06444984674453735,0.030117332160374162
254.69739317893982,0.27797602010970734,-2.272034139633179,0.41997815383678105,0.13597388638263366,0.025509501892064253
254.79679560661316,0.2977725449294276,-2.0520341396331787,0.4260246786565013,0.16952041120235395,0.014611427346296137
254.89676475524902,0.33852115273475647,-2.0701847076416016,0.46790769696235657,0.20913460850715637,0.005966865669137212
254.99704122543335,0.280176417637282,-2.2901847076416018,0.4233129618648821,0.1370398734096819,0.0003442396450594328
255.09678626060486,0.17286419868469238,-2.3250153064727783,0.31817765533924103,0.027550742030143738,0.0007422058131374534
255.19774341583252,0.2764877676963806,-2.454568386077881,0.42989829182624817,0.12307724356651306,0.005894723879930209
255.29837083816528,0.24845884305434748,-2.2345683860778807,0.388119367184215,0.10879831892447994,0.017187712691277748
255.3971803188324,0.20448761754055203,-2.0145683860778805,0.3303981416704196,0.0785770934106845,0.03046484153315683
255.49753642082214,0.24913015961647034,-2.0421254634857178,0.3767630010843277,0.12149731814861298,0.037886596969299205
255.59722113609314,0.17597834765911102,-2.0532469749450684,0.3043062835931778,0.04765041172504425,0.03557012260651177
255.69708132743835,0.3478188546398203,-2.2732469749450686,0.48989679057388713,0.20574091870575353,0.03893720316984654
255.79679799079895,0.35238370299339294,-2.094269275665283,0.48327553272247314,0.22149187326431274,0.042729430747376236
255.89823818206787,0.37609509272085767,-1.8742692756652832,0.4932369224499379,0.25895326299177746,0.04055133089943219
255.99734091758728,0.3474060893058777,-1.6708152294158936,0.45183204114437103,0.24298013746738434,0.038471922537721685
256.09813165664673,0.2832409739494324,-1.574478268623352,0.3816458657383919,0.18483608216047287,0.03624161663464133
256.1969850063324,0.19654242673812183,-1.354478268623352,0.28119731852708135,0.11188753494916233,0.028273601913796506
256.2974555492401,0.17174021899700165,-1.2202003002166748,0.24800273776054382,0.09547770023345947,0.03136775485661251
256.399005651474,0.12582009831549257,-1.0002003002166748,0.18833261707903476,0.06330757955195039,0.033202015392044926
256.49789571762085,0.16308656690619275,-0.7802003002166749,0.21184908566973493,0.11432404814265057,0.03457504179241246
256.5994906425476,0.15544706880548945,-0.5602003002166749,0.19045958756903164,0.12043455004194727,0.03548525901132789
256.69703459739685,0.19270573556423187,-0.34413084387779236,0.2142139133065939,0.17119755782186985,0.03317583319117028
256.7973952293396,0.1258392843894336,-0.12413084387779233,0.1335974621317956,0.11808110664707157,0.030081478271493618
256.8983566761017,0.13890735805034637,0.07277633249759674,0.13435883726924658,0.14345587883144617,0.02870908381273908
256.9984562397003,0.24034127593040466,0.09846135973930359,0.2341874409466982,0.24649511091411114,0.027183278259081855
257.09791684150696,0.20845277607440948,0.09841935336589813,0.20230156648904085,0.21460398565977812,0.02772810454653979
257.1968982219696,0.1990041732788086,0.1506597101688385,0.1895879413932562,0.208420405164361,0.02822389685673473
257.29722690582275,0.2722621560096741,0.020134618505835533,0.27100374235305935,0.2735205696662888,0.029132773192794663
257.39782786369324,0.1896855435354723,-0.1998653814941645,0.20217712987885758,0.177193957192087,0.03088854972068834
257.4969153404236,0.31213465332984924,-0.272350937128067,0.32915658690035343,0.29511271975934505,0.03134837428509806
257.59747767448425,0.19966173472781548,-0.05235093712806699,0.20293366829831966,0.1963898011573113,0.03171618653709057
257.700119972229,0.2933599054813385,-0.17325475811958313,0.30418832786381245,0.28253148309886456,0.032705604415323795
257.7980971336365,0.33514294028282166,-0.05503544211387634,0.3385826554149389,0.3317032251507044,0.03365881051822784
257.8970835208893,0.4287140667438507,-0.03483922779560089,0.43089151848107576,0.42653661500662565,0.03439400936188547
257.99693512916565,0.31826862692832947,-0.21243442595005035,0.3315457785502076,0.3049914753064513,0.03709337452455343
258.0979702472687,0.3276229500770569,-0.05715593695640564,0.33119519613683224,0.32405070401728153,0.04159404097354238
258.20209431648254,0.18292266130447388,-0.197263702750206,0.19525164272636175,0.170593679882586,0.0424039090059599
258.30091643333435,0.2465056524331838,0.022736297249794035,0.24508463385507165,0.24792667101129592,0.042881857953751365
258.3978588581085,0.15696929395198822,0.05432530865073204,0.15357396216131747,0.16036462574265897,0.043101379055310175
258.4983549118042,0.22818566858768463,0.2104218751192093,0.21503430139273405,0.2413370357826352,0.04175686737083831
258.5972888469696,0.2347499579191208,0.0752560943365097,0.23004645202308893,0.23945346381515265,0.03887789999250536
258.697790145874,0.29678401350975037,0.14506474137306213,0.287717467173934,0.30585055984556675,0.00989549910402688
258.79739713668823,0.24351819013280315,-0.0749352586269379,0.24820164379698678,0.23883473646861952,0.010209642556099756
258.8969819545746,0.3591737099342155,0.14506474137306213,0.3501071635983991,0.3682402562700319,0.011385897793665188
258.99960374832153,0.2836105525493622,0.0010847868397831917,0.28354275337187573,0.28367835172684863,0.01430617961147116
259.09762811660767,0.32276102900505066,0.0003669529687613249,0.3227380944445031,0.32278396356559824,0.015138774451652307
259.1973235607147,0.19860061962034092,-0.2196330470312387,0.21232768505979335,0.1848735541808885,0.01604478189286458
259.29725909233093,0.2691107392311096,-0.04979075863957405,0.272222661646083,0.26599881681613624,0.01685106926977606
259.3982286453247,0.2480434626340866,-0.08130478113889694,0.25312501145526767,0.24296191381290555,0.020611987124726037
259.49797534942627,0.3489721119403839,-0.14292040467262268,0.35790463723242283,0.340039586648345,0.030550305401238563
259.59719800949097,0.19957487285137177,-0.30834755301475525,0.21884659491479397,0.18030315078794956,0.03129450868182626
259.697158575058,0.26491209039511604,-0.08834755301475522,0.27043381245853826,0.2593903683316938,0.03178957446318057
259.7979316711426,0.24597498774528503,-0.10004846006631851,0.25222801649942994,0.23972195899114013,0.03180546389989251
259.89821219444275,0.29668933153152466,0.03760195150971413,0.2943392095621675,0.2990394535008818,0.03047235720211289
259.9992663860321,0.1866924911737442,-0.1219600960612297,0.19431499717757106,0.17906998516991735,0.03123751416300203
260.0972180366516,0.22257861495018005,-0.021653667092323303,0.22393196914345026,0.22122526075690985,0.03191254104142304
260.19943380355835,0.16198851910079315,-0.24165366709232333,0.17709187329406337,0.14688516490752293,0.032046105788133245
260.2971935272217,0.22191032767295837,-0.12071187049150467,0.22945481957867742,0.21436583576723933,0.031142427810679232
260.3981692790985,0.21316580474376678,-0.16436971724033356,0.22343891207128763,0.20289269741624594,0.03143310276521898
260.49820923805237,0.2862565152559355,0.05563028275966647,0.28277962258345635,0.2897334079284146,0.03167854944715269
260.59729766845703,0.1984967291355133,0.018590260297060013,0.19733483786694705,0.19965862040407956,0.030925153024696124
260.70192646980286,0.3058917224407196,0.14588211476802826,0.29677409026771784,0.31500935461372137,0.026929072258156966
260.79829812049866,0.3104192614555359,-0.006000903435051441,0.3107943179202266,0.3100442049908452,0.026765220705058723
260.8970365524292,0.33933499455451965,-0.07125335186719894,0.3437883290462196,0.3348816600628197,0.026547897231971446
260.9977796077728,0.3384661376476288,-0.03032202646136284,0.34036126430146396,0.3365710109937936,0.025933851742578496
261.0991678237915,0.26842746138572693,-0.11429064720869064,0.2755706268362701,0.26128429593518376,0.024671062756179026
261.197420835495,0.29210588335990906,0.045611362904310226,0.28925517317838967,0.29495659354142845,0.019866418762133083
261.3044013977051,0.159557044506073,-0.04114661365747452,0.16212870785966516,0.15698538115248084,0.019359966267814176
261.40208888053894,0.1993018388748169,0.10806223005056381,0.19254794949665666,0.20605572825297713,0.018657258028169196
261.5053360462189,0.2586335241794586,0.016010476276278496,0.2576328694121912,0.259634178946726,0.018042773861075254
261.59781408309937,0.3124299645423889,0.08039379119873047,0.30740535259246826,0.31745457649230957,0.017823923002475168
261.69965958595276,0.24283984303474426,-0.0761621966958046,0.24759998032823205,0.23807970574125648,0.018538477813761264
261.7987198829651,0.2565963566303253,-0.047620195895433426,0.2595726188737899,0.25362009438686073,0.017876958272723537
261.8980710506439,0.17564556002616882,-0.1801130175590515,0.18690262362360954,0.1643884964287281,0.01712943197351347
261.9971160888672,0.19993114471435547,-0.05626031011343002,0.20344741409644485,0.1964148753322661,0.01621012779175109
262.09701585769653,0.15012991428375244,-0.17338554561138153,0.1609665108844638,0.1392933176830411,0.016332025240844886
262.1971242427826,0.23308023810386658,-0.021021004766225815,0.2343940509017557,0.23176642530597746,0.01562649955164961
262.29811239242554,0.2372293770313263,-0.12423519790172577,0.24499407690018415,0.22946467716246843,0.015282516451918134
262.3977150917053,0.2849912643432617,0.039097078144550323,0.2825476969592273,0.2874348317272961,0.014950656175389536
262.4997944831848,0.2512386441230774,-0.054334644228219986,0.25463455938734114,0.24784272885881364,0.014542031761950281
262.59728264808655,0.20798589289188385,-0.17059418559074402,0.21864802949130535,0.19732375629246235,0.016312905155648916
262.69716596603394,0.20442107319831848,-0.11178949475288391,0.21140791662037373,0.19743422977626324,0.015939662903093475
262.7985165119171,0.25736963748931885,0.06763903051614761,0.2531421980820596,0.2615970768965781,0.015420334453573891
262.8974452018738,0.13443173468112946,-0.06669086217880249,0.1385999135673046,0.1302635557949543,0.015345817687024733
262.9972174167633,0.2772524952888489,-0.20732329785823822,0.29021020140498877,0.264294789172709,0.015498756633740424
263.09763050079346,0.21744638681411743,-0.07160444557666779,0.22192166466265917,0.2129711089655757,0.016309761210730103
263.1969950199127,0.31118284548113856,-0.2916044455766678,0.3294081233296803,0.29295756763259684,0.01657006948746365
263.29708456993103,0.33422717452049255,-0.23110060393810272,0.348670962266624,0.31978338677436113,0.01672646182814094
263.3978600502014,0.36013081669807434,-0.3676297068595886,0.38310767337679863,0.33715396001935005,0.01685626428336638
263.4978942871094,0.37363582849502563,-0.2062591016292572,0.3865270223468542,0.36074463464319706,0.016959375514182216
263.59703397750854,0.3153129816055298,-0.16208767890930176,0.32544346153736115,0.3051825016736984,0.02128613121415688
263.69788670539856,0.2859038710594177,-0.24646101891994476,0.3013076847419143,0.2705000573769212,0.02265311231087376
263.79781579971313,0.2450891137123108,-0.03457512706518173,0.24725005915388465,0.24292816827073693,0.023241248529233826
263.89758133888245,0.2865145206451416,-0.030005544424057007,0.28838986717164516,0.28463917411863804,0.023812681138565755
263.9985637664795,0.17610028386116028,-0.05482349172234535,0.17952675209380686,0.1726738156285137,0.024184849861796687
264.09765458106995,0.1865227222442627,-0.09661739319562912,0.19256130931898952,0.18048413516953588,0.02454285492691127
264.1971514225006,0.14219895005226135,-0.21221335232257843,0.1554622845724225,0.1289356155321002,0.02536966928985642
264.2977910041809,0.2515537738800049,-0.08418592810630798,0.25681539438664913,0.24629215337336063,0.02611858941837957
264.3976700305939,0.11040211468935013,0.025014696642756462,0.10883869614917785,0.11196553322952241,0.026505502411951452
264.4974858760834,0.09523298638872042,-0.19498530335724357,0.10741956784854814,0.0830464049288927,0.030326909437834376
264.5973539352417,0.012469736859202385,-0.3850814402103424,0.036537326872348785,-0.011597853153944016,0.031591942988475126
264.6972846984863,0.1261894255876541,-0.5746100544929504,0.16210255399346352,0.09027629718184471,0.03234270928094645
264.7980148792267,0.2223651111125946,-0.6428847312927246,0.2625454068183899,0.18218481540679932,0.03276458425175846
264.89717626571655,0.2630607300503325,-0.4228847312927246,0.2894910257561278,0.2366304343445372,0.03845683412459789
264.9973237514496,0.16883417963981628,-0.37510284781455994,0.19227810762822628,0.1453902516514063,0.04019690763347297
265.0981376171112,0.09740090370178223,-0.3517964482307434,0.11938818171620369,0.07541362568736076,0.04070057661258303
265.19735836982727,0.15291735529899597,-0.28940480947494507,0.17100515589118004,0.1348295547068119,0.04114261343417056
265.29750394821167,0.11190808275353464,-0.06940480947494504,0.11624588334571871,0.10757028216135057,0.04152569117536286
265.3971920013428,0.13327218937570873,0.15059519052505496,0.1238599899678928,0.14268438878352466,0.04157977847336196
265.4975731372833,0.05205382864237448,-0.06940480947494507,0.05639162923455855,0.047716028050190415,0.041576171579562914
265.5972259044647,0.11323151473109531,-0.28940480947494507,0.1313193153232794,0.09514371413891125,0.041407252289932514
265.6974139213562,0.11676836013793945,-0.47737038135528564,0.1466040089726448,0.0869327113032341,0.03875454590792439
265.79781198501587,0.07613570021158925,-0.2573703813552856,0.0922213490462946,0.06005005137688389,0.03774535001697975
265.8970627784729,0.1553477644920349,-0.37380194664001465,0.17871038615703583,0.131985142827034,0.03779283388662665
265.9975833892822,0.056725852085270576,-0.5938019466400146,0.09383847375027149,0.01961323042026966,0.03778928292499861
266.09811067581177,0.024241842817487272,-0.8138019466400146,0.07510446448248818,-0.02662077884751364,0.037687961634369084
266.197128534317,0.19601084291934967,-0.8259868025779724,0.24763501808047295,0.1443866677582264,0.03757230615458189
266.29722356796265,0.17013809084892273,-0.6930612921714783,0.21345442160964012,0.12682176008820534,0.03729620496036419
266.3976595401764,0.34808996319770813,-0.830459475517273,0.3999936804175377,0.29618624597787857,0.03681150100619604
266.49737191200256,0.3891716003417969,-0.6743891835212708,0.4313209243118763,0.34702227637171745,0.033898315897552656
266.5971488952637,0.4520127020088731,-0.4543891835212707,0.48041202597895255,0.4236133780387937,0.031192869082546173
266.6974277496338,0.4842376659939188,-0.2343891835212707,0.4988869899639982,0.4695883420238394,0.02868942860884539
266.7976508140564,0.4943500235419349,-0.014389183521270665,0.4952493475120143,0.4934506995718555,0.024786378655569978
266.8973708152771,0.497108449698887,0.20561081647872936,0.48425777366896644,0.5099591257288076,0.019911470725484996
266.9983720779419,0.28268685936927795,0.13710340857505798,0.27411789633333683,0.2912558224052191,0.014724327645998967
267.0988612174988,0.24168957769870758,0.34611666202545166,0.22005728632211685,0.2633218690752983,0.007385787420483732
267.19732642173767,0.2942838668823242,0.3002915382385254,0.2755156457424164,0.31305208802223206,0.0009060481797139188
267.2972846031189,0.3057859241962433,0.29744505882263184,0.2871956080198288,0.3243762403726578,0.009116935332888099
267.40352416038513,0.1826181858778,0.17286564409732819,0.17181408312171698,0.193422288633883,0.022862884784077445
267.49892115592957,0.2162531316280365,0.018004484474658966,0.2151278513483703,0.21737841190770268,0.034454135174708106
267.59923791885376,0.2031698077917099,-0.13421012461185455,0.2115579405799508,0.194781675003469,0.03921191131754266
267.6972064971924,0.2698946119125578,0.08578987538814548,0.26453274470079874,0.2752564791243169,0.045293069217994066
267.7986364364624,0.1894693672657013,-0.019735705107450485,0.19070284883491695,0.18823588569648564,0.05059357490621483
267.89752769470215,0.2644705425940728,0.20026429489254954,0.2519540241632885,0.27698706102485715,0.054518175095850205
267.99785137176514,0.21107129752635956,0.0176878422498703,0.20996580738574266,0.21217678766697645,0.05867788344081703
268.0972442626953,0.2669166431019457,0.23768784224987033,0.2520611529613288,0.28177213324256256,0.06746691804699351
268.1971755027771,0.1807885766029358,0.02840382046997547,0.17901333782356232,0.18256381538230926,0.07457564555795637
268.2983958721161,0.24132922291755676,0.22729778289794922,0.22712311148643494,0.2555353343486786,0.07644152453463972
268.3981258869171,0.17347168922424316,0.06353015452623367,0.16950105456635356,0.17744232388213277,0.07836515196237351
268.4986388683319,0.2710619866847992,0.23613151907920837,0.25630376674234867,0.2858202066272497,0.08036937858961067
268.598345041275,0.20337477326393127,0.08442406356334686,0.1980982692912221,0.20865127723664045,0.08620068704275456
268.6973526477814,0.2605941593647003,0.196552574634552,0.24830962345004082,0.2728786952793598,0.09254154201999264
268.7977318763733,0.22378034889698029,0.07815443724393845,0.21889569656923413,0.22866500122472644,0.0941695218823591
268.89716482162476,0.276325523853302,0.25741323828697205,0.26023719646036625,0.29241385124623775,0.09511514602299177
268.9976050853729,0.17941343784332275,0.049439042806625366,0.17632349766790867,0.18250337801873684,0.09611925626314227
269.09931683540344,0.2062230259180069,0.2555709481239319,0.19024984166026115,0.22219621017575264,0.10026399781973752
269.1977491378784,0.13821996748447418,0.09138670563697815,0.13250829838216305,0.14393163658678532,0.10564617692201786
269.29920768737793,0.18483364582061768,0.23525109887123108,0.17013045214116573,0.19953683950006962,0.10703911979928858
269.3986315727234,0.13625825941562653,0.040924008935689926,0.1337005088571459,0.13881600997410715,0.10823381827074183
269.49913597106934,0.17027731291119633,0.26092400893568996,0.1539695623527157,0.18658506346967696,0.10929322623746406
269.59740352630615,0.1416616290807724,0.18730613589286804,0.12995499558746815,0.15336826257407665,0.11321633992702544
269.69733786582947,0.1449909210205078,0.2106621265411377,0.1318245381116867,0.15815730392932892,0.11914090334670302
269.79713797569275,0.10688580572605133,0.1317397505044937,0.09865207131952047,0.11511954013258219,0.12008659150119985
269.8972878456116,0.10735615342855453,0.15968814492225647,0.0973756443709135,0.11733666248619556,0.12098010203670775
270.0020067691803,0.09036992490291595,0.09387750923633575,0.08450258057564497,0.09623726923018694,0.12188249952756136
270.0974621772766,0.11072415858507156,0.14888814091682434,0.10141864977777004,0.12002966739237309,0.12254456339511612
270.1983287334442,0.15558558286512864,0.36888814091682437,0.1325300740578271,0.17864109167243017,0.11955747945290862
270.2976052761078,0.25772936699210997,0.5888881409168244,0.22092385818480845,0.2945348757994115,0.11243341189814947
270.39764857292175,0.2144697904586792,0.5069407820701599,0.1827859915792942,0.2461535893380642,0.11275691437339362
270.4993863105774,0.19182734191417694,0.41705238819122314,0.1657615676522255,0.2178931161761284,0.11299423963766864
270.59724378585815,0.1818217070296669,0.19705238819122312,0.16950593276771547,0.19413748129161834,0.11322573262913962
270.7006711959839,0.09391049295663834,0.20790182054042816,0.08091662917286158,0.1069043567404151,0.11326784514369835
270.79806876182556,0.1921025961637497,0.30490657687187195,0.1730459351092577,0.2111592572182417,0.11304188528993167
270.8983747959137,0.11628736555576324,0.19931507110595703,0.10383017361164093,0.12874455749988556,0.11249330317119105
270.9973180294037,0.21482351422309875,0.26702818274497986,0.1981342528015375,0.23151277564466,0.11163150085983588
271.09789299964905,0.26824331283569336,0.2395162582397461,0.25327354669570923,0.2832130789756775,0.11317792535592207
271.1988878250122,0.21103386149194697,0.4595162582397461,0.18231409535196283,0.23975362763193112,0.11980545160585557
271.2973268032074,0.19810389725224267,0.6795162582397462,0.15563413111225854,0.2405736633922268,0.11839367685090971
271.39980936050415,0.2372333853495134,0.8995162582397462,0.18101361920952927,0.2934531514894976,0.11692063737419438
271.50046157836914,0.2833284531852869,1.1195162582397462,0.21335868704530275,0.353298219325271,0.11481685010521088
271.5978240966797,0.34759974585293785,1.3395162582397462,0.26387997971295374,0.43131951199292196,0.11297882620891446
271.6973159313202,0.30215710401535034,1.5518767833709717,0.2051648050546646,0.39914940297603607,0.11528537299545792
271.7981586456299,0.2970258593559265,1.4725341796875,0.20499247312545776,0.38905924558639526,0.12193479997564417
271.8995921611786,0.36109232902526855,1.2754898071289062,0.2813742160797119,0.4408104419708252,0.12535194719419418
271.99764490127563,0.37548747658729553,1.0823417901992798,0.30784111469984055,0.4431338384747505,0.1278007124595324
272.09716987609863,0.3365013599395752,1.1282124519348145,0.2659880816936493,0.4070146381855011,0.128358042295685
272.1989154815674,0.33643826462536003,1.3482124519348144,0.25217498637943414,0.4207015428712859,0.12916573614564744
272.3005199432373,0.4450705051422119,1.5023465156555176,0.35117384791374207,0.5389671623706818,0.1347550014394767
272.3975751399994,0.37205344438552856,1.5292599201202393,0.2764746993780136,0.4676321893930435,0.1349370202661325
272.5015141963959,0.2965895709734492,1.7492599201202392,0.18726082596593424,0.4059183159809641,0.13853729020869715
272.5974543094635,0.22354207932949066,1.6568328142166138,0.1199900284409523,0.327094130218029,0.12957099983494416
272.6991093158722,0.25337809324264526,1.7062854766845703,0.14673525094985962,0.3600209355354309,0.13735967899288498
272.80011081695557,0.1544289900694522,1.4862854766845703,0.061536147776666564,0.24732183236223787,0.13515664768001373
272.8986828327179,0.181704580783844,1.4264869689941406,0.0925491452217102,0.2708600163459778,0.13688017120255935
272.99816608428955,0.2548692226409912,1.553722858428955,0.15776154398918152,0.3519769012928009,0.13694746198117072
273.10607624053955,0.1070830374956131,1.3407797813415527,0.023284301161766052,0.19088177382946014,0.13402199823696334
273.1974515914917,0.180247500538826,1.3478881120681763,0.09600449353456497,0.264490507543087,0.12952741894487446
273.3000783920288,0.21751955237185325,1.5678881120681762,0.11952654536759223,0.3155125593761143,0.12457029993201807
273.4009003639221,0.2829294502735138,1.5837974548339844,0.18394210934638977,0.3819167912006378,0.13722123651248172
273.4994909763336,0.3503228425979614,1.7498772144317627,0.24095551669597626,0.4596901684999466,0.1401707647966034
273.6046702861786,0.2847591042518616,1.5319921970367432,0.18900959193706512,0.380508616566658,0.1364486828796574
273.69740056991577,0.23218890666790865,1.3119921970367432,0.15018939435311218,0.3141884189827051,0.13556807679669966
273.7981412410736,0.22783023600192648,1.0919921970367432,0.15958072368713003,0.2960797483167229,0.13895296818187816
273.8977220058441,0.2708020806312561,1.2901909351348877,0.19016514718532562,0.3514390140771866,0.13382080027505652
273.9978835582733,0.2923659687260408,1.5101909351348877,0.19797903528011035,0.3867529021719713,0.13876676913515903
274.0982940196991,0.2867793916849676,1.7301909351348876,0.1786424582390371,0.394916325130898,0.12906733887832408
274.19749784469604,0.32050957724761053,1.5101909351348877,0.22612264380168007,0.414896510693541,0.12026844498355575
274.29843759536743,0.2144528329372406,1.4142186641693115,0.12606416642665863,0.30284149944782257,0.11392060909337116
274.39752650260925,0.2050311118364334,1.2453954219818115,0.1271938979625702,0.28286832571029663,0.11044028813919743
274.4999575614929,0.1678808182477951,1.0450035333633423,0.10256809741258621,0.233193539083004,0.09202705072668703
274.59725284576416,0.27806562185287476,1.03590989112854,0.213321253657341,0.3428099900484085,0.08256802167585334
274.69877409935,0.21151799611951594,0.8159098911285401,0.16052362792398217,0.2625123643150497,0.07410904904429592
274.7976498603821,0.24874506333777108,0.5959098911285401,0.21150069514223732,0.2859894315333048,0.06447259533120486
274.89763259887695,0.2530986129151521,0.8159098911285401,0.20210424471961835,0.3040929811106859,0.05421480080606311
274.99793696403503,0.22826227801658827,1.03590989112854,0.16351790982105452,0.293006646212122,0.03569126952401326
275.0978102684021,0.24718010425567627,1.084375262260437,0.17940665036439896,0.3149535581469536,0.023083832439148334
275.1982958316803,0.15554861724376678,1.1945239305496216,0.08089087158441544,0.23020636290311813,0.014560270099886313
275.2979097366333,0.13011521100997925,1.2136561870574951,0.0542616993188858,0.2059687227010727,0.009290664710412767
275.3986291885376,0.1221928675651087,0.9936561870574951,0.06008935587401526,0.18429637925620215,0.0089727947198402
275.49812841415405,0.20724232888841937,0.7736561870574952,0.15888881719732592,0.2555958405795128,0.003887151615033125
275.5974016189575,0.22091071057816852,0.9936561870574951,0.15880719888707506,0.283014222269262,0.0015183271916645617
275.6977388858795,0.18804536362430982,1.2136561870574951,0.11219185193321637,0.26389887531540324,0.007938449799482113
275.79832005500793,0.15197876471667632,1.433656187057495,0.062375253025582875,0.24158227640776975,0.010725897074137436
275.89746165275574,0.10893477499485016,1.5190939903259277,0.013991400599479675,0.20387814939022064,0.012334360849643154
275.99774527549744,0.06939723209060156,1.2990939903259278,-0.011796142304768928,0.15059060648597206,0.012698097647893404
276.1005048751831,0.1404352151652406,1.0790939903259278,0.07299184076987011,0.2078785895606111,0.020264053695245858
276.19868755340576,0.2852869927883148,1.275508165359497,0.20556773245334625,0.3650062531232834,0.023735612035867
276.2974143028259,0.23444831371307373,1.2066595554351807,0.15903209149837494,0.3098645359277725,0.022807234700755043
276.3988678455353,0.276493715989683,0.9866595554351807,0.21482749377498417,0.3381599382043818,0.02496077437910766
276.4990425109863,0.22838285565376282,0.7953131198883057,0.1786757856607437,0.2780899256467819,0.031000325646474477
276.5974726676941,0.193934366106987,0.6362311244010925,0.15416992083191872,0.23369881138205528,0.04263003258214261
276.69792914390564,0.08832481521941514,0.4162311244010925,0.062310369944346855,0.11433926049448342,0.054718143351141044
276.7978332042694,0.0731683149933815,0.39175844192504883,0.04868341237306595,0.09765321761369705,0.05562048008383597
276.899272441864,0.11481170356273651,0.5686663389205933,0.07927005738019943,0.1503533497452736,0.05486536992708942
276.99746346473694,0.21846047043800354,0.5466627478599548,0.18429404869675636,0.2526268921792507,0.05516588891305438
277.099241733551,0.18438060261473785,0.3266627478599548,0.16396418087349068,0.204797024355985,0.056042748644274
277.19773960113525,0.23206903613565674,0.1066627478599548,0.22540261439440956,0.23873545787690392,0.05639977461375571
277.2974853515625,0.14866268242847613,-0.11333725214004522,0.15574626068722897,0.1415791041697233,0.05754538400866801
277.39765214920044,0.085735229272484,0.1066627478599548,0.07906880753123682,0.09240165101373118,0.059395240146781755
277.4994342327118,0.1581272754107414,0.32666274785995486,0.1377108536694942,0.1785436971519886,0.06174457406649705
277.59748458862305,0.04588274090805036,0.10666274785995483,0.03921631916680318,0.05254916264929754,0.06494843249615317
277.6975255012512,0.16609763503986108,-0.1133372521400452,0.1731812132986139,0.15901405678110825,0.0698115816866358
277.79920172691345,0.12085547261544607,0.10666274785995483,0.1141890508741989,0.12752189435669326,0.07516847146482326
277.8975501060486,0.08362895594556279,-0.1133372521400452,0.0907125342043156,0.07654537768680997,0.08133110068078908
277.9974081516266,0.12563962669909914,0.10666274785995483,0.11897320495785196,0.13230604844034632,0.0866205496015735
278.098019361496,0.15246784106989858,-0.1133372521400452,0.1595514193286514,0.14538426281114575,0.0944636118320937
278.19762682914734,0.09196186065673828,0.06370174884796143,0.08798050135374069,0.09594321995973587,0.10466237504242012
278.297456741333,0.058721818029880524,0.17640775442123413,0.04769633337855339,0.06974730268120766,0.11650175714593304
278.3976275920868,0.03564080087361081,-0.0435922455787659,0.038365316222283674,0.032916285524937944,0.12783690105013046
278.500296831131,0.011404182761907578,-0.17781928181648254,0.022517887875437737,0.0002904776483774185,0.13851057381074963
278.59744215011597,0.0,0.042180718183517485,-0.002636294886469843,0.002636294886469843,0.14678603835538817
278.7013671398163,0.0,0.0,0.0,0.0,0.15111378209438486
278.7975027561188,0.13771310448646545,0.1643688976764679,0.1274400483816862,0.1479861605912447,0.04803037298334502
278.89781880378723,0.10925279557704926,0.058091819286346436,0.1056220568716526,0.11288353428244591,0.0481349943655002
278.99787306785583,0.09241096865199336,0.27809181928634646,0.07503022994659671,0.10979170735739001,0.04786269329684907
279.10123014450073,0.0914048960123826,0.4980918192863465,0.06027415730698594,0.12253563471777926,0.04375649055558855
279.19746923446655,0.06939826905727386,0.4865560829639435,0.0389885138720274,0.09980802424252033,0.03706238750493767
279.29805994033813,0.08645656704902649,0.4651769995689392,0.05738300457596779,0.11553012952208519,0.03207562661304476
279.397908449173,0.10524578720189304,0.6851769995689392,0.06242222472883434,0.14806934967495172,0.031543926071903344
279.497846364975,0.1098165214061737,0.8939182758331299,0.05394662916660309,0.16568641364574432,0.032943385338469196
279.5977644920349,0.09274697181754911,0.6739182758331299,0.05062707957797849,0.13486686405711973,0.030448339215772995
279.69853806495667,0.0,0.5734913945198059,-0.03584321215748787,0.03584321215748787,0.02835421228661096
279.7975752353668,0.0,0.3534913945198059,-0.022093212157487867,0.022093212157487867,0.030204556425744072
279.8975284099579,0.02315286680817978,0.13349139451980585,0.014809654650691916,0.03149607896566765,0.03152703751275509
279.99812936782837,0.018363891169428825,0.13768553733825684,0.009758545085787773,0.026969237253069878,0.03228622514492888
280.10061836242676,0.011372637843908373,0.35768553733825686,-0.01098270823973268,0.03372798392754943,0.03258817406276185
280.2001242637634,0.13176101446151733,0.4575524926185608,0.10316398367285728,0.16035804525017738,0.032758514515314606
280.2975289821625,0.10108516624490788,0.23755249261856076,0.08623813545624782,0.11593219703356793,0.032819748936788226
280.4010663032532,0.050345808267593384,0.12556985020637512,0.04249769262969494,0.05819392390549183,0.026512040220681748
280.4978015422821,0.01588783514294234,0.34556985020637515,-0.0057102804949561055,0.037485950780840785,0.01931956514465966
280.59753680229187,0.0,0.3051874041557312,-0.0190742127597332,0.0190742127597332,0.020115380058035186
280.697678565979,0.01470181688447323,0.08518740415573117,0.009377604124740032,0.02002602964420643,0.020634995821124637
280.7976117134094,0.03738795965909958,-0.06151897460222244,0.04123289557173848,0.033543023746460676,0.02083897609166957
280.89821004867554,0.07654251631077938,0.1584810253977776,0.06663745222341828,0.08644758039814048,0.02091558869653946
280.99761414527893,0.03488239645957947,0.06977248191833496,0.030521616339683533,0.0392431765794754,0.020943868961096165
281.1011152267456,0.12298256158828735,0.15989094972610474,0.11298937723040581,0.1329757459461689,0.02096946389879522
281.1988868713379,0.05945368226871972,0.37989094972610477,0.035710497910838176,0.08319686662660127,0.01967865254375414
281.2977957725525,0.02145262062549591,0.5137797594070435,-0.010658614337444305,0.05356385558843613,0.017733995887501294
281.39761304855347,0.01750261824862819,0.29377975940704343,-0.0008586167143120257,0.0358638532115684,0.0178593171597567
281.5015616416931,0.011211585253477097,0.22361764311790466,-0.002764517441391945,0.025187687948346138,0.01800457346278287
281.59794783592224,0.022867832332849503,0.09743823111057281,0.0167779428884387,0.028957721777260303,0.018007731043765896
281.6984667778015,0.0,0.2021503895521164,-0.012634399347007275,0.012634399347007275,0.01796038854376822
281.79756903648376,0.013222012353918315,-0.017849610447883635,0.014337613006911042,0.012106411700925588,0.01791814202597046
281.89824652671814,0.0,0.2021503895521164,-0.012634399347007275,0.012634399347007275,0.017922244173557183
281.99758291244507,0.0,0.09431615471839905,-0.0058947596698999405,0.0058947596698999405,0.017919447184851178
282.1049425601959,0.0,-0.12568384528160098,0.007855240330100061,-0.007855240330100061,0.01791336155766516
282.19771337509155,0.03001459129154682,0.037467628717422485,0.027672864496707916,0.03235631808638573,0.017911882741823572
282.30223083496094,0.06616900902275366,0.2574676287174225,0.05007728222791476,0.08226073581759256,0.017909630029736258
282.3984146118164,0.03231729392849843,0.47746762871742254,0.002475567133659519,0.06215902072333734,0.017904458991132192
282.4998052120209,0.017762156203389168,0.41887104511260986,-0.008417284116148949,0.043941596522927284,0.017873224120024855
282.59845757484436,0.010933766315005335,0.19887104511260983,-0.0014956740045327793,0.02336320663454345,0.017793790801726692
282.69831585884094,0.0,0.2743464410305023,-0.017146652564406395,0.017146652564406395,0.0177106756680466
282.7975926399231,0.0,0.1904425024986267,-0.01190265640616417,0.01190265640616417,0.01767955940757061
282.9003827571869,0.0,0.1530335694551468,-0.009564598090946674,0.009564598090946674,0.01761944858850332
282.99762415885925,0.01053565088659525,0.01321546733379364,0.009709684178233147,0.011361617594957352,0.017585734883719503
283.09794783592224,0.0,0.23321546733379367,-0.014575966708362104,0.014575966708362104,0.017566752098987243
283.1986870765686,0.0,0.23418037593364716,-0.014636273495852947,0.014636273495852947,0.017540919995278494
283.2996623516083,0.0,0.014180375933647127,-0.0008862734958529454,0.0008862734958529454,0.017559947922741966
283.39813780784607,0.0,0.21641004085540771,-0.013525627553462982,0.013525627553462982,0.01757756494423357
283.50044894218445,0.0,0.3085438907146454,-0.019283993169665337,0.019283993169665337,0.017543928477030915
283.60102915763855,0.012007836252450943,0.37859946489334106,-0.011654630303382874,0.03567030280828476,0.017570543065494208
283.6984896659851,0.016590879308028817,0.598599464893341,-0.020821587247804998,0.05400334586386263,0.017590185554009687
283.7975902557373,0.011099706872319023,0.818599464893341,-0.04006275968351479,0.06226217342815284,0.01753735619778941
283.8976397514343,0.022115678391356718,1.038599464893341,-0.042796788164477094,0.08702814494719052,0.017473493192433704
283.99832344055176,0.0,1.258599464893341,-0.07866246655583381,0.07866246655583381,0.01737565059467617
284.0977945327759,0.051080456556439224,1.038599464893341,-0.013832009999394587,0.11599292311227304,0.017178983947782934
284.19899225234985,0.04531286349257109,0.818599464893341,-0.005849603063262723,0.0964753300484049,0.016882058296101145
284.3001084327698,0.019811632318363193,0.598599464893341,-0.017600834237470622,0.05722409887419701,0.01627120234609208
284.4018301963806,0.06185601467215308,0.818599464893341,0.010693548116319264,0.11301848122798688,0.01482751579103913
284.4987668991089,0.10801726067351179,0.598599464893341,0.07060479411767798,0.1454297272293456,0.009024088515474288
284.6000611782074,0.3080172606735118,0.7385556502818318,0.26185753253089733,0.3541769888161263,0.008075558101987356
284.69821310043335,0.31270384396111206,0.5185556502818318,0.28029411581849756,0.34511357210372656,0.0072477102163320374
284.79753494262695,0.27162140694372544,0.2985556502818318,0.252961678801111,0.2902811350863399,0.0050606304694895635
284.89878034591675,0.13902200752480687,0.07855565028183176,0.1341122793821924,0.14393173566742135,0.00047899778478914263
284.9986877441406,0.09739571809768677,0.001998700201511383,0.0972707993350923,0.09752063686028123,0.006963775095402947
285.09920930862427,0.11285307410156603,-0.21800129979848865,0.12647815533897158,0.0992279928641605,0.010190562671410382
285.1982533931732,0.18841813504695892,-0.23625053465366364,0.2031837934628129,0.17365247663110495,0.013081355378137456
285.2997610569,0.13781094551086426,-0.31993094086647034,0.15780662931501865,0.11781526170670986,0.009703100540267426
285.3978886604309,0.16030109390661335,-0.09993094086647031,0.16654677771076773,0.15405541010245896,0.011613237547635038
285.4991958141327,0.36030109390661336,0.023307682763659687,0.3588443637338846,0.3617578240793421,0.013750954736383544
285.5979173183441,0.4534653127193451,-0.043303608894348145,0.45617178827524185,0.45075883716344833,0.012426822725068567
285.69789242744446,0.4685174822807312,-0.08426985144615173,0.4737843479961157,0.4632506165653467,0.014872971834691358
285.7978472709656,0.5,-0.23525212705135345,0.5147032579407096,0.4852967420592904,0.01787023290916319
285.8983063697815,0.49978676438331604,-0.24045820534229279,0.5148154022172093,0.48475812654942274,0.022113643051397174
285.9995722770691,0.5,-0.22646860778331757,0.5141542879864573,0.48584571201354265,0.027587489122111054
286.0978410243988,0.5,-0.10005951672792435,0.5062537197954953,0.49374628020450473,0.03406837303259567
286.1978597640991,0.47145283222198486,-0.24609819054603577,0.4868339691311121,0.45607169531285763,0.04136559609428894
286.2980229854584,0.4657188653945923,-0.23615527153015137,0.48047856986522675,0.4509591609239578,0.04904829246555745
286.3979094028473,0.5,-0.29967543482780457,0.5187297146767378,0.4812702853232622,0.058146581231859895
286.4984905719757,0.5,-0.2471490353345871,0.5154468147084117,0.4845531852915883,0.06620335336221217
286.59796929359436,0.5,-0.20416179299354553,0.5127601120620966,0.4872398879379034,0.07419373183764313
286.69788122177124,0.5,-0.031390029937028885,0.5019618768710643,0.4980381231289357,0.08435156197815968
286.7980070114136,0.5,0.0594598688185215,0.4962837581988424,0.5037162418011576,0.09297336952440466
286.8980553150177,0.5,-0.0640045553445816,0.5040002847090364,0.49599971529096365,0.10167842886589566
286.99784779548645,0.5,-0.28400455534458163,0.5177502847090364,0.48224971529096367,0.11372839618009159
287.09920859336853,0.5,-0.5040045553445817,0.5315002847090363,0.4684997152909636,0.12298589256378044
287.19899797439575,0.5,-0.7240045553445817,0.5452502847090364,0.45474971529096364,0.1311946381991941
287.2979335784912,0.5,-0.9440045553445817,0.5590002847090364,0.44099971529096366,0.13335713524265402
287.398939371109,0.5,-1.1640045553445817,0.5727502847090363,0.42724971529096367,0.14091684130963347
287.4984724521637,0.5,-1.3840045553445817,0.5865002847090364,0.41349971529096363,0.1531741574123725
287.59788703918457,0.5,-1.6040045553445816,0.6002502847090363,0.39974971529096365,0.1431188360080747
287.69793343544006,0.4892649084026798,-1.8240045553445816,0.6032651931117161,0.37526462369364344,0.1479930986052025
287.7981698513031,0.4975551664829254,-1.8945629596710205,0.6159653514623642,0.37914498150348663,0.16580387101898442
287.89908242225647,0.4225323824774438,-1.6745629596710205,0.5271925674568826,0.317872197498005,0.1838377919110772
287.999623298645,0.37127270645179855,-1.4545629596710206,0.46218289143123736,0.28036252147235974,0.2017402400638806
288.09901666641235,0.3588942858617849,-1.2345629596710206,0.4360544708412237,0.28173410088234613,0.21645885005432366
288.19787764549255,0.3573687321301376,-1.0145629596710206,0.4207789171095764,0.2939585471506988,0.2316551355823882
288.2976756095886,0.34165822952484387,-0.7945629596710206,0.3913184145042827,0.29199804454540507,0.24599917178773573
288.39792799949646,0.340618417728228,-0.5745629596710207,0.37652860270766675,0.3047082327487892,0.25952979612072186
288.4997127056122,0.34025160006845756,-0.35456295967102064,0.36241178504789634,0.3180914150890188,0.2744848483323407
288.59856033325195,0.33865493525629514,-0.1345629596710206,0.34706512023573394,0.33024475027685635,0.2822993018047271
288.6979384422302,0.33996631075225064,0.08543704032897942,0.33462649573168946,0.34530612577281183,0.289780817702073
288.7983980178833,0.34713020547156087,0.30543704032897945,0.32804039045099964,0.3662200204921221,0.3001999157833208
288.9007613658905,0.3542941001908711,0.5254370403289794,0.3214542851703099,0.3871339152114323,0.31093095657003905
288.9982454776764,0.35472796924710154,0.7454370403289794,0.30813815422654034,0.40131778426766274,0.3244579100111152
289.09843707084656,0.3507030068291758,0.9654370403289794,0.2903631918086146,0.41104282184973706,0.3395273230843786
289.1978347301483,0.3383671944032503,1.1854370403289793,0.2642773793826891,0.4124570094238115,0.35571089701055725
289.2980709075928,0.33562563832179254,1.4054370403289793,0.24778582330123133,0.42346545334235375,0.37466332044187967
289.3979871273041,0.34568593215303905,1.6254370403289793,0.24409611713247786,0.44727574717360025,0.3972125242432457
289.4985625743866,0.35574622598428557,1.8454370403289793,0.24040641096372437,0.47108604100484675,0.4075541856593931
289.5981500148773,0.35110505390784386,2.0654370403289795,0.22201523888728264,0.48019486892840507,0.4218118364338548
289.6979470252991,0.3396938871783958,2.2854370403289797,0.1968540721578346,0.4825337021989571,0.4417011177113505
289.79791045188904,0.329704428586793,2.50543704032898,0.17311461356623176,0.48629424360735424,0.4707292847492095
289.8983073234558,0.332716958068723,2.72543704032898,0.16237714304816173,0.5030567730892842,0.499100750479012
289.9978196620941,0.33828195193505994,2.9454370403289802,0.15419213691449868,0.5223717669556212,0.5262566529957222
290.10143399238586,0.3337776850269795,3.1654370403289804,0.13593787000641824,0.5316175000475408,0.5535086743085631
290.19795870780945,0.32303611671454213,3.3854370403289806,0.11144630169398084,0.5346259317351034,0.5858117592616858
290.29998230934143,0.2960896040536264,3.605437040328981,0.07074978903306509,0.5214294190741877,0.6188667905523171
290.3980145454407,0.2610732288218651,3.825437040328981,0.02198341380130381,0.5001630438424265,0.6457378555109281
290.49848771095276,0.2293483481034821,4.045437040328981,-0.023491466917079207,0.4821881631240434,0.6780105744213061
290.5985553264618,0.262835238883475,4.2654370403289805,-0.0037545761370862962,0.5294250539040363,0.7088374699064174
290.6979327201843,0.38455474376678467,4.246175765991211,0.11916875839233398,0.6499407291412354,0.7372939240812173
290.7981197834015,0.5,4.1859965324401855,0.2383752167224884,0.7616247832775116,0.7601395588410449
290.89852118492126,0.5,4.049264907836914,0.24692094326019287,0.7530790567398071,0.7871185217365132
290.998162984848,0.5,3.829264907836914,0.2606709432601929,0.7393290567398071,0.8054006083598814
291.0980222225189,0.5,3.6092649078369137,0.2744209432601929,0.725579056739807,0.8034814294462016
291.1981542110443,0.5,3.3892649078369135,0.2881709432601929,0.7118290567398071,0.7950256412008205
291.2984619140625,0.5,3.1692649078369133,0.3019209432601929,0.6980790567398071,0.7792042123599612
291.3979637622833,0.5,2.949264907836913,0.31567094326019296,0.684329056739807,0.7645568943924144
291.49947118759155,0.48727934388704225,2.729264907836913,0.3167002871472352,0.6578584006268493,0.754392809392642
291.5982208251953,0.46758291995820633,2.5092649078369127,0.31075386321839926,0.6244119766980134,0.7305010007494354
291.69817328453064,0.44520193191107854,2.2892649078369125,0.3021228751712715,0.5882809886508855,0.6966115584219699
291.7983684539795,0.42308167910029587,2.0692649078369123,0.2937526223604888,0.5524107358401029,0.6679414650729817
291.8981502056122,0.4038605135006655,1.8492649078369123,0.2882814567608585,0.5194395702404725,0.6432244855874142
292.002956867218,0.3889485834022439,1.6292649078369124,0.2871195266624369,0.49077764014205094,0.6165811742107649
292.09958362579346,0.380446211246609,1.4092649078369124,0.29236715450680195,0.468525267986416,0.5824478604471891
292.1982116699219,0.37414542035886567,1.1892649078369124,0.2998163636190586,0.4484744770986727,0.5558274359417898
292.29828238487244,0.37135165314689084,0.9692649078369124,0.3107725964070838,0.43193070988669785,0.5240818119195881
292.39812541007996,0.3704710246060936,0.7492649078369125,0.3236419678662866,0.41730008134590063,0.48668746438790117
292.49851298332214,0.3665216267108917,0.6594817042350769,0.3253040201961994,0.40773923322558403,0.45062052665842817
292.5989682674408,0.356754869222641,0.6424729228019714,0.3166003115475178,0.3969094268977642,0.4156737905337747
292.6981601715088,0.34389522671699524,0.6490434408187866,0.3033300116658211,0.3844604417681694,0.3862600868816446
292.79778718948364,0.32929861545562744,0.6538271307945251,0.2884344197809696,0.37016281113028526,0.35248100772268826
292.89865946769714,0.3197901248931885,0.6739344596862793,0.277669221162796,0.36191102862358093,0.3152959624165552
292.99953842163086,0.3402674773637456,0.45393445968627927,0.3118965736333531,0.36863838109413805,0.27748825745687017
293.0984773635864,0.44422683980303956,0.23393445968627927,0.42960593607264713,0.458847743533432,0.24611088036031983
293.1985318660736,0.4151405172954676,0.013934459686279238,0.41426961356507513,0.41601142102586003,0.2170420892816835
293.2996473312378,0.41893437641757464,-0.2060655403137208,0.4318134726871822,0.4060552801479671,0.18532626277456413
293.40495681762695,0.25059276819229126,-0.3644467890262604,0.27337069250643253,0.22781484387815,0.15091326258386306
293.49843096733093,0.19210943579673767,-0.3729979991912842,0.21542181074619293,0.1687970608472824,0.11194210739514288
293.59953784942627,0.13926689326763153,-0.5054177045822144,0.17085549980401993,0.10767828673124313,0.07175917076770186
293.7024760246277,0.26819244027137756,-0.3833615183830261,0.2921525351703167,0.24423234537243843,0.029368318916768756
293.7982499599457,0.2615263581991265,-0.1633615183830261,0.27173645309806566,0.25131626330018736,0.002708980644137241
293.8982560634613,0.11603616923093796,-0.28193220496177673,0.133656932041049,0.09841540642082691,0.013946320624443075
293.99807143211365,0.0,-0.09765151143074036,0.006103219464421272,-0.006103219464421272,0.03381202329663921
294.09795117378235,0.0,-0.3176515114307404,0.019853219464421274,-0.019853219464421274,0.05198605393935863
294.1980633735657,0.0,-0.36340832710266113,0.02271302044391632,-0.02271302044391632,0.059619874812480614
294.2980296611786,0.1878911852836609,-0.5298260450363159,0.22100531309843063,0.15477705746889114,0.06960870016361029
294.3980555534363,0.13777680695056915,-0.5907723307609558,0.1747000776231289,0.10085353627800941,0.0751704758135887
294.49895548820496,0.2500263576530084,-0.8107723307609558,0.3006996283255681,0.19935308698044868,0.07582178724889525
294.59898471832275,0.182783567577876,-1.0307723307609558,0.24720683825043574,0.11836029690531627,0.07812761712007127
294.69789600372314,0.15053774711667336,-0.8107723307609558,0.20121101778923312,0.09986447644411363,0.08114267519245531
294.7982473373413,0.10508557006930282,-0.5907723307609558,0.14200884074186254,0.06816229939674308,0.09842653472091124
294.89808988571167,0.11143543231645535,-0.3707723307609558,0.1346087029890151,0.08826216164389561,0.1193292388338492
294.99811148643494,0.0636918842792511,-0.5817298293113708,0.10004999861121178,0.02733376994729042,0.13633136632768458
295.0995304584503,0.056663356721401215,-0.3713766932487488,0.07987440004944801,0.033452313393354416,0.14863964721889378
295.2007772922516,0.07653823785561238,-0.15137669324874875,0.08599928118365918,0.06707719452756558,0.15876463215554926
295.29896354675293,0.024005083367228508,0.009833849966526031,0.02339046774432063,0.024619698990136385,0.1675236598338437
295.39842200279236,0.02102387696504593,0.13644050061702728,0.012496345676481724,0.029551408253610134,0.1725810751137667
295.4980459213257,0.013966917002852306,-0.08355949938297275,0.019189385714288104,0.008744448291416509,0.17854461786320303
295.59963750839233,0.013179023187019247,-0.3035594993829728,0.032151491898455044,-0.005793445524416551,0.18801965484570135
295.6980426311493,0.02392767369747162,-0.09867711365222931,0.03009499330073595,0.017760354094207287,0.1913820800871726
295.7982065677643,0.049992311745882034,0.06461567431688309,0.04595383210107684,0.05403079139068723,0.19200891667417475
295.90225100517273,0.1483155668001102,0.2846156743168831,0.130527087155305,0.16610404644491542,0.19198843393561532
295.9980342388153,0.1455990073869823,0.06461567431688309,0.14156052774217712,0.1496374870317875,0.19260235935360248
296.09865260124207,0.16672797125237707,0.28461567431688306,0.14893949160757186,0.18451645089718227,0.19600211865216643
296.1980605125427,0.0,0.10666701197624207,-0.006666688248515129,0.006666688248515129,0.2015132322000374
296.2980434894562,0.010016345219316443,-0.11333298802375796,0.017099656970801316,0.00293303346783157,0.20566446667470048
296.398638010025,0.0,-0.05567335709929466,0.0034795848187059164,-0.0034795848187059164,0.21070870832206867
296.4983913898468,0.0,0.16432664290070537,-0.010270415181294085,0.010270415181294085,0.21444518914645036
296.5986099243164,0.07598526775836945,0.22022031247615814,0.06222149822860956,0.08974903728812933,0.21637238864539976
296.69808435440063,0.03877399035629287,0.00022031247615811322,0.03876022082653299,0.03878775988605275,0.21527476841346616
296.7996711730957,0.02411639504134655,0.1847400665283203,0.01257014088332653,0.03566264919936657,0.21564369286591628
296.8993492126465,0.029945234533010553,0.40474006652832034,0.004648980374990532,0.05524148869103057,0.21588713098265971
296.99858379364014,0.0,0.422394335269928,-0.0263996459543705,0.0263996459543705,0.217244879920797
297.0982897281647,0.0,0.642394335269928,-0.0401496459543705,0.0401496459543705,0.21847810564327505
297.1981256008148,0.0,0.422394335269928,-0.0263996459543705,0.0263996459543705,0.2200576127904447
297.2981436252594,0.0,0.6006237268447876,-0.037538982927799225,0.037538982927799225,0.22121286986826552
297.39860486984253,0.013349212097767916,0.8206237268447876,-0.037939770830031305,0.06463819502556714,0.22176899845456183
297.4987573623657,0.018010421999005374,1.0406237268447875,-0.047028560928793844,0.0830494049268046,0.22181907434745649
297.5980670452118,0.2180104219990054,1.056373464298922,0.15198708048032278,0.284033763517688,0.2222060331169652
297.6983115673065,0.21017728734984564,0.836373464298922,0.15790394583116302,0.26245062886852827,0.22266279964039803
297.798291683197,0.15291142463684082,0.701277494430542,0.10908158123493195,0.1967412680387497,0.2236186082437901
297.900431394577,0.02805045999847787,0.48127749443054196,-0.002029383403431003,0.058130303400386746,0.22628091105748602
297.9987678527832,0.025754239998858633,0.26127749443054193,0.009424396596949762,0.042084083400767504,0.23113136407816523
298.09832215309143,0.07240505624751326,0.041277494430541906,0.06982521284560439,0.07498489964942212,0.235067527080004
298.1981017589569,0.05688178825457878,-0.17872250556945812,0.06805194485266991,0.045711631656487645,0.2389341769754624
298.3013000488281,0.05890109778023916,-0.39872250556945815,0.0838212543783303,0.03398094118214802,0.24033860559726625
298.3993172645569,0.045073852333006904,-0.6187225055694582,0.08374400893109804,0.006403695734915768,0.2415973011696786
298.49828338623047,0.037631650946938836,-0.8387225055694583,0.09005180754502998,-0.014788505651152306,0.2502712822318385
298.5981414318085,0.03922480783937415,-1.0587225055694582,0.1053949644374653,-0.026945348758716993,0.2542832774654483
298.69826459884644,0.06386957974533881,-1.2787225055694582,0.14378973634342995,-0.016050576852752324,0.25742466732537855
298.7980935573578,0.08717812236329064,-1.4987225055694582,0.18084827896138178,-0.006492034234800492,0.25951292076047483
298.89839458465576,0.07760763813226484,-1.7187225055694582,0.18502779473035597,-0.02981251846582629,0.265165535130464
298.999253988266,0.1489599049091339,-1.5507256984710693,0.24588026106357574,0.05203954875469208,0.2667240762778827
299.0981230735779,0.013852093368768692,-1.6930322647094727,0.11966660991311073,-0.09196242317557335,0.26761253600376356
299.19806599617004,0.05892616109302847,-1.4730322647094727,0.1509906776373705,-0.03313835545131357,0.2695839879230524
299.2982213497162,0.09741704619018406,-1.2530322647094727,0.17573156273452611,0.019102529645842012,0.27184782713006644
299.39842987060547,0.06135827675461769,-1.4566706418991089,0.152400191873312,-0.029683638364076614,0.27386703670326085
299.4983766078949,0.06402654106426608,-1.236670641899109,0.1413184561829604,-0.013265374054428222,0.275433358102432
299.5981903076172,0.03108619192669603,-1.4566706418991089,0.12212810704539034,-0.059955723191998274,0.2753290686100857
299.6981086730957,0.036384043630317525,-1.236670641899109,0.11367595874901183,-0.04090787148837678,0.27392937065976364
299.80021047592163,0.04303107410669327,-1.20418119430542,0.11829239875078201,-0.03223025053739548,0.2754427799040162
299.89827609062195,0.032595694065093994,-1.3092502355575562,0.11442383378744125,-0.049232445657253265,0.2747062422252896
299.99822211265564,0.10079084104242765,-1.0892502355575562,0.1688689807647749,0.03271270132008039,0.2736552858158413
300.1008815765381,0.1796201467514038,-1.231094479560852,0.25656355172395706,0.10267674177885056,0.2725930761253653
300.1982066631317,0.3319274016815471,-1.011094479560852,0.3951208066541004,0.26873399670899384,0.2692977174814316
300.2983658313751,0.4283261001110077,-1.0898874998092651,0.49644406884908676,0.3602081313729286,0.26681912549504994
300.39861965179443,0.49135381065011363,-0.8698874998092652,0.5457217793881927,0.43698584191203454,0.2649235848494667
300.4986090660095,0.5,-1.0678197145462036,0.5667387321591377,0.4332612678408623,0.25945660662776404
300.59818291664124,0.5,-0.8862942457199097,0.5553933903574944,0.44460660964250565,0.24908999609450458
300.6984407901764,0.5,-0.6662942457199097,0.5416433903574943,0.45835660964250563,0.23110966703097785
300.7991816997528,0.5,-0.44629424571990967,0.5278933903574944,0.47210660964250567,0.21052515293861254
300.89856147766113,0.25,-0.3496198867179148,0.2718512429198697,0.22814875708013033,0.18371730653037532
301.0001995563507,0.15890847146511078,-0.16410201787948608,0.16916484758257866,0.1486520953476429,0.1533514510660199
301.0981910228729,0.3342958688735962,-0.2853543758392334,0.3521305173635483,0.3164612203836441,0.12332628354062292
301.19855284690857,0.4355470441424566,-0.06535437583923337,0.4396316926324087,0.4314623956525045,0.09338750254068992
301.29845213890076,0.38446501170441194,0.15464562416076666,0.374799660194364,0.3941303632144599,0.06903449563852662
301.39858889579773,0.36543357372283936,0.3169803023338318,0.34562230482697487,0.38524484261870384,0.046518426946071834
301.50430059432983,0.172719806432724,0.18564817309379578,0.16111679561436176,0.18432281725108624,0.021782266814080502
301.59813022613525,0.234905118435774,0.4056481730937958,0.20955210761741175,0.2602581292541362,0.0068914850800551215
301.698454618454,0.22975996136665344,0.5228276252746582,0.1970832347869873,0.2624366879463196,0.035697492319983724
301.7982831001282,0.23889020085334778,0.49282971024513245,0.208088343963027,0.26969205774366856,0.06348575306902694
301.89862275123596,0.27532675862312317,0.5418025255203247,0.24146410077810287,0.30918941646814346,0.08480460989295893
301.99867010116577,0.29189395904541016,0.5037962198257446,0.2604066953063011,0.3233812227845192,0.10207364674610002
302.0984742641449,0.2906169295310974,0.41823047399520874,0.26447752490639687,0.31675633415579796,0.12152816262236771
302.1982653141022,0.2926124036312103,0.29957252740859985,0.27388912066817284,0.3113356865942478,0.13214482124703064
302.2981610298157,0.2905561923980713,0.2213527262210846,0.2767216470092535,0.3043907377868891,0.14760317287510794
302.39838695526123,0.2880290150642395,0.19404806196689606,0.2759010111913085,0.3001570189371705,0.17062197986093752
302.49944519996643,0.274682879447937,0.18876783549785614,0.262884889729321,0.286480869166553,0.19276879133246627
302.59820437431335,0.26173630356788635,0.19217009842395782,0.249725672416389,0.2737469347193837,0.21977423355619286
302.6984553337097,0.251249760389328,0.19444696605205536,0.23909682501107454,0.26340269576758146,0.24544290198532398
302.79841661453247,0.24416115880012512,0.19651693105697632,0.2318788506090641,0.25644346699118614,0.2676039991989992
302.89854741096497,0.23920629918575287,0.20551148056983948,0.2263618316501379,0.25205076672136784,0.2915727736760938
302.99849033355713,0.23567530512809753,0.21480681002140045,0.22224987950176,0.24910073075443506,0.3089722435759022
303.09903478622437,0.2303117960691452,0.2431745082139969,0.2151133893057704,0.24551020283252,0.32520668483840093
303.1983308792114,0.2251201868057251,0.2903747260570526,0.2069717664271593,0.24326860718429089,0.34397332462321195
303.2984642982483,0.21904440224170685,0.3485879600048065,0.19725765474140644,0.24083114974200726,0.3613436290426369
303.39839577674866,0.21301837265491486,0.4072185754776001,0.18756721168756485,0.23846953362226486,0.37600901610498183
303.49879598617554,0.2087518721818924,0.4628131687641144,0.17982604913413525,0.23767769522964954,0.38753061114743803
303.5984389781952,0.20634543895721436,0.5171142816543579,0.17402579635381699,0.23866508156061172,0.39667661923087094
303.70240688323975,0.20256829261779785,0.5559968948364258,0.16781848669052124,0.23731809854507446,0.40465583204348593
303.7983899116516,0.20017118752002716,0.5862442255020142,0.16353092342615128,0.23681145161390305,0.4123360217188032
303.8987469673157,0.19982242584228516,0.6005425453186035,0.16228851675987244,0.23735633492469788,0.42159925368218665
304.0007176399231,0.20064972341060638,0.6133793592453003,0.16231351345777512,0.23898593336343765,0.43044564858925416
304.0985515117645,0.20405617356300354,0.6248220205307007,0.16500479727983475,0.24310754984617233,0.4389364565943556
304.1985836029053,0.20683106780052185,0.6472854614257812,0.16637572646141052,0.24728640913963318,0.446743162218661
304.29863142967224,0.2153637409210205,0.6613470315933228,0.17402955144643784,0.2566979303956032,0.45538140110043906
304.40013885498047,0.2222854495048523,0.6707950234413147,0.18036076053977013,0.26421013846993446,0.46354030012317937
304.49843883514404,0.22938823699951172,0.6643431186676025,0.18786679208278656,0.2709096819162369,0.4664702009396884
304.60048389434814,0.2342434674501419,0.6485965847969055,0.1937061809003353,0.2747807539999485,0.46772289910690573
304.6990523338318,0.2398080676794052,0.6158195734024048,0.2013193443417549,0.2782967910170555,0.47790363231210214
304.7998638153076,0.24793244898319244,0.5705298781394958,0.21227433159947395,0.28359056636691093,0.4873716298427459
304.8985757827759,0.2528355121612549,0.543244481086731,0.2188827320933342,0.28678829222917557,0.49782687491156197
304.9983892440796,0.2601141035556793,0.5293473601341248,0.22702989354729652,0.2931983135640621,0.5042734625194814
305.0987961292267,0.26295292377471924,0.5283714532852173,0.22992970794439316,0.2959761396050453,0.5068121941488827
305.1983542442322,0.26527124643325806,0.5253391265869141,0.23243755102157593,0.2981049418449402,0.5191625995170633
305.29837918281555,0.26377061009407043,0.5260219573974609,0.23089423775672913,0.29664698243141174,0.5314341142483893
305.39851117134094,0.26161545515060425,0.524910569190979,0.22880854457616806,0.29442236572504044,0.5442233825636005
305.49864649772644,0.26538655161857605,0.5264043807983398,0.2324862778186798,0.2982868254184723,0.557510618171888
305.59842920303345,0.2670777142047882,0.5187254548072815,0.23465737327933311,0.2994980551302433,0.5714287427065589
305.6984658241272,0.2690107226371765,0.5084887146949768,0.23723017796874046,0.30079126730561256,0.5858834728289838
305.7999658584595,0.2697973847389221,0.4865548312664032,0.23938770778477192,0.3002070616930723,0.6001306539124025
305.89856576919556,0.27132919430732727,0.46205881237983704,0.24245051853358746,0.3002078700810671,0.6159122104229025
305.999027967453,0.2738628387451172,0.43325310945510864,0.2467845194041729,0.3009411580860615,0.6306507494562765
306.09977650642395,0.2755555808544159,0.4134308993816376,0.24971614964306355,0.30139501206576824,0.6429378660168521
306.1997938156128,0.2775707244873047,0.4041619598865509,0.25231060199439526,0.3028308469802141,0.6582418937654746
306.29865169525146,0.27921539545059204,0.4028474986553192,0.2540374267846346,0.3043933641165495,0.6747957576172421
306.39951848983765,0.2792176902294159,0.4097324311733246,0.2536094132810831,0.3048259671777487,0.6848368434044648
306.50012469291687,0.28035563230514526,0.4193461835384369,0.25414649583399296,0.30656476877629757,0.6848590043159356
306.59833574295044,0.28288161754608154,0.4307892620563507,0.2559572886675596,0.30980594642460346,0.7014675649194851
306.69946694374084,0.2863028645515442,0.4365364611148834,0.259019335731864,0.3135863933712244,0.7184157101817044
306.7993338108063,0.2904130220413208,0.43458372354507446,0.26325153931975365,0.31757450476288795,0.7353021761686341
306.89998173713684,0.2952224016189575,0.43480002880096436,0.26804739981889725,0.3223974034190178,0.7502901368363603
307.00049686431885,0.30223628878593445,0.4439474642276764,0.2744895722717047,0.3299830053001642,0.7628565224108149
307.09971475601196,0.3117910623550415,0.4605136811733246,0.2830089572817087,0.3405731674283743,0.7795302140389873
307.199321269989,0.32396256923675537,0.4892566204071045,0.29338403046131134,0.3545411080121994,0.7959439948756566
307.30188751220703,0.33329421281814575,0.5288273096084595,0.30024250596761703,0.36634591966867447,0.8115492219430132
307.40090894699097,0.3394879400730133,0.578918993473053,0.3033055029809475,0.3756703771650791,0.8318295236558519
307.50153255462646,0.3426761031150818,0.6330740451812744,0.30310897529125214,0.38224323093891144,0.8590125843690275
307.5986120700836,0.3428458571434021,0.6844267249107361,0.3000691868364811,0.3856225274503231,0.8781330205076738
307.69834089279175,0.34145018458366394,0.732174277305603,0.29568929225206375,0.38721107691526413,0.8970677088589909
307.8012521266937,0.3409574329853058,0.7778209447860718,0.2923436239361763,0.38957124203443527,0.9169810122330913
307.89992094039917,0.34140950441360474,0.8236154317855835,0.28993353992700577,0.3928854689002037,0.941544255851981
307.9988925457001,0.3424816429615021,0.8677923679351807,0.2882446199655533,0.39671866595745087,0.9608140760010963
308.100554227829,0.3435346484184265,0.9080660343170166,0.286780521273613,0.40028877556324005,0.9805328883550143
308.2027840614319,0.34442752599716187,0.9457932114601135,0.28531545028090477,0.40353960171341896,1.001809860339354
308.2986309528351,0.3436674177646637,0.9814039468765259,0.28232967108488083,0.40500516444444656,1.0287968627898987
308.4001212120056,0.3425961136817932,1.0119167566299438,0.2793513163924217,0.4058409109711647,1.0475223013997639
308.5045735836029,0.33756640553474426,1.038771390914917,0.27264319360256195,0.4024896174669266,1.0660951234725058
308.5990252494812,0.33224204182624817,1.0659732818603516,0.2656187117099762,0.39886537194252014,1.0844252411348978
308.6987442970276,0.32669124007225037,1.0925912857055664,0.25840428471565247,0.39497819542884827,1.0957808744204223
308.79842734336853,0.3201310336589813,1.1182852983474731,0.25023820251226425,0.3900238648056984,1.113425137783392
308.89875960350037,0.31211331486701965,1.1404588222503662,0.24083463847637177,0.38339199125766754,1.1302658102377396
308.9986274242401,0.30305588245391846,1.16015625,0.23054611682891846,0.37556564807891846,1.1501418862789958
309.09946870803833,0.2968803346157074,1.1760138273239136,0.2233794704079628,0.370381198823452,1.1640898604274066
309.2017261981964,0.2907716631889343,1.1930739879608154,0.21620453894138336,0.3653387874364853,1.1777555812913216
309.2985043525696,0.2860952615737915,1.2068688869476318,0.21066595613956451,0.3615245670080185,1.1713247809892453
309.3984456062317,0.2802486717700958,1.221405029296875,0.20391085743904114,0.3565864861011505,1.181398463680371
309.5014338493347,0.2729519307613373,1.239241600036621,0.19549933075904846,0.3504045307636261,1.1914367547536229
309.59955739974976,0.2646133601665497,1.2604737281799316,0.18583375215530396,0.3433929681777954,1.190386907148129
309.6986713409424,0.2546323835849762,1.2803033590316772,0.17461342364549637,0.334651343524456,1.198024660508014
309.7988078594208,0.24470064043998718,1.300171971321106,0.16343989223241806,0.3259613886475563,1.2116870348980697
309.90121960639954,0.23757703602313995,1.3172333240509033,0.1552499532699585,0.3199041187763214,1.2172418342111035
310.0006847381592,0.23398880660533905,1.3218234777450562,0.15137483924627304,0.31660277396440506,1.2210035516940239
310.09851360321045,0.23197047412395477,1.3226391077041626,0.1493055298924446,0.31463541835546494,1.2240097349116283
310.19957089424133,0.2294507622718811,1.320054054260254,0.14694738388061523,0.311954140663147,1.2249711491721023
310.3006155490875,0.22950498759746552,1.305763602256775,0.14789476245641708,0.31111521273851395,1.2248186701284336
310.3986384868622,0.2305375337600708,1.2793081998825073,0.1505807712674141,0.3104942962527275,1.2215633758931124
310.4992096424103,0.22802963852882385,1.2483320236206055,0.150008887052536,0.3060503900051117,1.218572706236842
310.59951972961426,0.2271561473608017,1.2206015586853027,0.15086854994297028,0.3034437447786331,1.2190204899829584
310.6985409259796,0.21902917325496674,1.203432321548462,0.14381465315818787,0.2942436933517456,1.2154685936008085
310.7986240386963,0.2217816263437271,1.1788183450698853,0.14810547977685928,0.29545777291059494,1.2063656069186894
310.89864349365234,0.22163040935993195,1.1559810638427734,0.1493815928697586,0.2938792258501053,1.1993740963804849
310.9988069534302,0.2233123928308487,1.1362870931625366,0.15229444950819016,0.29433033615350723,1.1925041529561942
311.09891080856323,0.23000644147396088,1.12589430809021,0.15963804721832275,0.300374835729599,1.184669185367075
311.1988317966461,0.24416743218898773,1.1191556453704834,0.17422020435333252,0.31411466002464294,1.1758930068356628
311.2987701892853,0.26330459117889404,1.0993000268936157,0.19459833949804306,0.332010842859745,1.167186597742706
311.3989462852478,0.28644606471061707,1.074974775314331,0.21926014125347137,0.35363198816776276,1.1643293263070755
311.4995892047882,0.303713858127594,1.0470826625823975,0.23827119171619415,0.36915652453899384,1.1558207667232976
311.59855818748474,0.3382124602794647,0.9665035605430603,0.27780598774552345,0.398618932813406,1.147544306613441
311.69852447509766,0.3657764494419098,0.8952143788337708,0.3098255507647991,0.42172734811902046,1.1322528402466971
311.7983901500702,0.39214110374450684,0.8241220712661743,0.34063347429037094,0.44364873319864273,1.1180478642727694
311.80096101760864,0.0,0.0,0.0,0.0,1.1180478642727694
311.89928436279297,0.2874587443808686,0.6041220712661743,0.2497011149267327,0.3252163738350045,1.1034020170026666
311.99858713150024,0.18277638501723042,0.3841220712661743,0.15876875556309453,0.20678401447136632,1.0831234767451448
312.0990927219391,0.07809402565359225,0.1641220712661743,0.06783639619945635,0.08835165510772815,1.065330366432699
312.1988253593445,0.0,0.0,0.0,0.0,1.0554186772140821
312.30050897598267,0.0,0.0,0.0,0.0,1.04616724803327
312.40027928352356,0.0,0.0,0.0,0.0,1.0401753984783795
312.49980306625366,0.0,0.0,0.0,0.0,1.0360619682836358
312.599969625473,0.0,0.0,0.0,0.0,1.0299924613663731
312.69947028160095,0.0,0.0,0.0,0.0,1.0281728364394334
312.7998321056366,0.0,0.0,0.0,0.0,1.028449232069058
318.6993980407715,0.020398333391415436,0.22000000000000003,0.006648333391415434,0.03414833339141544,0.0311073868606435
318.79890298843384,0.05153955095854861,0.44000000000000006,0.02403955095854861,0.07903955095854862,0.03125300009071746
318.8991529941559,0.06605474644733163,0.6600000000000001,0.02480474644733162,0.10730474644733164,0.031215155353648938
319.0007834434509,0.06914061207690382,0.8800000000000001,0.014140612076903813,0.12414061207690383,0.03133425213047014
319.1051025390625,0.07349955427275418,1.1,0.0047495542727541695,0.14224955427275418,0.031601534086686534
319.1991958618164,0.0981061285860144,1.32,0.0156061285860144,0.1806061285860144,0.03204560251727766
319.3013846874237,0.11167193613989147,1.54,0.01542193613989147,0.20792193613989146,0.03253078039213658
319.40104722976685,0.2215571254491806,1.4743919372558594,0.1294076293706894,0.3137066215276718,0.03353251474259178
319.4989562034607,0.13981066464273936,1.6943919372558593,0.033911168564248154,0.24571016072123059,0.03404317417769047
319.6005554199219,0.16601619947727173,1.9143919372558593,0.04636670339878052,0.28566569555576293,0.03502761996624182
319.69900703430176,0.22499450636967946,2.1343919372558595,0.09159501029118824,0.35839400244817066,0.03523470374951745
319.799866437912,0.2749406099319458,2.0863161087036133,0.14454585313796997,0.40533536672592163,0.03739233741836233
319.89896512031555,0.18820924975933895,1.8663161087036133,0.07156449296536312,0.3048540065533148,0.034974027499191415
319.9995346069336,0.18189285695552826,1.6565090417861938,0.07836104184389114,0.2854246720671654,0.03170953455568817
320.1010661125183,0.21246518516332347,1.4365090417861939,0.12268337005168635,0.3022470002749606,0.03198564022519344
320.2005686759949,0.26089515748961606,1.216509041786194,0.18486334237797894,0.33692697260125315,0.03378109499792906
320.3038845062256,0.298317208762068,0.9965090417861939,0.2360353936504309,0.3605990238737051,0.04159579032232322
320.3992009162903,0.2730113488596785,0.776509041786194,0.22447953374804136,0.3215431639713156,0.0406818841661587
320.50083208084106,0.19996270986226033,0.556509041786194,0.1651808947506232,0.23474452497389747,0.03810118595978612
320.59990978240967,0.16172215342521667,0.4208604693412781,0.1354183740913868,0.18802593275904655,0.031045246912608546
320.69959831237793,0.11222010850906372,0.45573750138282776,0.08373651467263699,0.14070370234549046,0.02975812824791765
320.7993383407593,0.18019549548625946,0.2624220848083496,0.1637941151857376,0.1965968757867813,0.023264504374115043
320.8988654613495,0.05034022033214569,0.43751633167266846,0.022995449602603912,0.07768499106168747,0.024781738459011764
320.9989104270935,0.24533923184412476,0.21751633167266843,0.231744461114583,0.25893400257366656,0.020105702852009303
321.09909081459045,0.1844850460627256,0.43751633167266846,0.1571402753331838,0.21182981679226737,0.02029177561314013
321.1988797187805,0.3593190014362335,0.32242316007614136,0.3391675539314747,0.37947044894099236,0.020599345419943373
321.299067735672,0.2424067258834839,0.2860840857028961,0.22452647052705288,0.2602869812399149,0.029279709527801328
321.39900636672974,0.28896474838256836,0.13373710215091705,0.28060617949813604,0.2973233172670007,0.02929428965944768
321.4992356300354,0.03896474838256839,0.018033454128547538,0.03783765749953417,0.040091839265602607,0.029770852008785015
321.59884309768677,0.07535882782848305,-0.2019665458714525,0.08798173694544884,0.06273591871151726,0.016634679930499958
321.7000992298126,0.12384646731981783,-0.42196654587145255,0.15021937643678362,0.09747355820285204,0.022949516147448557
321.7990891933441,0.12057185759178655,-0.6419665458714525,0.16069476670875232,0.08044894847482077,0.02229765276380721
321.89965200424194,0.15241611230215713,-0.8619665458714525,0.20628902141912292,0.09854320318519134,0.025496461736625037
321.9989218711853,0.19441419770571244,-1.0819665458714525,0.2620371068226782,0.12679128858874666,0.028123632523508916
322.09908843040466,0.23373143297513432,-1.3019665458714524,0.3151043420921001,0.15235852385816856,0.03069208597731716
322.19895219802856,0.22452182679057547,-1.5219665458714524,0.3196447359075413,0.1293989176736097,0.034704405344399024
322.2988770008087,0.20248484041173062,-1.7419665458714524,0.3113577495286964,0.09361193129476485,0.04118349732118014
322.3990683555603,0.17367634134543738,-1.9619665458714524,0.29629925046240313,0.05105343222847161,0.04580036248707673
322.49913334846497,0.12518927454948425,-2.1808674335479736,0.2614934891462326,-0.011114940047264099,0.05070930250819328
322.59930062294006,0.0937977892769433,-1.9608674335479737,0.21635200387369163,-0.02875642531980506,0.06170357432541563
322.69890666007996,0.07510291039943695,-1.7461001873016357,0.18423417210578918,-0.03402835130691528,0.07086795435783559
322.79903292655945,0.028965970501303673,-1.5690324306488037,0.1270304974168539,-0.06909855641424656,0.07535665656314466
322.9022943973541,0.0,-1.4180513620376587,0.08862821012735367,-0.08862821012735367,0.07962112300714855
323.00016808509827,0.0994135441241911,-1.1980513620376587,0.17429175425154475,0.024535333996837425,0.08198736145539644
323.09902572631836,0.11012772315523875,-0.9780513620376587,0.17125593328259242,0.04899951302788508,0.07127494026283304
323.20057916641235,0.24451953678769775,-0.7580513620376588,0.29189774691505144,0.19714132666034406,0.06948840358644061
323.2990927696228,0.21315910802996182,-0.5380513620376588,0.2467873181573155,0.17953089790260815,0.06188961979838128
323.40219593048096,0.24786080964401688,-0.3180513620376588,0.26773901977137055,0.22798259951666322,0.06295243537231544
323.5004587173462,0.21294620685314927,-0.0980513620376588,0.21907441698050295,0.2068179967257956,0.0658044638986477
323.5988759994507,0.13579529515247252,0.12194863796234123,0.12817350527982618,0.14341708502511885,0.0639463322889704
323.6996223926544,0.08720025420188904,0.09449988603591919,0.08129401132464409,0.09310649707913399,0.057486748827885216
323.7994849681854,0.12103936076164246,0.20640139281749725,0.10813927371054888,0.13393944781273603,0.05141914700061145
323.8999354839325,0.08867037296295166,0.2702791094779968,0.07177792862057686,0.10556281730532646,0.05069486443299976
323.9989686012268,0.051687829196453094,0.3333154022693634,0.030855616554617882,0.07252004183828831,0.05297030143763951
324.09926891326904,0.040847297757864,0.4545974135398865,0.012434959411621094,0.0692596361041069,0.054671530295452554
324.19910860061646,0.03291329741477966,0.49997973442077637,0.0016645640134811401,0.06416203081607819,0.05623822441811606
324.29892802238464,0.03968626633286476,0.4064082205295563,0.014285752549767494,0.06508678011596203,0.05726610355792927
324.39899015426636,0.0735711082816124,0.21837159991264343,0.05992288328707218,0.08721933327615261,0.058161372993526125
324.49908328056335,0.08345715701580048,0.1301065981388092,0.0753254946321249,0.09158881939947605,0.058910476173247975
324.603764295578,0.10236237943172455,0.07618068903684616,0.09760108636692166,0.10712367249652743,0.05931450828466018
324.6990156173706,0.10091842710971832,0.10410206019878387,0.09441204834729433,0.10742480587214231,0.05353523552426421
324.7998504638672,0.07753632962703705,0.15091530978679657,0.06810412276536226,0.08696853648871183,0.0514262212049859
324.89965081214905,0.07276289910078049,0.18887285888195038,0.06095834542065859,0.08456745278090239,0.052485598782393596
324.9989914894104,0.09171664714813232,0.016908414661884308,0.09065987123176455,0.0927734230645001,0.05380030175378924
325.0990934371948,0.09551675392742347,0.23690841466188434,0.0807099780110557,0.11032352984379123,0.05531702854641545
325.20006465911865,0.13167403117721202,0.45690841466188437,0.10311725526084425,0.16023080709357979,0.056057682221734455
325.29905128479004,0.11419970737778098,0.6769084146618844,0.0718929314614132,0.15650648329414876,0.05709260217955729
325.4002001285553,0.1205035001039505,0.59603351354599,0.08325140550732613,0.15775559470057487,0.058242202136100346
325.499223947525,0.10802540183067322,0.5685811638832092,0.07248907908797264,0.1435617245733738,0.059230419601854205
325.59890723228455,0.18972572684288025,0.4097325801849365,0.16411744058132172,0.21533401310443878,0.06068603391410641
325.69937109947205,0.3059905260316669,0.1897325801849365,0.29413223977010833,0.3178488122932254,0.06228915394132199
325.7991166114807,0.32985440878374284,-0.030267419815063534,0.33174612252218433,0.32796269504530134,0.06469863414978247
325.90052485466003,0.26012029440728546,-0.25026741981506356,0.27576200814572693,0.24447858066884398,0.06749422649398103
325.9989948272705,0.19334125518798828,-0.10178033262491226,0.1997025259770453,0.18697998439893126,0.0727788975389855
326.0988883972168,0.15146288313152742,0.11821966737508777,0.14407415392058442,0.15885161234247042,0.08573475212884514
326.1990222930908,0.026142003014683723,0.26020348072052,0.009879285469651222,0.042404720559716225,0.09816688188132387
326.3010165691376,0.033865414559841156,0.31523582339286804,0.014163175597786903,0.05356765352189541,0.105199901746994
326.4009459018707,0.04877238095400168,0.09523582339286801,0.04282014199194743,0.05472461991605593,0.1109411828840748
326.4994511604309,0.12813764810562134,-0.0740760937333107,0.13276740396395326,0.12350789224728942,0.11505115406659391
326.599422454834,0.07635416090488434,-0.24461713433265686,0.09164273180067539,0.061065590009093285,0.1165818646028284
326.69918990135193,0.025297241285443306,-0.1788298487663269,0.03647410683333874,0.014120375737547874,0.12034284847746958
326.799772977829,0.0183556629499016,-0.39882984876632693,0.04328252849779703,-0.006571202597993833,0.12403781362125763
326.9008388519287,0.1429305273567769,-0.618829848766327,0.18160739290467232,0.10425366180888146,0.12649563680921014
326.99943590164185,0.1479345879665466,-0.39882984876632693,0.17286145351444204,0.12300772241865117,0.1287208774440729
327.0997438430786,0.10165782272815704,-0.40737348794937134,0.12711866572499275,0.07619697973132133,0.12990287236807185
327.20058369636536,0.1721343704191463,-0.1873734879493713,0.183845213415982,0.1604235274223106,0.13176254135423188
327.2995240688324,0.2064831703901291,0.032364990562200546,0.20446035847999156,0.20850598230026662,0.13479008772126486
327.39931774139404,0.13161167959052383,-0.18763500943779948,0.1433388676803863,0.11988449150066137,0.1382501773893638
327.49931240081787,0.06454456597566605,-0.19021770358085632,0.07643317244946957,0.052655959501862526,0.1428401552249217
327.599081993103,0.061122269026938285,-0.41021770358085635,0.08676087550074181,0.03548366255313476,0.147936858643239
327.69951009750366,0.025042163208127022,-0.5283553004264832,0.05806436948478222,-0.007980043068528175,0.15333888429709122
327.7993869781494,0.05976519733667374,-0.5937280654907227,0.0968732014298439,0.02265719324350357,0.1571557429595801
327.89901423454285,0.01062869094312191,-0.6583285331726074,0.051774224266409874,-0.030516842380166054,0.15900558884460914
328.0006220340729,0.06721204419141116,-0.8783285331726074,0.12210757751469913,0.012316510868123201,0.15696124269905623
328.0992546081543,0.01397378018479821,-0.6583285331726074,0.055119313508086173,-0.027171753138489754,0.15299944142294758
328.1994352340698,0.011114215733540152,-0.43832853317260745,0.03850974905682812,-0.016281317589747813,0.15363998535620343
328.2992467880249,0.014050560158563256,-0.6583285331726074,0.05519609348185122,-0.027094973164724707,0.15427004157360175
328.4006280899048,0.06010647118091583,-0.44014814496040344,0.08761573024094105,0.03259721212089062,0.15545492318613374
328.49972581863403,0.11314395070075989,-0.44473686814308167,0.1409400049597025,0.08534789644181728,0.15638641746417675
328.5992841720581,0.2310374304238706,-0.6647368681430816,0.2725834846828132,0.189491376164928,0.15692090418777735
328.6991956233978,0.38935548067092896,-0.530699610710144,0.42252420634031296,0.35618675500154495,0.15721612720842468
328.80071449279785,0.45580190420150757,-0.42770910263061523,0.482533723115921,0.4290700852870941,0.15904655267792864
328.9006848335266,0.2928902506828308,-0.42975664138793945,0.319750040769577,0.2660304605960846,0.16140197236899406
328.99927377700806,0.09305600821971893,-0.42296427488327026,0.11949127539992332,0.06662074103951454,0.1627292450850724
329.09928274154663,0.01718304978639354,-0.20296427488327023,0.02986831696659793,0.00449778260618915,0.1617729135753488
329.1993794441223,0.0,-0.25843071937561035,0.016151919960975647,-0.016151919960975647,0.1601043115610128
329.29915499687195,0.0,-0.03843071937561032,0.002401919960975645,-0.002401919960975645,0.15833345444296415
329.40139508247375,0.05210404099386966,-0.25843071937561035,0.0682559609548453,0.03595212103289401,0.15693247132838217
329.49962735176086,0.2521040409938697,-0.25161263515111215,0.2678298306908142,0.23637825129692516,0.15614256065176862
329.6011235713959,0.41140902042388916,-0.2588770389556885,0.4275888353586197,0.39522920548915863,0.15600374893004712
329.6991136074066,0.3900698612345441,-0.03887703895568845,0.39249967616927467,0.3876400462998136,0.1556447503838041
329.7993040084839,0.18191750902403656,0.18112296104431158,0.1705973239587671,0.19323769408930602,0.15424192213105883
329.8991324901581,0.10653855272019443,-0.03887703895568845,0.10896836765492496,0.1041087377854639,0.1512015763520528
329.99905729293823,0.07578107350005606,-0.2588770389556885,0.09196088843478659,0.05960125856532553,0.14452239376440387
330.10004687309265,0.2757810735000561,-0.3062824040322221,0.29492372375207,0.2566384232480422,0.1406619490252917
330.1876747608185,0.0,0.0,0.0,0.0,0.1384190314470548
330.1993887424469,0.38874677870666496,-0.0862824040322221,0.3941394289586788,0.3833541284546511,0.13771870920530832
330.30090618133545,0.13874677870666496,-0.0307948676986234,0.14067145793782893,0.136822099475501,0.13524750742179514
330.40107703208923,0.0,0.0,0.0,0.0,0.13288394018983513
330.50760078430176,0.0,0.0,0.0,0.0,0.13040505151475992
330.5995178222656,0.0,0.0,0.0,0.0,0.12619983087940717
330.6993546485901,0.0,0.0,0.0,0.0,0.11781275140947996
330.80151176452637,0.0,0.0,0.0,0.0,0.1173599891239712
330.89965629577637,0.0,0.0,0.0,0.0,0.11731228770997755
331.0012996196747,0.0,0.0,0.0,0.0,0.11734690490577232
331.1024124622345,0.0,0.0,0.0,0.0,0.11734250534629836
331.2012572288513,0.0,0.0,0.0,0.0,0.11743127332102571
653.8161685466766,0.48315300000000017,3.119722858696951,0.2881703213314407,0.6781356786685596,1.7206053178073777
654.9781949520111,0.0,0.0,0.0,0.0,1.3933793342315786
655.3078951835632,0.48315300000000017,0.0,0.48315300000000017,0.48315300000000017,1.277049209655758
656.0472943782806,0.0,0.0,0.0,0.0,1.101725632884475
656.5983927249908,0.48315300000000017,-3.119722858696951,0.6781356786685596,0.2881703213314407,0.9970243295886329
658.4351832866669,0.48315300000000017,3.119722858696951,0.2881703213314407,0.6781356786685596,0.5281872600504223
659.0678248405457,0.48315300000000017,-3.119722858696951,0.6781356786685596,0.2881703213314407,0.6885680182913301
660.4693877696991,0.48315300000000017,0.0,0.48315300000000017,0.48315300000000017,0.9829805685201638
661.4832773208618,0.48315300000000017,-3.119722858696951,0.6781356786685596,0.2881703213314407,1.362078437762496
663.5405209064484,0.0,0.0,0.0,0.0,1.6428681671313254
669.2311782836914,0.029989464017175862,-0.22000000000000003,0.043739464017175864,0.01623946401717586,0.01575183770762765
669.3317658901215,0.06068043091328219,-0.44000000000000006,0.0881804309132822,0.03318043091328219,0.015847026923201314
669.431182384491,0.10646151223037895,-0.6600000000000001,0.14771151223037896,0.06521151223037894,0.015601140561247059
669.5314087867737,0.14615958736403917,-0.8800000000000001,0.20115958736403916,0.09115958736403916,0.01549565700126574
669.6313378810883,0.18114548921585083,-0.8316470980644226,0.23312343284487724,0.12916754558682442,0.014656783369995695
669.732574224472,0.2685123085975647,-0.7474561929702759,0.31522832065820694,0.22179629653692245,0.012836839823047943
669.8378410339355,0.3141906908245609,-0.9674561929702759,0.37465670288520314,0.2537246787639187,0.010175120901410142
669.932498216629,0.3235042989253998,-0.7635338306427002,0.37122516334056854,0.275783434510231,0.0066530444093274976
670.0322918891907,0.23586390912532806,-0.7476280331611633,0.28259066119790077,0.18913715705275536,0.0033009575486231614
670.1317284107208,0.22265569865703583,-0.8544055819511414,0.27605604752898216,0.1692553497850895,0.0006349950802256863
670.2325990200043,0.16873320937156677,-0.8700402975082397,0.22311072796583176,0.11435569077730179,0.004029961528548267
670.3314461708069,0.15288744866847992,-0.7672663331031799,0.20084159448742867,0.10493330284953117,0.0091856810116158
670.4317171573639,0.17267122864723206,-0.8022786378860474,0.22281364351511002,0.1225288137793541,0.016737872528038447
670.5311884880066,0.1958087533712387,-0.6420481204986572,0.23593676090240479,0.15568074584007263,0.022653596868483405
670.6315817832947,0.21015144884586334,-0.5376769304275513,0.2437562569975853,0.1765466406941414,0.02499113636453097
670.7319152355194,0.2831180989742279,-0.45402801036834717,0.3114948496222496,0.2547413483262062,0.026141501454895834
670.8332993984222,0.17824184894561768,-0.4147080183029175,0.20416110008955002,0.15232259780168533,0.029552494164514387
670.9332387447357,0.3026267886161804,-0.2758096754550934,0.31986489333212376,0.2853886839002371,0.03279405805872139
671.0328476428986,0.18026825785636902,-0.08544667065143585,0.18560867477208376,0.17492784094065428,0.03607097058773895
671.1314778327942,0.13350211083889008,-0.26730266213417053,0.15020852722227573,0.11679569445550442,0.035940901579019045
671.23233294487,0.19675889611244202,-0.10317412763834,0.20320727908983827,0.19031051313504577,0.03382752597501014
671.3316164016724,0.2718723714351654,-0.21081633865833282,0.2850483926013112,0.2586963502690196,0.03560890348842635
671.4325108528137,0.1701730191707611,-0.3022458851337433,0.18906338699162006,0.15128265134990215,0.0368964931254753
671.5316643714905,0.20712534332410798,-0.08224588513374326,0.21226571114496692,0.20198497550324904,0.03846359468305112
671.6330771446228,0.2679300606250763,-0.0695207417011261,0.2722751069813967,0.2635850142687559,0.040588546554149674
671.7320113182068,0.34644415974617004,-0.14069195091724396,0.3552374066784978,0.3376509128138423,0.04087206586781052
671.8324272632599,0.22356559336185455,-0.13416820764541626,0.23195110633969307,0.21518008038401604,0.04086853558180704
671.9316165447235,0.23702789843082428,-0.001635866705328226,0.2371301400999073,0.23692565676174127,0.04058326910426591
672.0328683853149,0.28644731640815735,-0.0914713442325592,0.2921642754226923,0.2807303573936224,0.04309900671638456
672.1327955722809,0.2853849530220032,0.11390260607004166,0.27826604014262557,0.2925038659013808,0.05105290469815123
672.2315378189087,0.33811531208420403,-0.10609739392995837,0.3447463992048264,0.33148422496358165,0.04926419801225042
672.3344213962555,0.2095578908920288,-0.26275452971458435,0.22598004899919033,0.1931357327848673,0.047630782518349554
672.4343502521515,0.22742165309001247,-0.04275452971458432,0.23009381119717398,0.22474949498285096,0.04527993055452535
672.5340275764465,0.2688931526449779,0.1772454702854157,0.25781531075213937,0.2799709945378164,0.04391310024864237
672.6339766979218,0.15211239457130432,0.05757858604192734,0.14851373294368386,0.15571105619892478,0.04484829766961381
672.7314236164093,0.14102408033780442,0.27757858604192737,0.12367541871018396,0.1583727419654249,0.042073212694080236
672.8327264785767,0.2139371633529663,0.3533022105693817,0.19185577519237995,0.23601855151355267,0.03945144052777711
672.9509847164154,0.2859650254249573,0.3509886860847473,0.26402823254466057,0.307901818305254,0.036808930976001394
673.0342381000519,0.32982826232910156,0.21084167063236237,0.3166506579145789,0.3430058667436242,0.03413946633732371
673.1413645744324,0.3211108446121216,0.25694626569747925,0.30505170300602913,0.33716998621821404,0.03231861898183199
673.2312445640564,0.34589338302612305,0.11700572073459625,0.3385805254802108,0.3532062405720353,0.029634494023750735
673.3332889080048,0.3343146265339669,0.3370057207345962,0.3132517689880546,0.3553774840798791,0.02703126606991631
673.4320228099823,0.3657902479171753,0.27110201120376587,0.3488463722169399,0.38273412361741066,0.02355861884935854
673.5315020084381,0.3423226475715637,0.11590348184108734,0.33507867995649576,0.3495666151866317,0.01928973186802081
673.6320285797119,0.3556824326515198,-0.01779552549123764,0.35679465299472213,0.3545702123083174,0.016022581677297854
673.7317860126495,0.26826189452665317,0.2022044745087624,0.25562411486985553,0.2808996741834508,0.036712487382291284
673.8329949378967,0.2614955353187016,0.4222044745087624,0.23510775566190398,0.2878833149754993,0.04472602298438251
673.9380428791046,0.2714553023694928,0.6422044745087625,0.23131752271269512,0.31159308202629044,0.051111634795458584
674.031923532486,0.23907475677043497,0.8622044745087625,0.1851869771136373,0.29296253642723263,0.04948824725811763
674.1422400474548,0.23375017891304053,1.0822044745087624,0.16611239925624288,0.3013879585698382,0.05473963618443964
674.2433292865753,0.21080968389989224,1.3022044745087624,0.12942190424309458,0.2921974635566899,0.05961308697065368
674.3348042964935,0.17540277540683746,1.4533371925354004,0.08456920087337494,0.2662363499403,0.06617897194094619
674.4355638027191,0.17873840034008026,1.4792150259017944,0.08628746122121811,0.2711893394589424,0.07920658240769907
674.5317385196686,0.14842837454051777,1.2592150259017945,0.06972743542165562,0.22712931365937994,0.09092821195026003
674.6338486671448,0.19607017934322357,1.045224666595459,0.13074363768100739,0.26139672100543976,0.10131270339635007
674.734536409378,0.15737424790859222,1.152062177658081,0.08537036180496216,0.2293781340122223,0.1084413884419682
674.8318026065826,0.14572754502296448,1.0713856220245361,0.07876594364643097,0.21268914639949799,0.10711710186778049
674.9313054084778,0.14702922105789185,0.8894379734992981,0.09143934771418571,0.20261909440159798,0.11210839749397089
675.0350844860077,0.10140956193208694,0.6701902747154236,0.05952266976237297,0.14329645410180092,0.11666839283533877
675.1335756778717,0.22479695081710815,0.5292210578918457,0.1917206346988678,0.2578732669353485,0.11692882949724483
675.2358765602112,0.12766534090042114,0.4368424415588379,0.10036268830299377,0.1549679934978485,0.11981862921939095
675.3324522972107,0.21507376432418823,0.5351133346557617,0.18162918090820312,0.24851834774017334,0.1209808170884275
675.4319622516632,0.21097201108932495,0.47776368260383606,0.1811117809265852,0.2408322412520647,0.12268239210377706
675.5361294746399,0.19878256058491317,0.25776368260383603,0.18267233042217343,0.2148927907476529,0.12700694806005702
675.6313898563385,0.2232290804386139,0.44751864671707153,0.19525916501879692,0.25119899585843086,0.13138802498443977
675.7315821647644,0.16607128083705902,0.2873144745826721,0.148114126175642,0.18402843549847603,0.13466702475900935
675.8342409133911,0.24027884006500244,0.46245041489601135,0.21137568913400173,0.26918199099600315,0.13768743246910287
675.9313676357269,0.25286585092544556,0.3722637891769409,0.22959936410188675,0.27613233774900436,0.14682661268196195
676.033716917038,0.34580913186073303,0.4088250696659088,0.32025756500661373,0.37136069871485233,0.1500212794141442
676.1325438022614,0.25760015845298767,0.20356614887714386,0.24487727414816618,0.27032304275780916,0.1522538883967445
676.2314553260803,0.3290712237358093,0.40533334016799927,0.30373788997530937,0.3544045574963093,0.15519161375098034
676.3356902599335,0.2773027074444704,0.18533334016799924,0.2657193736839704,0.28888604120497036,0.1578127502676067
676.4317171573639,0.32097160164071153,0.40533334016799927,0.2956382678802116,0.3463049354012115,0.1603979516596347
676.5318229198456,0.3384766685532441,0.18533334016799927,0.32689333479274413,0.35006000231374407,0.16237490778735508
676.632096529007,0.3249656662051305,-0.03466665983200076,0.3271323324446306,0.32279899996563044,0.16486371775262276
676.7344973087311,0.3044583612182031,-0.25466665983200076,0.32037502745770313,0.288541694978703,0.16704883679794727
676.8314616680145,0.3011951790218035,-0.4746666598320008,0.3308618452613035,0.27152851278230344,0.16848787380420197
676.9319150447845,0.3342059850692749,-0.5675311088562012,0.3696766793727875,0.29873529076576233,0.1698208097963319
677.0363879203796,0.2794457989423025,-0.7875311088562011,0.32866649324581504,0.23022510463878992,0.17088608321515192
677.1323888301849,0.23152355885601453,-1.0075311088562011,0.2944942531595271,0.16855286455250196,0.16488590212248666
677.2316365242004,0.2326827210387581,-1.227531108856201,0.30940341534227067,0.1559620267352455,0.163337577772595
677.3325278759003,0.24528914510006872,-1.447531108856201,0.3357598394035813,0.15481845079655615,0.16111459635975897
677.4326944351196,0.2788452391221675,-1.667531108856201,0.38306593342568007,0.17462454481865497,0.15938235085330743
677.5315937995911,0.23226794600486755,-1.8239679336547852,0.3462659418582916,0.11826995015144348,0.15857169499013063
677.6316549777985,0.26898035407066345,-1.7065236568450928,0.37563808262348175,0.16232262551784515,0.15640910099605462
677.7313194274902,0.2516440492304086,-1.4865236568450928,0.34455177778322693,0.1587363206775903,0.14875896728498458
677.8349108695984,0.19160899982448312,-1.2665236568450928,0.2707667283773014,0.11245127127166482,0.1401346861995489
677.9322156906128,0.13267102638350484,-1.0465236568450929,0.19807875493632315,0.06726329783068653,0.13465585858734053
678.0341601371765,0.1320213056252503,-0.8265236568450929,0.1836790341780686,0.080363577072432,0.13043906012708315
678.1320028305054,0.09290476621372337,-0.6065236568450929,0.13081249476654166,0.054997037660905065,0.12210357288670481
678.2318511009216,0.12808798253536224,-0.4584839940071106,0.15674323216080666,0.09943273290991783,0.12153458743676501
678.3318343162537,0.18541212625365347,-0.23848399400711057,0.20031737587909787,0.17050687662820907,0.12534531352384792
678.4315359592438,0.23150692483395344,-0.018483994007110538,0.23266217445939785,0.23035167520850902,0.1287034656775581
678.5315706729889,0.16709357500076294,-0.16653631627559662,0.17750209476798773,0.15668505523353815,0.13526841026021288
678.6325125694275,0.2129703169678247,-0.38653631627559665,0.2371288367350495,0.1888117972005999,0.14144185004595428
678.7313826084137,0.011302229017019272,-0.4114249050617218,0.037016285583376884,-0.01441182754933834,0.14872747061266306
678.8318383693695,0.21130222901701928,-0.3461078169964496,0.23293396757929738,0.1896704904547412,0.15839056133606355
678.9345986843109,0.15699869394302368,-0.17310839891433716,0.16781796887516975,0.1461794190108776,0.16819723139829207
679.0350904464722,0.06773384660482407,-0.28311970829963684,0.08542882837355137,0.050038864836096764,0.1731699274888467
679.1317591667175,0.06757705372651923,-0.06311970829963681,0.07152203549524654,0.06363207195779193,0.17931164605992259
679.2325439453125,0.035992772227875496,-0.28311970829963684,0.0536877539966028,0.018297790459148193,0.18787853758769962
679.331672668457,0.04681010794453771,-0.06311970829963681,0.050755089713265006,0.04286512617581041,0.19474979685746055
679.4327461719513,0.0,-0.23540090024471283,0.014712556265294552,-0.014712556265294552,0.19940968456980207
679.5354523658752,0.0,-0.13625968992710114,0.008516230620443821,-0.008516230620443821,0.20283487289687513
679.6313147544861,0.0,-0.35625968992710116,0.022266230620443823,-0.022266230620443823,0.20565660350875514
679.7325866222382,0.1675245314836502,-0.15641877055168152,0.1773007046431303,0.1577483583241701,0.20678245747433555
679.8314366340637,0.16450262069702148,-0.259676069021225,0.18073237501084805,0.14827286638319492,0.20643582286579146
679.9315583705902,0.10564775690632791,-0.479676069021225,0.13562751122015448,0.07566800259250135,0.20891779709554725
680.0317344665527,0.13987766339039162,-0.259676069021225,0.15610741770421818,0.12364790907656506,0.21370436398387027
680.1317789554596,0.15157607197761536,-0.2233494222164154,0.16553541086614132,0.1376167330890894,0.2250531411577036
680.2321844100952,0.043541811406612396,-0.42489495873451233,0.07009774632751942,0.016985876485705376,0.23584803139814023
680.3353621959686,0.093288276384431,-0.2048949587345123,0.10609421130533803,0.08048234146352398,0.24811454107237155
680.4315869808197,0.05384005606174469,-0.009821241721510887,0.05445388366933912,0.05322622845415026,0.26035615863494294
680.5320734977722,0.033403554357226424,-0.22982124172151092,0.04776738196482086,0.019039726749631992,0.2695238504587736
680.6318831443787,0.04811173022390939,-0.009821241721510887,0.04872555783150382,0.04749790261631496,0.2769084088842374
680.7327167987823,0.02498020336153481,-0.22982124172151092,0.03934403096912924,0.010616375753940376,0.28971436847680715
680.8315734863281,0.017272552475333214,-0.30782243609428406,0.03651145473122597,-0.00196634978055954,0.29943827489571995
680.9342033863068,0.0,-0.20168177783489227,0.012605111114680767,-0.012605111114680767,0.30065229670600707
681.0316133499146,0.0,-0.4216817778348923,0.02635511111468077,-0.02635511111468077,0.30123430774210835
681.1329116821289,0.0715003222890178,-0.20168177783489227,0.08410543340369857,0.058895211174337034,0.3010329014556815
681.2316846847534,0.06361694633960724,-0.24562892317771912,0.07896875403821468,0.048265138640999794,0.3019018044886263
681.3324971199036,0.023905973881483078,-0.262256920337677,0.04029703140258789,0.007514916360378265,0.3033534241764762
681.4315910339355,0.02640526708910671,-0.04225692033767697,0.029046324610211522,0.0237642095680019,0.3064412802918681
681.5323052406311,0.029362063854932785,0.11673187464475632,0.022066321689635515,0.036657806020230055,0.31099686461330434
681.6330485343933,0.023889747059607346,0.33673187464475635,0.0028440048943100746,0.04493548922490462,0.31576213968756783
681.7349896430969,0.012396728028921748,0.11673187464475632,0.005100985863624478,0.01969247019421902,0.3189703629278517
681.8353118896484,0.01573926813279561,-0.10326812535524371,0.02219352596749834,0.009285010298092877,0.32235577369474705
681.9314804077148,0.014704350382089615,0.035186320543289185,0.01250520534813404,0.01690349541604519,0.32506295447927286
682.0316212177277,0.0,0.029997631907463074,-0.001874851994216442,0.001874851994216442,0.32675933015517966
682.135840177536,0.02988463267683983,0.045329444110393524,0.027051542419940233,0.032717722933739424,0.33019488513470113
682.2317585945129,0.03762387856841087,-0.04528621584177017,0.04045426705852151,0.03479349007830024,0.3315144511203511
682.3317165374756,0.1797417253255844,0.007566198706626892,0.17926883790642023,0.1802146127447486,0.33230233809575693
682.4316096305847,0.06861158460378647,-0.05238420143723488,0.07188559719361365,0.06533757201395929,0.3341080178917521
682.53178358078,0.043858662247657776,-0.2536294162273407,0.05971050076186657,0.028006823733448982,0.33789130886083435
682.6317329406738,0.0,-0.17960327863693237,0.011225204914808273,-0.011225204914808273,0.3454165232052677
682.7316303253174,0.06119529902935028,-0.12286143004894257,0.06887413840740919,0.05351645965129137,0.35532833534105135
682.8317446708679,0.05835080200355906,-0.3428614300489426,0.07977964138161797,0.036921962625500154,0.3625909236885508
682.9314351081848,0.03192616254091263,-0.2691761255264282,0.04874967038631439,0.015102654695510864,0.3646266894568214
683.0329105854034,0.0,-0.47198134660720825,0.029498834162950516,-0.029498834162950516,0.366678184505232
683.1317439079285,0.05685495547039961,-0.2519813466072082,0.07260378963335012,0.04110612130744909,0.3703014082380273
683.2317152023315,0.08858448266983032,-0.44406795501708984,0.11633872985839844,0.06083023548126221,0.3734284217905436
683.3316299915314,0.057205334305763245,-0.2588889002799988,0.07338589057326317,0.04102477803826332,0.3766264449152078
683.431872844696,0.1429895220168001,-0.03888890027999875,0.1454200782843,0.14055896574930019,0.3806587858847649
683.5318169593811,0.11475574624688778,0.18111109972000128,0.1034363025143877,0.12607518997938785,0.38333018425299253
683.6366195678711,0.08567197295672621,0.4011110997200013,0.060602529224226126,0.1107414166892263,0.3912132268198004
683.7355101108551,0.021323705092072487,0.3925570845603943,-0.003211112692952156,0.04585852287709713,0.3991917790267188
683.8319933414459,0.015444204835093569,0.17255708456039426,0.004659387050068927,0.02622902262011821,0.41179617659411527
683.9328398704529,0.05112811525454621,0.3925570845603943,0.02659329746952157,0.07566293303957086,0.42239703757641095
684.0361909866333,0.0381552055478096,0.5148568153381348,0.005976654589176178,0.07033375650644302,0.4298305171241901
684.1326518058777,0.02153591318340209,0.29485681533813474,0.003107362224768668,0.03996446414203551,0.43557940690815394
684.2316732406616,0.0,0.07485681533813471,-0.004678550958633419,0.004678550958633419,0.43992011722846686
684.3333258628845,0.0,-0.05484282225370407,0.0034276763908565044,-0.0034276763908565044,0.4404766912041041
684.4321897029877,0.0,-0.04279018193483353,0.0026743863709270954,-0.0026743863709270954,0.44189424998242327
684.5323531627655,0.010872981560046015,-0.26279018193483356,0.027297367930973114,-0.005551404810881082,0.4436319046008546
684.6328113079071,0.06480283936938175,-0.04279018193483353,0.06747722574030884,0.06212845299845465,0.4464261475540343
684.7327806949615,0.0,0.152286559343338,-0.009517909958958626,0.009517909958958626,0.44837740121092645
684.8344547748566,0.017486918717622757,0.36816924810409546,-0.005523659288883209,0.04049749672412872,0.45257495844328194
684.9430041313171,0.034827100064346736,0.5881692481040954,-0.0019334779421592285,0.0715876780708527,0.4571592891561677
685.0339939594269,0.04803715646266937,0.7557691335678101,0.0008015856146812439,0.0952727273106575,0.462897776732367
685.1325371265411,0.03630751371383667,0.7579137086868286,-0.011062093079090118,0.08367712050676346,0.4629959557897847
685.2338981628418,0.028368279035901414,0.5379137086868286,-0.0052513277570253765,0.06198788582882821,0.4641327035166263
685.3329782485962,0.04152022700541523,0.3179137086868286,0.021650620212488442,0.06138983379834202,0.46546273904047647
685.4365329742432,0.0359055123976969,0.09791370868682858,0.02978590560477011,0.04202511919062368,0.46779983775429473
685.538831949234,0.10633715603254165,-0.12208629131317145,0.11396754923961487,0.09870676282546843,0.4706470913554408
685.6372299194336,0.03966460450814309,0.09791370868682855,0.0335449977152163,0.045784211301069876,0.47377169175431055
685.7325761318207,0.057508841156959534,-0.06838197261095047,0.06178271444514394,0.05323496786877513,0.4789621417818016
685.8336431980133,0.025557473301887512,-0.17925702035427094,0.036761037074029446,0.014353909529745579,0.48372505825983264
685.9319443702698,0.08737523712321169,0.040742979645729094,0.08482880089535362,0.08992167335106975,0.49184628765869487
686.031699180603,0.0,0.03366868570446968,-0.002104292856529355,0.002104292856529355,0.4968147740278588
686.1345353126526,0.01431665592515905,0.2536686857044697,-0.0015376369313703075,0.030170948781688404,0.49795037237127493
686.2330620288849,0.0,0.3449057638645172,-0.021556610241532326,0.021556610241532326,0.5003048509411098
686.3317534923553,0.0,0.12490576386451718,-0.007806610241532324,0.007806610241532324,0.5053560207495408
686.4323244094849,0.08121242374181747,0.27010953426361084,0.0643305778503418,0.09809426963329315,0.5079394912180898
686.536411523819,0.032522711802146415,0.05010953426361081,0.02939086591067074,0.035654557693622094,0.5075627818149915
686.6325876712799,0.042880833512652775,-0.16989046573638922,0.0534989876211771,0.03226267940412845,0.5088758769583028
686.7377519607544,0.025780846174005192,-0.38989046573638925,0.05014900028252952,0.001412692065480864,0.5121351416634192
686.8322291374207,0.0873679518699646,-0.2445635050535202,0.10265317093580961,0.07208273280411959,0.5183047734712262
686.9320225715637,0.074915343703228,-0.024563505053520174,0.07645056276907301,0.07338012463738298,0.5247031016008618
687.035101890564,0.05786211259573239,0.19543649494647986,0.045647331661577396,0.07007689352988739,0.5293593095929403
687.1327698230743,0.03996925312439121,0.4154364949464799,0.014004472190236216,0.0659340340585462,0.5344130580021972
687.2330574989319,0.0,0.49417153000831604,-0.030885720625519753,0.030885720625519753,0.5407802382963403
687.3322932720184,0.018245648467536842,0.274171530008316,0.0011099278420170916,0.03538136909305659,0.5462019309924193
687.431875705719,0.0,0.05417153000831598,-0.003385720625519749,0.003385720625519749,0.5516585289451778
687.5318446159363,0.0,0.07709880918264389,-0.004818675573915243,0.004818675573915243,0.555508723496864
687.6322350502014,0.0,0.1691693365573883,-0.010573083534836769,0.010573083534836769,0.5558835944282963
687.7321045398712,0.0,-0.05083066344261172,0.0031769164651632327,-0.0031769164651632327,0.5557711781383717
687.8318264484406,0.0,-0.27083066344261175,0.016926916465163235,-0.016926916465163235,0.5554204608635338
687.9364945888519,0.0,-0.4908306634426118,0.030676916465163236,-0.030676916465163236,0.5561292019865176
688.0337219238281,0.0,-0.6781222224235535,0.04238263890147209,-0.04238263890147209,0.5555043984191215
688.1321182250977,0.0,-0.4623365104198456,0.02889603190124035,-0.02889603190124035,0.5559651619864614
688.2319231033325,0.024486884474754333,-0.5660690069198608,0.059866197407245636,-0.010892428457736969,0.555857493191115
688.332269191742,0.011200658913413238,-0.3460690069198608,0.03282997184590454,-0.010428654019078063,0.5558059810728323
688.4352595806122,0.0,-0.12606900691986078,0.007879312932491299,-0.007879312932491299,0.5561581980305772
688.5323314666748,0.0,-0.27625077962875366,0.017265673726797104,-0.017265673726797104,0.5571811415534993
688.6325597763062,0.12232504785060883,-0.47075754404067993,0.15174739435315132,0.09290270134806633,0.5583166846406853
688.7327735424042,0.26579153537750244,-0.6721792221069336,0.3078027367591858,0.2237803339958191,0.5575387694889623
688.8327631950378,0.34403228759765625,-0.8642644882202148,0.3980488181114197,0.2900157570838928,0.5593671819725763
688.9319257736206,0.3617652860158441,-1.0842644882202148,0.42953181652960754,0.2939987555020807,0.5646793647057116
689.0337829589844,0.4567357897758484,-0.8862861394882202,0.5121286734938622,0.4013429060578346,0.5785504448618836
689.133641242981,0.3433617119540862,-0.6662861394882202,0.3850045956721,0.30171882823607243,0.6001249188505589
689.2319467067719,0.19611813646435264,-0.4462861394882202,0.2240110201823664,0.16822525274633887,0.01976526393574336
689.3320174217224,0.29242012777965587,-0.6662861394882202,0.33406301149766965,0.2507772440616421,0.028052862831888032
689.4324657917023,0.35419803857803345,-0.7128664255142212,0.39875219017267227,0.3096438869833946,0.03430523671207052
689.5323352813721,0.32985672727760146,-0.9328664255142212,0.38816087887224027,0.27155257568296265,0.03961217557501659
689.6323297023773,0.3049757847280307,-1.1528664255142211,0.37702993632266957,0.2329216331333919,0.05072960948874615
689.731879234314,0.295746097933189,-1.3728664255142211,0.38155024952782784,0.20994194633855018,0.06632648619632207
689.8319444656372,0.29308959268595824,-1.592866425514221,0.39264374428059706,0.19353544109131943,0.07806449178079888
689.9326608181,0.3031728098000638,-1.812866425514221,0.4164769613947026,0.18986865820542498,0.09218476538700136
690.0320761203766,0.33733586537219024,-2.032866425514221,0.464390016966829,0.21028171377755142,0.106008269519644
690.1319832801819,0.32618053402920916,-2.2528664255142212,0.466984685623848,0.18537638243457033,0.11868183594663281
690.2319378852844,0.28499933504342734,-2.032866425514221,0.4120534866380662,0.15794518344878852,0.11292048135591645
690.333146572113,0.3222807024275123,-1.812866425514221,0.4355848540221511,0.20897655083287348,0.12058639215873879
690.4326949119568,0.15179526805877686,-1.6592239141464233,0.2554967626929283,0.0480937734246254,0.13678661048250024
690.5320067405701,0.09048860507672571,-1.8792239141464233,0.20794009971087718,-0.026962889557425748,0.14717425494144465
690.6321129798889,0.050393355107809276,-2.0992239141464233,0.18159484974196072,-0.08080813952634218,0.15434917654921124
690.7317173480988,0.09090244770050049,-2.2271993160247803,0.23010240495204926,-0.04829750955104828,0.1627984834756861
690.8321559429169,0.2575458884239197,-2.279982805252075,0.4000448137521744,0.11504696309566498,0.16675333240312457
690.9345290660858,0.3142358362674713,-2.398717164993286,0.4641556590795517,0.16431601345539093,0.15142710948135915
691.032966375351,0.3420100808143616,-2.483994722366333,0.4972597509622574,0.18676041066646576,0.14134151276645707
691.1377754211426,0.263285229016622,-2.263994722366333,0.40478489916451776,0.12178555886872619,0.1352107649374026
691.2319531440735,0.32663930985883005,-2.0439947223663326,0.45438898000672584,0.19888963971093426,0.13240834841919352
691.3318343162537,0.2887536818574794,-1.8239947223663326,0.4027533520053752,0.1747540117095836,0.1336950081524304
691.4328467845917,0.2960286633273797,-1.6039947223663327,0.3962783334752755,0.1957789931794839,0.13484083264413171
691.5318248271942,0.24636383845704413,-1.3839947223663327,0.3328635086049399,0.15986416830914835,0.13171982193296708
691.634462594986,0.13964234142397225,-1.1639947223663327,0.21239201157186804,0.06689267127607645,0.12322876151924031
691.7320539951324,0.20553467645796988,-1.3839947223663327,0.2920343466058657,0.11903500631007409,0.11764067295324133
691.8319413661957,0.40283656120300293,-1.3616118431091309,0.4879373013973236,0.31773582100868225,0.10801930028273764
691.9326195716858,0.4151086543508394,-1.1416118431091309,0.4864593945451601,0.3437579141565187,0.08983028694814991
692.0321550369263,0.24603411555290222,-1.2182773351669312,0.3221764490008354,0.16989178210496902,0.07468868115561002
692.1321995258331,0.09508679062128067,-1.112980842590332,0.16464809328317642,0.025525487959384918,0.06361590533229357
692.2325189113617,0.0,-1.1446430683135986,0.07154019176959991,-0.07154019176959991,0.05430409345519073
692.3328056335449,0.0,-0.9246430683135987,0.057790191769599916,-0.057790191769599916,0.0514035144602922
692.4328591823578,0.05643139034509659,-1.0371315479278564,0.12125211209058762,-0.00838933140039444,0.04845053069810855
692.5327460765839,0.2564313903450966,-1.0413308234976415,0.32151456681369917,0.191348213876494,0.0414475702274476
692.6354594230652,0.3972577452659607,-1.2315356731414795,0.47422872483730316,0.3202867656946182,0.03716588994146488
692.7321648597717,0.5,-1.407301425933838,0.5879563391208649,0.41204366087913513,0.035244788106670984
692.8321073055267,0.4649229347705841,-1.5195566415786743,0.5598952248692513,0.36995064467191696,0.02979471659035514
692.9325745105743,0.5,-1.5164837837219238,0.5947802364826202,0.40521976351737976,0.020240977792657516
693.0351505279541,0.27519145607948303,-1.5739399194717407,0.3735627010464668,0.17682021111249924,0.01534450390884192
693.1360275745392,0.3939366638660431,-1.3661231994628906,0.47931936383247375,0.3085539638996124,0.009663490968932284
693.2330365180969,0.2858666777610779,-1.2944419384002686,0.36676929891109467,0.2049640566110611,0.0021812607766379206
693.3332922458649,0.41241565346717834,-1.1122123003005981,0.48192892223596573,0.34290238469839096,0.006375565526793375
693.4339244365692,0.2362053245306015,-0.9683627486228943,0.2967279963195324,0.1756826527416706,0.0011198318112145985
693.5318660736084,0.43370139598846436,-0.7825233340263367,0.4826091043651104,0.3847936876118183,0.0012811770722855305
693.6331443786621,0.27453020215034485,-0.6823744177818298,0.3171786032617092,0.23188180103898048,0.0008690739125735527
693.7320485115051,0.43152645230293274,-0.543153703212738,0.46547355875372887,0.3975793458521366,0.005044502927018341
693.8330731391907,0.20478682219982147,-0.40629976987838745,0.2301805578172207,0.17939308658242226,0.010330667191555246
693.9358730316162,0.32420283555984497,-0.34110087156295776,0.34552164003252983,0.3028840310871601,0.013440712080037722
694.0339357852936,0.39492708444595337,-0.36327460408210754,0.4176317472010851,0.37222242169082165,0.017758754914183248
694.1319603919983,0.2181316316127777,-0.2809067964553833,0.23568830639123917,0.20057495683431625,0.022142843292726696
694.2320940494537,0.19373446702957153,-0.23666532337665558,0.2085260497406125,0.17894288431853056,0.023685846250552523
694.3330307006836,0.12954127554779704,-0.01666532337665555,0.130582858258838,0.12849969283675608,0.025278447865712445
694.4328889846802,0.26658573746681213,-0.18749216198921204,0.2783039975911379,0.2548674773424864,0.027329998291322457
694.532901763916,0.14948232471942902,-0.23644176125526428,0.16425993479788303,0.134704714640975,0.02793968697151035
694.6320006847382,0.22880923748016357,-0.22249560058116913,0.24271521251648664,0.2149032624438405,0.028280568326055064
694.7322633266449,0.1002618595957756,-0.273884117603302,0.11737961694598198,0.08314410224556923,0.027561839883209444
694.832843542099,0.18331286311149597,-0.15647940337657928,0.19309282582253218,0.17353290040045977,0.025207554123239224
694.936018705368,0.13270246982574463,-0.16075840592384338,0.14274987019598484,0.12265506945550442,0.024866394865187054
695.034383058548,0.30971693992614746,-0.05310767516493797,0.3130361696239561,0.30639771022833884,0.024280519246949888
695.1322855949402,0.16092561185359955,0.03374256193637848,0.1588167017325759,0.1630345219746232,0.023569394982880174
695.2321515083313,0.23873506486415863,-0.13542915880680084,0.24719938728958368,0.23027074243873358,0.02149049316997943
695.3329644203186,0.37010833621025085,-0.1959371566772461,0.38235440850257874,0.357862263917923,0.016833746610903953
695.4320797920227,0.3461565512495767,-0.4159371566772461,0.3721526235419046,0.32016047895724886,0.015884802914539264
695.5318534374237,0.35762067818928284,-0.6359371566772462,0.39736675048161074,0.31787460589695493,0.014430359220177038
695.6327450275421,0.25203388929367065,-0.7979798316955566,0.30190762877464294,0.20216014981269836,0.012788614028023256
695.7332065105438,0.15390650928020477,-0.6049939393997192,0.19171863049268723,0.11609438806772232,0.010390547591764714
695.8328256607056,0.29185256361961365,-0.7373273968696594,0.33793552592396736,0.24576960131525993,0.007911038810942867
695.932049036026,0.31220695429060114,-0.9573273968696594,0.37203991659495483,0.25237399198624744,0.005688480488853049
696.0322921276093,0.3268806390082096,-1.1773273968696594,0.4004636013125633,0.25329767670385583,0.005947370675406231
696.1321420669556,0.4049037862541457,-1.3973273968696593,0.4922367485584994,0.31757082394979197,0.0032678903991901704
696.235814332962,0.3416104316711426,-1.5879693031311035,0.44085851311683655,0.2423623502254486,0.005191950308468668
696.3319656848907,0.14397388696670532,-1.5059618949890137,0.23809650540351868,0.04985126852989197,0.006690602602768741
696.4325695037842,0.2889400124549866,-1.3975774049758911,0.37628860026597977,0.20159142464399338,0.006429564083577796
696.5320882797241,0.2547840178012848,-1.297682523727417,0.33588917553424835,0.17367886006832123,0.005322388190720766
696.6332623958588,0.33582931756973267,-1.43381667137146,0.4254428595304489,0.24621577560901642,0.004930330815527626
696.7327783107758,0.16293546557426453,-1.603236436843872,0.26313774287700653,0.06273318827152252,0.012860442162970678
696.8340537548065,0.2111048574743189,-1.383236436843872,0.2975571347770609,0.12465258017157689,0.019848892246974007
696.9328656196594,0.23183956701738143,-1.603236436843872,0.3320418443201234,0.13163728971463942,0.03063956957553363
697.0327639579773,0.23267619718234547,-1.823236436843872,0.3466284744850875,0.11872391987960347,0.03486305188850927
697.1330626010895,0.352950781583786,-1.9585740566253662,0.4753616601228714,0.23053990304470062,0.03599876936159355
697.23477435112,0.20671434700489044,-1.8063347339630127,0.31961026787757874,0.09381842613220215,0.037375985776180114
697.3351399898529,0.16833803057670593,-1.9662810564041138,0.29123059660196304,0.04544546455144882,0.04735234533138789
697.4325408935547,0.2377069592475891,-1.9108880758285522,0.3571374639868736,0.1182764545083046,0.054531461085833455
697.5369057655334,0.401333212852478,-1.9771274328231812,0.5249036774039268,0.2777627483010292,0.05942599212238331
697.6371500492096,0.2601471543312073,-2.0969932079315186,0.3912092298269272,0.12908507883548737,0.06425276556057287
697.732127904892,0.17000624144947743,-1.8769932079315186,0.2873183169451973,0.05269416595375752,0.055755107603168215
697.8325343132019,0.14386237581075018,-1.6569932079315186,0.2474244513064701,0.04030030031503026,0.056069430251547626
697.9325070381165,0.3438623758107502,-1.4878310706500617,0.43685181772637904,0.25087293389512133,0.05951038402938094
698.0373375415802,0.3107629418373108,-1.5513933897018433,0.407725028693676,0.2138008549809456,0.06326586996172136
698.1348037719727,0.25843316316604614,-1.6551029682159424,0.36187709867954254,0.15498922765254974,0.0667812252346878
698.23437333107,0.12444546818733215,-1.6521090269088745,0.2277022823691368,0.021188654005527496,0.06750175159980216
698.3321890830994,0.2852904498577118,-1.5134665966033936,0.3798821121454239,0.1906987875699997,0.06434641676766159
698.4323737621307,0.09592379629611969,-1.3222708702087402,0.17856572568416595,0.013281866908073425,0.0637399150228701
698.5323946475983,0.09195587038993835,-1.452932596206665,0.18276415765285492,0.0011475831270217896,0.048044170188101955
698.6321384906769,0.11235053837299347,-1.3524998426437378,0.19688177853822708,0.027819298207759857,0.03915000784177574
698.7324252128601,0.1370240677412134,-1.1324998426437378,0.20780530790644702,0.06624282757597978,0.03450855905962952
698.8324947357178,0.08996777074344525,-0.9124998426437378,0.14699901090867887,0.03293653057821164,0.03315458202398739
698.9332058429718,0.12357400283223037,-0.6924998426437379,0.166855242997464,0.08029276266699675,0.03424553466384737
699.0328278541565,0.24941293895244598,-0.6201766729354858,0.28817398101091385,0.21065189689397812,0.04133597234044497
699.1327531337738,0.2288548157510714,-0.8401766729354858,0.28136585780953927,0.1763437736926035,0.0413831650655569
699.2326922416687,0.16677820524251352,-1.0601766729354858,0.23303924730098138,0.10051716318404566,0.04313318254305036
699.3324105739594,0.045567747205495834,-0.8547729253768921,0.09899105504155159,-0.007855560630559921,0.041030852725904704
699.4325895309448,0.22270901115581926,-0.6347729253768921,0.26238231899187503,0.1830357033197635,0.037962577865948866
699.532026052475,0.19654500864412888,-0.8547729253768921,0.24996831648018464,0.14312170080807313,0.033826536496012576
699.6329712867737,0.37372657656669617,-0.9025288820266724,0.4301346316933632,0.31731852144002914,0.030958971021096272
699.7327182292938,0.26277129801262855,-0.6825288820266724,0.3054293531392956,0.2201132428859615,0.027004037526255874
699.8348026275635,0.08021804690361023,-0.6541208624839783,0.12110060080885887,0.03933549299836159,0.028008536456488115
699.939346075058,0.06959352894904434,-0.8741208624839782,0.12422608285429299,0.014960975043795705,0.03185499802508571
700.0360782146454,0.06816890835762024,-0.9265644550323486,0.12607918679714203,0.01025862991809845,0.034326639680602164
700.1321771144867,0.017898619174957275,-0.9609355330467224,0.07795708999037743,-0.042159851640462875,0.03526528634080915
700.2322754859924,0.01727229915559292,-0.8590706586837769,0.07096421532332897,-0.036419617012143135,0.034942643149369484
700.3321733474731,0.0,-0.6390706586837769,0.039941916167736055,-0.039941916167736055,0.03405707335895518
700.432323217392,0.03502581867373909,-0.41907065868377685,0.06121773484147515,0.00883390250600304,0.03359024862491706
700.5328984260559,0.02528579041391322,-0.19907065868377682,0.03772770658164927,0.012843874246177167,0.03315731718937526
700.6353442668915,0.0,0.0,0.0,0.0,0.032693106566339405
700.732225894928,0.1761188805103302,0.12032169848680496,0.1685987743549049,0.1836389866657555,0.024714280677358123
700.8323609828949,0.17361387676735818,-0.09967830151319504,0.17984377061193288,0.16738398292278348,0.02210944014316972
700.9329288005829,0.17177373777858282,-0.3196783015131951,0.1917536316231575,0.15179384393400813,0.022483486340236256
701.0327348709106,0.1629705823196311,-0.5396783015131952,0.1967004761642058,0.1292406884750564,0.019075777659815326
701.1320748329163,0.14280743337247445,-0.7596783015131952,0.19028732721704916,0.09532753952789975,0.009888425636691931
701.2323989868164,0.14191664573850524,-0.9796783015131951,0.20314653958307993,0.08068675189393054,0.0009969895835625516
701.3323245048523,0.11739276322534459,-1.199678301513195,0.1923726570699193,0.042412869380769894,0.01129424031556564
701.4330043792725,0.13868697793339163,-1.419678301513195,0.22741687177796632,0.04995708408881694,0.01950142093961237
701.5326800346375,0.10511861593336144,-1.639678301513195,0.20759850977793615,0.002638722088786752,0.020689109511256618
701.6349055767059,0.10465412240575978,-1.859678301513195,0.22088401625033446,-0.011575771438814914,0.025105565280502392
701.7329256534576,0.015188686549663544,-2.0672597885131836,0.14439242333173752,-0.11401505023241043,0.03187142349735793
701.8323936462402,0.09037510305643082,-1.9760463237762451,0.21387799829244614,-0.0331277921795845,0.03752353635194957
701.9325451850891,0.0141145596280694,-1.9688646793365479,0.13716860208660364,-0.10893948283046484,0.0415802732486837
702.0329394340515,0.0,-1.7488646793365479,0.10930404245853424,-0.10930404245853424,0.04528826651013768
702.1330034732819,0.010120834965794977,-1.528864679336548,0.10567487742432922,-0.08543320749273926,0.0449858928213187
702.2326037883759,0.0,-1.308864679336548,0.08180404245853425,-0.08180404245853425,0.044800642623339125
702.3322153091431,0.1967964999090885,-1.088864679336548,0.26485054236762273,0.12874245745055427,0.03510676393028757
702.4321796894073,0.31484976410865784,-1.2702264785766602,0.3942389190196991,0.23546060919761658,0.029706037461170932
702.5324599742889,0.19382187724113464,-1.3831236362457275,0.2802671045064926,0.10737664997577667,0.025507842809754443
702.6324553489685,0.2215254008769989,-1.5859344005584717,0.3206463009119034,0.12240450084209442,0.0232907400551681
702.7323567867279,0.1709386110305786,-1.5152136087417603,0.26563946157693863,0.0762377604842186,0.019743517202450916
702.8336048126221,0.18463066220283508,-1.3108209371566772,0.2665569707751274,0.10270435363054276,0.015792100595332825
702.9326748847961,0.21148817241191864,-1.164703607559204,0.2842821478843689,0.13869419693946838,0.015167390462678542
703.0360991954803,0.18242424086965384,-0.9447036075592041,0.24146821634210408,0.12338026539720358,0.013602924114059212
703.1323583126068,0.23786377906799316,-0.7710464000701904,0.28605417907238007,0.18967337906360626,0.009559282915604284
703.2349743843079,0.17129173874855042,-0.5859708189964294,0.20791491493582726,0.13466856256127357,0.005330919223726282
703.332218170166,0.3712917387485504,-0.5049106962007684,0.4028486572610985,0.3397348202360024,0.01847676882732275
703.4323451519012,0.38698673248291016,-0.5073133707046509,0.41869381815195084,0.3552796468138695,0.02580209616052301
703.5323042869568,0.4450477063655853,-0.415219247341156,0.4709989093244076,0.4190965034067631,0.004630797087053098
703.6324622631073,0.47715989021312316,-0.195219247341156,0.4893610931719454,0.4649586872543009,0.010322749652549361
703.7323818206787,0.49276299202496293,0.024780752658844024,0.49121419498378516,0.4943117890661407,0.03005612288578585
703.8322038650513,0.4947252942936901,0.24478075265884405,0.47942649725251235,0.5100240913348678,0.04525367149499173
703.9329454898834,0.49243215692707826,0.4647807526588441,0.4633833598859005,0.521480953968256,0.05375919033935721
704.0332748889923,0.45317830776515505,0.6847807526588441,0.41037951072397727,0.49597710480633284,0.024844627610464274
704.1331059932709,0.39407996714950444,0.9047807526588441,0.3375311701083267,0.4506287641906822,0.022468724682146907
704.2324795722961,0.3585499108546987,1.124780752658844,0.2882511138135209,0.4288487078958764,0.07151343869594808
704.3328850269318,0.29533092590370447,1.344780752658844,0.21128212886252673,0.3793797229448822,0.11797826807685509
704.4322607517242,0.2758723055099819,1.564780752658844,0.17807350846880413,0.37367110255115965,0.16231644700817782
704.5326781272888,0.28131805735458854,1.784780752658844,0.16976926031341077,0.3928668543957663,0.2027654376345308
704.6327719688416,0.27524907727611336,2.004780752658844,0.14995028023493562,0.4005478743172911,0.23873895460672662
704.7330963611603,0.32619705799815957,2.224780752658844,0.1871482609569818,0.46524585503933735,0.2699388025479391
704.8329031467438,0.14150187373161316,2.376168966293335,-0.007008686661720276,0.2900124341249466,0.2979830997080532
704.932938337326,0.13748905408366144,2.1561689662933348,0.0027284936903280155,0.27224961447699486,0.32197986712621357
705.0325469970703,0.08150858009704079,1.9361689662933348,-0.039501980296292635,0.20251914049037423,0.3434641599821468
705.1325058937073,0.03206494680137435,1.7161689662933348,-0.07519561359195907,0.13932550719470777,0.3644504131404016
705.2336187362671,0.02321742978157134,1.4961689662933348,-0.0702931306117621,0.11672799017490476,0.37652599620650495
705.3324000835419,0.040650389234666254,1.2761689662933349,-0.039110171158667176,0.12041094962799968,0.38018073382171175
705.4331209659576,0.02722427522640075,1.056168966293335,-0.03878628516693268,0.09323483561973418,0.37908210814558446
705.5324547290802,0.05854402390881912,0.8361689662933349,0.006283463515485685,0.11080458430215255,0.38629485559655574
705.6337924003601,0.12425127529238732,0.616168966293335,0.08574071489905388,0.16276183568572075,0.3952453958525032
705.7328200340271,0.22817879915237427,0.5082122683525085,0.19641553238034248,0.25994206592440605,0.40874526478849144
705.8328881263733,0.30653178691864014,0.5205574631690979,0.2739969454705715,0.33906662836670876,0.42279366049580364
705.9364078044891,0.37051713466644287,0.5528271198272705,0.33596543967723846,0.4050688296556473,0.439084163148423
706.03773021698,0.40637531876564026,0.5490217208862305,0.37206146121025085,0.44068917632102966,0.44837816474019154
706.1326284408569,0.42105746269226074,0.510284960269928,0.38916465267539024,0.45295027270913124,0.4646549592038431
706.2325699329376,0.42650169134140015,0.43948036432266235,0.39903416857123375,0.45396921411156654,0.47828818682674773
706.3323719501495,0.4200303852558136,0.3579534590244293,0.39765829406678677,0.44240247644484043,0.4916286935563157
706.4324676990509,0.1700303852558136,0.14490133732707713,0.16097405167287127,0.17908671883875593,0.5140848592147289
706.5373547077179,0.0,0.0,0.0,0.0,0.5378927078641347
706.6366100311279,0.0,0.0,0.0,0.0,0.5611390209159333
706.7337112426758,0.0,0.0,0.0,0.0,0.583032627094246
706.837637424469,0.0,0.0,0.0,0.0,0.5885662894964517
706.9372141361237,0.0,0.0,0.0,0.0,0.5760417757353586
707.0345644950867,0.0,0.0,0.0,0.0,0.5762214087636508
707.1374046802521,0.0,0.0,0.0,0.0,0.5769715920878257
707.2330148220062,0.0,0.0,0.0,0.0,0.5806908620287059
707.3339107036591,0.0,0.0,0.0,0.0,0.581083361478011
816.4030771255493,0.0,0.0,0.0,0.0,0.5772621920500975
822.83669257164,0.16086581349372864,0.172346293926239,0.1500941701233387,0.17163745686411858,0.042698528344092254
822.9367229938507,0.09085212647914886,0.22872667014598846,0.07655670959502459,0.10514754336327314,0.04268406739194938
823.0387985706329,0.042850229889154434,0.16030745208263397,0.03283101413398981,0.05286944564431906,0.04271185546055827
823.1365685462952,0.056714944541454315,0.23437315225601196,0.04206662252545357,0.07136326655745506,0.04289342859483362
823.237179517746,0.05597569793462753,0.029555238783359528,0.05412849551066756,0.0578229003585875,0.043045129443670234
823.3392903804779,0.0836658775806427,-0.027267267927527428,0.08537008182611316,0.08196167333517224,0.04320952269870952
823.4364085197449,0.1352631700831459,0.1927327320724726,0.12321737432861636,0.14730896583767544,0.0432379577824422
823.536062002182,0.17994235455989838,0.18215569853782654,0.16855762340128422,0.19132708571851254,0.04321217013679832
823.6400578022003,0.16977685689926147,0.19241710007190704,0.15775078814476728,0.18180292565375566,0.04320323026084024
823.7381324768066,0.18785527348518372,0.28076693415641785,0.1703073401004076,0.20540320686995983,0.043121633159471325
823.8364062309265,0.20999564230442047,0.2642454206943512,0.19348030351102352,0.22651098109781742,0.04289366442762528
823.9363956451416,0.2599680721759796,0.1502297818660736,0.25057871080935,0.2693574335426092,0.04259508383201425
824.0367810726166,0.29692962765693665,-0.03383846580982208,0.2990445317700505,0.29481472354382277,0.04202264931889294
824.1359632015228,0.2196071594953537,0.042045459151268005,0.21697931829839945,0.22223500069230795,0.04139580373529626
824.2373249530792,0.2598447799682617,-0.011976735666394234,0.26059332594741136,0.2590962339891121,0.0403258233897921
824.3385028839111,0.1832042932510376,0.10931218415498734,0.1763722817413509,0.1900363047607243,0.03893634594193084
824.4369497299194,0.1526220589876175,0.10018343478441238,0.14636059431359172,0.15888352366164327,0.037723294626716856
824.5363659858704,0.12145373225212097,0.14061975479125977,0.11266499757766724,0.1302424669265747,0.041634425201715786
824.63631772995,0.19794416427612305,-0.000751185230910778,0.19799111335305497,0.19789721519919112,0.04019245381543714
824.7371225357056,0.1596497744321823,0.06756031513214111,0.1554272547364235,0.16387229412794113,0.03936219777982128
824.8363435268402,0.21490740776062012,0.004898671060800552,0.21460124081932008,0.21521357470192015,0.038194690966244754
824.938746213913,0.16066618263721466,-0.024973440915346146,0.1622270226944238,0.15910534258000553,0.0373181177446351
825.0361886024475,0.1775820106267929,-0.06399749219417572,0.1815818538889289,0.17358216736465693,0.039875145580558456
825.14053606987,0.17614111304283142,-0.14160475134849548,0.1849914100021124,0.16729081608355045,0.03867265781076422
825.2365472316742,0.21733808517456055,-0.178867369890213,0.22851729579269886,0.20615887455642223,0.0372673397571246
825.3381090164185,0.24701163172721863,-0.20545394718647003,0.259852503426373,0.23417076002806425,0.035844171408110255
825.4374213218689,0.33406442403793335,-0.27998775243759155,0.3515636585652828,0.3165651895105839,0.03418476926985994
825.5361528396606,0.35788172483444214,-0.19203859567642212,0.3698841370642185,0.34587931260466576,0.032566139638539195
825.63600730896,0.3843803405761719,-0.22874726355075836,0.3986770445480943,0.3700836366042495,0.009147736154243833
825.7368094921112,0.31038010120391846,-0.3827076256275177,0.3342993278056383,0.2864608746021986,0.005407749925594633
825.83633852005,0.25128182768821716,-0.3482164144515991,0.2730453535914421,0.22951830178499222,0.0009417814355407298
825.9367384910583,0.2934337854385376,-0.41700902581214905,0.3194968495517969,0.2673707213252783,0.003317542480764993
826.0367324352264,0.2685070335865021,-0.42510688304901123,0.2950762137770653,0.24193785339593887,0.007927158249973377
826.1364071369171,0.05224551633000374,-0.4620242714881897,0.0811220332980156,0.023368999361991882,0.011781643639741615
826.2360486984253,0.03668708013840138,-0.24202427148818967,0.05181359710641323,0.021560563170389523,0.024255466680513996
826.3385198116302,0.12637975811958313,-0.27766406536102295,0.14373376220464706,0.1090257540345192,0.02812330041092553
826.4364719390869,0.2312973290681839,-0.37699875235557556,0.25485975109040737,0.20773490704596043,0.030280408729073116
826.5363914966583,0.2752854824066162,-0.48979663848876953,0.3058977723121643,0.24467319250106812,0.03142595622307779
826.6364171504974,0.20850279927253723,-0.3993469178676605,0.23346198163926601,0.18354361690580845,0.01709627711750762
826.7361791133881,0.1848490577012396,-0.1793469178676605,0.19605824006796838,0.17363987533451083,0.015643739006183315
826.8364334106445,0.23064006865024567,-0.1687123030424118,0.2411845875903964,0.22009554971009493,0.016599244627400266
826.9394862651825,0.287362790587005,0.051287696957588225,0.28415730952715573,0.2905682716468542,0.017532524997647295
827.0360679626465,0.2553625514098278,0.27128769695758825,0.23840707034997852,0.27231803246967706,0.0180286439851782
827.137237071991,0.15173707902431488,0.368089497089386,0.12873148545622826,0.1747426725924015,0.018377632438028778
827.2391612529755,0.08277492225170135,0.19947758316993713,0.07030757330358028,0.09524227119982243,0.01856751516222524
827.3392491340637,0.15546581149101257,0.19639572501182556,0.14319107867777348,0.16774054430425167,0.018027119600534273
827.4410176277161,0.17152869701385498,0.2828921675682068,0.15384793654084206,0.1892094574868679,0.017752293086097645
827.5370488166809,0.2003944346980245,0.06289216756820676,0.1964636742250116,0.20432519517103742,0.017669060504218546
827.6370737552643,0.2470656931400299,0.18754106760025024,0.23534437641501427,0.25878700986504555,0.017541863394661864
827.7405791282654,0.24815073609352112,0.2312663495540619,0.23369658924639225,0.26260488294065,0.01744496465512171
827.8363082408905,0.2606185017747794,0.4512663495540619,0.23241435492765053,0.28882264862190826,0.010401175838944364
827.9408376216888,0.23401346802711487,0.5916544198989868,0.1970350667834282,0.27099186927080154,0.008215063714054399
828.0366747379303,0.20073500275611877,0.6316553354263306,0.16125654429197311,0.24021346122026443,0.008026272925736705
828.1362001895905,0.152687668800354,0.654239296913147,0.11179771274328232,0.1935776248574257,0.007962426367834754
828.2360899448395,0.19869035482406616,0.8377290368080139,0.1463322900235653,0.25104841962456703,0.008113992019069455
828.336263179779,0.22288592159748077,0.8067924380302429,0.1724613942205906,0.27331044897437096,0.008456856333568127
828.4361324310303,0.24858495289709037,1.026792438030243,0.1844104255202002,0.31275948027398054,0.003714825202681387
828.5368740558624,0.2593259811401367,0.9874698519706726,0.19760911539196968,0.32104284688830376,0.00895028749613337
828.6364989280701,0.21894028782844543,0.8847256898880005,0.1636449322104454,0.27423564344644547,0.00883657842356411
828.7363502979279,0.17787179350852966,0.9620698094367981,0.11774243041872978,0.23800115659832954,0.008046337055292743
828.8414678573608,0.16033799946308136,0.780878484249115,0.11153309419751167,0.20914290472865105,0.006311003602706124
828.9403781890869,0.1537265942113484,1.000878484249115,0.09117168894577872,0.2162814994769181,0.002091700015654194
829.0372338294983,0.1540251498755328,1.220878484249115,0.07772024460996313,0.2303300551411025,0.008321551781587097
829.1377549171448,0.16009014999129376,1.440878484249115,0.07003524472572407,0.2501450552568634,0.012292676017833267
829.2363748550415,0.150229982446434,1.6608784842491149,0.04642507718086433,0.25403488771200367,0.016895980588398078
829.336483001709,0.20772619545459747,1.556602954864502,0.1104385107755661,0.30501388013362885,0.015923178863232728
829.4363694190979,0.21805768479464516,1.336602954864502,0.13452000011561377,0.30159536947367654,0.013985775805633439
829.5372610092163,0.252896785736084,1.39500093460083,0.1657092273235321,0.34008434414863586,0.014003689597767007
829.6361467838287,0.1676710546016693,1.2611308097839355,0.08885037899017334,0.24649173021316528,0.015155945225313407
829.7368261814117,0.186682790517807,1.4588489532470703,0.09550473093986511,0.2778608500957489,0.01754772919857013
829.8371839523315,0.1928211845371238,1.6788489532470703,0.0878931249591819,0.2977492441150657,0.024851245213794344
829.937183380127,0.21345794200897217,1.7828372716903687,0.10203061252832413,0.3248852714896202,0.03189839370118065
830.0372247695923,0.16690100729465485,1.6031546592712402,0.06670384109020233,0.26709817349910736,0.03738943624433103
830.1363928318024,0.174445241689682,1.6630617380142212,0.07050388306379318,0.27838660031557083,0.038407613693480315
830.2366042137146,0.10831120610237122,1.473389744758606,0.016224347054958344,0.2003980651497841,0.03987257741545058
830.3404047489166,0.0733063593506813,1.4255465269088745,-0.015790298581123352,0.16240301728248596,0.04112126813226462
830.437341928482,0.04049856215715408,1.3867017030715942,-0.04617029428482056,0.12716741859912872,0.04718294373953362
830.5368962287903,0.04562857122472417,1.1667017030715943,-0.027290285217250472,0.11854742766669882,0.053762219822412353
830.6369104385376,0.17926949262619019,1.2432128190994263,0.10156869143247604,0.2569702938199043,0.05658497056491708
830.7363245487213,0.3117818236351013,1.2167097330093384,0.23573746532201767,0.38782618194818497,0.058763850178992175
830.8366305828094,0.28989818692207336,1.369195818901062,0.204323448240757,0.37547292560338974,0.06441060300157468
830.936342716217,0.2652420401573181,1.4835575819015503,0.17251969128847122,0.357964389026165,0.07131980676524373
831.0363390445709,0.22904834483490438,1.2635575819015503,0.15007599596605747,0.3080206937037513,0.07945927770851789
831.1368658542633,0.06286028027534485,1.1892396211624146,-0.01146719604730606,0.13718775659799576,0.09344835038211548
831.236891746521,0.07876633620685261,0.9692396211624146,0.0181888598842017,0.1393438125295035,0.10472510304760223
831.336400270462,0.04398544132709503,0.8984178900718689,-0.012165676802396774,0.10013655945658684,0.10901011842165984
831.4369406700134,0.07607612013816833,0.8737775087356567,0.02146502584218979,0.13068721443414688,0.11172418362122286
831.5389935970306,0.1238812655210495,0.9728094339370728,0.06308067589998245,0.18468185514211655,0.1170641005937505
831.6366112232208,0.22664646804332733,1.0877113342285156,0.1586645096540451,0.29462842643260956,0.12981343614837348
831.736300945282,0.19729344289963396,1.3077113342285156,0.11556148451035174,0.2790254012889162,0.14535301070018405
831.8367900848389,0.17617949843406677,1.1648987531661987,0.10337332636117935,0.2489856705069542,0.1496839619122884
831.9368016719818,0.17403507232666016,0.9913585782051086,0.11207516118884087,0.23599498346447945,0.15619821658417343
832.03657746315,0.20715175569057465,1.0687153339385986,0.14035704731941223,0.27394646406173706,0.1568773419548629
832.1361200809479,0.06906607002019882,1.0457077026367188,0.0037093386054039,0.13442280143499374,0.1571917251783547
832.2365455627441,0.0956883579492569,0.9989436864852905,0.03325437754392624,0.15812233835458755,0.16818034519309402
832.3365075588226,0.07027757167816162,1.2051974534988403,-0.0050472691655159,0.14560241252183914,0.17813151620175272
832.4366230964661,0.17812606692314148,1.422728180885315,0.0892055556178093,0.26704657822847366,0.17971997872414608
832.5372800827026,0.09966875612735748,1.2210893630981445,0.02335067093372345,0.17598684132099152,0.18308206136598357
832.6369051933289,0.11120390146970749,1.2805322408676147,0.031170636415481567,0.1912371665239334,0.18783689099111295
832.7366502285004,0.10668701511677584,1.0605322408676148,0.04040375006254991,0.17297028017100174,0.1874597345208914
832.8369359970093,0.04528595879673958,1.0687097311019897,-0.02150839939713478,0.11208031699061394,0.17967394967942765
832.9461920261383,0.05424179881811142,0.9387404322624207,-0.004429478198289871,0.11291307583451271,0.006772411615583682
833.0365431308746,0.10442594372976394,0.7187404322624207,0.059504666713362644,0.14934722074616524,0.004361275065778754
833.1364452838898,0.13571021249168905,0.49874043226242065,0.10453893547528775,0.16688148950809034,0.0010032852449635631
833.2364060878754,0.1447971075343766,0.2787404322624206,0.12737583051797532,0.1622183845507779,0.008516664101338296
833.3369100093842,0.1376270206026618,0.058740432262420594,0.1339557435862605,0.1412982976190631,0.01180790071114019
833.4371299743652,0.14418370936027036,-0.16125956773757943,0.15426243234386908,0.13410498637667165,0.01806446030228139
833.5368583202362,0.159943914358079,-0.38125956773757946,0.18377263734167773,0.13611519137448028,0.026110980962916558
833.6362638473511,0.15426646532777816,-0.6012595677375795,0.19184518831137687,0.11668774234417945,0.03188576787827469
833.7361533641815,0.1337931626906058,-0.8212595677375796,0.1851218856742045,0.08246443970700706,0.03897175787459651
833.8364202976227,0.0972417840596112,-1.0412595677375795,0.16232050704320994,0.03216306107601248,0.04721978726488894
833.9363369941711,0.06181302152389368,-1.2612595677375795,0.1406417445074924,-0.01701570145970504,0.05485361262482162
834.0364627838135,0.03507046119749507,-1.4812595677375795,0.12764918418109378,-0.057508261786103645,0.0625200100135464
834.1373910903931,0.0,-1.5494563579559326,0.09684102237224579,-0.09684102237224579,0.06763763445340203
834.2366139888763,0.020240984857082367,-1.3729746341705322,0.10605189949274063,-0.0655699297785759,0.07070531653216143
834.3373024463654,0.05360775891992748,-1.1529746341705323,0.12566867355558575,-0.018453155715730786,0.07367444087733284
834.4365046024323,0.0492856465280056,-1.3315603733062744,0.13250816985964775,-0.03393687680363655,0.07625232686498255
834.5373458862305,0.08902616798877716,-1.1620732545852661,0.1616557464003563,0.01639658957719803,0.06983890651818608
834.6368832588196,0.07720962146974338,-0.9420732545852661,0.1360891998813225,0.01833004305816424,0.0364882436537094
834.7378492355347,0.10909537971019745,-1.0218442678451538,0.17296064645051956,0.045230112969875336,0.03870586670058292
834.8435237407684,0.10647296964514953,-0.8018442678451538,0.15658823638547165,0.05635770290482742,0.04349179488415891
834.9376621246338,0.20799319446086884,-0.5928298830986023,0.24504506215453148,0.1709413267672062,0.04519682679692379
835.0367810726166,0.16929684579372406,-0.48375630378723145,0.19953161478042603,0.1390620768070221,0.04697289156285381
835.1416862010956,0.2832601070404053,-0.415231317281723,0.30921206437051296,0.2573081497102976,0.05141891640557922
835.2371873855591,0.2308901697397232,-0.21172507107257843,0.24412298668175936,0.21765735279768705,0.051248764273470096
835.3374929428101,0.19694353941924694,0.008274928927421599,0.19642635636128308,0.1974607224772108,0.04839802495491301
835.4371738433838,0.20665126015022706,0.22827492892742163,0.1923840770922632,0.2209184432081909,0.04768060493649146
835.5398409366608,0.24510613083839417,0.34634801745414734,0.22345937974750996,0.2667528819292784,0.04441646122859847
835.6393728256226,0.1849720891329974,0.1263480174541473,0.1770753380421132,0.1928688402238816,0.0428164052832885
835.7398886680603,0.19967585354934253,-0.09365198254585272,0.20552910245845832,0.19382260464022674,0.03667585360114346
835.8373467922211,0.17605853080749512,-0.1337859332561493,0.18442015163600445,0.1676969099789858,0.03541734529278848
835.9372727870941,0.1635078638792038,0.0735464096069336,0.15891121327877045,0.16810451447963715,0.03399424941440793
836.037412405014,0.15210701525211334,0.0643840879201889,0.14808300975710154,0.15613102074712515,0.032309566681238
836.1395990848541,0.18592749716054124,-0.15561591207981113,0.19565349166552945,0.17620150265555304,0.030680216795726543
836.2367534637451,0.22363064320507137,-0.37561591207981115,0.24710663771005956,0.20015464870008318,0.0292649561788611
836.3366942405701,0.25584213414623996,-0.5956159120798112,0.29306812865122817,0.21861613964125176,0.027930130391798546
836.4366846084595,0.2684349998792924,-0.8156159120798112,0.3194109943842806,0.21745900537430424,0.031453720531402704
836.5369477272034,0.31272608041763306,-0.7539346218109131,0.3598469942808151,0.265605166554451,0.030226577624293073
836.6368298530579,0.15686269104480743,-0.9109047651290894,0.21379423886537552,0.09993114322423935,0.028615536338220653
836.7367594242096,0.2012275912993723,-1.1309047651290893,0.27190913911994036,0.13054604347880422,0.026396828681797272
836.8370833396912,0.02196241170167923,-1.3017579317092896,0.10332228243350983,-0.05939745903015137,0.023969602083695224
836.9369733333588,0.09854196693572995,-1.5217579317092895,0.19365183766756056,0.0034320962038993513,0.02126620306163805
837.0373151302338,0.16512788149363739,-1.7417579317092895,0.273987752225468,0.05626801076180679,0.018681832579992574
837.140834569931,0.2762916386127472,-1.729995608329773,0.384416364133358,0.16816691309213638,0.01625299172799758
837.2366445064545,0.16632552444934845,-1.587354302406311,0.2655351683497429,0.06711588054895401,0.014114726272672877
837.3368799686432,0.25942277908325195,-1.5262457132339478,0.3548131361603737,0.16403242200613022,0.010451370476135055
837.440033197403,0.1898388571585768,-1.3062457132339478,0.27147921423569854,0.10819850008145505,0.009060550802537598
837.5378887653351,0.24370896816253662,-1.132051706314087,0.31446219980716705,0.1729557365179062,0.006382585377082025
837.6375553607941,0.06280975788831711,-0.9831504821777344,0.1242566630244255,0.0013628527522087097,0.0025483846123990047
837.7376198768616,0.1030254065990448,-0.7850534915924072,0.15209124982357025,0.05395956337451935,0.008351516855193714
837.8449382781982,0.14080416899312748,-1.0050534915924072,0.2036200122176529,0.07798832576860203,0.004327336958120184
837.9388403892517,0.1796575826200461,-1.2250534915924072,0.2562234258445716,0.10309173939552066,0.008329358431553495
838.0373620986938,0.24881511936424158,-1.4450534915924071,0.339130962588767,0.15849927613971615,0.01316113631312983
838.1366856098175,0.3577195703983307,-1.5799148082733154,0.4564642459154129,0.2589748948812485,0.016415069832629837
838.2374985218048,0.38421356678009033,-1.555769681930542,0.4814491719007492,0.28697796165943146,0.01668912608584521
838.3364627361298,0.3387605547904968,-1.622288465499878,0.4401535838842392,0.23736752569675446,0.01721242986953797
838.436708688736,0.36032334063647153,-1.402288465499878,0.4479663697302139,0.27268031154272915,0.014825238081201708
838.5374512672424,0.12993156909942627,-1.3530439138412476,0.21449681371450424,0.0453663244843483,0.018559648814441162
838.6371018886566,0.23656205156042487,-1.5730439138412475,0.3348772961755028,0.1382468069453469,0.025565314138644088
838.7372236251831,0.2211558422965035,-1.7930439138412475,0.3332210869115815,0.10909059768142554,0.02841226582600041
838.8411438465118,0.13415223360061646,-1.8874404430389404,0.25211726129055023,0.016187205910682678,0.025872078918209182
838.9365983009338,0.1312088817358017,-1.7779608964920044,0.24233143776655197,0.020086325705051422,0.024633170705808897
839.0369303226471,0.10599832981824875,-1.7244054079055786,0.2137736678123474,-0.0017770081758499146,0.02315392711524051
839.1379251480103,0.15327184968464674,-1.9444054079055786,0.2747971876787454,0.03174651169054808,0.02477684804836949
839.236825466156,0.23819485306739807,-1.9791767597198486,0.3618934005498886,0.11449630558490753,0.03570058688378573
839.3370416164398,0.1639508306980133,-2.1873974800109863,0.30066317319869995,0.02723848819732666,0.036981585500825365
839.437497138977,0.121248617597054,-1.9673974800109864,0.24421096009774065,-0.0017137249036326407,0.03291556479731296
839.5367534160614,0.15515856567559005,-1.7473974800109864,0.26437090817627673,0.045946223174903406,0.031669197782447873
839.6364810466766,0.15595266629221888,-1.5273974800109864,0.2514150087929055,0.06049032379153223,0.03383370430297272
839.7456912994385,0.32350999116897583,-1.662513256072998,0.4274170696735382,0.21960291266441345,0.04209679069533275
839.8365762233734,0.3563873526425438,-1.882513256072998,0.47404443114710615,0.23873027413798142,0.05222821863981941
839.9369232654572,0.29154619574546814,-1.9230931997299194,0.4117395207285881,0.17135287076234818,0.05800967248076619
840.0370457172394,0.2540208101272583,-1.8222702741622925,0.3679127022624016,0.14012891799211502,0.06807371258335505
840.1366558074951,0.20635691285133362,-1.8004056215286255,0.3188822641968727,0.09383156150579453,0.07261508653126127
840.2364492416382,0.1219647079706192,-1.697302222251892,0.22804609686136246,0.015883319079875946,0.06815448269668829
840.336936712265,0.12784218788146973,-1.7369266748428345,0.23640010505914688,0.019284270703792572,0.06664677551308572
840.4371275901794,0.21355803310871124,-1.8725486993789673,0.3305923268198967,0.09652373939752579,0.06807724294279847
840.5367186069489,0.12443684041500092,-1.7276004552841187,0.23241186887025833,0.0164618119597435,0.07162907449636607
840.6374995708466,0.1434934139251709,-1.756074070930481,0.25324804335832596,0.03373878449201584,0.07132209058169978
840.7397015094757,0.15635192394256592,-1.7167844772338867,0.26365095376968384,0.049052894115448,0.06610720712366887
840.8394858837128,0.17033593356609344,-1.8223391771316528,0.28423213213682175,0.05643973499536514,0.0634341425083887
840.9366116523743,0.11219120665425816,-1.6023391771316529,0.21233740522498645,0.01204500808352986,0.06470990947457475
841.0375292301178,0.03121967613697052,-1.590558409690857,0.13062957674264908,-0.06819022446870804,0.0664840088638383
841.1369502544403,0.0893223074488315,-1.810558409690857,0.20248220805451006,-0.023837593156847053,0.07122438231718577
841.2368173599243,0.2522575557231903,-1.7140166759490967,0.35938359797000885,0.14513151347637177,0.07631287966114607
841.3367969989777,0.3128730058670044,-1.534761905670166,0.40879562497138977,0.21695038676261902,0.084973087738863
841.4364204406738,0.3349720953538011,-1.314761905670166,0.4171447144581865,0.25279947624941573,0.0907371604967987
841.5367474555969,0.32047982271200887,-1.094761905670166,0.3889024418163942,0.2520572036076235,0.09208223768321909
841.6366877555847,0.34944653511047363,-0.9493093490600586,0.4087783694267273,0.29011470079421997,0.09723656652418719
841.7375292778015,0.26288676261901855,-1.0653154850006104,0.3294689804315567,0.1963045448064804,0.102212755928029
841.8368425369263,0.2679335545516741,-1.2853154850006103,0.34826577236421224,0.18760133673913598,0.10279169408190622
841.9365379810333,0.24738567053162316,-1.5053154850006103,0.3414678883441613,0.15330345271908502,0.10787980541633554
842.036801815033,0.28899691634086583,-1.7253154850006103,0.396829134153404,0.18116469852832767,0.11313115235506646
842.1370816230774,0.2754531188446085,-1.9453154850006102,0.39703533665714663,0.15387090103207035,0.10447770329600804
842.2367777824402,0.3098691701889038,-2.138810634613037,0.44354483485221863,0.176193505525589,0.0913919653730813
842.3368301391602,0.2730405628681183,-2.1350748538970947,0.4064827412366867,0.13959838449954987,0.08637471296141012
842.4371044635773,0.26458805799484253,-2.2507119178771973,0.40525755286216736,0.1239185631275177,0.08332509554767416
842.5376999378204,0.25511378328238843,-2.4707119178771975,0.4095332781497133,0.10069428841506359,0.08492059919894822
842.6382372379303,0.30518386156282284,-2.2507119178771973,0.4458533564301477,0.16451436669549802,0.07715483118858958
842.7370648384094,0.2961210260067978,-2.030711917877197,0.4230405208741226,0.16920153113947298,0.07650899225660701
842.8371171951294,0.24985072461112715,-1.810711917877197,0.363020219478452,0.1366812297438023,0.07816009059195839
842.9378671646118,0.17426474161792038,-1.5907119178771971,0.2736842364852452,0.07484524675059556,0.06868563439985803
843.037398815155,0.3152600043747249,-1.3707119178771972,0.40092949924204974,0.22959050950740006,0.06410479710143804
843.1367979049683,0.2746525887382322,-1.1507119178771972,0.346572083605557,0.20273309387090735,0.060123537176922974
843.2370703220367,0.22854775316633616,-0.9307119178771972,0.286717248033661,0.17037825829901132,0.060771853194296246
843.3369867801666,0.22739143264450457,-0.7107119178771972,0.2718109275118294,0.18297193777717974,0.05989668464409081
843.437698841095,0.1975328750633134,-0.4907119178771972,0.22820236993063822,0.1668633801959886,0.058488533567120735
843.5368402004242,0.16761038515596138,-0.2707119178771972,0.1845298800232862,0.15069089028863655,0.052229360571127266
843.6368403434753,0.10813799500465393,-0.1561805009841919,0.11789927631616592,0.09837671369314194,0.05220544155152674
843.7369260787964,0.18595759570598602,-0.22079768776893616,0.19975745119154453,0.1721577402204275,0.06219730909791529
843.8418574333191,0.14571437419436745,-0.0007976877689361561,0.14576422967992594,0.14566451870880895,0.07697259300192032
843.9378347396851,0.07477318495512009,-0.10957087576389313,0.08162136469036341,0.06792500521987677,0.08012312185058137
844.0399775505066,0.12621121983320682,-0.32957087576389316,0.14680939956845016,0.1056130400979635,0.07064283543374555
844.1367409229279,0.17898677289485931,-0.23269890248775482,0.193530454300344,0.16444309148937464,0.05758534611533917
844.2367780208588,0.3789867728948593,-0.37653005786472094,0.4025199015114044,0.3554536442783143,0.05244601867926046
844.3395118713379,0.270193315717812,-0.1565300578647209,0.2799764443343571,0.26041018710126695,0.04945939609162758
844.4403228759766,0.1481189152262907,0.06346994213527912,0.14415204384283575,0.15208578660974564,0.03563890275254359
844.5375483036041,0.11807599080496534,-0.1565300578647209,0.1278591194215104,0.10829286218842028,0.01549237367298983
844.6365258693695,0.08794750273227692,-0.34840476512908936,0.109722800552845,0.06617220491170883,0.006479243056438586
844.7363624572754,0.032413099826128305,-0.12840476512908933,0.04043839764669639,0.024387802005560223,0.04076485212064409
844.8368561267853,0.06390172289499879,0.0915952348709107,0.05817702071556687,0.0696264250744307,0.03629493912630499
844.9392082691193,0.08329360085065754,0.31159523487091073,0.06381889867122562,0.10276830303008946,0.03493312982423396
845.0368359088898,0.10154498055998315,0.5315952348709108,0.06832027838055123,0.1347696827394151,0.03386128350800196
845.1365280151367,0.11587104489902822,0.7515952348709107,0.0688963427195963,0.16284574707846014,0.03202345695138296
845.2369537353516,0.1274452329820718,0.9715952348709107,0.06672053080263989,0.1881699351615037,0.030988169911813166
845.337078332901,0.14826024003435517,1.1915952348709107,0.07378553785492326,0.2227349422137871,0.031573147315793165
845.4372766017914,0.1368788976998106,1.4115952348709107,0.04865419552037868,0.2251035998792425,0.0331837549559536
845.5368556976318,0.1496157331827746,1.6315952348709106,0.04764103100334269,0.2515904353622065,0.034449067253042524
845.636773109436,0.06187918037176132,1.70863676071167,-0.04491061717271805,0.1686689779162407,0.03612006839763869
845.7367243766785,0.10665236413478851,1.8571662902832031,-0.009420529007911682,0.2227252572774887,0.03751502899637164
845.8371198177338,0.05257159668762932,1.6371662902832032,-0.04975129645507088,0.15489448983032952,0.038260482164819795
845.9403500556946,0.08173888921737671,1.586016297340393,-0.017387129366397858,0.18086490780115128,0.037810453913748675
846.0511648654938,0.05075408145785332,1.47068452835083,-0.04116370156407356,0.1426718644797802,0.03685671046100707
846.1366612911224,0.25075408145785333,1.6347591572452214,0.148581634130027,0.35292652878567965,0.036184507199949686
846.2372953891754,0.13100025057792664,1.7077515125274658,0.024265781044960022,0.23773472011089325,0.03681716820393288
846.3376743793488,0.2234869649130904,1.4877515125274658,0.13050249538012376,0.316471434446057,0.03314069165704702
846.436865568161,0.3485466328997152,1.2677515125274659,0.26931216336674857,0.42778110243268186,0.024448777052200416
846.5379872322083,0.39570125937461853,1.069737195968628,0.3288426846265793,0.4625598341226578,0.01659237603592486
846.6371574401855,0.48479458689689636,1.0228192806243896,0.420868381857872,0.5487207919359207,0.0007976913099564
846.7372262477875,0.3227445371759963,0.8028192806243897,0.27256833213697196,0.3729207422150207,0.007925091434493613
846.8412091732025,0.47371551394462585,0.7006743550300598,0.4299233667552471,0.5175076611340046,0.018263725454054802
846.9374713897705,0.3742132425443698,0.4806743550300598,0.344171095354991,0.4042553897337485,0.028971460896365216
847.0370051860809,0.2734884328226012,0.7006743550300598,0.22969628563322247,0.31728058001197995,0.04463368869732041
847.1371896266937,0.21093404215007894,0.9206743550300598,0.15339189496070021,0.26847618933945766,0.04570921485917908
847.2376592159271,0.17293211722202098,1.1406743550300598,0.10163997003264225,0.24422426441139972,0.04787186194411146
847.337854385376,0.15768744050270259,1.3606743550300597,0.07264529331332385,0.2427295876920813,0.04729520571540305
847.4376347064972,0.14976179862726527,1.5806743550300597,0.05096965143788654,0.248553945816644,0.04857868513182537
847.5369930267334,0.2508494555950165,1.7819712162017822,0.1394762545824051,0.36222265660762787,0.03927574554001584
847.6369395256042,0.23700015246868134,1.9007574319839478,0.1182028129696846,0.35579749196767807,0.03336765660064861
847.7370722293854,0.1631689965724945,1.9359958171844482,0.04216925799846649,0.2841687351465225,0.02982472732904409
847.8398468494415,0.29631268978118896,2.05478572845459,0.1678885817527771,0.42473679780960083,0.03415727646422295
847.9380059242249,0.24666216703674476,2.27478572845459,0.10448805900833288,0.3888362750651566,0.03216294716655443
848.0370256900787,0.4466621670367448,2.3636242341206226,0.29893565240420583,0.5943886816692837,0.033010933067473984
848.1374855041504,0.40219231034103387,2.1436242341206224,0.26821579570849496,0.5361688249735728,0.025712995328060456
848.2369239330292,0.29594723128019984,1.9236242341206224,0.17572071664766092,0.41617374591273876,0.019544764879578815
848.3368957042694,0.2927174430779796,1.7036242341206225,0.18624092844544068,0.39919395771051847,0.014027513351245701
848.4369804859161,0.2169404481827084,1.4836242341206225,0.1242139335501695,0.3096669628152473,0.018930554035158545
848.5369126796722,0.14920717477798462,1.4813263416290283,0.05662427842617035,0.2417900711297989,0.007953308128337163
848.6404118537903,0.1093921884894371,1.6592063903808594,0.005691789090633392,0.21309258788824081,0.0005590962901707907
848.7406742572784,0.11199748516082764,1.6581752300262451,0.008361533284187317,0.21563343703746796,0.005703819038738918
848.8370385169983,0.16092051522137185,1.878175230026245,0.04353456334473153,0.27830646709801216,0.002895441547996484
848.936817407608,0.09666967391967773,1.9980738162994385,-0.02820993959903717,0.22154928743839264,0.0016736045974173118
849.0367529392242,0.11050324887037277,1.8283209800720215,-0.0037668123841285706,0.22477331012487411,0.004203463863503252
849.1373631954193,0.14123944027306545,1.6083209800720215,0.04071937901856411,0.2417595015275668,0.0022974767926164296
849.2374258041382,0.17823049487758158,1.3883209800720215,0.09146043362308023,0.26500055613208295,0.0012905713692906405
849.3446645736694,0.22891552977932833,1.1683209800720216,0.155895468524827,0.30193559103382966,0.0019004549982536282
849.4372053146362,0.42891552977932834,1.0881448137426755,0.3609064789204111,0.49692458063824557,0.01048939323645687
849.537077665329,0.4209581350641932,1.3081448137426754,0.339199084205276,0.5027171859231104,0.013078574211983336
849.6368176937103,0.40401411393824405,1.5281448137426754,0.30850506307932685,0.49952316479716125,0.0143223335296161
849.7382969856262,0.38949069998730257,1.7481448137426754,0.2802316491283854,0.49874975084621975,0.018124468977384362
849.8367249965668,0.37142966185969833,1.9681448137426754,0.2484206110007811,0.49443871271861556,0.029113046522143644
849.9370489120483,0.3496240576081927,2.1881448137426753,0.2128650067492755,0.4863831084671099,0.039183107285263516
850.0366063117981,0.3340485233757816,2.4081448137426755,0.1835394725168644,0.4845575742346988,0.027821163550952835
850.1368145942688,0.31610021792198056,2.6281448137426757,0.15184116706306333,0.4803592687808978,0.023358983152592102
850.2372853755951,0.2942725637592608,2.848144813742676,0.11626351290034356,0.4722816146181781,0.02376083357251429
850.3375923633575,0.301222921683349,3.068144813742676,0.10946387082443176,0.4929819725422663,0.01701460968670652
850.4368691444397,0.31839545969693384,3.2881448137426763,0.11288640883801657,0.5239045105558511,0.013800483697571668
850.537763595581,0.34173446593263357,3.5081448137426765,0.12247541507371629,0.5609935167915509,0.01955015162904124
850.6369078159332,0.35251249168698273,3.7281448137426767,0.11950344082806544,0.5855215425459,0.02231446547541257
850.7371788024902,0.338691894026829,3.948144813742677,0.09193284316791167,0.5854509448857463,0.039563157889557186
850.836838722229,0.30251769676557577,4.168144813742677,0.04200864590665848,0.563026747624493,0.04858551858912635
850.9369058609009,0.26885353156940783,4.388144813742676,-0.005405519289509442,0.5431125824283252,0.06288126397792497
851.036892414093,0.2159406593252865,4.608144813742676,-0.07206839153363076,0.5039497101842038,0.06616897336033653
851.1369397640228,0.15670796141549004,4.828144813742676,-0.1450510894434272,0.4584670122744073,0.07695828393852615
851.2369182109833,0.20117439329624176,5.0,-0.11132560670375824,0.5136743932962418,0.10768686995842798
851.3375813961029,0.20703460276126862,5.0,-0.10546539723873138,0.5195346027612686,0.12879135538637004
851.437150478363,0.12413793802261353,5.0,-0.18836206197738647,0.4366379380226135,0.15577688224554614
851.5369737148285,0.06595464050769806,5.0,-0.24654535949230194,0.37845464050769806,0.17723445142639047
851.637225151062,0.06305263632535935,4.78,-0.23569736367464067,0.36180263632535936,0.19442045283785392
851.7375020980835,0.06015063214302063,4.5600000000000005,-0.2248493678569794,0.34515063214302066,0.2014081290198564
851.837301492691,0.05724862796068192,4.340000000000001,-0.21400137203931813,0.32849862796068197,0.20547218043361196
851.9370939731598,0.054346623778343206,4.120000000000001,-0.20315337622165686,0.31184662377834327,0.2156275348398455
852.0368845462799,0.05144461959600449,3.900000000000001,-0.19230538040399556,0.29519461959600457,0.22229249373632748
852.137443780899,0.04854261541366578,3.6800000000000006,-0.18145738458633426,0.2785426154136658,0.23258490997730014
852.237771987915,0.045640611231327066,3.4600000000000004,-0.17060938876867296,0.26189061123132706,0.23159333353833783
852.3370292186737,0.04273860704898835,3.24,-0.15976139295101166,0.24523860704898837,0.22066156362609393
852.4369428157806,0.03983660286664964,3.02,-0.14891339713335036,0.22858660286664964,0.21677833203823915
852.5370638370514,0.036934598684310926,2.8,-0.13806540131568906,0.21193459868431092,0.2077035484392912
852.6368172168732,0.03403259450197221,2.5799999999999996,-0.12721740549802776,0.1952825945019722,0.2032173791690316
852.737890958786,0.031130590319633496,2.3599999999999994,-0.11636940968036646,0.17863059031963346,0.2049078467059581
852.839380979538,0.02822858613729478,2.1399999999999992,-0.10552141386270517,0.16197858613729474,0.2010702974894891
852.9367456436157,0.025326581954956063,1.9199999999999993,-0.0946734180450439,0.145326581954956,0.19562906554634568
853.037118434906,0.022424577772617346,1.6999999999999993,-0.08382542222738261,0.12867457777261732,0.19048312417757463
853.1371974945068,0.01952257359027863,1.4799999999999993,-0.07297742640972132,0.11202257359027859,0.1878981429180317
853.2380595207214,0.016620569407939913,1.2599999999999993,-0.062129430592060046,0.09537056940793986,0.17997177680098722
853.3373620510101,0.013718565225601196,1.0399999999999994,-0.05128143477439877,0.07871856522560115,0.175832007548681
853.4371173381805,0.01081656104326248,0.8199999999999994,-0.04043343895673748,0.06206656104326244,0.17291927658576925
853.5372610092163,0.0,0.5999999999999994,-0.037499999999999964,0.037499999999999964,0.16818657337070297
853.637481212616,0.0,0.3799999999999994,-0.023749999999999962,0.023749999999999962,0.16702206300555553
853.742259979248,0.0,0.15999999999999936,-0.00999999999999996,0.00999999999999996,0.1653179448769955
853.8373198509216,0.0,0.0,0.0,0.0,0.1664337669293881
971.2228376865387,-0.48315300000000017,0.0,-0.48315300000000017,-0.48315300000000017,0.03172398038309388
971.7879645824432,-0.48315300000000017,0.0,-0.48315300000000017,-0.48315300000000017,0.12977788028338874
971.7893838882446,-0.48315300000000017,0.0,-0.48315300000000017,-0.48315300000000017,0.12977788028338874
971.8635165691376,0.0,0.0,0.0,0.0,0.15613170771617474
972.6446540355682,0.48315300000000017,3.119722858696951,0.2881703213314407,0.6781356786685596,0.18528746118752423
974.8629243373871,0.48315300000000017,0.0,0.48315300000000017,0.48315300000000017,0.28495019851106834
975.8079741001129,0.48315300000000017,3.119722858696951,0.2881703213314407,0.6781356786685596,0.5267399891974055
976.6328978538513,0.48315300000000017,0.0,0.48315300000000017,0.48315300000000017,0.786578071700381
977.7442240715027,0.48315300000000017,-3.119722858696951,0.6781356786685596,0.2881703213314407,0.9102163849563654
980.9880497455597,0.0,0.0,0.0,0.0,1.4032670301976706
985.9309394359589,0.17745111882686615,-0.002672061324119568,0.17761812265962362,0.17728411499410868,0.020213770231903624
986.0326159000397,0.0873897522687912,-0.1363377571105957,0.09591086208820343,0.07886864244937897,0.019257087203018202
986.1309695243835,0.14574206526570962,0.08366224288940433,0.14051317508512184,0.1509709554462974,0.018184666920687393
986.2313904762268,0.08555829524993896,0.23767492175102234,0.07070361264050007,0.10041297785937786,0.012257073655016269
986.3357284069061,0.2123115360736847,0.4096646308898926,0.1867074966430664,0.23791557550430298,0.003710481595369202
986.4310841560364,0.20407618582248688,0.22527919709682465,0.18999623600393534,0.21815613564103842,0.0030459362912041805
986.5310819149017,0.16041135787963867,0.11409766227006912,0.15328025398775935,0.167542461771518,0.00403164857480511
986.6324818134308,0.15257036685943604,0.11681132763624191,0.14526965888217092,0.15987107483670115,0.004944300774129289
986.730877161026,0.11143948882818222,0.1871347278356552,0.09974356833845377,0.12313540931791067,0.006261742376465734
986.8308882713318,0.11783766001462936,0.2810198962688446,0.10027391649782658,0.13540140353143215,0.007670605787393434
986.9332828521729,0.08383431285619736,0.17142821848392487,0.07312004920095205,0.09454857651144266,0.00900170802357231
987.0326929092407,0.13112658262252808,0.2548516094684601,0.11519835703074932,0.14705480821430683,0.010018356034462479
987.1312429904938,0.07411595433950424,0.1191256046295166,0.06667060405015945,0.08156130462884903,0.011127961560711046
987.2312440872192,0.06078619882464409,-0.03765010088682175,0.06313933013007045,0.05843306751921773,0.01199508349547629
987.3320484161377,0.12289352890769299,0.18234989911317828,0.11149666021311935,0.13429039760226663,0.002754682336568842
987.4308421611786,0.2630581557750702,0.3972669541835785,0.23822897113859653,0.28788734041154385,0.0009731815413385101
987.5315005779266,0.3518398350119491,0.17726695418357846,0.3407606503754754,0.36291901964842277,0.0015283238357761348
987.6314053535461,0.21923567354679108,-0.012800730764865875,0.2200357192195952,0.21843562787398696,0.0019929632467945322
987.7310445308685,0.24685482680797577,0.16704295575618744,0.23641464207321405,0.2572950115427375,0.0030148732752287447
987.8340811729431,0.25901490449905396,0.32666251063346863,0.23859849758446217,0.27943131141364574,0.004204427273715454
987.9331655502319,0.2650679647922516,0.2462872862815857,0.24967500939965248,0.2804609201848507,0.005595309766333638
988.0308721065521,0.31397929787635803,0.09479133784770966,0.3080548392608762,0.3199037564918399,0.0066619223959078384
988.130845785141,0.329400897026062,0.2507346570491791,0.3137299809604883,0.3450718130916357,0.007401489159788517
988.2319831848145,0.29979246854782104,0.14884498715400696,0.2904896568506956,0.3090952802449465,0.003791999523747803
988.3328988552094,0.28608036041259766,0.08794623613357544,0.2805837206542492,0.2915770001709461,0.007812003294691392
988.431168794632,0.2991597056388855,0.04669148474931717,0.2962414878420532,0.3020779234357178,0.00833377432765709
988.532924413681,0.18547189235687256,-0.03653004765510559,0.18775502033531666,0.18318876437842846,0.008993546711551911
988.6308856010437,0.2136717289686203,0.024255337193608284,0.21215577039401978,0.21518768754322082,0.009488749029063302
988.7314054965973,0.1306050419807434,-0.07921451330184937,0.135555949062109,0.12565413489937782,0.017596624702723194
988.8311154842377,0.18070298433303833,-0.020713593810796738,0.18199758394621313,0.17940838471986353,0.021507470657589838
988.9322879314423,0.1517459601163864,-0.15733665227890015,0.16157950088381767,0.14191241934895515,0.022426510265275024
989.0327529907227,0.18762284517288208,-0.1655629426240921,0.19797052908688784,0.17727516125887632,0.023366373821045956
989.1309278011322,0.08845220506191254,-0.3258826434612274,0.10881987027823925,0.06808453984558582,0.030296314039104603
989.2311799526215,0.0609150156378746,-0.24030978977680206,0.07593437749892473,0.045895653776824474,0.03418450914927167
989.3311815261841,0.09603255242109299,-0.20415261387825012,0.10879209078848362,0.08327301405370235,0.035532711541949424
989.431399345398,0.13260623812675476,-0.27990400791168213,0.1501002386212349,0.11511223763227463,0.036653613792733915
989.5311725139618,0.1247611939907074,-0.21980783343315125,0.13849918358027935,0.11102320440113544,0.03734059549455354
989.635710477829,0.21689146757125854,-0.26252493262290955,0.2332992758601904,0.2004836592823267,0.0405775779806404
989.7317960262299,0.2366979867219925,-0.21258826553821564,0.24998475331813097,0.22341122012585402,0.0428956372157759
989.8328378200531,0.18005040287971497,-0.2412617802619934,0.19512926414608955,0.16497154161334038,0.043869197557141526
989.9309549331665,0.14688538014888763,-0.10163579881191254,0.15323761757463217,0.1405331427231431,0.04505517663867116
990.0328476428986,0.1802929788827896,-0.17175322771072388,0.19102755561470985,0.16955840215086937,0.046288254760627125
990.1310057640076,0.20846295356750488,-0.11738676577806473,0.21579962642863393,0.20112628070637584,0.04725978738790537
990.231936454773,0.2689931392669678,-0.21556666493415833,0.28246605582535267,0.2555202227085829,0.04818653616683951
990.3314118385315,0.2681112289428711,-0.13779285550117493,0.2767232824116945,0.25949917547404766,0.04898692740281626
990.4315059185028,0.24388445913791656,-0.07760260999202728,0.24873462226241827,0.23903429601341486,0.04974360637029474
990.5313148498535,0.1701844483613968,-0.0870630219578743,0.17562588723376393,0.16474300948902965,0.05296429084785418
990.6311099529266,0.18701064586639404,-0.09891382604837418,0.19319275999441743,0.18082853173837066,0.05549290596424837
990.7319929599762,0.0,0.0,0.0,0.0,0.05565210120493093
990.8313446044922,0.0,0.0,0.0,0.0,0.05546494676072418
990.9320769309998,0.0,0.0,0.0,0.0,0.05508494476944962
991.0313301086426,0.0,0.0,0.0,0.0,0.05465080972457783
991.1321074962616,0.0,0.0,0.0,0.0,0.054048968274325336
991.2323753833771,0.0,0.0,0.0,0.0,0.053658754430632366
991.3311281204224,0.0,0.0,0.0,0.0,0.05367471553928986
991.4349019527435,0.0,0.0,0.0,0.0,0.05369770969177996
991.5325026512146,0.0,0.0,0.0,0.0,0.05371584514505092
991.6310632228851,0.1156835136748287,0.22000000000000003,0.1019335136748287,0.1294335136748287,0.02810211871759426
991.7344686985016,0.1523707784832949,0.44000000000000006,0.12487077848329489,0.17987077848329489,0.02818140301258811
991.8312156200409,0.16410628385061143,0.6600000000000001,0.12285628385061143,0.20535628385061144,0.027753351005029153
991.9315803050995,0.18460917719418085,0.8800000000000001,0.12960917719418086,0.23960917719418084,0.02653962773935549
992.0311336517334,0.1760592888287522,1.1,0.10730928882875218,0.2448092888287522,0.02397779748831843
992.1324851512909,0.1994054457187304,1.32,0.11690544571873039,0.2819054457187304,0.020927769670169887
992.231112241745,0.10969282686710358,1.2181400060653687,0.033559076488018036,0.18582657724618912,0.01727343533685913
992.3336277008057,0.08317245162163105,0.9981400060653687,0.020788701242545504,0.1455562020007166,0.013067093288688488
992.4325706958771,0.06397192709883538,0.7781400060653687,0.015338176719749838,0.11260567747792093,0.009509576087977057
992.5315141677856,0.057474349552246846,0.5581400060653687,0.0225905991731613,0.0923580999313324,0.0067417445171836085
992.6310880184174,0.1259332517426163,0.3381400060653687,0.10479950136353075,0.14706700212170185,0.00025256982817580567
992.7325751781464,0.12080151587724686,0.3311599791049957,0.10010401718318462,0.1414990145713091,0.009094496830237905
992.8327267169952,0.1909605346930308,0.5511599791049957,0.15651303599896854,0.22540803338709303,0.012694678618458757
992.9320135116577,0.19710148439542258,0.7711599791049957,0.14890398570136035,0.2452989830894848,0.018712404105706792
993.0333783626556,0.20087615624750407,0.9911599791049956,0.13892865755344186,0.2628236549415663,0.02430546180603914
993.1311872005463,0.18549447545112127,1.2111599791049956,0.10979697675705904,0.26119197414518347,0.02986286232581392
993.2359244823456,0.13894762700313742,1.4311599791049956,0.0495001283090752,0.22839512569719966,0.03479008685979635
993.3312253952026,0.07812604544060706,1.6511599791049956,-0.025071453253455167,0.18132354413466928,0.043442764814334685
993.4309711456299,0.08222016447353495,1.4311599791049956,-0.007227334220527279,0.17166766316759718,0.05106087872579303
993.5325810909271,0.09464740252328138,1.2111599791049956,0.018949903829219156,0.1703449012173436,0.05673824004531267
993.6314675807953,0.10152414440268637,0.9911599791049956,0.03957664570862414,0.1634716430967486,0.06102966459555544
993.7323279380798,0.10109971366362422,0.7711599791049957,0.05290221496956199,0.14929721235768645,0.06291978568264117
993.8325991630554,0.09495223563807278,0.5511599791049957,0.060504736944010554,0.12939973433213503,0.06441918508142555
993.9312224388123,0.08442961429857612,0.33115997910499567,0.06373211560451389,0.10512711299263836,0.06477143446048428
994.0324630737305,0.06990801022201973,0.11115997910499564,0.06296051152795751,0.07685550891608195,0.06537502689268315
994.1310744285583,0.0498377146214004,-0.10884002089500439,0.05664021592733817,0.04303521331546263,0.06812722726075611
994.2313175201416,0.037061452865600586,-0.16717468202114105,0.0475098704919219,0.02661303523927927,0.07184860509518635
994.3309831619263,0.09243185818195343,-0.16372285783290863,0.10266453679651022,0.08219917956739664,0.0720844137944806
994.4312937259674,0.14050620794296265,-0.08819281309843063,0.14601825876161456,0.13499415712431073,0.06907513600931896
994.5320718288422,0.13118433147123093,0.1318071869015694,0.12294638228988285,0.13942228065257903,0.07012280507094738
994.6320822238922,0.20918984711170197,0.2901245057582855,0.19105706550180912,0.2273226287215948,0.0718112589513495
994.7310798168182,0.2102489471435547,0.13816721737384796,0.2016134960576892,0.21888439822942019,0.07417540672868178
994.8313307762146,0.1913893630279274,0.358167217373848,0.16900391194206188,0.2137748141137929,0.07659018860550532
994.9311652183533,0.22444158792495728,0.4558466970920563,0.19595116935670376,0.2529320064932108,0.07869416270204439
995.0313065052032,0.16888216137886047,0.5357730984687805,0.1353963427245617,0.20236798003315926,0.08086919879950702
995.1325170993805,0.11586582660675049,0.33350250124931335,0.0950219202786684,0.13670973293483257,0.08372623140894518
995.2315425872803,0.05696222186088562,0.1413339376449585,0.048128850758075714,0.06579559296369553,0.08628497440969078
995.3312759399414,0.029129222973018266,-0.07866606235504153,0.034045851870208366,0.02421259407582817,0.08837971882889278
995.4315881729126,0.020155485719442368,-0.26839888095855713,0.03693041577935219,0.003380555659532547,0.09023624162008115
995.5318336486816,0.14163324236869812,-0.289610892534256,0.15973392315208912,0.12353256158530712,0.0912791285364041
995.6313989162445,0.14019304479037878,-0.06961089253425595,0.14454372557376977,0.1358423640069878,0.09177130992275667
995.7321939468384,0.21485567092895508,-0.04888535290956497,0.2179110054858029,0.21180033637210727,0.09131641077568746
995.8326864242554,0.12694162054933825,0.17111464709043506,0.11624695510618606,0.13763628599249045,0.09177706393492602
995.9313328266144,0.1939392238855362,0.012423078529536724,0.19316278147744015,0.19471566629363224,0.09318154959901595
996.0311274528503,0.14758207863169226,0.23242307852953675,0.1330556362235962,0.16210852103978832,0.09483170375210541
996.1313664913177,0.2880101203918457,0.22548988461494446,0.2739170026034117,0.30210323818027973,0.09663055098122555
996.2322027683258,0.16741237044334412,0.3591155409812927,0.14496764913201332,0.1898570917546749,0.09839231017753543
996.3313269615173,0.12467899173498154,0.27694353461265564,0.10737002082169056,0.14198796264827251,0.10025384381886382
996.4327971935272,0.06175095587968826,0.23495475947856903,0.0470662834122777,0.07643562834709883,0.10218815211958981
996.5324552059174,0.031071849167346954,0.14375166594982147,0.022087370045483112,0.040056328289210796,0.10434518880656898
996.63192486763,0.010670803487300873,0.08128313720226288,0.005590607412159443,0.015750999562442303,0.10424941575930476
996.7314422130585,0.0954122319817543,0.02385924756526947,0.09392102900892496,0.09690343495458364,0.10579205784416407
996.8325560092926,0.19192558526992798,0.2188713699579239,0.17824612464755774,0.20560504589229822,0.10639478194964151
996.933878660202,0.17216792702674866,0.25365346670150757,0.15631458535790443,0.18802126869559288,0.10710774801018451
997.031533241272,0.18482306599617004,0.21982409060001373,0.17108406033366919,0.1985620716586709,0.10742981069811591
997.1322023868561,0.17032362520694733,0.19929274916648865,0.1578678283840418,0.18277942202985287,0.10872453180486655
997.2314240932465,0.11878844350576401,0.3965144455432892,0.09400629065930843,0.14357059635221958,0.11032492572205245
997.3324811458588,0.09235220402479172,0.25306984782218933,0.07653533853590488,0.10816906951367855,0.09968800369905231
997.4316866397858,0.05453783646225929,0.2021021544933319,0.04190645180642605,0.06716922111809254,0.10070259851974056
997.5313589572906,0.027797698974609375,0.1308629959821701,0.019618761725723743,0.03597663622349501,0.10187558206645049
997.6356384754181,0.017851732671260834,0.058475956320762634,0.014196985401213169,0.0215064799413085,0.10285170785395271
997.731344461441,0.0208628848195076,-0.023231688886880875,0.022314865374937654,0.019410904264077544,0.10359414007354499
997.8317995071411,0.0276435986161232,-0.0747976079583168,0.032318449113518,0.0229687481187284,0.10408799489855776
997.9316694736481,0.028581438586115837,-0.07120945304632187,0.033032029401510954,0.02413084777072072,0.10441838245485541
998.032078742981,0.022359110414981842,-0.027715129777789116,0.024091306026093662,0.020626914803870022,0.10453507733583893
998.1323142051697,0.013872044160962105,0.03617896884679794,0.011610858608037233,0.016133229713886976,0.10487958553684505
998.2321665287018,0.0,0.1037142425775528,-0.00648214016109705,0.00648214016109705,0.10514931863384738
998.3328740596771,0.0,0.1605708748102188,-0.010035679675638676,0.010035679675638676,0.10521884591283143
998.4319286346436,0.0,0.19812248647212982,-0.012382655404508114,0.012382655404508114,0.10904461154639808
998.5320997238159,0.0,0.21372738480567932,-0.013357961550354958,0.013357961550354958,0.10965193429039095
998.6328599452972,0.0,0.20944005250930786,-0.013090003281831741,0.013090003281831741,0.10972030781532471
998.7336709499359,0.0,0.19013148546218872,-0.011883217841386795,0.011883217841386795,0.1096730121386138
998.8315448760986,0.0,0.16218595206737518,-0.010136622004210949,0.010136622004210949,0.10965760274811034
998.9328846931458,0.0,0.13125602900981903,-0.00820350181311369,0.00820350181311369,0.10969129239466074
999.0325391292572,0.0,0.10255782306194305,-0.006409863941371441,0.006409863941371441,0.10968140358319257
999.1325278282166,0.0,0.08027943223714828,-0.005017464514821768,0.005017464514821768,0.10968724055669207
999.2320919036865,0.0,0.06693317741155624,-0.004183323588222265,0.004183323588222265,0.10966563427301927
999.3317410945892,0.0,0.0644984170794487,-0.004031151067465544,0.004031151067465544,0.10969614796170574
999.4326303005219,0.0,0.06594386696815491,-0.004121491685509682,0.004121491685509682,0.10967681679801575
999.5320763587952,0.0,0.0727662593126297,-0.004547891207039356,0.004547891207039356,0.10972060666929526
999.6316261291504,0.0,0.08221404254436493,-0.005138377659022808,0.005138377659022808,0.10969606966393476
999.7314009666443,0.0,0.09171601384878159,-0.005732250865548849,0.005732250865548849,0.10972251405176527
999.8316822052002,0.0,0.0997387170791626,-0.006233669817447662,0.006233669817447662,0.10969539748012873
999.9319050312042,0.0,0.10467981547117233,-0.006542488466948271,0.006542488466948271,0.10960988291014542
1000.0321385860443,0.0,0.10620201379060745,-0.006637625861912966,0.006637625861912966,0.10972130177879595
1000.1317899227142,0.0,0.10251487791538239,-0.006407179869711399,0.006407179869711399,0.10969962389169079
1000.2314503192902,0.0,0.09609543532133102,-0.006005964707583189,0.006005964707583189,0.1097013207493414
1000.3314101696014,0.0,0.08676477521657944,-0.005422798451036215,0.005422798451036215,0.10968313075152737
1000.4333317279816,0.0,0.0762021616101265,-0.004762635100632906,0.004762635100632906,0.109648360783284
1000.5314824581146,0.0,0.06693689525127411,-0.004183555953204632,0.004183555953204632,0.10974318998249681
1000.6318125724792,0.0,0.05967113748192787,-0.003729446092620492,0.003729446092620492,0.10967758110516901
1000.7314760684967,0.0,0.05502966046333313,-0.0034393537789583206,0.0034393537789583206,0.10966083528457754
1000.8315024375916,0.0,0.05335599556565285,-0.003334749722853303,0.003334749722853303,0.10973740950681352
1000.9325625896454,0.0,0.055372532457113266,-0.003460783278569579,0.003460783278569579,0.10972553756718766
1001.0326120853424,0.0,0.060633279383182526,-0.003789579961448908,0.003789579961448908,0.10968951293326501
1001.131566286087,0.0,0.06828070431947708,-0.004267544019967318,0.004267544019967318,0.10969743689988345
1001.2321863174438,0.0,0.07760906219482422,-0.004850566387176514,0.004850566387176514,0.10976415103643651
1001.3313128948212,0.0,0.08786832541227341,-0.005491770338267088,0.005491770338267088,0.10972701887739328
1001.4317617416382,0.0,0.0990617573261261,-0.006191359832882881,0.006191359832882881,0.1097246356903403
1001.5315837860107,0.0,0.11173107475042343,-0.0069831921719014645,0.0069831921719014645,0.10968388593091877
1001.6313829421997,0.0,0.1225154772400856,-0.00765721732750535,0.00765721732750535,0.10970777534755821
1001.731508731842,0.0,0.13393659889698029,-0.008371037431061268,0.008371037431061268,0.10971251171010744
1001.8319878578186,0.0,0.14148129522800446,-0.008842580951750278,0.008842580951750278,0.10970426106662791
1001.931967496872,0.0,0.14820729196071625,-0.009262955747544765,0.009262955747544765,0.10966250904357848
1002.0314748287201,0.0,0.1548975110054016,-0.0096810944378376,0.0096810944378376,0.10967973289854792
1002.1314616203308,0.0,0.15920712053775787,-0.009950445033609867,0.009950445033609867,0.10971244353532908
1002.2315456867218,0.0,0.16297324001789093,-0.010185827501118183,0.010185827501118183,0.10967635486741487
1002.3320512771606,0.0,0.16574347019195557,-0.010358966886997223,0.010358966886997223,0.10966919377456881
1002.4312734603882,0.0,0.1679486483335495,-0.010496790520846844,0.010496790520846844,0.10967984466376134
1002.5314333438873,0.0,0.16956354677677155,-0.010597721673548222,0.010597721673548222,0.10969051282446073
1002.633377790451,0.0,0.17074167728424072,-0.010671354830265045,0.010671354830265045,0.1096581198465843
1002.7313559055328,0.0,0.17080074548721313,-0.010675046592950821,0.010675046592950821,0.10964957139169845
1002.8314056396484,0.0,0.16767199337482452,-0.010479499585926533,0.010479499585926533,0.1096586446283298
1002.9314916133881,0.0,0.16615954041481018,-0.010384971275925636,0.010384971275925636,0.10967867347591143
1003.0318496227264,0.0,0.1651141345500946,-0.010319633409380913,0.010319633409380913,0.10969659776940735
1003.1330871582031,0.0,0.16437748074531555,-0.010273592546582222,0.010273592546582222,0.10967962590751698
1003.2315425872803,0.0,0.16627787053585052,-0.010392366908490658,0.010392366908490658,0.10967809316406094
1003.3316509723663,0.0,0.16300083696842194,-0.010187552310526371,0.010187552310526371,0.10967980172079815
1003.4326722621918,0.0,0.1626470983028412,-0.010165443643927574,0.010165443643927574,0.10969213137174884
1003.5314574241638,0.0,0.16150672733783722,-0.010094170458614826,0.010094170458614826,0.10970592079235976
1003.632698059082,0.0,0.1631154716014862,-0.010194716975092888,0.010194716975092888,0.10974934752739085
1003.7341642379761,0.0,0.1644202172756195,-0.01027626357972622,0.01027626357972622,0.10977784396813692
1003.8319616317749,0.0,0.1627863049507141,-0.010174144059419632,0.010174144059419632,0.10978071456409866
1003.9317760467529,0.0,0.16337282955646515,-0.010210801847279072,0.010210801847279072,0.10977066366994426
1004.0316400527954,0.0,0.15936508774757385,-0.009960317984223366,0.009960317984223366,0.1097747570026593
1004.1316528320312,0.0,0.1576019525527954,-0.009850122034549713,0.009850122034549713,0.10977264539329452
1004.2321543693542,0.0,0.15593931078910828,-0.009746206924319267,0.009746206924319267,0.1097658696324302
1004.3335201740265,0.0,0.15400119125843048,-0.009625074453651905,0.009625074453651905,0.10976984218806494
1004.4331655502319,0.0,0.15196539461612701,-0.009497837163507938,0.009497837163507938,0.10976907322080323
1004.5320935249329,0.0,0.15214356780052185,-0.009508972987532616,0.009508972987532616,0.10976120468873908
1004.632223367691,0.0,0.1509881317615509,-0.009436758235096931,0.009436758235096931,0.10974548438700517
1004.7315535545349,0.0,0.14841407537460327,-0.009275879710912704,0.009275879710912704,0.10972304544888499
1004.8317666053772,0.0,0.14599788188934326,-0.009124867618083954,0.009124867618083954,0.10970089875688215
1004.9314875602722,0.0,0.14390884339809418,-0.008994302712380886,0.008994302712380886,0.10971351232146215
1005.0317049026489,0.0,0.14245155453681946,-0.008903222158551216,0.008903222158551216,0.1097147256054627
1005.1326279640198,0.0,0.14107197523117065,-0.008816998451948166,0.008816998451948166,0.11023471968720125
1005.2315692901611,0.0,0.14025206863880157,-0.008765754289925098,0.008765754289925098,0.1116105547709601
1005.3329770565033,0.0,0.13997793197631836,-0.008748620748519897,0.008748620748519897,0.11161801517704588
1005.433256149292,0.0,0.1403723508119583,-0.008773271925747395,0.008773271925747395,0.11160093136042298
1005.5319674015045,0.0,0.13973161578178406,-0.008733225986361504,0.008733225986361504,0.11159328342753018
1005.6320400238037,0.0,0.1391400843858719,-0.008696255274116993,0.008696255274116993,0.11161394474780467
1005.7330675125122,0.0,0.13984258472919464,-0.008740161545574665,0.008740161545574665,0.11162175723590945
1005.8315591812134,0.0,0.1394069492816925,-0.008712934330105782,0.008712934330105782,0.1116339739327443
1005.9315309524536,0.0,0.13973186910152435,-0.008733241818845272,0.008733241818845272,0.11164662915197447
1006.0326733589172,0.0,0.13794109225273132,-0.008621318265795708,0.008621318265795708,0.11165452295440206
1006.1313781738281,0.0,0.13729770481586456,-0.008581106550991535,0.008581106550991535,0.1116798076164808
1006.2319829463959,0.0,0.13503682613372803,-0.008439801633358002,0.008439801633358002,0.11170509019233976
1006.3334894180298,0.0,0.1330549120903015,-0.008315932005643845,0.008315932005643845,0.11169698946693515
1006.4330530166626,0.0,0.130790576338768,-0.008174411021173,0.008174411021173,0.11169756662381478
1006.534215927124,0.0,0.1301632672548294,-0.008135204203426838,0.008135204203426838,0.11170238797438242
1006.6314942836761,0.0,0.12793615460395813,-0.007996009662747383,0.007996009662747383,0.11181253318526081
1006.7313630580902,0.0,0.1251555234193802,-0.007822220213711262,0.007822220213711262,0.11185072629878721
1006.8319017887115,0.0,0.12195700407028198,-0.007622312754392624,0.007622312754392624,0.11194987197350251
1006.9370234012604,0.0,0.11822552233934402,-0.0073890951462090015,0.0073890951462090015,0.11204866848892714
1007.0313975811005,0.0,0.11433687806129456,-0.00714605487883091,0.00714605487883091,0.11203935441005025
1007.1317117214203,0.0,0.1105351597070694,-0.006908447481691837,0.006908447481691837,0.11205271544438136
1007.2319259643555,0.0,0.10470516979694366,-0.006544073112308979,0.006544073112308979,0.11214904049010498
1007.332001209259,0.0,0.10126221925020218,-0.006328888703137636,0.006328888703137636,0.11237674366367087
1007.4316608905792,0.0,0.09827552735805511,-0.006142220459878445,0.006142220459878445,0.11441006681014664
1007.5321786403656,0.0,0.0960894525051117,-0.006005590781569481,0.006005590781569481,0.11438407162153612
1007.6323835849762,0.0,0.09232687950134277,-0.005770429968833923,0.005770429968833923,0.11438241259683382
1007.7322227954865,0.0,0.09079411625862122,-0.005674632266163826,0.005674632266163826,0.11444685468739839
1007.8329496383667,0.0,0.0900518074631691,-0.005628237966448069,0.005628237966448069,0.11446700942318802
1007.9316341876984,0.0,0.0907135009765625,-0.005669593811035156,0.005669593811035156,0.1144300151085975
1008.0323631763458,0.0,0.09220010787248611,-0.005762506742030382,0.005762506742030382,0.11439100205965988
1008.1319622993469,0.0,0.09249894320964813,-0.005781183950603008,0.005781183950603008,0.11452422959919961
1008.2331011295319,0.0,0.09307747334241867,-0.005817342083901167,0.005817342083901167,0.11437026759741507
1008.3326098918915,0.0,0.09342349320650101,-0.005838968325406313,0.005838968325406313,0.1142882052283402
1008.4400126934052,0.0,0.09330467134714127,-0.005831541959196329,0.005831541959196329,0.11461073310324126
1008.531724691391,0.0,0.09349968284368515,-0.005843730177730322,0.005843730177730322,0.11442295738818813
1008.6321272850037,0.0,0.09343008697032928,-0.00583938043564558,0.00583938043564558,0.11455579405267262
1008.7322335243225,0.0,0.09379193186759949,-0.005861995741724968,0.005861995741724968,0.11430586380315982
1008.8316860198975,0.0,0.09373413771390915,-0.005858383607119322,0.005858383607119322,0.11431569780083661
1008.9317123889923,0.0,0.0934377908706665,-0.0058398619294166565,0.0058398619294166565,0.11439804906330113
1009.0321502685547,0.0,0.09264481067657471,-0.005790300667285919,0.005790300667285919,0.11437118587473975
1009.1327090263367,0.0,0.08940871804952621,-0.005588044878095388,0.005588044878095388,0.11418305839539168
1009.2329542636871,0.0,0.08868379145860672,-0.00554273696616292,0.00554273696616292,0.1140986331624484
1009.3318328857422,0.0,0.08843627572059631,-0.00552726723253727,0.00552726723253727,0.11419624282964955
1009.4317054748535,0.0,0.08818110078573227,-0.005511318799108267,0.005511318799108267,0.11415380573720005
1009.5319533348083,0.0,0.08796258270740509,-0.005497661419212818,0.005497661419212818,0.11427758241741982
1009.6316363811493,0.0,0.08711127191781998,-0.0054444544948637486,0.0054444544948637486,0.11425507180672101
1009.733781337738,0.0,0.08605083078145981,-0.005378176923841238,0.005378176923841238,0.1142594004139927
1009.8319895267487,0.0,0.08455466479063034,-0.005284666549414396,0.005284666549414396,0.11423181420479035
1009.9316523075104,0.0,0.08341056853532791,-0.0052131605334579945,0.0052131605334579945,0.11413495819940912
1010.0334253311157,0.0,0.0821240097284317,-0.005132750608026981,0.005132750608026981,0.11397199774908465
1010.1318871974945,0.0,0.08107884228229523,-0.005067427642643452,0.005067427642643452,0.11391369692291155
1010.2352175712585,0.0,0.07925509661436081,-0.004953443538397551,0.004953443538397551,0.1141867945000122
1010.3319044113159,0.0,0.07683936506509781,-0.004802460316568613,0.004802460316568613,0.1144056407728127
1010.4321389198303,0.0,0.07630190253257751,-0.004768868908286095,0.004768868908286095,0.11428063645620452
1010.5317094326019,0.0,0.07645178586244583,-0.0047782366164028645,0.0047782366164028645,0.1143632026790701
1010.6316385269165,0.0,0.07687581330537796,-0.0048047383315861225,0.0048047383315861225,0.1144002984577029
1010.7340807914734,0.0,0.07732991129159927,-0.004833119455724955,0.004833119455724955,0.11431858257645404
1010.8319020271301,0.0,0.07787495106458664,-0.004867184441536665,0.004867184441536665,0.11442915654661062
1010.9317219257355,0.0,0.07698375731706619,-0.004811484832316637,0.004811484832316637,0.11443657011916637
1011.0321116447449,0.0,0.0770183876156807,-0.004813649225980043,0.004813649225980043,0.11409191245266578
1011.1318867206573,0.0,0.07764727622270584,-0.004852954763919115,0.004852954763919115,0.1142156311436536
1011.2319068908691,0.0,0.07796400040388107,-0.004872750025242567,0.004872750025242567,0.11415978278230718
1011.3341107368469,0.0,0.07838896661996841,-0.004899310413748026,0.004899310413748026,0.11410911245265828
1011.4315979480743,0.0,0.07855555415153503,-0.00490972213447094,0.00490972213447094,0.11420016214078439
1011.5331716537476,0.0,0.07868185639381409,-0.00491761602461338,0.00491761602461338,0.11398210157848578
1011.6317992210388,0.0,0.07868184894323349,-0.004917615558952093,0.004917615558952093,0.11427200540106816
1011.7321877479553,0.0,0.07790994644165039,-0.004869371652603149,0.004869371652603149,0.11446758974058686
1011.8319191932678,0.0,0.07685355097055435,-0.004803346935659647,0.004803346935659647,0.1145028137087365
1011.93275141716,0.0,0.07522893697023392,-0.00470180856063962,0.00470180856063962,0.11470051056185113
1012.0316607952118,0.0,0.07354807108640671,-0.004596754442900419,0.004596754442900419,0.11486417761723874
1012.1318199634552,0.0,0.07169506698846817,-0.004480941686779261,0.004480941686779261,0.11820638562594572
1012.2332983016968,0.0,0.07127800583839417,-0.004454875364899635,0.004454875364899635,0.11954379323332415
1012.3316850662231,0.0,0.07082566618919373,-0.004426604136824608,0.004426604136824608,0.11941949607435837
1012.4322006702423,0.0,0.07042990624904633,-0.004401869140565395,0.004401869140565395,0.11965600643900094
1012.531717300415,0.0,0.06892793625593185,-0.004307996015995741,0.004307996015995741,0.11950834937223295
1012.6318967342377,0.0,0.06751029938459396,-0.004219393711537123,0.004219393711537123,0.11970817514764917
1012.7317235469818,0.0,0.06671374291181564,-0.004169608931988478,0.004169608931988478,0.11975544984439063
1012.8318490982056,0.0,0.06604349613189697,-0.004127718508243561,0.004127718508243561,0.11977860649279908
1012.9360082149506,0.0,0.06549521535634995,-0.004093450959771872,0.004093450959771872,0.11999908837561567
1013.0324337482452,0.0,0.06515446305274963,-0.004072153940796852,0.004072153940796852,0.11982271718069458
1013.1319949626923,0.0,0.06470540165901184,-0.00404408760368824,0.00404408760368824,0.11997172122055598
1013.2332901954651,0.0,0.06426654756069183,-0.00401665922254324,0.00401665922254324,0.11975118755361608
1013.3329606056213,0.0,0.06404361128807068,-0.004002725705504417,0.004002725705504417,0.1195932447502737
1013.4322896003723,0.0,0.06397971510887146,-0.003998732194304466,0.003998732194304466,0.11960455993428168
1013.5318217277527,0.0,0.06538666039705276,-0.004086666274815798,0.004086666274815798,0.11957090987895207
1013.632331609726,0.0,0.06487271189689636,-0.004054544493556023,0.004054544493556023,0.11942438958312167
1013.7318878173828,0.0,0.0657196044921875,-0.004107475280761719,0.004107475280761719,0.11954224513154176
1013.8331029415131,0.0,0.06630019843578339,-0.004143762402236462,0.004143762402236462,0.1195477445015469
1013.9318115711212,0.0,0.06544511765241623,-0.004090319853276014,0.004090319853276014,0.11943434054113601
1014.0326542854309,0.0,0.0644417405128479,-0.004027608782052994,0.004027608782052994,0.11941057781078455
1014.1329610347748,0.0,0.062470968812704086,-0.0039044355507940054,0.0039044355507940054,0.11933741096446272
1014.2318801879883,0.0,0.061129648238420486,-0.0038206030149012804,0.0038206030149012804,0.11864698976922836
1014.3360879421234,0.0,0.058584779500961304,-0.0036615487188100815,0.0036615487188100815,0.11837492437436273
1014.4330081939697,0.0,0.0559513233602047,-0.0034969577100127935,0.0034969577100127935,0.11833789749747751
1014.5318591594696,0.0,0.05374669283628464,-0.00335916830226779,0.00335916830226779,0.11854243657296663
1014.6316874027252,0.0,0.05174465849995613,-0.003234041156247258,0.003234041156247258,0.11851827716161316
1014.7329156398773,0.0,0.04998474195599556,-0.0031240463722497225,0.0031240463722497225,0.11856362492724613
1014.8323912620544,0.0,0.0,0.0,0.0,0.11871391057664195
1014.9319489002228,0.0,0.0,0.0,0.0,0.1189117646785904
1015.03164935112,0.0,0.0,0.0,0.0,0.11900424116237932
1015.1317977905273,0.0,0.0,0.0,0.0,0.1190714143338984
1015.2319495677948,0.0,0.0,0.0,0.0,0.11458662818547738
1015.3318994045258,0.0,0.0,0.0,0.0,0.10839389897703264
1015.4324994087219,0.0,0.0,0.0,0.0,0.10839261184917523
1015.5319950580597,0.0,0.0,0.0,0.0,0.10883604460872359
1015.6320352554321,0.0,0.0,0.0,0.0,0.10859110523505895
1015.732159614563,0.0,0.0,0.0,0.0,0.10841197210921122
1039.753517627716,0.0,0.0,0.0,0.0,0.10827605013384851
1042.2718451023102,0.48315300000000017,3.119722858696951,0.2881703213314407,0.6781356786685596,0.10873947786445098
1043.70552444458,0.48315300000000017,0.0,0.48315300000000017,0.48315300000000017,0.23212603593678946
1044.2105238437653,0.48315300000000017,3.119722858696951,0.2881703213314407,0.6781356786685596,0.42139506831869955
1044.4997413158417,0.48315300000000017,0.0,0.48315300000000017,0.48315300000000017,0.5336368857329662
1046.1522011756897,0.48315300000000017,3.119722858696951,0.2881703213314407,0.6781356786685596,0.8564092918172856
1048.6772718429565,0.0,0.0,0.0,0.0,0.6426552420402287
1061.3336634635925,0.02647866085734915,-0.22,0.04022866085734915,0.012728660857349151,0.02114085072746767
1061.4333453178406,0.05891212421314613,-0.44000000000000006,0.08641212421314613,0.031412124213146125,0.021181025214157552
1061.5336301326752,0.07601251425641734,-0.6600000000000001,0.11726251425641734,0.034762514256417326,0.021189996657388126
1061.6344540119171,0.17096027732305158,-0.8800000000000001,0.22596027732305157,0.11596027732305157,0.02113673531956699
1061.734531879425,0.08767437934875488,-0.8360458612442017,0.1399272456765175,0.03542151302099228,0.020842706270602744
1061.8331818580627,0.09945675730705261,-0.6971865296363831,0.14303091540932655,0.05588259920477867,0.01967473995019487
1061.9333350658417,0.029209870845079422,-0.7983484864234924,0.0791066512465477,-0.020686909556388855,0.017256497584934898
1062.0332658290863,0.08011921495199203,-0.7354604005813599,0.12608548998832703,0.03415293991565704,0.014170832128770714
1062.1381883621216,0.058960817754268646,-0.7366499900817871,0.10500144213438034,0.012920193374156952,0.011971762954752135
1062.234105348587,0.052659329026937485,-0.6480413675308228,0.0931619144976139,0.012156743556261063,0.010679075656652607
1062.3350222110748,0.12684255838394165,-0.8047208189964294,0.1771376095712185,0.07654750719666481,0.009881167346288267
1062.4333593845367,0.08943497389554977,-0.761378824710846,0.13702115043997765,0.0418487973511219,0.009134465723499973
1062.5334377288818,0.05299919691891031,-0.541378824710846,0.08683537346333818,0.019163020374482434,0.008692394357758301
1062.6335899829865,0.0940055251121521,-0.5444390177726746,0.12803296372294426,0.05997808650135994,0.008049062597585574
1062.735166311264,0.061491288244724274,-0.6275078058242798,0.10071052610874176,0.022272050380706787,0.007488407213658367
1062.8366067409515,0.026835249736905098,-0.44638335704803467,0.054734209552407265,-0.0010637100785970688,0.0073515493269833585
1062.9333453178406,0.07919853180646896,-0.5051326155662537,0.11076932027935982,0.04762774333357811,0.007259328182414871
1063.033329963684,0.08310560882091522,-0.4651374816894531,0.11217670142650604,0.0540345162153244,0.01059496352766476
1063.135159254074,0.08110210299491882,-0.40949732065200806,0.10669568553566933,0.05550852045416832,0.01631765991322868
1063.233333826065,0.14514313638210297,-0.453492134809494,0.17348639480769634,0.11679987795650959,0.016696504829035085
1063.3332669734955,0.13200366497039795,-0.3027549088001251,0.15092584677040577,0.11308148317039013,0.017291282547615087
1063.4333636760712,0.14737645714479022,-0.0827549088001251,0.15254863894479803,0.14220427534478242,0.01805622693860959
1063.5354180335999,0.11760109663009644,-0.09103067219257355,0.12329051364213228,0.11191167961806059,0.019943443409236077
1063.6339929103851,0.06878631561994553,-0.21092993021011353,0.08196943625807762,0.05560319498181343,0.0234902499906864
1063.7376327514648,0.05334274470806122,-0.293678343296051,0.07169764116406441,0.03498784825205803,0.024815441983904996
1063.8341641426086,0.03647690266370773,-0.2866790294647217,0.05439434200525284,0.018559463322162628,0.024999320347916718
1063.9337468147278,0.03626398369669914,-0.18343986570835114,0.04772897530347109,0.024798992089927197,0.02491515612459548
1064.0333833694458,0.01351839117705822,-0.16388025879859924,0.023760907351970673,0.003275875002145767,0.024912450747806254
1064.1333875656128,0.05533374473452568,-0.22827556729316711,0.06960096769034863,0.041066521778702736,0.025032449042683484
1064.2344977855682,0.06551257713856454,-0.008275567293167085,0.06602980009438748,0.06499535418274159,0.025091559103491482
1064.3334798812866,0.0693829357624054,-0.03789987415075302,0.07175167789682746,0.06701419362798333,0.025161866489035557
1064.433447599411,0.07533380389213562,0.0517512746155262,0.07209934922866523,0.07856825855560601,0.02522930768504932
1064.53484416008,0.08949963748455048,-0.16736732423305511,0.09996009524911642,0.07903917971998453,0.025466665906654036
1064.6334142684937,0.11518622934818268,-0.019679836928844452,0.11641621915623546,0.1139562395401299,0.025811106204418763
1064.733768939972,0.08223480731248856,-0.09261301904916763,0.08802312100306153,0.07644649362191558,0.02694376892998026
1064.8347916603088,0.07894427329301834,-0.08444353938102722,0.08422199450433254,0.07366655208170414,0.030029731467497107
1064.9333853721619,0.09378204773007019,-0.3044435393810272,0.11280976894138439,0.07475432651875599,0.030291658923257397
1065.0333003997803,0.1593044400215149,-0.40015852451324463,0.18431434780359268,0.1342945322394371,0.030627712922323472
1065.1335446834564,0.11257915943861008,-0.3022455871105194,0.13146950863301754,0.09368881024420261,0.030904324821427152
1065.2338304519653,0.13134147815725689,-0.08224558711051938,0.13648182735166434,0.12620112896284943,0.03131358316293269
1065.333795785904,0.216922789812088,0.03836768865585327,0.21452480927109718,0.21932077035307884,0.03184423140248152
1065.436440229416,0.21384643018245697,0.17209915816783905,0.20309023279696703,0.2246026275679469,0.03264825621124962
1065.5331377983093,0.27645382285118103,0.1593184471130371,0.2664964199066162,0.28641122579574585,0.03391959900916667
1065.636913061142,0.26596203446388245,0.27225032448768616,0.24894638918340206,0.28297767974436283,0.03561610927825801
1065.7343153953552,0.2900276184082031,0.14477162063121796,0.280979392118752,0.29907584469765425,0.03762056154697633
1065.8336176872253,0.15455645322799683,0.01926998235285282,0.15335207933094352,0.15576082712505013,0.040470735219585434
1065.9346137046814,0.10801079605094191,-0.2007300176471472,0.1205564221538886,0.09546516994799521,0.04339058210880944
1066.0347888469696,0.05445989593863487,-0.3195020854473114,0.07442877627909184,0.03449101559817791,0.04683371063721439
1066.1333117485046,0.06058211252093315,-0.35181277990341187,0.08257041126489639,0.03859381377696991,0.051120146634467414
1066.2346813678741,0.05591911822557449,-0.2910401225090027,0.07410912588238716,0.037729110568761826,0.05359638895281189
1066.3336448669434,0.052527524530887604,-0.10498657077550888,0.05908918520435691,0.0459658638574183,0.05544870524203495
1066.4333589076996,0.10261979699134827,-0.002483624964952469,0.1027750235516578,0.10246457043103874,0.05620717731500326
1066.5352063179016,0.10009095817804337,0.04110078141093254,0.09752215933986008,0.10265975701622665,0.05667278627637415
1066.6332404613495,0.12016092240810394,0.0794113427400589,0.11519771348685026,0.12512413132935762,0.059625634332374375
1066.7388970851898,0.0688382238149643,0.06094890087842941,0.06502891751006246,0.07264753011986613,0.060377449392281374
1066.8335633277893,0.08975672721862793,-0.04916824400424957,0.09282974246889353,0.08668371196836233,0.062037600780922825
1066.9403738975525,0.0,0.0,0.0,0.0,0.06354203808367243
1067.0335381031036,0.0,0.0,0.0,0.0,0.06534981949875986
1067.1336302757263,0.0,0.0,0.0,0.0,0.066300754279582
1067.2336308956146,0.0,0.0,0.0,0.0,0.0675434097267831
1067.3346934318542,0.0,0.0,0.0,0.0,0.06727817990245413
1067.4335758686066,0.0,0.0,0.0,0.0,0.0673214840675538
1067.533587694168,0.0,0.0,0.0,0.0,0.06727915580713682
1067.63365316391,0.0,0.0,0.0,0.0,0.06735221656040252
1067.7361493110657,0.0,0.0,0.0,0.0,0.06731892733729525
1067.8338239192963,0.0,0.0,0.0,0.0,0.06721919857779024
1068.2334814071655,0.0,0.22000000000000003,-0.013750000000000002,0.013750000000000002,0.03477608307448405
1068.3337500095367,0.024587998489413843,0.44000000000000006,-0.002912001510586161,0.052087998489413846,0.034711954223595236
1068.4335935115814,0.020513517520853917,0.66,-0.020736482479146084,0.06176351752085392,0.03474961236582786
1068.5332980155945,0.037311076954061564,0.8800000000000001,-0.017688923045938443,0.09231107695406157,0.03462759967005238
1068.6333708763123,0.04372418611146204,1.1,-0.025025813888537966,0.11247418611146204,0.03477931863465993
1068.733392715454,0.05169185715111904,1.32,-0.030808142848880962,0.13419185715111903,0.03446282668286464
1068.8336055278778,0.16094139416789752,1.54,0.06469139416789751,0.2571913941678975,0.03399651333044049
1068.9334988594055,0.12776886621843414,1.32,0.04526886621843414,0.21026886621843416,0.03292788923285185
1069.0344655513763,0.04020467400550842,1.2639186382293701,-0.03879024088382721,0.11919958889484406,0.031799914651706104
1069.1356647014618,0.061917729675769806,1.3493878841400146,-0.02241901308298111,0.14625447243452072,0.03091635722408585
1069.2389013767242,0.07298354804515839,1.290003776550293,-0.007641687989234924,0.1536087840795517,0.030345117592774595
1069.3348195552826,0.1762857437133789,1.229440689086914,0.09944570064544678,0.25312578678131104,0.030504648491457308
1069.4335968494415,0.12229201942682266,1.0844637155532837,0.05451303720474243,0.1900710016489029,0.030939020176240672
1069.5332190990448,0.1798275262117386,1.0184440612792969,0.11617477238178253,0.24348028004169464,0.03276245516442076
1069.633947610855,0.0768367298701699,0.7984440612792969,0.026933976040213845,0.12673948370012594,0.034420460822706604
1069.733694076538,0.08214908035305465,0.5784440612792969,0.045996326523098596,0.11830183418301071,0.02720864852261951
1069.8336205482483,0.12234209105977363,0.3584440612792969,0.09993933722981757,0.1447448448897297,0.02780064569125859
1069.9334466457367,0.15881891136644471,0.13844406127929687,0.15016615753648865,0.16747166519640078,0.02713624441490508
1070.033716917038,0.16817460906226236,-0.08155593872070316,0.17327185523230632,0.1630773628922184,0.028801358623745346
1070.1334924697876,0.12865950167179108,-0.19086919724941254,0.14058882649987936,0.1167301768437028,0.0290566689954061
1070.233742237091,0.08418749272823334,-0.1671316921710968,0.09463322348892689,0.07374176196753979,0.03397590288756085
1070.3336889743805,0.07551275604973401,0.05286830782890323,0.07220848681042756,0.07881702528904046,0.04046282655547219
1070.4335312843323,0.08510410213303843,0.27286830782890326,0.06804983289373198,0.10215837137234487,0.036010429897224736
1070.5333585739136,0.09483004687247755,0.4928683078289033,0.06402577763317109,0.125634316111784,0.03391674363145037
1070.6334295272827,0.15158867835998535,0.4199204444885254,0.12534365057945251,0.1778337061405182,0.033812111951667854
1070.7335183620453,0.08005150407552719,0.4590606093406677,0.05136021599173546,0.10874279215931892,0.033705207470454135
1070.8335151672363,0.15319210290908813,0.41584596037864685,0.1272017303854227,0.17918247543275356,0.033569505887868334
1070.9339022636414,0.16557634598478535,0.19584596037864682,0.15333597346111993,0.17781671850845077,0.03346912036419396
1071.0337936878204,0.1736686285393969,-0.024154039621353207,0.17517825601573148,0.17215900106306234,0.033419887076905554
1071.133746623993,0.1726512296433115,-0.24415403962135324,0.18791085711964609,0.15739160216697692,0.03353498482215857
1071.2359108924866,0.16491210831069167,-0.46415403962135326,0.19392173578702626,0.13590248083435708,0.03372257631530701
1071.3336322307587,0.1487520933151245,-0.47511306405067444,0.17844665981829166,0.11905752681195736,0.03269945498366996
1071.4334814548492,0.1282757669687271,-0.39879491925239563,0.15320044942200184,0.10335108451545238,0.03258000588030422
1071.5334494113922,0.1100628674030304,-0.28454986214637756,0.127847233787179,0.0922785010188818,0.032365268331000445
1071.633854150772,0.234957775049017,-0.06454986214637753,0.23899214143316558,0.2309234086648684,0.0320539355955762
1071.7353346347809,0.16427144408226013,0.10131298005580902,0.15793938282877207,0.1706035053357482,0.03183836653317561
1071.8382046222687,0.23246626555919647,0.11032537370920181,0.22557092970237136,0.23936160141602159,0.03163751329026457
1071.9337174892426,0.18513670563697815,0.07013358175754547,0.18075335677713156,0.18952005449682474,0.03140370670265661
1072.0337002277374,0.2541602551937103,0.005859998986124992,0.2537940052570775,0.25452650513034314,0.03117290139271012
1072.133551120758,0.2769216001033783,-0.03046630695462227,0.2788257442880422,0.2750174559187144,0.02639595524684884
1072.233638048172,0.28803208470344543,-0.056738391518592834,0.2915782341733575,0.2844859352335334,0.02265078228913178
1072.3334341049194,0.35893651843070984,0.03078581392765045,0.3570124050602317,0.360860631801188,0.022116099921105654
1072.433613061905,0.1603059321641922,0.003551905043423176,0.16008393809897825,0.16052792622940615,0.021756351659381966
1072.533417224884,0.14294549822807312,0.13157355785369873,0.13472215086221695,0.1511688455939293,0.02126402111564137
1072.6337769031525,0.04577220231294632,0.14750006794929504,0.03655344806611538,0.05499095655977726,0.02099190242381551
1072.7359476089478,0.01809685118496418,0.11389420926570892,0.010978463105857372,0.025215239264070988,0.020805587017665193
1072.833659172058,0.0,0.02117200754582882,-0.0013232504716143012,0.0013232504716143012,0.025147271344129946
1072.9352798461914,0.09053704142570496,-0.009667590260505676,0.09114126581698656,0.08993281703442335,0.029240064681761876
1073.0335993766785,0.11435413360595703,-0.09448128938674927,0.12025921419262886,0.1084490530192852,0.02947243864074704
1073.133740901947,0.12514656782150269,-0.11992357671260834,0.1326417913660407,0.11765134427696466,0.029564140202001384
1073.2338588237762,0.1227530986070633,-0.040191031992435455,0.1252650381065905,0.12024115910753608,0.02964034980140449
1073.3336548805237,0.12041089046357992,0.17980896800756457,0.10917282996310713,0.1316489509640527,0.029829277823938065
1073.4337413311005,0.18481893837451935,0.1652456521987915,0.17449108511209488,0.19514679163694382,0.02617893344665559
1073.534509897232,0.14293262362480164,0.28279629349708557,0.1252578552812338,0.16060739196836948,0.022202269660130444
1073.6337585449219,0.1883731484413147,0.2106461375951767,0.17520776484161615,0.20153853204101324,0.022283910885581133
1073.7363154888153,0.09803895652294159,0.3459698557853699,0.07641584053635597,0.1196620725095272,0.02239555037246025
1073.833956003189,0.1723815340825601,0.12596985578536984,0.1645084180959745,0.1802546500691457,0.022532492267458428
1073.9337801933289,0.21886167502763335,-0.09403014421463018,0.22473855904104773,0.21298479101421897,0.02276862367277633
1074.0339577198029,0.24491077661514282,-0.3112635612487793,0.26436474919319153,0.22545680403709412,0.02308704945205099
1074.1340291500092,0.21689537167549133,-0.36774808168411255,0.23987962678074837,0.1939111165702343,0.023374827274434073
1074.2338314056396,0.17915885150432587,-0.3151289224624634,0.19885440915822983,0.1594632938504219,0.023755376363621454
1074.3334865570068,0.09482258558273315,-0.194674551486969,0.10698974505066872,0.08265542611479759,0.024191989040138997
1074.4335825443268,0.05239776521921158,-0.14902560412883759,0.06171186547726393,0.04308366496115923,0.024608156192609493
1074.533621788025,0.09135957807302475,0.00758491363376379,0.09088552097091451,0.09183363517513499,0.024961785486678757
1074.633635044098,0.16720643639564514,0.06784461438655853,0.16296614799648523,0.17144672479480505,0.02180169609685838
1074.7338337898254,0.21428775787353516,-0.011909245513379574,0.21503208571812138,0.21354343002894893,0.01646215227762811
1074.8339295387268,0.2079935520887375,-0.10447283834218979,0.21452310448512435,0.20146399969235063,0.016498412156483608
1074.933670282364,0.17934370040893555,-0.14840048551559448,0.1886187307536602,0.1700686700642109,0.01651436015740384
1075.033493757248,0.13763821125030518,-0.15509703755378723,0.14733177609741688,0.12794464640319347,0.016507317902192547
1075.133680343628,0.1932675689458847,-0.2946109175682068,0.21168075129389763,0.17485438659787178,0.016514188585387984
1075.2353374958038,0.2168571501970291,-0.11736180633306503,0.22419226309284568,0.20952203730121255,0.01649255210736321
1075.3336889743805,0.1732027789324207,0.102638193666935,0.16678789182823725,0.17961766603660415,0.016430936951791413
1075.4346435070038,0.2036360800266266,-0.03585035353899002,0.20587672712281346,0.2013954329304397,0.013813958024397766
1075.5335342884064,0.1593017578125,-0.01962677761912346,0.16052843141369522,0.15807508421130478,0.008429807008702342
1075.633933544159,0.23809644419349263,-0.2396267776191235,0.25307311779468783,0.2231197705922974,0.008141454981254941
1075.7344896793365,0.23247142136096954,-0.3264584541320801,0.25287507474422455,0.21206776797771454,0.0077746023412369305
1075.8364930152893,0.20089669525623322,-0.39966467022895813,0.2258757371455431,0.17591765336692333,0.007454890043786732
1075.9338915348053,0.17300547387391033,-0.6196646702289581,0.21173451576322022,0.13427643198460043,0.007179617650448586
1076.033499956131,0.1254114442208548,-0.8396646702289581,0.17789048611016467,0.07293240233154491,0.007542070777208281
1076.1339077949524,0.12346543312230958,-1.059664670228958,0.18969447501161946,0.0572363912329997,0.007583026144703273
1076.2338736057281,0.1506364643573761,-1.2062299251556396,0.22602583467960358,0.07524709403514862,0.00721725760505887
1076.3338096141815,0.133365660905838,-1.1615710258483887,0.2059638500213623,0.06076747179031372,0.0073692002579399335
1076.4336621761322,0.15063513815402985,-1.0684605836868286,0.21741392463445663,0.08385635167360306,0.007306988983798733
1076.5362784862518,0.14285723865032196,-0.9519461393356323,0.20235387235879898,0.08336060494184494,0.0066776397919466445
1076.6339373588562,0.14418959617614746,-0.7755093574523926,0.192658931016922,0.09572026133537292,0.005476582364802656
1076.7339718341827,0.12159201502799988,-0.579093337059021,0.1577853485941887,0.08539868146181107,0.0009366732472126267
1076.8338551521301,0.23837062906234713,-0.799093337059021,0.2883139626285359,0.18842729549615833,0.021192515356035512
1076.933867931366,0.2753697252617549,-1.019093337059021,0.33906305882794374,0.2116763916955661,0.019815194927497167
1077.0354962348938,0.2843172524256325,-1.239093337059021,0.3617605859918213,0.20687391885944367,0.01688037903690407
1077.1349244117737,0.29953843738249797,-1.459093337059021,0.3907317709486868,0.20834510381630916,0.0139925982172562
1077.2343440055847,0.3338209092617035,-1.631076455116272,0.4357631877064705,0.2318786308169365,0.010768688233405418
1077.3338923454285,0.11654484272003174,-1.815915584564209,0.2300395667552948,0.0030501186847686768,0.0077134586540193815
1077.4352283477783,0.04271780033202084,-1.595915584564209,0.1424625243672839,-0.05702692370324222,0.004932919153622722
1077.534387588501,0.1721700563952785,-1.815915584564209,0.28566478043054155,0.05867533236001543,0.003680477734626223
1077.638296365738,0.2716224491596222,-1.9333657026290894,0.3924578055739403,0.1507870927453041,0.00551262103376681
1077.7335600852966,0.3243655860424042,-1.8902156352996826,0.44250406324863434,0.206227108836174,0.011816841459714404
1077.833502292633,0.3032415509223938,-1.6733862161636353,0.407828189432621,0.1986549124121666,0.011339415856125202
1077.9340541362762,0.30853545665740967,-1.7541000843048096,0.41816671192646027,0.19890420138835907,0.014586103983931694
1078.0355744361877,0.22027126790141763,-1.5341000843048096,0.3161525231704682,0.12439001263236703,0.016317189747626616
1078.134114265442,0.14391008019447327,-1.4992738962173462,0.2376146987080574,0.05020546168088913,0.009296318134409358
1078.2337501049042,0.18214181708199925,-1.2792738962173462,0.2620964355955834,0.10218719856841511,0.00865385930229399
1078.3373897075653,0.1438345437740891,-1.0592738962173462,0.21003916228767325,0.07762992526050497,0.01029809383076455
1078.434408903122,0.14646634239521014,-0.8392738962173463,0.1989209609087943,0.094011723881626,0.014713759841139163
1078.53453207016,0.08390803737733213,-0.6192738962173463,0.12261265589091627,0.045203418863747985,0.016695962932765363
1078.6353449821472,0.14722187201255793,-0.39927389621734627,0.17217649052614206,0.12226725349897379,0.010615042138812751
1078.7364587783813,0.16474341980876547,-0.17927389621734624,0.17594803832234962,0.15353880129518133,0.010964007346040952
1078.8338928222656,0.13867906002227204,0.04072610378265379,0.13613367853585617,0.1412244415086879,0.011220907054313434
1078.9391889572144,0.10036882758140564,0.18839669227600098,0.08859403431415558,0.1121436208486557,0.011620246529335562
1079.0342283248901,0.09611064195632935,0.004536511842161417,0.09582710996619426,0.09639417394646443,0.013540455300447578
1079.133765220642,0.14035409688949585,-0.024417996406555176,0.14188022166490555,0.13882797211408615,0.013854937571291692
1079.234288930893,0.08857756853103638,-0.08408574759960175,0.09383292775601149,0.08332220930606127,0.005693443257879564
1079.3337523937225,0.15610535442829132,-0.23419000208377838,0.17074222955852747,0.14146847929805517,0.005585656164914961
1079.4361612796783,0.0666382908821106,-0.09931481629610062,0.07284546690061688,0.06043111486360431,0.011154049847454443
1079.533814907074,0.16948136687278748,-0.23536649346351624,0.18419177271425724,0.1547709610313177,0.022784607558155524
1079.6339576244354,0.05182551592588425,-0.03010106272995472,0.05370683234650642,0.04994419950526208,0.03225077135045226
1079.7352294921875,0.09529364854097366,0.17476412653923035,0.08437089063227177,0.10621640644967556,0.0448971377074716
1079.8339772224426,0.10653279228849223,-0.04523587346076968,0.10936003437979033,0.10370555019719413,0.05474639550574807
1079.9337301254272,0.0387975350022316,-0.23172739148139954,0.05328049696981907,0.024314573034644127,0.06708123668857482
1080.0349509716034,0.06043601921489576,-0.011727391481399507,0.061168981182483234,0.05970305724730829,0.07566617956602305
1080.1339056491852,0.08285927108912497,0.20827260851860052,0.06984223305671244,0.0958763091215375,0.08315061633529479
1080.2339899539948,0.07102060654183742,-0.011727391481399507,0.0717535685094249,0.07028764457424995,0.0913327324265352
1080.3338091373444,0.06838291514706701,-0.23172739148139954,0.08286587711465448,0.05389995317947954,0.09641986655790477
1080.43492770195,0.045744546568694894,-0.45172739148139956,0.07397750853628236,0.01751158460110742,0.09846286702710444
1080.5338761806488,0.08950463907875429,-0.6717273914813996,0.13148760104634177,0.04752167711116682,0.10363165418871587
1080.6476900577545,0.14606532454490662,-0.5629664063453674,0.18125072494149208,0.11087992414832115,0.10985228523719326
1080.7384948730469,0.1334954798221588,-0.5234276652336121,0.16620970889925957,0.10078125074505806,0.11577006844791404
1080.8426003456116,0.1133583096653427,-0.30342766523361203,0.13232253874244346,0.09439408058824195,0.12197496570992276
1080.9341294765472,0.08019457757472992,-0.18768608570098877,0.09192495793104172,0.06846419721841812,0.1317484266998727
1081.0443387031555,0.1282965363964949,0.03231391429901126,0.1262769167528067,0.13031615604018312,0.14278380517404046
1081.1339650154114,0.09517531841993332,-0.1732456386089325,0.1060031708329916,0.08434746600687504,0.15134249754034337
1081.2336847782135,0.12708067893981934,-0.21182619035243988,0.14031981583684683,0.11384154204279184,0.1589050695782797
1081.3348169326782,0.0,0.0,0.0,0.0,0.17212059738160565
1081.433871269226,0.0,0.0,0.0,0.0,0.18428014551009905
1081.535382270813,0.0,0.0,0.0,0.0,0.1934506285890977
1081.634078502655,0.0,0.0,0.0,0.0,0.19852311230402617
1081.7352619171143,0.0,0.0,0.0,0.0,0.19948607956253042
1081.8341925144196,0.0,0.0,0.0,0.0,0.19875077556514312
1081.9343781471252,0.0,0.0,0.0,0.0,0.19529003512980672
1082.0399761199951,0.0,0.0,0.0,0.0,0.1945563717473169
1082.1343512535095,0.0,0.0,0.0,0.0,0.1943781848425345
1082.2340269088745,0.0,0.0,0.0,0.0,0.1936065967265407
1084.1342477798462,0.1371499097491159,-0.22000000000000003,0.1508999097491159,0.1233999097491159,0.042486016978265574
1084.2351024150848,0.19716684520244598,-0.30730748176574707,0.21637356281280518,0.1779601275920868,0.042400786022654666
1084.336715221405,0.187332439558394,-0.527307481765747,0.2202891571687532,0.15437572194803478,0.04206045843800408
1084.4343104362488,0.1405302611370218,-0.747307481765747,0.187236978747381,0.09382354352666261,0.041490466729784216
1084.5343034267426,0.10046085194078472,-0.967307481765747,0.1609175695511439,0.04000413433042553,0.04314173512583932
1084.634107351303,0.05599692463874817,-1.0542815923690796,0.12188952416181564,-0.009895674884319305,0.04764117365078921
1084.7356560230255,0.039702191948890686,-0.9178252220153809,0.09706626832485199,-0.017661884427070618,0.051602785978459735
1084.8352088928223,0.07740145921707153,-1.0326560735702515,0.14194246381521225,0.012860454618930817,0.05504467519596612
1084.933824300766,0.014607701450586319,-0.8326715230941772,0.0666496716439724,-0.03743426874279976,0.05668716007806201
1085.0341911315918,0.07509204000234604,-0.8422150611877441,0.12773048132658005,0.02245359867811203,0.05761436213310848
1085.1357204914093,0.044933652688020624,-0.6222150611877442,0.08382209401225463,0.006045211363786614,0.0582034802859515
1085.234060049057,0.03419835865497589,-0.4696216583251953,0.0635497123003006,0.004847005009651184,0.058398155998471424
1085.3344824314117,0.03258198360581375,-0.2496216583251953,0.04818333725113846,0.01698062996048904,0.05837721621216034
1085.4340381622314,0.0,-0.08086803555488586,0.0050542522221803665,-0.0050542522221803665,0.05945885981229051
1085.5339398384094,0.015484277158975601,0.10103678703308105,0.009169477969408035,0.021799076348543167,0.060724777948935306
1085.635038137436,0.05799061059951782,0.21017421782016754,0.04485472198575735,0.0711264992132783,0.05707487970066399
1085.7354183197021,0.08458244728237445,0.43017421782016757,0.05769655866861398,0.11146833589613492,0.0521743785958223
1085.8339624404907,0.05164005525335409,0.6501742178201676,0.011004166639593617,0.09227594386711457,0.051933183484553475
1085.9338593482971,0.12932398915290833,0.6727771759033203,0.0872754156589508,0.17137256264686584,0.05022976940368356
1086.0339868068695,0.05640565664704823,0.4527771759033203,0.028107083153090715,0.08470423014100575,0.04744945068098249
1086.1339535713196,0.08393167704343796,0.4150725305080414,0.05798964388668537,0.10987371020019054,0.04628733885777409
1086.2339708805084,0.07994598150253296,0.34744858741760254,0.0582304447889328,0.10166151821613312,0.04486001453266038
1086.3340964317322,0.03620258208857939,0.1274485874176025,0.028237045374979234,0.04416811880217955,0.043271166361890656
1086.4342722892761,0.06033078418031072,0.34744858741760254,0.038615247466710564,0.08204632089391088,0.04173625748373768
1086.5342681407928,0.0,0.3801345229148865,-0.023758407682180405,0.023758407682180405,0.04059023842295639
1086.6340477466583,0.1374906599521637,0.3278965651988983,0.11699712462723255,0.15798419527709484,0.0401980012995948
1086.7343745231628,0.08100593197280184,0.10789656519889829,0.0742623966478707,0.08774946729773299,0.0394053644085667
1086.8339190483093,0.0429878830909729,0.0013675764203071594,0.0429024095647037,0.0430733566172421,0.03872115473603073
1086.9352419376373,0.028737258166074753,-0.07252662628889084,0.03327017230913043,0.024204344023019075,0.03782038573862446
1087.033925294876,0.0,-0.29252662628889087,0.01828291414305568,-0.01828291414305568,0.03674913709953282
1087.1367681026459,0.0,-0.07252662628889084,0.004532914143055677,-0.004532914143055677,0.03595380818791801
1087.2339735031128,0.0,0.14153890311717987,-0.008846181444823742,0.008846181444823742,0.03569839729997713
1087.3347024917603,0.2,-0.04596451669931412,0.20287278229370714,0.19712721770629288,0.035683875133652614
1087.4342210292816,0.18926405906677246,0.11938442289829254,0.18180253263562918,0.19672558549791574,0.03568769059832299
1087.5350069999695,0.13186366745148667,-0.10061557710170749,0.1381521410203434,0.12557519388262994,0.03537196622761275
1087.633883714676,0.07699035262083836,0.11938442289829254,0.06952882618969508,0.08445187905198165,0.034742531593064896
1087.7342267036438,0.0512840636074543,-0.0005216579884290695,0.05131666723173112,0.05125145998317748,0.03416729997530177
1087.835333108902,0.06509585518068683,0.21947834201157096,0.05137845880496365,0.07881325155641002,0.03298941129788161
1087.9379301071167,0.04180195927619934,0.3492438495159149,0.01997421868145466,0.06362969987094402,0.03248474377347613
1088.0338859558105,0.0,0.1292438495159149,-0.00807774059474468,0.00807774059474468,0.03252496021832337
1088.1347124576569,0.09948615741977891,-0.09075615048408514,0.10515841682503424,0.09381389801452358,0.0321365555602592
1088.233920097351,0.2,-0.2506440281867981,0.2156652517616749,0.18433474823832513,0.034230041417480844
1088.3340497016907,0.10089516639709473,-0.37173381447792053,0.12412852980196476,0.0776618029922247,0.04282770055842075
1088.4341144561768,0.09252303398790215,-0.1517338144779205,0.10200639739277219,0.08303967058303212,0.04256049072937515
1088.5350382328033,0.088616148040042,0.06826618552207953,0.08434951144491204,0.09288278463517197,0.04216724752168604
1088.6340925693512,0.06250046957338976,0.28826618552207955,0.04448383297825978,0.08051710616851973,0.04212569245354184
1088.7350993156433,0.030310439096939833,0.06826618552207953,0.026043802501809862,0.0345770756920698,0.04215561456471867
1088.834002494812,0.033245481935326476,-0.1517338144779205,0.04272884534019651,0.023762118530456445,0.04217598506948725
1088.9393210411072,0.038138992917908815,-0.37173381447792053,0.06137235632277885,0.014905629513038782,0.04223629590971534
1089.0338418483734,0.04827858992959762,-0.5917338144779205,0.08526195333446765,0.011295226524727586,0.04235777147992785
1089.1339809894562,0.04109743610024452,-0.45730412006378174,0.06967894360423088,0.012515928596258163,0.042339320720913814
1089.2341027259827,0.03927702098426723,-0.2373041200637817,0.05410852848825359,0.024445513480280876,0.042370155120917866
1089.3346920013428,0.09748342633247375,-0.30701494216918945,0.1166718602180481,0.07829499244689941,0.042442698984333095
1089.4339048862457,0.07330859370020372,-0.08701494216918942,0.07874702758577806,0.06787015981462938,0.04342772974471546
1089.534146785736,0.0,0.1329850578308106,-0.008311566114425663,0.008311566114425663,0.050144071772401926
1089.635810136795,0.052414926622494674,0.35298505783081063,0.03035336050806901,0.07447649273692034,0.05029090528157129
1089.7348725795746,0.11338389664888382,0.5179017782211304,0.08101503551006317,0.14575275778770447,0.05049250373952265
1089.8343966007233,0.07783809635639835,0.7379017782211303,0.031719235217577704,0.123956957495219,0.050699147805194446
1089.9347078800201,0.08616946866116496,0.5179017782211304,0.05380060752234431,0.1185383297999856,0.050867693487961586
1090.033985376358,0.1302291303873062,0.4880879521369934,0.09972363337874413,0.1607346273958683,0.0511907984361818
1090.1339690685272,0.06536985504417005,0.2680879521369934,0.04861435803560796,0.08212535205273214,0.051597095005075644
1090.2386503219604,0.049240105424353975,0.04808795213699335,0.04623460841579189,0.05224560243291606,0.052260447184751584
1090.3351881504059,0.0665577230123314,-0.17191204786300665,0.07730222600376932,0.055813220020893485,0.05294219638190172
1090.4358100891113,0.11152034307879258,-0.3919120478630067,0.1360148460702305,0.08702584008735466,0.05398136758084605
1090.5394477844238,0.2,-0.3942655622959137,0.22464159764349462,0.1753584023565054,0.05499972055068442
1090.6355760097504,0.08858374739012677,-0.17426556229591367,0.09947534503362138,0.07769214974663216,0.05590703680423553
1090.740831375122,0.0,-0.17320528626441956,0.010825330391526222,-0.010825330391526222,0.05706675366748863
1090.8356339931488,0.0,0.04679471373558047,-0.0029246696084737796,0.0029246696084737796,0.07641363618470748
1090.9357969760895,0.06894880533218384,-0.10950469970703125,0.07579284906387329,0.062104761600494385,0.07857557453144044
1091.0342276096344,0.0,0.11049530029296878,-0.006905956268310549,0.006905956268310549,0.07966573052419108
1091.1347155570984,0.01486291946756732,-0.10950469970703125,0.021706963199256774,0.008018875735877867,0.08022206292092815
1091.2343854904175,0.056776242382774275,-0.3295046997070313,0.07737028611446373,0.036182198651084824,0.08011009711955103
1091.3348109722137,0.033317528665065765,-0.4800732731819153,0.06332210823893547,0.00331294909119606,0.08052092272198517
1091.433960199356,0.026145221261055594,-0.26007327318191525,0.0423998008349253,0.00989064168718589,0.08073470206038694
1091.5342483520508,0.021452591457647805,-0.040073273181915225,0.023957171031517507,0.018948011883778103,0.08121199454231301
1091.635891675949,0.021374693488226543,0.1799267268180848,0.010129273062096242,0.032620113914356846,0.08180014942580718
1091.7410502433777,0.04545820436999631,0.39992672681808483,0.02046278394386601,0.07045362479612662,0.08234917676503746
1091.8347418308258,0.023957659997583487,0.1799267268180848,0.012712239571453187,0.035203080423713784,0.08246691062292782
1091.9342432022095,0.0,0.39992672681808483,-0.024995420426130302,0.024995420426130302,0.0826116656111283
1092.0342936515808,0.0,0.6199267268180848,-0.0387454204261303,0.0387454204261303,0.08261017879272313
1092.1364305019379,0.018554324264545348,0.8399267268180848,-0.03394109616158495,0.07104974469067565,0.08255344133720305
1092.2353291511536,0.0,0.6427275538444519,-0.040170472115278244,0.040170472115278244,0.08264253350002176
1092.334127664566,0.0,0.4227275538444519,-0.026420472115278242,0.026420472115278242,0.08253560348013
1092.4341056346893,0.0,0.20272755384445185,-0.01267047211527824,0.01267047211527824,0.08290052092278057
1092.5374314785004,0.022467646879116655,-0.017272446155548182,0.023547174763838417,0.021388118994394894,0.08327187510752594
1092.634375333786,0.059527653336317425,-0.2372724461555482,0.07435718122103918,0.04469812545159566,0.08343920045520838
1092.7366907596588,0.06724701744842075,-0.45727244615554824,0.09582654533314251,0.03866748956369899,0.08355676283455532
1092.8358762264252,0.06085309919376672,-0.2372724461555482,0.07568262707848848,0.046023571309044956,0.08350059628054579
1092.9342379570007,0.055260172083601476,-0.01727244615554821,0.05633969996832324,0.05418064419887971,0.08409190866122632
1093.0343403816223,0.051042210222050556,0.20272755384445182,0.038371738106772316,0.0637126823373288,0.08492412512091849
1093.1358575820923,0.050041348510576136,0.4227275538444518,0.023620876395297898,0.07646182062585438,0.08625482637234533
1093.2345428466797,0.04820294479918131,0.6427275538444519,0.008032472683903065,0.08837341691445955,0.08774310330849117
1093.3351526260376,0.05652856981568821,0.8627275538444519,0.00260809770040997,0.11044904193096645,0.10674419274816628
1093.434236049652,0.064747633462096,1.0827275538444519,-0.0029228386531822415,0.13241810557737424,0.11277365743935733
1093.5342428684235,0.0731433827771227,1.3027275538444518,-0.008277089338155533,0.15456385489240093,0.11343454901012312
1093.6343050003052,0.08181553923999253,1.5227275538444518,-0.013354932875285705,0.17698601135527076,0.11453630876930278
1093.7364897727966,0.08718739741678563,1.7427275538444518,-0.021733074698492602,0.19610786953206388,0.11605248473384713
1093.834499835968,0.08972106169041691,1.9627275538444517,-0.032949410424861325,0.21239153380569514,0.11824031269286181
1093.9342048168182,0.091032293000387,2.182727553844452,-0.04538817911489125,0.22745276511566526,0.12015647344759621
1094.0342948436737,0.09201925062546157,2.402727553844452,-0.05815122148981669,0.24218972274073983,0.12177564668732303
1094.1341161727905,0.10116567840879306,2.6227275538444523,-0.0627547937064852,0.26508615052407136,0.146250345817454
1094.2358317375183,0.11038666381292236,2.8427275538444525,-0.06728380830235592,0.28805713592820065,0.15751300808022323
1094.3350794315338,0.11952548816322214,3.0627275538444527,-0.07189498395205615,0.3109459602785004,0.1599312516575704
1094.4341433048248,0.12171316134341766,3.282727553844453,-0.08345731077186065,0.326883633458696,0.16288750483532732
1094.5342156887054,0.13174249858865525,3.502727553844453,-0.08717797352662307,0.3506629707039336,0.16670445021043806
1094.6351215839386,0.1419773238805469,3.7227275538444533,-0.09069314823473143,0.3746477959958252,0.17148291189996698
1094.7351927757263,0.15197126744732542,3.9427275538444535,-0.09444920466795292,0.39839173956260376,0.19056202952914755
1094.8344023227692,0.16196521101410394,4.162727553844453,-0.09820526110117439,0.42213568312938227,0.20621241017210457
1094.9341826438904,0.17195915458088246,4.382727553844453,-0.10196131753439586,0.44587962669616077,0.21676452521659045
1095.0352101325989,0.18195309814766097,4.602727553844453,-0.10571737396761732,0.46962357026293927,0.23288485123543193
1095.134334564209,0.16996605694293976,4.779099941253662,-0.12872768938541412,0.46865980327129364,0.21572933396166574
1095.234557390213,0.2,4.778810501098633,-0.09867565631866454,0.49867565631866456,0.203483062509143
1095.3349511623383,0.2,4.860217571258545,-0.10376359820365905,0.503763598203659,0.2063506280970792
1095.4362165927887,0.2,4.861387252807617,-0.10383670330047606,0.503836703300476,0.21180885207312736
1095.5342321395874,0.2,4.904746055603027,-0.1065466284751892,0.5065466284751892,0.22457612372701055
1095.63445520401,0.2,4.71213436126709,-0.0945083975791931,0.4945083975791931,0.2340456824535876
1095.7353973388672,0.2,4.738517761230469,-0.09615736007690429,0.4961573600769043,0.23144381550700838
1095.834409236908,0.2,4.710379600524902,-0.09439872503280639,0.4943987250328064,0.21964990385777758
1095.934124469757,0.2,4.570788383483887,-0.08567427396774291,0.48567427396774293,0.21871644289872708
1096.0342717170715,0.2,4.350788383483887,-0.07192427396774292,0.47192427396774295,0.21814408703405908
1096.1346514225006,0.1761190324206048,4.130788383483887,-0.08205524154713814,0.43429330638834773,0.20900479410451558
1096.2349424362183,0.17969509849204376,3.910788383483887,-0.06472917547569917,0.4241193724597867,0.19618833430731478
1096.3363037109375,0.1707731082413487,3.690788383483887,-0.05990116572639423,0.4014473822090916,0.1770863973418759
1096.4347586631775,0.1517699503488205,3.4707883834838866,-0.06515432361892243,0.3686942243165634,0.15911540672412725
1096.536681175232,0.09415558883728373,3.2507883834838864,-0.10901868513045918,0.2973298628050266,0.14341205250890982
1096.634176492691,0.06351896416864977,3.0307883834838862,-0.12590530979909312,0.25294323813639263,0.12275747083134413
1096.736486673355,0.03365305783067299,2.810788383483886,-0.1420212161370699,0.20932733179841587,0.10942767313878407
1096.834774017334,0.02872078269713893,2.590788383483886,-0.13320349127060394,0.1906450566648818,0.1019585411680622
1096.9344019889832,0.022466337063455598,2.3707883834838857,-0.12570793690428725,0.17064061103119846,0.09388221424106473
1097.0346250534058,0.01574393829078763,2.1507883834838855,-0.11868033567695521,0.15016821225853047,0.08953285644854495
1097.1342480182648,0.010408875330141794,1.9307883834838855,-0.11026539863760104,0.13108314929788464,0.09181166350950838
1097.234292268753,0.0,1.7107883834838855,-0.10692427396774284,0.10692427396774284,0.09839698841679784
1097.336525440216,0.03209073776176939,1.4907883834838855,-0.061083536205973454,0.12526501172951224,0.09693842867339927
1097.434327363968,0.06576011606652439,1.2707883834838856,-0.013664157901218457,0.14518439003426725,0.11231421832413407
1097.5344302654266,0.062241306616861926,1.0507883834838856,-0.0034329673508809236,0.12791558058460478,0.13404443831295282
1097.6343891620636,0.09635086946860569,0.8307883834838856,0.04442659550086284,0.14827514343634854,0.13819328116378818
1097.734141588211,0.12440440530932809,0.6107883834838856,0.08623013134158523,0.16257867927707093,0.13983261727330654
1097.835916519165,0.10200269958117615,0.3907883834838856,0.0775784256134333,0.126426973548919,0.14217898535720294
1097.9345908164978,0.06893063336610794,0.21135136485099792,0.05572117306292057,0.08214009366929531,0.14358683974085593
1098.0342056751251,0.0842708528207789,-0.008648635149002076,0.08481139251759152,0.08373031312396627,0.14390007220723666
1098.134251832962,0.09245221251903565,-0.2286486351490021,0.10674275221584828,0.07816167282222303,0.1434668905102055
1098.2345666885376,0.10773993839219942,-0.4486486351490021,0.13578047808901206,0.07969939869538678,0.14473823994829546
1098.3343410491943,0.10283756973701376,-0.6686486351490022,0.1446281094338264,0.06104703004020112,0.1466078841595949
1098.4342987537384,0.028168577700853348,-0.627156138420105,0.06736583635210991,-0.011028680950403214,0.15087561193828328
1098.5343523025513,0.020860064774751663,-0.5361350774765015,0.054368507117033005,-0.012648377567529678,0.15513002389384117
1098.6348021030426,0.015402989056306667,-0.31613507747650144,0.035161431398588,-0.004355453285974673,0.16004038614632693
1098.7357833385468,0.033861462677899856,-0.09613507747650141,0.039869905020181194,0.027853020335618518,0.1615068140057765
1098.834701538086,0.012651029974222183,0.07481492310762405,0.00797509727999568,0.017326962668448687,0.15754425115198908
1098.934578180313,0.05613973485152372,0.2948149231076241,0.03771380215729722,0.07456566754575022,0.15782881788363418
1099.0342586040497,0.0,0.10113263875246048,-0.00632078992202878,0.00632078992202878,0.1581767354582608
1099.1345989704132,0.0,0.2190459966659546,-0.013690374791622162,0.013690374791622162,0.15888804156362316
1099.2345650196075,0.014562561974361366,-0.000954003334045439,0.014622187182739206,0.014502936765983526,0.1594206211426129
1099.335361480713,0.0,-0.22095400333404547,0.013809625208377842,-0.013809625208377842,0.1616682341312541
1099.4345152378082,0.032039619982242584,-0.4392842948436737,0.05949488840997219,0.004584351554512978,0.16281141309315397
1099.5348374843597,0.011536014266312122,-0.49861574172973633,0.04269949812442064,-0.019627469591796398,0.16322170749143272
1099.6345586776733,0.02804400958120823,-0.4745362102985382,0.05770252272486687,-0.001614503562450409,0.16393202756282138
1099.7353281974792,0.022771198594731982,-0.6945362102985382,0.06617971173839061,-0.020637314548926654,0.163801265053182
1099.8352971076965,0.020529590984924385,-0.9145362102985382,0.07768810412858301,-0.03662892215873425,0.16354949693997564
1099.9359357357025,0.01863980955872614,-1.1345362102985381,0.08954832270238477,-0.05226870358493249,0.16435764222007543
1100.035757303238,0.023263394604720454,-1.354536210298538,0.10792190774837909,-0.06139511853893818,0.16477972851873854
1100.134791135788,0.03699200257143039,-1.574536210298538,0.13540051571508901,-0.06141651057222824,0.16568656040722718
1100.2343742847443,0.04623542850779506,-1.794536210298538,0.15839394165145368,-0.06592308463586358,0.1677659405969078
1100.335904598236,0.05476614815756237,-2.0145362102985382,0.180674661301221,-0.07114236498609627,0.17009890839434635
1100.4341666698456,0.06546848777914972,-2.2345362102985384,0.2051270009228084,-0.07419002536450893,0.17332081077509817
1100.5349996089935,0.07318401416349771,-2.4545362102985386,0.22659252730715637,-0.08022449898016096,0.17686821302365993
1100.6345491409302,0.07679677274793177,-2.674536210298539,0.24395528589159043,-0.0903617403957269,0.1801593574298094
1100.7356412410736,0.07776966762369705,-2.894536210298539,0.2586781807673557,-0.10313884551996164,0.18322586951027495
1100.8372247219086,0.07501692245115574,-3.114536210298539,0.26967543559481444,-0.11964159069250296,0.1846790997768823
1100.935676574707,0.07479663792263766,-3.3345362102985394,0.2832051510662964,-0.13361187522102105,0.17915128939082545
1101.0357012748718,0.07973434790146382,-3.5545362102985396,0.30189286104512253,-0.14242416524219492,0.18102673684760226
1101.1346263885498,0.09198053666829427,-3.77453621029854,0.327889049811953,-0.14392797647536448,0.18427805232850125
1101.235281944275,0.11561216736266926,-3.99453621029854,0.365270680506328,-0.1340463457809895,0.1880650010676638
1101.3351459503174,0.1277637601060409,-4.21453621029854,0.39117227324969966,-0.13564475303761786,0.21610262986248685
1101.4352073669434,0.13993464789829502,-4.43453621029854,0.41709316104195376,-0.13722386524536373,0.219199627664158
1101.5367844104767,0.1723943222432666,-4.65453621029854,0.4633028353869253,-0.11851419090039214,0.270438830164821
1101.6359148025513,0.10279112987837606,-4.8745362102985395,0.4074496430220348,-0.20186738326528264,0.4116125690688194
1101.7371997833252,0.11820003181207664,-4.65453621029854,0.40910854495573534,-0.1727084813315821,0.5638098307874906
1101.8347392082214,0.12330919278117569,-4.43453621029854,0.40046770592483444,-0.15384932036248306,0.6164885168943677
1101.934387922287,0.12921251764768088,-4.21453621029854,0.39262103079133964,-0.13419599549597788,0.6339236682161011
1102.0352129936218,0.14090833884577605,-3.99453621029854,0.3905668519894348,-0.1087501742978827,0.6382938471510297
1102.1346428394318,0.14962306312557777,-3.77453621029854,0.3855315762692365,-0.08628545001808097,0.6378192481871514
1102.2345921993256,0.1560860046366613,-3.5545362102985396,0.37824451778032003,-0.06607250850699742,0.636657683963487
1102.3351941108704,0.16115313474203824,-3.3345362102985394,0.36956164788569695,-0.047255378401620474,0.6393187613907433
1102.4353396892548,0.16526222546482253,-3.114536210298539,0.3599207386084812,-0.029396287678836175,0.6481267972592446
1102.5350399017334,0.16862617311582268,-2.894536210298539,0.34953468625948136,-0.012282340027836014,0.6427316293698013
1102.634465932846,0.17136200580748395,-2.674536210298539,0.33852051895114266,0.004203492663825276,0.625681977468632
1102.7401912212372,0.17365585381160595,-2.4545362102985386,0.32706436695526464,0.020247340667947283,0.618218311743257
1102.8399744033813,0.17568859818471416,-2.2345362102985384,0.3153471113283728,0.03603008504105551,0.5997436936319235
1102.9345071315765,0.1776217768579594,-2.0145362102985382,0.303530290001618,0.05171326371430077,0.5845750857689608
1103.0036902427673,0.0,0.0,0.0,0.0,0.5743026275542298
1103.0345392227173,0.1971861969116708,-1.7945362102985383,0.30934471005532943,0.08502768376801216,0.5691241492548702
1103.1345002651215,0.1730122833001139,-1.5745362102985383,0.27142079644377254,0.07460377015645525,0.5453893511882606
1103.234873533249,0.148838369688557,-1.3545362102985383,0.23349688283221565,0.06417985654489834,0.5207100406355331
1103.336222410202,0.12466445607700008,-1.1345362102985384,0.19557296922065873,0.05375594293334143,0.4958312827925879
1103.4352073669434,0.10049054246544317,-0.9145362102985384,0.1576490556091018,0.043332029321784524,0.4745122330399421
1103.5365138053894,0.07631662885388626,-0.6945362102985384,0.11972514199754491,0.032908115710227615,0.4443718063545458
1103.636547088623,0.05214271524232937,-0.4745362102985384,0.08180122838598802,0.022484202098670723,0.4091828344043592
1103.739671945572,0.027968801630772474,-0.25453621029853835,0.04387731477443112,0.012060288487113827,0.3789363540225603
1103.8352642059326,0.0,-0.03453621029853832,0.002158513143658645,-0.002158513143658645,0.3611927032590818
1103.9366722106934,0.0,0.0,0.0,0.0,0.36362865286208484
1104.0347666740417,0.0,0.0,0.0,0.0,0.3332386574229596
1117.8186349868774,0.48315300000000017,3.119722858696951,0.2881703213314407,0.6781356786685596,0.27095834392446394
1118.3446207046509,0.0,0.0,0.0,0.0,0.36331206811243394
1119.5099546909332,0.0,3.119722858696951,-0.19498267866855945,0.19498267866855945,0.4195653648030256
1120.0295147895813,0.0,3.119722858696951,-0.19498267866855945,0.19498267866855945,0.42913651507211203
1120.0600409507751,0.0,3.119722858696951,-0.19498267866855945,0.19498267866855945,0.4297747955520954
1120.0937411785126,0.0,3.119722858696951,-0.19498267866855945,0.19498267866855945,0.4301254170656528
1120.1260645389557,0.0,3.119722858696951,-0.19498267866855945,0.19498267866855945,0.43192379100174755
1120.1561200618744,0.0,3.119722858696951,-0.19498267866855945,0.19498267866855945,0.4324998422616993
1120.2011847496033,0.0,3.119722858696951,-0.19498267866855945,0.19498267866855945,0.43268672282639226
1120.263692855835,0.0,3.119722858696951,-0.19498267866855945,0.19498267866855945,0.4347871516430635
1120.264903306961,0.0,3.119722858696951,-0.19498267866855945,0.19498267866855945,0.4347871516430635
1120.3247623443604,0.0,3.119722858696951,-0.19498267866855945,0.19498267866855945,0.436547013276073
1120.3263463974,0.0,3.119722858696951,-0.19498267866855945,0.19498267866855945,0.436547013276073
1120.3687899112701,0.0,3.119722858696951,-0.19498267866855945,0.19498267866855945,0.4370760811139708
1120.3701276779175,0.0,3.119722858696951,-0.19498267866855945,0.19498267866855945,0.4370760811139708
1120.4008719921112,0.0,3.119722858696951,-0.19498267866855945,0.19498267866855945,0.43714145533032955
1120.4515058994293,0.0,3.119722858696951,-0.19498267866855945,0.19498267866855945,0.4347673749059341
1120.4785368442535,0.0,3.119722858696951,-0.19498267866855945,0.19498267866855945,0.4347673749059341
1120.5252356529236,0.0,3.119722858696951,-0.19498267866855945,0.19498267866855945,0.4343128071208486
1120.5444633960724,0.0,3.119722858696951,-0.19498267866855945,0.19498267866855945,0.4343128071208486
1120.5713658332825,0.0,3.119722858696951,-0.19498267866855945,0.19498267866855945,0.4346253027847938
1120.5932257175446,0.0,3.119722858696951,-0.19498267866855945,0.19498267866855945,0.43582864888896955
1120.6498336791992,0.0,3.119722858696951,-0.19498267866855945,0.19498267866855945,0.4433573694471498
1120.8636028766632,0.48315300000000017,0.0,0.48315300000000017,0.48315300000000017,0.43710698577002016
1121.3844630718231,0.48315300000000017,3.119722858696951,0.2881703213314407,0.6781356786685596,0.3778846113998929
1121.909452676773,0.48315300000000017,0.0,0.48315300000000017,0.48315300000000017,0.2784836322396391
1125.3589646816254,0.48315300000000017,3.119722858696951,0.2881703213314407,0.6781356786685596,1.2843105298199988
1127.659346818924,0.0,0.0,0.0,0.0,1.6336898179309787
1146.676421403885,0.0,0.0,0.0,0.0,1.5639331759027806
1150.2357833385468,0.2,0.11657921430049714,0.19271379910621894,0.20728620089378108,0.023230622833018782
1150.3363144397736,0.2016528844833374,0.12602995336055756,0.19377601239830256,0.20952975656837225,0.02324477297434087
1150.4365434646606,0.0,0.0,0.0,0.0,0.022856614691755102
1150.5364346504211,0.0,0.0,0.0,0.0,0.02217574762351166
1150.6413822174072,0.0,0.0,0.0,0.0,0.020833515549962187
1150.7361130714417,0.0,0.0,0.0,0.0,0.019600554393478953
1150.8363010883331,0.0,0.0,0.0,0.0,0.01919252419246493
1150.9368214607239,0.0,0.0,0.0,0.0,0.019279018726970527
1151.0369563102722,0.0,0.0,0.0,0.0,0.0192609628141901
1151.1374728679657,0.0,0.0,0.0,0.0,0.019240057897919723
1151.2372856140137,0.0,0.0,0.0,0.0,0.019262838472696713
1151.3359880447388,0.0,0.0,0.0,0.0,0.01926768877047982
1152.535885334015,0.0,-0.016034260392189026,0.0010021412745118141,-0.0010021412745118141,0.04248265271290223
1152.6380772590637,0.010350843891501427,-0.03911684453487396,0.01279564667493105,0.007906041108071804,0.04242239319232656
1152.736129283905,0.016807114705443382,-0.057682767510414124,0.020412287674844265,0.0132019417360425,0.042603782835431335
1152.8368918895721,0.2168071147054434,0.0047939907114634,0.21650749028597693,0.21710673912490985,0.04249536237139907
1152.9376633167267,0.11010215107862838,0.22479399071146344,0.09605252665916192,0.12415177549809484,0.04175928991589336
1153.035992383957,0.029330573976039886,0.26483017206192017,0.012778688222169876,0.0458824597299099,0.040832327297375945
1153.1363780498505,0.0,0.3683284819126129,-0.023020530119538307,0.023020530119538307,0.03794703467216906
1153.2360076904297,0.0,0.2617131471633911,-0.016357071697711945,0.016357071697711945,0.03629059293401214
1153.3358855247498,0.0,0.29533058404922485,-0.018458161503076553,0.018458161503076553,0.03689092928782267
1153.4360427856445,0.0,0.20264658331871033,-0.012665411457419395,0.012665411457419395,0.03706384928676512
1153.5362050533295,0.05800304934382439,0.057792291045188904,0.05439103115350008,0.06161506753414869,0.03711250261335469
1153.6365993022919,0.08507627248764038,0.14172571897506714,0.07621841505169868,0.09393412992358208,0.037094823792133705
1153.7363057136536,0.2850762724876404,0.0014229205797362532,0.2849873399514069,0.2851652050238739,0.037128840016821575
1153.8368918895721,0.3185722827911377,0.04348134249448776,0.3158546988852322,0.3212898666970432,0.03723141128664606
1153.9368517398834,0.28496330976486206,0.16257961094379425,0.2748020840808749,0.2951245354488492,0.037563180711950056
1154.0418689250946,0.2896743416786194,0.18068712949752808,0.2783813960850239,0.3009672872722149,0.03819773580789399
1154.1361186504364,0.3721374273300171,0.14245769381523132,0.36323382146656513,0.38104103319346905,0.03889488826366865
1154.23659157753,0.33828237652778625,0.09443137049674988,0.3323804158717394,0.3441843371838331,0.039563367345672666
1154.3360793590546,0.41329634189605713,0.1362120360136032,0.40478308964520693,0.42180959414690733,0.04006268247559782
1154.4378552436829,0.3899514079093933,0.05550238490104675,0.3864825088530779,0.39342030696570873,0.040593730174783835
1154.5365324020386,0.30832186341285706,0.10798828303813934,0.30157259572297335,0.31507113110274076,0.04110701267407143
1154.6366245746613,0.2998707890510559,-0.010175179690122604,0.30050673778168857,0.29923484032042325,0.04432514776369993
1154.7371542453766,0.21422314643859863,0.15867765247821808,0.20430579315871,0.22414049971848726,0.048796008559037866
1154.8359577655792,0.23974746465682983,0.001092350110411644,0.2396791927749291,0.23981573653873056,0.050200226304206404
1154.938815355301,0.2858943045139313,0.1983201652765274,0.2734992941841483,0.29828931484371424,0.051385781380794644
1155.0365495681763,0.29142701625823975,0.008712117560207844,0.29088250891072676,0.29197152360575274,0.056511242039607126
1155.1361243724823,0.24759042263031006,0.06022243946790695,0.24382652016356587,0.25135432509705424,0.06204870827377473
1155.2360830307007,0.19734834134578705,-0.09146427363157272,0.20306485844776034,0.19163182424381375,0.0626551257134361
1155.3363654613495,0.15897859632968903,0.05043509602546692,0.15582640282809734,0.1621307898312807,0.06313842556494648
1155.4387111663818,0.1678466796875,-0.10224476456642151,0.17423697747290134,0.16145638190209866,0.061866167473034056
1155.5370376110077,0.2770240306854248,-0.08023494482040405,0.28203871473670006,0.27200934663414955,0.05965217626742266
1155.6369652748108,0.1668088138103485,-0.11460090428590775,0.17397137032821774,0.15964625729247928,0.0596905441873886
1155.738093137741,0.23164208233356476,-0.15309934318065643,0.24121079128235579,0.22207337338477373,0.05976366250867294
1155.8364472389221,0.1257466822862625,-0.14000685513019562,0.13449711073189974,0.11699625384062529,0.05976995597740765
1155.9411776065826,0.10536111146211624,-0.12803249061107635,0.11336314212530851,0.09735908079892397,0.060740989816371
1156.0365419387817,0.06072189658880234,-0.08815741539001465,0.06623173505067825,0.05521205812692642,0.06261128889726078
1156.1365878582,0.07989117503166199,0.011200407519936562,0.07919114956166595,0.08059120050165802,0.06273267082897838
1156.2359914779663,0.2574811577796936,-0.14966875314712524,0.26683545485138893,0.24812686070799828,0.06286185161814742
1156.3363275527954,0.18738137273102917,0.07033124685287478,0.1829856698027245,0.19177707565933386,0.06297310749514935
1156.4360847473145,0.2354607731103897,0.0444364920258522,0.23268349235877395,0.23823805386200547,0.06307045935392272
1156.5361049175262,0.141286700963974,0.2503206729888916,0.12564165890216827,0.15693174302577972,0.06331654580225808
1156.637058019638,0.10409905016422272,0.32754722237586975,0.08362734876573086,0.12457075156271458,0.06395241296039625
1156.7360453605652,0.1400267779827118,0.3545672595500946,0.11786632426083088,0.1621872317045927,0.06459689281331717
1156.8367788791656,0.14626561105251312,0.4173676669597626,0.12018013186752796,0.17235109023749828,0.06479976914336912
1156.9363510608673,0.34626561105251313,0.31837297774895684,0.32636729994320335,0.3661639221618229,0.064931511626814
1157.0364224910736,0.35583367943763733,0.13405942916870117,0.3474549651145935,0.36421239376068115,0.06506932018837798
1157.1365196704865,0.25450390577316284,0.1055712103843689,0.24790570512413979,0.2611021064221859,0.06524265733644694
1157.2366304397583,0.1903578571106822,0.32557121038436887,0.17000965646165916,0.21070605775970525,0.06539973683152231
1157.3359739780426,0.3007427155971527,0.22258830070495605,0.28683094680309296,0.31465448439121246,0.06538186687898838
1157.4371690750122,0.30463719367980957,0.1915455013513565,0.2926655998453498,0.31660878751426935,0.06529075478096298
1157.5364112854004,0.14553268253803253,0.26116302609443665,0.12920999340713024,0.16185537166893482,0.06750244614430755
1157.6363537311554,0.12283777445554733,0.16159144043922424,0.11273830942809582,0.13293723948299885,0.07510456603753252
1157.7363069057465,0.20677795616781997,-0.058408559560775786,0.21042849114036846,0.20312742119527147,0.07462724139703872
1157.8368782997131,0.0,0.0,0.0,0.0,0.07406975287213749
1157.9368205070496,0.0,0.0,0.0,0.0,0.0735847461180007
1158.0364236831665,0.0,0.0,0.0,0.0,0.07456317978885138
1158.1383774280548,0.0,0.0,0.0,0.0,0.08039725907196395
1158.2364673614502,0.0,0.0,0.0,0.0,0.08029567552451718
1158.337170600891,0.0,0.0,0.0,0.0,0.08032047758920352
1158.4363324642181,0.0,0.0,0.0,0.0,0.08032168665884282
1158.5366425514221,0.0,0.0,0.0,0.0,0.08032230731214196
1158.6430027484894,0.0,0.0,0.0,0.0,0.08032598356762252
1158.7362930774689,0.0,0.0,0.0,0.0,0.08032195736101179
1170.6718606948853,0.0,0.0,0.0,0.0,0.0800800212700579
1179.0374484062195,0.1559651792049408,0.089867003262043,0.1503484915010631,0.16158186690881848,0.03009194871375423
1179.138324022293,0.13760653138160706,0.04851216822862625,0.13457452086731791,0.1406385418958962,0.03010544908575559
1179.2368733882904,0.05657130479812622,0.033924978226423264,0.05445099365897477,0.058691615937277675,0.030191297081252417
1179.3374252319336,0.08004784963799774,-0.18607502177357674,0.09167753849884629,0.0684181607771492,0.030550151039293576
1179.436960697174,0.08120664209127426,-0.312900573015213,0.10076292790472507,0.06165035627782345,0.031126793061800388
1179.5370733737946,0.14376366138458252,-0.42054283618927,0.1700475886464119,0.11747973412275314,0.03163488133859862
1179.638605594635,0.06869853287935257,-0.3512275218963623,0.09065025299787521,0.046746812760829926,0.032128582568819106
1179.738305091858,0.2686985328793526,-0.3755240560186687,0.29216878638051935,0.24522827937818578,0.055634776340541786
1179.836718082428,0.09064488857984543,-0.22145143151283264,0.10448560304939747,0.07680417411029339,0.04875384351411331
1179.9377057552338,0.044037505984306335,-0.15550227463245392,0.053756398148834705,0.034318613819777966,0.044978782243908666
1180.0366818904877,0.0,-0.11641015857458115,0.007275634910911322,-0.007275634910911322,0.03176363784877311
1180.136775970459,0.12476243134268114,0.10358984142541888,0.11828806625359246,0.13123679643176983,0.01722896594190802
1180.2368409633636,0.18277505344614076,0.3235898414254189,0.16255068835705208,0.20299941853522943,0.010210766406940115
1180.337075471878,0.22065849576042662,0.543589841425419,0.18668413067133793,0.2546328608495153,0.008763306903697645
1180.436772108078,0.22016849460209753,0.763589841425419,0.17244412951300886,0.2678928596911862,0.0070166633653725155
1180.5397417545319,0.2176417666759536,0.9835898414254189,0.15616740158686493,0.2791161317650423,0.0036813518541159084
1180.637538909912,0.22040152725575948,1.203589841425419,0.14517716216667081,0.29562589234484815,0.0008435630913140988
1180.7372291088104,0.2110732997070551,1.423589841425419,0.12209893461796642,0.30004766479614375,0.0059665877179569905
1180.8367745876312,0.18490417118404454,1.6435898414254189,0.08217980609495586,0.28762853627313323,0.011290846949802638
1180.9376533031464,0.06936440616846085,1.5693484544754028,-0.02871987223625183,0.16744868457317352,0.015716349400694624
1181.0369410514832,0.021960624576806732,1.3493484544754029,-0.062373653827905946,0.10629490298151942,0.02324071647669506
1181.1369886398315,0.0,1.1293484544754029,-0.07058427840471268,0.07058427840471268,0.03567883188840385
1181.2368757724762,0.0,0.9289160966873169,-0.058057256042957306,0.058057256042957306,0.0374130808162211
1181.337878704071,0.0,0.8724384903907776,-0.0545274056494236,0.0545274056494236,0.03850121562819616
1181.4411442279816,0.0,0.8766447305679321,-0.05479029566049576,0.05479029566049576,0.03959129226670468
1181.5368332862854,0.09735642203699071,1.096644730567932,0.028816126376494958,0.16589671769748648,0.040818704341204576
1181.6379301548004,0.13309443073447677,1.316644730567932,0.050804135073981016,0.21538472639497253,0.04003180676442201
1181.7394967079163,0.18803629279136658,1.4297007322311401,0.09867999702692032,0.27739258855581284,0.035140083615819453
1181.8371040821075,0.23910951614379883,1.460564374923706,0.1478242427110672,0.33039478957653046,0.03482110764179288
1181.9376158714294,0.3140496611595154,1.389145851135254,0.227228045463562,0.40087127685546875,0.03314199662931258
1182.0395572185516,0.3852005898952484,1.2643901109695435,0.30617620795965195,0.4642249718308449,0.03148821933767521
1182.1386711597443,0.5,1.2738927602767944,0.42038170248270035,0.5796182975172997,0.03236913735355493
1182.2368445396423,0.5,1.4442715644836426,0.40973302721977234,0.5902669727802277,0.03815654014222585
1182.3371214866638,0.5,1.4442715644836426,0.40973302721977234,0.5902669727802277,0.03981272844608509
1182.4372565746307,0.3497548923066588,1.6642715644836426,0.24573791952643115,0.45377186508688644,0.041845489664689796
1182.537838935852,0.42451715133623424,1.4442715644836426,0.3342501785560066,0.5147841241164619,0.05229873094732406
1182.637793302536,0.4712249228910699,1.2242715644836426,0.3947079501108422,0.5477418956712975,0.052249087557392264
1182.737305879593,0.43771299719810486,1.0105301141738892,0.3745548650622368,0.5008711293339729,0.07251869469147439
1182.83700633049,0.27686744928359985,1.179056167602539,0.20317643880844116,0.35055845975875854,0.08382371126598927
1182.9396274089813,0.3018727006735328,0.9590561676025391,0.24193169019837407,0.3618137111486915,0.09345204309566238
1183.0372385978699,0.3123404426111628,0.7390561676025391,0.26614943213600406,0.3585314530863215,0.10718687673116424
1183.1418373584747,0.31919532838345493,0.5190561676025391,0.28675431790829625,0.3516363388586136,0.11894931388129314
1183.2376005649567,0.31730450871837507,0.2990561676025391,0.29861349824321637,0.33599551919353376,0.1245620491428998
1183.3373737335205,0.2636053199432347,0.07905616760253908,0.258664309468076,0.26854633041839343,0.13561808985188484
1183.4379756450653,0.22881203889846802,0.03510502353310585,0.2266179749276489,0.23100610286928713,0.14949417207482021
1183.5372712612152,0.200327530503273,0.049460165202617645,0.1972362701781094,0.2034187908284366,0.16094078458819586
1183.6387491226196,0.1723884493112564,0.10964643210172653,0.1655355473048985,0.17924135131761432,0.17087786240916375
1183.7376642227173,0.1723884493112564,0.10964643210172653,0.1655355473048985,0.17924135131761432,0.17842605873194445
1183.838363647461,0.16375840102798367,-0.1103535678982735,0.17065549902162577,0.15686130303434156,0.18224187200646022
1183.938982963562,0.15266724647061033,-0.3303535678982735,0.17331434446425242,0.13202014847696825,0.18481431687273342
1184.037192106247,0.12319818200431817,-0.5503535678982736,0.15759527999796027,0.08880108401067607,0.1869454735411743
1184.1371293067932,0.084341569148215,-0.7703535678982736,0.13248866714185709,0.0361944711545729,0.18904772443168508
1184.2376868724823,0.07944226264953613,-0.9584279656410217,0.1393440105021,0.019540514796972275,0.1876625236574686
1184.3370723724365,0.1593809723854065,-1.1640386581420898,0.2321333885192871,0.08662855625152588,0.18284583844798052
1184.4370424747467,0.14425266644611556,-0.9440386581420899,0.2032550825799962,0.08525025031223495,0.17862100562655756
1184.53746342659,0.12546613812446594,-1.0027151107788086,0.18813583254814148,0.0627964437007904,0.17533741680900483
1184.63814163208,0.17155090107996568,-1.2227151107788086,0.2479705955036412,0.09513120665629014,0.17218334044611341
1184.7398853302002,0.1793862970351024,-1.4427151107788085,0.26955599145877795,0.08921660261142686,0.16799399335116216
1184.8400266170502,0.17188746392458956,-1.6627151107788085,0.2758071583482651,0.06796776950091403,0.15861005052679122
1184.936768770218,0.12967026026671333,-1.8827151107788085,0.24733995469038886,0.012000565843037797,0.14789527445988918
1185.036863565445,0.1956321068257243,-2.1027151107788087,0.3270518012493998,0.06421241240204875,0.13693066717205046
1185.1391587257385,0.2210867252895723,-2.322715110778809,0.36625641971324785,0.07591703086589674,0.12745525631813645
1185.237718820572,0.23456212022738415,-2.542715110778809,0.3934818146510597,0.07564242580370859,0.11937027387734386
1185.3371317386627,0.21388080336719462,-2.7627151107788093,0.3865504977908702,0.04121110894351904,0.11220827461937827
1185.437087059021,0.11084213107824326,-2.9451682567596436,0.294915147125721,-0.07323088496923447,0.11450264736071507
1185.5368988513947,0.07070889621631232,-2.7251682567596434,0.24103191226379003,-0.09961411983116539,0.10290137007782298
1185.6387979984283,0.05557195676118975,-2.505168256759643,0.21214497280866745,-0.10100105928628794,0.08961358605326783
1185.7393205165863,0.135567422555899,-2.285168256759643,0.27839043860337664,-0.007255593491578699,0.09944892559711148
1185.8372747898102,0.16771574652654386,-2.505168256759643,0.32428876257402156,0.011142730479066165,0.09635887944222103
1185.9372243881226,0.12120371311903,-2.44687819480896,0.27413360029459,-0.03172617405653,0.10135256452059338
1186.0370657444,0.13979955727112445,-2.66687819480896,0.30647944444668446,-0.026880329904435563,0.1000475953211387
1186.1374771595001,0.13599623871614855,-2.8868781948089604,0.3164261258917086,-0.04443364845941147,0.09915339655379028
1186.2369372844696,0.08470946574771969,-2.66687819480896,0.2513893529232797,-0.08197042142784032,0.08283468679742823
1186.337283372879,0.06553377687208382,-2.44687819480896,0.21846366404764384,-0.08739611030347617,0.07009289468874562
1186.438487291336,0.05223673547249337,-2.2268781948089598,0.19141662264805337,-0.08694315170306662,0.06441482563197297
1186.5372705459595,0.06575298236305256,-2.0068781948089596,0.19118286953861252,-0.05967690481250741,0.06540528998042494
1186.6377823352814,0.13816389441490173,-2.0679256916046143,0.2674092501401901,0.008918538689613342,0.06832495184028732
1186.7393009662628,0.14265020672804332,-2.2879256916046145,0.2856455624533317,-0.00034514899724508163,0.06973235203080874
1186.8370523452759,0.14301256835460663,-2.242184638977051,0.2831491082906723,0.0028760284185409546,0.06937923971135736
1186.9374706745148,0.11891328392518412,-2.0221846389770506,0.24529982386124977,-0.007473256010881543,0.07364183105065565
1187.0373268127441,0.12187029549434937,-1.8021846389770506,0.23450683543041503,0.009233755558283707,0.0764536023191979
1187.1374156475067,0.09187151998322567,-1.5821846389770506,0.19075805991929135,-0.007015019952839999,0.0808846593566185
1187.2374196052551,0.08838891773464332,-1.3621846389770507,0.17352545767070898,0.003252377798577649,0.08145065674777598
1187.3384540081024,0.07801255703245082,-1.1421846389770507,0.1493990969685165,0.006626017096385148,0.08261015851145517
1187.4372894763947,0.20990023814712322,-0.9221846389770507,0.2675367780831889,0.15226369821105756,0.08412875363144737
1187.5391511917114,0.2524205446243286,-0.9268940687179565,0.3103514239192009,0.19448966532945633,0.08670046121985316
1187.6373779773712,0.14859849214553833,-0.8914648294448853,0.20431504398584366,0.092881940305233,0.09166585749488972
1187.7376163005829,0.12033188508228783,-0.6714648294448853,0.16229843692259316,0.0783653332419825,0.10092794751506229
1187.8395071029663,0.08054614812135696,-0.5667415261268616,0.11596749350428581,0.045124802738428116,0.11027940393868431
1187.9377009868622,0.07316210288610654,-0.7867415261268615,0.12233344826903539,0.023990757503177695,0.11834205868337569
1188.0372364521027,0.08684386312961578,-0.8351888656616211,0.1390431672334671,0.034644559025764465,0.12653046683262045
1188.1398940086365,0.043003523196183405,-1.055188865661621,0.10895282730003472,-0.022945780907667912,0.12325861124424915
1188.2371151447296,0.016186296939849854,-0.8517512679100037,0.06942075118422508,-0.037048157304525375,0.1247024606527936
1188.3371171951294,0.0,-0.6536760330200195,0.04085475206375122,-0.04085475206375122,0.1278493651509489
1188.4370267391205,0.0,-0.7358427047729492,0.045990169048309326,-0.045990169048309326,0.1291143276157914
1188.5387380123138,0.0,-0.7358427047729492,0.045990169048309326,-0.045990169048309326,0.1310849752080349
1188.637226819992,0.09554047137498856,-0.5915719866752625,0.13251372054219246,0.05856722220778465,0.13202449979349506
1188.73863863945,0.041408512741327286,-0.4797772169113159,0.07139458879828453,0.011422436684370041,0.13230589253899916
1188.8370242118835,0.041408512741327286,-0.4797772169113159,0.07139458879828453,0.011422436684370041,0.13282399663535718
1188.9371557235718,0.15293092795468133,-0.2597772169113159,0.16916700401163856,0.1366948518977241,0.13252650338656277
1189.0372352600098,0.22569403052330017,-0.1155850887298584,0.23291809856891632,0.21846996247768402,0.13356170340335752
1189.1382825374603,0.14192785322666168,-0.06972192972898483,0.14628547383472323,0.13757023261860013,0.13526381390668982
1189.2369487285614,0.07667479664087296,-0.2348831593990326,0.09135499410331249,0.06199459917843342,0.13786682994479976
1189.338280916214,0.10005885362625122,-0.21357546746730804,0.11340732034295797,0.08671038690954447,0.14312853841810824
1189.4377059936523,0.06952689588069916,-0.1928955316543579,0.08158286660909653,0.05747092515230179,0.1514941802091516
1189.5377535820007,0.03879033774137497,-0.21171918511390686,0.05202278681099415,0.02555788867175579,0.15961358392768044
1189.6413655281067,0.037628492378811426,-0.4317191851139069,0.0646109414484306,0.010646043309192246,0.16553703929874064
1189.7387623786926,0.02720255252925166,-0.6517191851139069,0.06793500159887084,-0.013529896540367521,0.16840764501380515
1189.8371369838715,0.0,-0.871719185113907,0.05448244906961919,-0.05448244906961919,0.1698401526550157
1189.9375648498535,0.02787431888282299,-0.6763405203819275,0.07014560140669346,-0.014396963641047478,0.17077798168992156
1190.0394070148468,0.052767234000644245,-0.45634052038192746,0.08128851652451471,0.02424595147677378,0.17173562582262403
1190.1371865272522,0.0,-0.2635646164417267,0.016472788527607918,-0.016472788527607918,0.17196589641345647
1190.238481760025,0.08521848593654643,-0.043564616441726656,0.08794127446415435,0.08249569740893851,0.17258660581835122
1190.3373782634735,0.05301888858426841,0.17643538355827337,0.041991677111876326,0.0640461000566605,0.17316841998412258
1190.4376292228699,0.03975052759051323,-0.021328575909137726,0.04108356358483434,0.03841749159619212,0.17367515734795766
1190.5380580425262,0.04175291210412979,-0.141648530960083,0.05060594528913498,0.0328998789191246,0.17396181696406424
1190.6370966434479,0.07962969690561295,-0.09477901458740234,0.08555338531732559,0.0737060084939003,0.17926734648966344
1190.7381494045258,0.05028521861059568,-0.3147790145874023,0.06995890702230832,0.030611530198883033,0.1858203706282807
1190.8392124176025,0.11191689968109131,-0.19513718783855438,0.12411297392100096,0.09972082544118166,0.18651217094891356
1190.937249660492,0.025755248963832855,-0.13217002153396606,0.034015875309705734,0.017494622617959976,0.18741613727242232
1191.0373151302338,0.10041097551584244,0.013131167739629745,0.09959027753211558,0.1012316734995693,0.18882558058663212
1191.1376678943634,0.036542147397994995,0.02232890948653221,0.03514659055508673,0.03793770424090326,0.19068909505422876
1191.2371513843536,0.01904365160151539,-0.19767109051346782,0.03139809475860713,0.006689208444423653,0.19217512852067165
1191.3371765613556,0.0,-0.333333820104599,0.020833363756537437,-0.020833363756537437,0.19343709809792453
1191.4457821846008,0.04627223685383797,-0.3909918963909149,0.07070923037827015,0.021835243329405785,0.1946265591336157
1191.5370831489563,0.04690821090374152,-0.1709918963909149,0.0575952044281737,0.036221217379309334,0.19482244885325653
1191.6371552944183,0.02525818939078259,-0.3909918963909149,0.04969518291521477,0.0008211958663504083,0.1949332385879126
1191.7424597740173,0.017958975195268713,-0.6109918963909149,0.056145968719700894,-0.020228018329163468,0.19521851536569546
1191.8370056152344,0.0,-0.8309918963909149,0.05193699352443218,-0.05193699352443218,0.19587256847383241
1191.9386615753174,0.03968141915334163,-0.6109918963909149,0.07786841267777381,0.001494425628909446,0.19682273013366441
1192.037276983261,0.03832291439175606,-0.6165998578071594,0.07686040550470352,-0.00021457672119140625,0.197522772139082
1192.137093782425,0.052088961035199256,-0.3965998578071594,0.07687645214814672,0.027301469922251794,0.19773352884071277
1192.2382497787476,0.08138490009927728,-0.17659985780715937,0.09242239121222473,0.07034740898632982,0.19816601378324464
1192.3373918533325,0.09004233341100373,0.04340014219284066,0.08732982452395119,0.09275484229805628,0.1987032080202832
1192.4376714229584,0.11501094698905945,0.24989065527915955,0.09939278103411198,0.13062911294400692,0.1998378508766558
1192.5376191139221,0.13661415874958038,0.36526235938072205,0.11378526128828526,0.1594430562108755,0.20509797261056875
1192.6371212005615,0.05451060086488724,0.42848384380340576,0.027730360627174377,0.0812908411026001,0.2167418973947703
1192.737274646759,0.05433261525711813,0.20848384380340573,0.04130237501940527,0.067362855494831,0.22024225700011402
1192.8377239704132,0.028531431652296137,-0.011516156196594296,0.02925119141458328,0.027811671890008993,0.2242723215092383
1192.9392244815826,0.08247514814138412,0.19699236750602722,0.07016312517225742,0.09478717111051083,0.22865428661379686
1193.0374171733856,0.28165850043296814,0.3449895679950714,0.2600966524332762,0.3032203484326601,0.23233229128184305
1193.1395630836487,0.28165850043296814,0.3449895679950714,0.2600966524332762,0.3032203484326601,0.2357518448732793
1193.2374799251556,0.19516599258991962,0.12498956799507138,0.18735414459022767,0.20297784058961157,0.24041421597807763
1193.337251663208,0.1387885376023769,-0.09501043200492865,0.14472668960268492,0.13285038560206885,0.24691695691246338
1193.4371333122253,0.05471736290290144,-0.3150104320049287,0.07440551490320949,0.035029210902593394,0.2580879357731678
1193.538278579712,0.0,-0.45751285552978516,0.028594553470611572,-0.028594553470611572,0.26744562677864586
1193.637942314148,0.0,-0.23751285552978513,0.01484455347061157,-0.01484455347061157,0.2549239324777392
1193.7374668121338,0.04551019550392496,-0.0175128555297851,0.04660474897453653,0.04441564203331339,0.2479933189845502
1193.8380603790283,0.054419226311514864,0.20248714447021493,0.041763779782126434,0.0670746728409033,0.2430996964406441
1193.9375224113464,0.04083866237936347,0.42248714447021496,0.014433215849975034,0.0672441089087519,0.24349277279078485
1194.0372302532196,0.1055995374917984,0.30459511280059814,0.08656234294176102,0.12463673204183578,0.24364405596543182
1194.1384165287018,0.1691097468137741,0.23935745656490326,0.15414990577846766,0.18406958784908056,0.24130460419766298
1194.2373704910278,0.10777914173916053,0.01935745656490323,0.10656930070385408,0.10898898277446699,0.23822418127471856
1194.337242603302,0.02972935387921212,-0.2006425434350968,0.04226951284390567,0.01718919491451857,0.2331937742317239
1194.4372205734253,0.0,-0.21348878741264343,0.013343049213290215,-0.013343049213290215,0.22707655488728792
1194.5374188423157,0.0,-0.09847180545330048,0.00615448784083128,-0.00615448784083128,0.21980772775883414
1194.6390264034271,0.0,0.037540316581726074,-0.0023462697863578796,0.0023462697863578796,0.21273735349370668
1194.7372834682465,0.0,0.0971309170126915,-0.006070682313293219,0.006070682313293219,0.21028031632822453
1194.838974237442,0.0,0.0168488547205925,-0.0010530534200370312,0.0010530534200370312,0.21034259726652973
1194.937894821167,0.0,-0.1597864031791687,0.009986650198698044,-0.009986650198698044,0.20982148957320038
1195.0375397205353,0.0,-0.3747789263725281,0.023423682898283005,-0.023423682898283005,0.20964089268256908
1195.1392984390259,0.0,-0.5568804740905762,0.03480502963066101,-0.03480502963066101,0.20652430436293714
1195.237452507019,0.0,-0.7034740447998047,0.04396712779998779,-0.04396712779998779,0.20788732811762584
1195.3376684188843,0.0,-0.8116929531097412,0.050730809569358826,-0.050730809569358826,0.20727650824851174
1195.4376113414764,0.01875467784702778,-0.8951697945594788,0.0747027900069952,-0.037193434312939644,0.20698871148106132
1195.5379056930542,0.049148544669151306,-0.9528205990791321,0.10869983211159706,-0.010402742773294449,0.20701103942128296
1195.637725353241,0.0983206182718277,-0.9946789145469666,0.1604880504310131,0.03615318611264229,0.20649303477400108
1195.7375597953796,0.16426965594291687,-1.017079472541809,0.22783712297677994,0.1007021889090538,0.20557169580495643
1195.8374712467194,0.24128325283527374,-1.0188274383544922,0.3049599677324295,0.17760653793811798,0.20381508669710435
1195.9373273849487,0.34045612812042236,-0.9626185297966003,0.4006197862327099,0.28029247000813484,0.2010584617507056
1196.0374238491058,0.4600412845611572,-0.84849613904953,0.5130722932517529,0.4070102758705616,0.19531598625276494
1196.1372137069702,0.5,-0.7151257991790771,0.5446953624486923,0.4553046375513077,0.1880659461203259
1196.237986087799,0.5,-0.5482786297798157,0.5342674143612385,0.4657325856387615,0.17353866684347874
1196.337599992752,0.5,-0.3926395773887634,0.5245399735867977,0.4754600264132023,0.15891304130235928
1196.4373526573181,0.5,-0.26006001234054565,0.5162537507712841,0.4837462492287159,0.1384999278174774
1196.5383157730103,0.5,-0.1430833488702774,0.5089427093043923,0.49105729069560766,0.11436360614015748
1196.637638092041,0.5,-0.03453375771641731,0.5021583598572761,0.4978416401427239,0.08860606560265014
1196.7372875213623,0.5,0.024614984169602394,0.49846156348939985,0.5015384365106001,0.06259865039401818
1196.837652683258,0.5,0.05380049720406532,0.4966374689247459,0.5033625310752541,0.05410478165572952
1196.9377732276917,0.5,0.07599027454853058,0.49525060784071684,0.5047493921592832,0.04497846114736972
1197.041776418686,0.5,0.09727328270673752,0.4939204198308289,0.5060795801691711,0.03758967901990466
1197.1384906768799,0.5,0.11372802406549454,0.4928919984959066,0.5071080015040934,0.03551637869920811
1197.2374529838562,0.5,0.12158238887786865,0.4924011006951332,0.5075988993048668,0.046786296069702325
1197.337474346161,0.5,0.11655890941619873,0.4927150681614876,0.5072849318385124,0.057275964114686495
1197.437579870224,0.5,0.0985255241394043,0.49384215474128723,0.5061578452587128,0.06984483576073153
1197.538221359253,0.5,0.06763963401317596,0.4957725228741765,0.5042274771258235,0.10237696620554528
1197.6378564834595,0.5,0.030736355111002922,0.4980789778055623,0.5019210221944377,0.14145729400021742
1197.7430799007416,0.5,-0.011414170265197754,0.5007133856415749,0.49928661435842514,0.1855726607195697
1197.8379654884338,0.5,-0.054615579545497894,0.5034134737215936,0.4965865262784064,0.23350749787918745
1197.9377253055573,0.5,-0.09728805720806122,0.5060805035755038,0.4939194964244962,0.2874623297241103
1198.0380911827087,0.5,-0.1392165720462799,0.5087010357528925,0.4912989642471075,0.338373440070374
1198.1374716758728,0.5,-0.1760943979024887,0.5110058998689055,0.48899410013109446,0.38387110777135414
1198.2373485565186,0.5,-0.20684736967086792,0.5129279606044292,0.48707203939557076,0.4217058115861077
1198.3375482559204,0.5,-0.2314641922712326,0.514466512016952,0.48553348798304796,0.468409064018127
1198.4374632835388,0.5,-0.24947704374790192,0.5155923152342439,0.48440768476575613,0.5161360437907163
1198.5378241539001,0.5,-0.261475533246994,0.5163422208279371,0.4836577791720629,0.5705972643053312
1198.642885684967,0.5,-0.27004504203796387,0.5168778151273727,0.48312218487262726,0.6206623296583548
1198.7386825084686,0.5,-0.2721904218196869,0.5170119013637304,0.48298809863626957,0.6679650311401062
1198.8374152183533,0.5,-0.2744366526603699,0.5171522907912731,0.4828477092087269,0.7142384064328586
1198.937466621399,0.5,-0.27829042077064514,0.5173931512981653,0.4826068487018347,0.7629257887651731
1199.0374925136566,0.5,-0.28023189306259155,0.517514493316412,0.48248550668358803,0.8116101294033413
1199.1378452777863,0.5,-0.2822410464286804,0.5176400654017925,0.4823599345982075,0.8620705453449088
1199.2376163005829,0.5,-0.28269195556640625,0.5176682472229004,0.4823317527770996,0.9110397085168482
1199.3377692699432,0.49803653359413147,-0.28343746066093445,0.5157513748854399,0.48032169230282307,0.9587489708267223
1199.4374084472656,0.4956226646900177,-0.2838013768196106,0.5133602507412434,0.47788507863879204,1.011067303982526
1199.5378062725067,0.49346429109573364,-0.28382202982902527,0.5112031679600477,0.47572541423141956,1.0617353566679282
1199.637946844101,0.4917985498905182,-0.2847065329551697,0.5095927082002163,0.4740043915808201,1.1107420322585357
1199.7379026412964,0.4909018278121948,-0.2889248728752136,0.5089596323668957,0.472844023257494,1.1626599108348215
1199.8385665416718,0.4886666536331177,-0.29835447669029236,0.507313808426261,0.4700194988399744,1.2142954706233957
1199.9374215602875,0.48586899042129517,-0.31141722202301025,0.5053325667977333,0.466405414044857,1.2619286209200367
1200.0376353263855,0.48307740688323975,-0.3285755217075348,0.5036133769899607,0.4625414367765188,1.3085407260938589
1200.137533903122,0.47982779145240784,-0.3454607129096985,0.501419086009264,0.4582364968955517,1.3550005883428637
1200.2374112606049,0.22982779145240784,-0.16546868292326775,0.24016958413511208,0.2194859987697036,1.402262985503099
1200.3377041816711,0.0,0.0,0.0,0.0,1.4423925018273478
1200.437497138977,0.0,0.0,0.0,0.0,1.4826501673637067
1200.5373830795288,0.0,0.0,0.0,0.0,1.518084301275781
1200.6383452415466,0.0,0.0,0.0,0.0,1.5410367238393483
1200.737815618515,0.0,0.0,0.0,0.0,1.549171497155723
1200.8375988006592,0.0,0.0,0.0,0.0,1.551913488397255
1200.9376633167267,0.0,0.0,0.0,0.0,1.5631986302928578
1201.0375277996063,0.0,0.0,0.0,0.0,1.5718416493806053
1201.1377844810486,0.0,0.0,0.0,0.0,1.5713327099896004
1360.0190043449402,-0.48315300000000017,0.0,-0.48315300000000017,-0.48315300000000017,3.731797772231309
1360.470426082611,0.0,0.0,0.0,0.0,3.769936472402462
1360.9959363937378,0.0,-3.119722858696951,0.19498267866855945,-0.19498267866855945,3.8810591489952886
1361.7254774570465,0.48315300000000017,0.0,0.48315300000000017,0.48315300000000017,3.8755950374727783
1362.3014011383057,0.48315300000000017,-3.119722858696951,0.6781356786685596,0.2881703213314407,3.8664154883451682
1363.1626706123352,0.48315300000000017,0.0,0.48315300000000017,0.48315300000000017,3.8822169562022295
1363.5008702278137,0.0,0.0,0.0,0.0,3.9651947736117013
1372.4186823368073,0.48315300000000017,-3.119722858696951,0.6781356786685596,0.2881703213314407,0.9792228136524588
1374.2824709415436,0.48315300000000017,0.0,0.48315300000000017,0.48315300000000017,0.6843497671436228
1374.986169576645,0.48315300000000017,3.119722858696951,0.2881703213314407,0.6781356786685596,0.6503465071161715
1375.6814291477203,0.48315300000000017,0.0,0.48315300000000017,0.48315300000000017,0.569465159379178
1376.3555314540863,0.48315300000000017,3.119722858696951,0.2881703213314407,0.6781356786685596,0.4244853452848269
1379.09366106987,0.0,0.0,0.0,0.0,0.09358964766034061
1383.2805728912354,0.0,-0.02422330714762211,0.0015139566967263818,-0.0015139566967263818,0.0517602179474419
1383.379787683487,0.0,-0.04697146266698837,0.0029357164166867733,-0.0029357164166867733,0.05175131742866554
1383.479653120041,0.0,-0.07258956879377365,0.004536848049610853,-0.004536848049610853,0.051749903974331934
1383.5796558856964,0.0,-0.09327090531587601,0.0058294315822422504,-0.0058294315822422504,0.05174909418080688
1383.6797144412994,0.0,-0.10804562270641327,0.006752851419150829,-0.006752851419150829,0.0517496644094833
1383.7797555923462,0.0,-0.11632852256298065,0.007270532660186291,-0.007270532660186291,0.05175684093024252
1383.8800716400146,0.0,-0.11919557303190231,0.007449723314493895,-0.007449723314493895,0.05175039086591515
1383.9801054000854,0.0,-0.11807464808225632,0.00737966550514102,-0.00737966550514102,0.051744976454372274
1384.0801560878754,0.0,-0.11475906521081924,0.007172441575676203,-0.007172441575676203,0.051747527500306985
1384.1795318126678,0.0,-0.1107168048620224,0.0069198003038764,-0.0069198003038764,0.051746152673237275
1384.2804985046387,0.0,-0.10689335316419601,0.006680834572762251,-0.006680834572762251,0.05174855020461957
1384.3802926540375,0.0,-0.10372397303581238,0.006482748314738274,-0.006482748314738274,0.051747211374497004
1384.4796297550201,0.0,-0.10133831948041916,0.006333644967526197,-0.006333644967526197,0.051753426987228845
1384.580176115036,0.0,-0.09973219037055969,0.006233261898159981,-0.006233261898159981,0.051753431819539536
1384.6794991493225,0.0,-0.09886763989925385,0.006179227493703365,-0.006179227493703365,0.05176353160792447
1384.780088186264,0.0,-0.09870088845491409,0.006168805528432131,-0.006168805528432131,0.051766011844152436
1384.8830709457397,0.0,-0.09918122738599777,0.006198826711624861,-0.006198826711624861,0.051760000171194545
1384.9796233177185,0.0,-0.10024852305650711,0.006265532691031694,-0.006265532691031694,0.051763324795159375
1385.0816822052002,0.0,-0.1018383800983429,0.006364898756146431,-0.006364898756146431,0.05177631817125412
1385.1820738315582,0.0,-0.10388848185539246,0.0064930301159620285,-0.0064930301159620285,0.05177016875133421
1385.2795436382294,0.0,-0.10633984953165054,0.006646240595728159,-0.006646240595728159,0.051770460944952156
1385.3798592090607,0.0,-0.10913236439228058,0.006820772774517536,-0.006820772774517536,0.051773295699103494
1385.4798204898834,0.0,-0.1121985986828804,0.007012412417680025,-0.007012412417680025,0.0517709166816457
1385.5814480781555,0.0,-0.11545896530151367,0.0072161853313446045,-0.0072161853313446045,0.05177231650451869
1385.6817948818207,0.0,-0.11882171034812927,0.0074263568967580795,-0.0074263568967580795,0.05177475404173882
1385.7802157402039,0.0,-0.12218565493822098,0.007636603433638811,-0.007636603433638811,0.051773773401111035
1385.8838531970978,0.0,-0.1254461258649826,0.007840382866561413,-0.007840382866561413,0.051773521280188355
1385.989821434021,0.0,-0.1285010427236557,0.008031315170228481,-0.008031315170228481,0.0517784710181743
1386.0800530910492,0.0,-0.1312575787305832,0.00820359867066145,-0.00820359867066145,0.051814222983384166
1386.1809659004211,0.0,-0.13363783061504364,0.008352364413440228,-0.008352364413440228,0.05181739829523772
1386.2867789268494,0.0,-0.13558337092399597,0.008473960682749748,-0.008473960682749748,0.05181701339221165
1386.379546403885,0.010004817508161068,-0.1370571255683899,0.018570887856185436,0.0014387471601366997,0.05181290244199043
1386.4797298908234,0.010084102861583233,-0.13804535567760468,0.018711937591433525,0.0014562681317329407,0.05181302385500592
1386.5799598693848,0.010159585624933243,-0.13855692744255066,0.01881939359009266,0.0014997776597738266,0.05181770779704526
1386.6795589923859,0.010231312364339828,-0.13862134516239166,0.018895146436989307,0.0015674782916903496,0.05180981281855596
1386.7799942493439,0.01029946655035019,-0.1382845640182495,0.018942251801490784,0.0016566812992095947,0.05180593879137131
1386.8798010349274,0.010364335961639881,-0.1376039832830429,0.018964584916830063,0.0017640870064496994,0.05180899930168887
1386.9829277992249,0.01042606495320797,-0.13664329051971436,0.018966270610690117,0.0018858592957258224,0.05181382375528971
1387.0809862613678,0.010484624654054642,-0.13546794652938843,0.01895137131214142,0.002017877995967865,0.05182345684274041
1387.1797618865967,0.010539956390857697,-0.13414081931114197,0.01892375759780407,0.0021561551839113235,0.051821505390363905
1387.2798202037811,0.010592021048069,-0.13271956145763397,0.018886993639171124,0.002297048456966877,0.0518422537431931
1387.379719734192,0.010640868917107582,-0.1312544345855713,0.018844271078705788,0.0024374667555093765,0.05184757421627929
1387.4796390533447,0.010686632245779037,-0.12978723645210266,0.018798334524035454,0.002574929967522621,0.05188043108908616
1387.5796842575073,0.010729484260082245,-0.128351092338562,0.01875142753124237,0.002707540988922119,0.051880963239625405
1387.6858041286469,0.010769614949822426,-0.12697067856788635,0.018705282360315323,0.002833947539329529,0.05187095554894576
1387.7798058986664,0.01080719381570816,-0.12566298246383667,0.018661130219697952,0.0029532574117183685,0.05186151877347426
1387.8799033164978,0.010842367075383663,-0.12443837523460388,0.018619765527546406,0.0030649686232209206,0.05186734982001622
1387.9818556308746,0.010875286534428596,-0.12330177426338196,0.01858164742588997,0.003168925642967224,0.05192557706304832
1388.0821812152863,0.010906066745519638,-0.12225373834371567,0.018546925392001867,0.003265208099037409,0.05192978176506451
1388.1796736717224,0.010934829711914062,-0.12129180133342743,0.018515567295253277,0.003354092128574848,0.05198054452515915
1388.2824244499207,0.010961689986288548,-0.12041115015745163,0.018487386871129274,0.0034359931014478207,0.05198305826473971
1388.379950761795,0.010986735112965107,-0.1196056455373764,0.018462087959051132,0.0035113822668790817,0.05198882404234347
1388.4798810482025,0.01101007778197527,-0.11886841803789139,0.01843935390934348,0.0035808016546070576,0.05202264493235039
1388.5799145698547,0.011031814850866795,-0.1181923970580101,0.018418839666992426,0.0036447900347411633,0.0520732829798665
1388.6800980567932,0.011052055284380913,-0.11757076531648636,0.01840022811666131,0.0037038824521005154,0.05207315868384726
1388.7808961868286,0.011070887558162212,-0.11699718981981277,0.01838321192190051,0.003758563194423914,0.05205730091176691
1388.880554676056,0.011088407598435879,-0.11646584421396255,0.01836752286180854,0.003809292335063219,0.05211023359453121
1388.9799494743347,0.011104698292911053,-0.1159718856215477,0.018352941144257784,0.0038564554415643215,0.05209141824615718
1389.0802097320557,0.011119846254587173,-0.115510955452919,0.01833928097039461,0.0039004115387797356,0.05210620244367338
1389.180813550949,0.011133926920592785,-0.1150796115398407,0.01832640264183283,0.003941451199352741,0.0521383686417051
1389.2823266983032,0.011147018522024155,-0.11467496305704117,0.018314203713089228,0.003979833330959082,0.052195195480707196
1389.3808388710022,0.01115918718278408,-0.11429477483034134,0.018302610609680414,0.004015763755887747,0.05225672864869684
1389.4799485206604,0.011170495301485062,-0.11393727362155914,0.018291574902832508,0.004049415700137615,0.05238963004203529
1389.580065727234,0.01118100993335247,-0.11360104382038116,0.018281075172126293,0.004080944694578648,0.05248655880343946
1389.6808490753174,0.011190791614353657,-0.11328504234552383,0.018271106760948896,0.004110476467758417,0.052588570413777846
1389.7809708118439,0.011199872009456158,-0.11298836022615433,0.018261644523590803,0.004138099495321512,0.05261142396299755
1389.880525112152,0.011208322830498219,-0.11271024495363235,0.01825271314010024,0.004163932520896196,0.05268055700766574
1389.9805943965912,0.011216169223189354,-0.112450011074543,0.01824429491534829,0.0041880435310304165,0.052789636404012685
1390.0801239013672,0.01122346892952919,-0.11220693588256836,0.018236402422189713,0.004210535436868668,0.05287353119010064
1390.1828458309174,0.01123025082051754,-0.1119803637266159,0.018229023553431034,0.004231478087604046,0.052840049366517206
1390.2821414470673,0.01123655866831541,-0.11176955699920654,0.01822215598076582,0.004250961355865002,0.05286909506891515
1390.3798294067383,0.011242417618632317,-0.11157374083995819,0.018215776421129704,0.00426905881613493,0.052996509981704173
1390.4797339439392,0.011247864924371243,-0.11139217764139175,0.018209876026958227,0.004285853821784258,0.05295892185613975
1390.5828568935394,0.011252923868596554,-0.1112239733338356,0.01820442220196128,0.004301425535231829,0.05289086271354451
1390.6799018383026,0.011257626116275787,-0.11106835305690765,0.018199398182332516,0.004315854050219059,0.05282504040595385
1390.7800142765045,0.011261997744441032,-0.11092453449964523,0.01819478115066886,0.004329214338213205,0.05291608737930485
1390.8799231052399,0.011266062967479229,-0.11079162359237671,0.018190539442002773,0.004341586492955685,0.05289099540749392
1390.9809849262238,0.011269833892583847,-0.11066881567239761,0.018186634872108698,0.004353032913058996,0.05314676133607857
1391.0844378471375,0.01127333752810955,-0.11055535823106766,0.01818304741755128,0.004363627638667822,0.053247517897342736
1391.1817817687988,0.01127659808844328,-0.11045043915510178,0.01817975053563714,0.004373445641249418,0.05346507074739043
1391.2804698944092,0.011279627680778503,-0.11035338044166565,0.018176713958382607,0.0043825414031744,0.05349315906714305
1391.3808798789978,0.011282446794211864,-0.11026359349489212,0.018173921387642622,0.004390972200781107,0.05348252002015792
1391.4828188419342,0.011285063810646534,-0.11018037796020508,0.01817133743315935,0.004398790188133717,0.05342686298286054
1391.5808169841766,0.011287502944469452,-0.11010328680276871,0.018168958369642496,0.004406047519296408,0.05345726953537523
1391.6809484958649,0.011289769783616066,-0.11003176122903824,0.018166754860430956,0.004412784706801176,0.05336781578566884
1391.78018283844,0.011291868053376675,-0.10996538400650024,0.01816470455378294,0.004419031552970409,0.053428781466978034
1391.8802964687347,0.011293820105493069,-0.1099037155508995,0.018162802327424288,0.00442483788356185,0.05338042362335141
1391.9802026748657,0.011295628733932972,-0.10984640568494797,0.01816102908924222,0.004430228378623724,0.053495685703991935
1392.08225607872,0.011297320947051048,-0.10979311913251877,0.01815939089283347,0.004435251001268625,0.053397967591343416
1392.1835262775421,0.011298888362944126,-0.10974354296922684,0.018157859798520803,0.004439916927367449,0.053442664069753086
1392.2795929908752,0.011300344951450825,-0.1096973866224289,0.01815643161535263,0.004444258287549019,0.053402309985765756
1392.3797674179077,0.011301705613732338,-0.1096544861793518,0.018155110999941826,0.00444830022752285,0.05353582555767933
1392.4800996780396,0.011302969418466091,-0.10961450636386871,0.018153876066207886,0.004452062770724297,0.05377510404772871
1392.5798904895782,0.011304143816232681,-0.10957729816436768,0.01815272495150566,0.0044555626809597015,0.05393170281573031
1392.6802203655243,0.011305230669677258,-0.10954269021749496,0.018151648808270693,0.004458812531083822,0.05389410209516734
1392.7802200317383,0.01130624208599329,-0.10951054096221924,0.018150650896131992,0.0044618332758545876,0.053870164442397284
1392.8803350925446,0.011307185515761375,-0.10948064178228378,0.018149725627154112,0.004464645404368639,0.053941800518924735
1392.9812471866608,0.011308056302368641,-0.10945283621549606,0.018148858565837145,0.004467254038900137,0.05375176298903006
1393.0847730636597,0.01130886934697628,-0.10942699760198593,0.0181480566971004,0.0044696819968521595,0.053744498321563465
1393.1806182861328,0.01130961999297142,-0.10940298438072205,0.018147306516766548,0.004471933469176292,0.05457396682066977
1393.2797944545746,0.20111724912589196,0.11059701561927798,0.19420493564968708,0.20802956260209685,0.03536768343371228
1393.3803770542145,0.401117249125892,0.060596456120983036,0.39732997061833053,0.4049045276334534,0.035041824251213306
1393.4804365634918,0.40795601220694283,0.28059645612098305,0.3904187336993814,0.42549329071450426,0.034053143042491775
1393.5798554420471,0.4040443003177643,0.1171119213104248,0.39672480523586273,0.41136379539966583,0.032171037406218274
1393.6826906204224,0.3048081799822557,0.33711192131042483,0.28373868490035414,0.3258776750641572,0.02993445274739018
1393.7799756526947,0.23444202542304993,0.2352248579263687,0.21974047180265188,0.24914357904344797,0.02524371260737131
1393.8798851966858,0.12069121748209,0.3069377541542053,0.10150760784745216,0.13987482711672783,0.019169532623885717
1393.9829201698303,0.19973255693912506,0.21251684427261353,0.18645025417208672,0.2130148597061634,0.012795440880047216
1394.0802283287048,0.08041609078645706,0.06580755859613419,0.07630311837419868,0.08452906319871545,0.0074336811874895995
1394.1797053813934,0.19082318246364594,0.1950175017118454,0.1786345886066556,0.20301177632063627,0.0031979407801785023
1394.2798552513123,0.25200456380844116,0.34639447927474976,0.2303549088537693,0.273654218763113,0.0003005047078257216
1394.3798203468323,0.09195292512778275,0.12639447927474973,0.08405327017311089,0.09985258008245461,0.004159160885235863
