time_s,vx_m_s,wz_rad_s,v_left_m_s,v_right_m_s,cte_m
0.0,0.1674785315990448,0.1775905042886734,0.1563791250810027,0.1785779381170869,0.04152772610277978
0.1027824878692627,0.13325129449367523,-0.09021693468093872,0.1388898529112339,0.12761273607611656,0.04162615707557939
0.20433688163757324,0.2116013616323471,-0.027558347210288048,0.2133237583329901,0.2098789649317041,0.0389565401892892
0.30356264114379883,0.2493334263563156,-0.017854196950793266,0.2504493136657402,0.24821753904689103,0.033003817128116286
0.4036581516265869,0.3074430525302887,0.1096169725060463,0.3005919917486608,0.3142941133119166,0.02479619858381123
0.5035121440887451,0.3154635727405548,0.10812846571207047,0.3087055436335504,0.3222216018475592,0.009400146659519156
0.6033296585083008,0.3135030269622803,0.2221250832080841,0.299620209261775,0.32738584466278553,0.005046633970755367
0.7028577327728271,0.29271018505096436,0.21325136721134186,0.2793819746002555,0.3060383955016732,0.0013944189463179783
0.8036284446716309,0.28027305006980896,0.3659743666648865,0.25739965215325356,0.30314644798636436,0.0030210759572493018
0.9026720523834229,0.3432883620262146,0.1759994924068451,0.3322883937507868,0.3542883303016424,0.007731731259172679
1.003692865371704,0.284114271402359,0.5487279295921326,0.24981877580285072,0.3184097670018673,0.011730701579601098
1.1057968139648438,0.24482406675815582,0.2355959713459015,0.23009931854903698,0.25954881496727467,0.016451836548487267
1.2013380527496338,0.2032989263534546,0.37429118156433105,0.1799057275056839,0.22669212520122528,0.01908749549230032
1.306748628616333,0.1676846444606781,0.31789928674697876,0.14781593903899193,0.18755334988236427,0.016729168713215357
1.4044318199157715,0.2530742883682251,0.21848151087760925,0.23941919393837452,0.2667293827980757,0.020715019687012948
1.502793788909912,0.1757049560546875,0.40622907876968384,0.15031563863158226,0.20109427347779274,0.023414246980026643
1.6033611297607422,0.14881975948810577,0.14159609377384186,0.13997000362724066,0.1576695153489709,0.024013795671224518
1.7041404247283936,0.14530986547470093,0.155072420835495,0.1356178391724825,0.15500189177691936,0.02005097418756165
1.8046345710754395,0.1323089897632599,-0.0717715173959732,0.1367947096005082,0.12782326992601156,0.02143760401952397
1.904129981994629,0.1350601464509964,0.074641153216362,0.13039507437497377,0.13972521852701902,0.022486597949902508
2.0041394233703613,0.1243894025683403,-0.045985523611307144,0.127263497794047,0.1215153073426336,0.021534210656618178
2.1043715476989746,0.24748097360134125,-0.012287706136703491,0.24824895523488522,0.24671299196779728,0.012522589850501645
2.2023909091949463,0.21739648282527924,0.28436270356178284,0.1996238138526678,0.23516915179789066,0.012933172993242323
2.302159309387207,0.20663036406040192,-0.1356372964382172,0.21510769508779048,0.19815303303301335,0.013259921039492096
2.4044413566589355,0.22345095872879028,0.16203488409519196,0.21332377847284079,0.23357813898473978,0.01362194496627203
2.5040407180786133,0.19841653108596802,-0.2579651159048081,0.21453935083001852,0.18229371134191752,0.01389570584286351
2.605397939682007,0.1845434457063675,0.10971575975418091,0.17768621072173119,0.1914006806910038,0.01331012970519278
2.7017650604248047,0.17256125807762146,-0.2748972177505493,0.1897423341870308,0.15538018196821213,0.007639302524653612
2.802888870239258,0.15542131662368774,-0.11244616657495499,0.16244920203462243,0.14839343121275306,0.007422348583892145
2.902815580368042,0.15297433733940125,-0.321744441986084,0.1730833649635315,0.132865309715271,0.007370472906103264
3.003445625305176,0.2648320198059082,-0.1676807403564453,0.27531206607818604,0.25435197353363037,0.007395586092139061
3.102994680404663,0.21574696898460388,0.22981616854667664,0.2013834584504366,0.23011047951877117,0.007572255749806759
3.202758550643921,0.1952672004699707,-0.1901838314533234,0.2071536899358034,0.183380711004138,0.009000615427555583
3.3084142208099365,0.19227658212184906,0.10015594959259033,0.18601683527231216,0.19853632897138596,0.009104624652123331
3.4066927433013916,0.18575382232666016,-0.3198440504074097,0.20574407547712326,0.16576356917619706,0.009387149564099239
3.5050911903381348,0.17928338050842285,0.10015594959259033,0.17302363365888596,0.18554312735795975,0.009765840563954705
3.604829788208008,0.16634385287761688,-0.28140756487846375,0.18393182568252087,0.1487558800727129,0.01042614945063873
3.706036329269409,0.15488409996032715,0.1101018562912941,0.14800273394212127,0.16176546597853303,0.01069024014387067
3.802018404006958,0.1889197826385498,0.06621399521827698,0.1847814079374075,0.19305815733969212,0.008542960783553365
3.9014084339141846,0.18736764788627625,-0.23701030015945435,0.20218079164624214,0.17255450412631035,0.008879249897475275
4.00344443321228,0.22143974900245667,-0.15171456336975098,0.2309219092130661,0.21195758879184723,0.00934736231402056
4.102309942245483,0.18162810802459717,-0.31214213371276855,0.2011369913816452,0.16211922466754913,0.009787169468745482
4.2015907764434814,0.19906578958034515,0.019396014511585236,0.19785353867337108,0.20027804048731923,0.010301747727867691
4.301031827926636,0.15933039784431458,-0.2236761599779129,0.17331015784293413,0.14535063784569502,0.00972903369344547
4.402305841445923,0.18136517703533173,-0.013668537139892578,0.182219460606575,0.18051089346408844,0.010160871287536776
4.500782251358032,0.15251965820789337,-0.15921442210674286,0.1624705595895648,0.14256875682622194,0.010653415288568436
4.601809740066528,0.20677486062049866,0.11157957464456558,0.1998011372052133,0.213748584035784,0.011290618858618345
4.702519416809082,0.20592749118804932,-0.07310056686401367,0.21049627661705017,0.20135870575904846,0.011747728702960944
4.802062749862671,0.24230022728443146,0.08475083112716675,0.23700330033898354,0.24759715422987938,0.012421655740912344
4.902479887008667,0.20730286836624146,-0.25444290041923523,0.22320554964244366,0.19140018709003925,0.01052487797129491
5.001477241516113,0.21474818885326385,0.07833145558834076,0.20985247287899256,0.21964390482753515,0.01113780544164923
5.101975917816162,0.18869230151176453,-0.16141295433044434,0.1987806111574173,0.17860399186611176,0.012012819105364527
5.2010533809661865,0.1814056634902954,0.06935326009988785,0.17707108473405242,0.1857402422465384,0.012916002703241992
5.3008434772491455,0.15739014744758606,-0.15239766240119934,0.16691500134766102,0.1478652935475111,0.013552809916055883
5.401116371154785,0.2638024389743805,-0.06455647945404053,0.267837218940258,0.25976765900850296,0.014216700794801418
5.500899314880371,0.2201591432094574,0.2986524701118469,0.20149336382746696,0.23882492259144783,0.02065513313054911
5.601125955581665,0.2077280431985855,-0.12134752988815312,0.21531226381659507,0.20014382258057595,0.021815353556791074
5.702529430389404,0.22462676465511322,0.13998764753341675,0.21587753668427467,0.23337599262595177,0.02248950350849949
5.800558090209961,0.1912413239479065,-0.2190641313791275,0.20493283215910196,0.17754981573671103,0.023164389003431606
5.9009315967559814,0.20069555938243866,0.1057237982749939,0.19408782199025154,0.20730329677462578,0.02378041746667348
6.0011961460113525,0.1749155968427658,-0.13409262895584106,0.18329638615250587,0.16653480753302574,0.026056815303868924
6.102017879486084,0.1777494102716446,0.024675704538822174,0.1762071787379682,0.17929164180532098,0.026628111568877046
6.201246500015259,0.27912428975105286,-0.0825401246547699,0.284283047541976,0.27396553196012974,0.026874908782066362
6.300556182861328,0.25227096676826477,0.33745987534523014,0.2311797245591879,0.27336220897734165,0.027027685205814105
6.40133810043335,0.23237934708595276,-0.0825401246547699,0.23753810487687588,0.22722058929502964,0.027161176001758384
6.5000269412994385,0.23112401366233826,0.1503296047449112,0.2217284133657813,0.2405196139588952,0.02155739418162034
6.602071046829224,0.2011028677225113,-0.26967039525508885,0.21795726742595434,0.18424846801906825,0.020388091204108887
6.701038122177124,0.18994374573230743,0.10168059170246124,0.1835887087509036,0.19629878271371126,0.020497425900411946
6.8008506298065186,0.1653284728527069,-0.2783421576023102,0.1827248577028513,0.14793208800256252,0.02057776855560726
6.901233196258545,0.3034467101097107,-0.3031744360923767,0.32239511236548424,0.28449830785393715,0.020541831169469144
7.001660108566284,0.3113061785697937,-0.7231744360923767,0.35650458082556724,0.26610777631402016,0.020455543649392446
7.102141380310059,0.326782763004303,-0.7868342399597168,0.3759599030017853,0.2776056230068207,0.014943535228886633
7.201114892959595,0.30270251631736755,-0.9357757568359375,0.36118850111961365,0.24421653151512146,0.012880687233384624
7.301103353500366,0.3195880651473999,-0.7313863039016724,0.3652997091412544,0.2738764211535454,0.01250982354138944
7.40108847618103,0.3081251084804535,-0.872185468673706,0.3626367002725601,0.25361351668834686,0.012241355959121429
7.501002788543701,0.4516982138156891,-1.1434987783432007,0.5231668874621391,0.38022954016923904,0.012390207544394134
7.603725433349609,0.4577380418777466,-1.4839895963668823,0.5504873916506767,0.36498869210481644,0.005828649942777069
7.701430797576904,0.46981000900268555,-1.5204263925552368,0.5648366585373878,0.37478335946798325,0.004322948538980954
7.801483392715454,0.4297906756401062,-1.684271216392517,0.5350576266646385,0.3245237246155739,0.006387540817857683
7.901061534881592,0.3955456614494324,-1.5176401138305664,0.4903981685638428,0.300693154335022,0.010066789750317785
8.001100301742554,0.32801228761672974,-1.5730042457580566,0.4263250529766083,0.2296995222568512,0.018965233329389066
8.102699041366577,0.2724025845527649,-1.390209674835205,0.3592906892299652,0.18551447987556458,0.0209605602848236
8.201047658920288,0.1974657028913498,-1.4772945642471313,0.2897966131567955,0.10513479262590408,0.023222979189090106
8.301421403884888,0.13888613879680634,-1.3518694639205933,0.22337798029184341,0.05439429730176926,0.027864922773859886
8.40093469619751,0.06810422241687775,-1.3660143613815308,0.15348012000322342,-0.017271675169467926,0.03656100394580113
8.500980615615845,0.021917402744293213,-1.1850242614746094,0.0959814190864563,-0.05214661359786987,0.035599973934323424
8.601397514343262,0.0,-1.1214064359664917,0.07008790224790573,-0.07008790224790573,0.03334759422523559
8.701245546340942,0.0,-0.8114207983016968,0.05071379989385605,-0.05071379989385605,0.03342043420874672
8.801339864730835,0.0,-0.5256893038749695,0.03285558149218559,-0.03285558149218559,0.034894545047087264
8.901156187057495,0.0,-0.1216643899679184,0.0076040243729949,-0.0076040243729949,0.03608045959687352
9.0004301071167,0.0,-0.06798988580703735,0.004249367862939835,-0.004249367862939835,0.04089844447874976
9.100351572036743,0.0,0.04593106731772423,-0.0028706917073577642,0.0028706917073577642,0.04386288826447486
9.201668739318848,0.010410820133984089,-0.09908989071846008,0.016603938303887844,0.004217701964080334,0.04120573692785142
9.301161289215088,0.0,-0.049416474997997284,0.0030885296873748302,-0.0030885296873748302,0.039506925951294895
9.40231442451477,0.0,-0.229684516787529,0.014355282299220562,-0.014355282299220562,0.0451068278446711
9.502608060836792,0.0,-0.08645839244127274,0.005403649527579546,-0.005403649527579546,0.04960512849788147
9.601972579956055,0.0,-0.21734726428985596,0.013584204018115997,-0.013584204018115997,0.04966793178430375
9.702192544937134,0.0,0.0,0.0,0.0,0.049644548717388735
9.800628185272217,0.0,0.0,0.0,0.0,0.04963778309794226
9.900727987289429,0.0,0.0,0.0,0.0,0.049497239147480665
10.000563859939575,0.0,0.0,0.0,0.0,0.04939841139885056
10.102320671081543,0.0,0.0,0.0,0.0,0.04953194087882318
10.20042610168457,0.0,0.0,0.0,0.0,0.04949128415520795
10.300501823425293,0.0,0.0,0.0,0.0,0.049500450941126824
10.400397777557373,0.0,0.0,0.0,0.0,0.049350258673565975
10.500698804855347,0.0,0.0,0.0,0.0,0.04941864254004925
10.60092830657959,0.0,0.0,0.0,0.0,0.049453333277055964
15.603862285614014,0.14066709578037262,-0.42000000000000004,0.16691709578037262,0.11441709578037262,0.04266502199079979
15.701385498046875,0.1776164323091507,-0.8400000000000001,0.2301164323091507,0.1251164323091507,0.04273531762240294
15.803552627563477,0.3776164323091507,-1.2600000000000002,0.45636643230915075,0.29886643230915066,0.04232296712827265
15.901774644851685,0.5,-1.6800000000000002,0.605,0.395,0.042183445360077634
16.00163960456848,0.4805610179901123,-2.1,0.6118110179901123,0.3493110179901123,0.042116210961440595
16.101762771606445,0.4326575696468353,-1.978975772857666,0.5563435554504395,0.3089715838432312,0.04433934790223386
16.201366186141968,0.448660671710968,-2.0171163082122803,0.5747304409742355,0.3225909024477005,0.048470202179024244
16.300965070724487,0.4394555985927582,-2.1476151943206787,0.5736815482378006,0.30522964894771576,0.05314570026361659
16.401896715164185,0.4145020544528961,-2.247936248779297,0.5549980700016022,0.27400603890419006,0.056682531282050676
16.501661777496338,0.47585561871528625,-2.667936248779297,0.6426016342639923,0.3091096031665802,0.059176763525751075
16.603962421417236,0.4236181080341339,-2.451444387435913,0.5768333822488785,0.27040283381938934,0.0754897575415441
16.701553344726562,0.3984820246696472,-2.871444387435913,0.5779472988843918,0.21901675045490265,0.09412458990822892
16.803734064102173,0.335031121969223,-2.451444387435913,0.4882463961839676,0.18181584775447845,0.09930398742915184
16.902902841567993,0.4464755058288574,-2.871444387435913,0.625940780043602,0.26701023161411286,0.10122927049034619
17.00139021873474,0.4837575852870941,-2.451444387435913,0.6369728595018387,0.33054231107234955,0.1157191010022255
17.103453636169434,0.5,-2.6364662647247314,0.6647791415452957,0.3352208584547043,0.10343617693642153
17.201061964035034,0.43202027678489685,-2.2164662647247315,0.5705494183301926,0.29349113523960113,0.10106719353697198
17.300620794296265,0.47641223669052124,-2.6364662647247314,0.641191378235817,0.3116330951452255,0.09057087147185629
17.401383638381958,0.4838794469833374,-2.2164662647247315,0.6224085885286331,0.3453503054380417,0.07898023498862973
17.502535581588745,0.5,-1.9785034656524658,0.6236564666032791,0.3763435333967209,0.06705834692277703
17.603111505508423,0.4465170204639435,-1.6654149293899536,0.5506054535508156,0.3424285873770714,0.0663517170232781
17.700348615646362,0.4295414090156555,-2.0854149293899535,0.5598798421025276,0.2992029759287834,0.062190930610692904
17.80259394645691,0.3912178874015808,-1.9939149618148804,0.5158375725150108,0.2665982022881508,0.060277544977491895
17.903752088546753,0.3662480413913727,-1.5739149618148804,0.4646177265048027,0.26787835627794265,0.06002881037393024
18.001460313796997,0.37517377734184265,-1.199679970741272,0.45015377551317215,0.30019377917051315,0.04693810432014541
18.10340714454651,0.36620742082595825,-0.8347339034080505,0.4183782897889614,0.3140365518629551,0.03764238581550173
18.20172691345215,0.37472036480903625,-0.6696067452430725,0.4165707863867283,0.3328699432313442,0.03666267821814309
18.30212378501892,0.3683864176273346,-0.3671743869781494,0.39133481681346893,0.34543801844120026,0.028915780027413542
18.4013774394989,0.3296448886394501,-0.3270675837993622,0.3500866126269102,0.30920316465198994,0.027400321126617184
18.50183892250061,0.3209015429019928,-0.2420637607574463,0.3360305279493332,0.3057725578546524,0.025449308849921
18.603445768356323,0.3891335129737854,-0.31217050552368164,0.4086441695690155,0.3696228563785553,0.0211962579872601
18.70107936859131,0.39968231320381165,-0.16043055057525635,0.40970922261476517,0.3896554037928581,0.028258765877024427
18.802000284194946,0.42856132984161377,-0.3043891489505768,0.4475856516510248,0.4095370080322027,0.03386564197796096
18.903985738754272,0.3984867334365845,-0.05363991856575012,0.40183922834694386,0.3951342385262251,0.04504520783316588
19.001477479934692,0.4314926564693451,-0.1914326399564743,0.44345719646662474,0.41952811647206545,0.05277893999386382
19.1048264503479,0.4419547915458679,-0.2074141502380371,0.45491817593574524,0.4289914071559906,0.05898168079602106
19.203792810440063,0.4372636675834656,-0.2828510105609894,0.4549418557435274,0.41958547942340374,0.06491386342846271
19.300108432769775,0.3789564073085785,-0.08226657658815384,0.3840980683453381,0.3738147462718189,0.06884585174458759
19.404326677322388,0.38134390115737915,-0.18803566694259644,0.3930961303412914,0.3695916719734669,0.07315681481999785
19.50376319885254,0.40319836139678955,-0.046818193048238754,0.4061244984623045,0.40027222433127463,0.07727368061697462
19.60305666923523,0.3882620930671692,-0.16880671679973602,0.3988125128671527,0.3777116732671857,0.08214924911042952
19.701398134231567,0.33380627632141113,0.06573688983917236,0.32969772070646286,0.3379148319363594,0.08541891264304707
19.802860498428345,0.3413866460323334,-0.10572279989719391,0.347994321025908,0.33477897103875875,0.08790155257859204
19.90144681930542,0.3686211109161377,0.06240261718630791,0.36472094734199345,0.37252127449028194,0.08837691326265928
20.00168251991272,0.3532576262950897,-0.06001277640461922,0.3570084248203784,0.349506827769801,0.08871116711933084
20.100721836090088,0.3351224660873413,-0.1288217306137085,0.3431738242506981,0.3270711079239845,0.08894439840183843
20.202183485031128,0.2733328342437744,0.18163970112800598,0.26198035292327404,0.2846853155642748,0.09030659841617873
20.30265784263611,0.24011832475662231,0.33942222595214844,0.21890443563461304,0.2613322138786316,0.0900899569358363
20.40142011642456,0.20235316455364227,0.31738606095314026,0.182516535744071,0.22218979336321354,0.08855625673748412
20.501307487487793,0.33912670612335205,0.017437193542718887,0.3380368815269321,0.340216530719772,0.08603066317741989
20.602850675582886,0.44609254598617554,0.08495546132326126,0.4407828296534717,0.45140226231887937,0.08383455725678866
20.701613187789917,0.4736138880252838,0.44452059268951416,0.4458313509821892,0.5013964250683784,0.08204485497870849
20.802088737487793,0.4684486985206604,0.6181134581565857,0.4298166073858738,0.507080789655447,0.08031934972345205
20.90197730064392,0.44923704862594604,0.841483473777771,0.39664433151483536,0.5018297657370567,0.0747054499671262
21.001293659210205,0.48866862058639526,0.6197435259819031,0.4499346502125263,0.5274025909602642,0.06997405890626658
21.10373830795288,0.5,0.8804416656494141,0.4449723958969116,0.5550276041030884,0.06753034253192873
21.20147466659546,0.5,1.2945016622543335,0.41909364610910416,0.5809063538908958,0.06600205777640283
21.301955223083496,0.45995986461639404,1.7145016622543334,0.3528035107254982,0.5671162185072899,0.06573796522661073
21.403214931488037,0.4144788384437561,1.7922124862670898,0.302465558052063,0.5264921188354492,0.06702015262172892
21.50326895713806,0.2946168780326843,1.9052354097366333,0.17553966492414474,0.4136940911412239,0.06795676364370264
21.603796005249023,0.21847401559352875,1.580330491065979,0.11970335990190506,0.31724467128515244,0.07067128823715331
21.701002597808838,0.09826508164405823,1.6049782037734985,-0.002046056091785431,0.19857621937990189,0.07237682446479834
21.80060315132141,0.06887709349393845,1.2672228813171387,-0.010324336588382721,0.1480785235762596,0.07255527393235299
21.90227770805359,0.027527034282684326,0.8472228813171386,-0.02542439579963684,0.0804784643650055,0.07114874570648103
22.00004506111145,0.03363226354122162,0.5650727152824402,-0.001684781163930893,0.06894930824637413,0.07817040237910003
22.102762460708618,0.010382973589003086,0.14507271528244015,0.001315928883850577,0.019450018294155595,0.08626141737007287
22.203123092651367,0.01968749612569809,-0.2749272847175599,0.03687045142054558,0.002504540830850596,0.0935382101258496
22.302079439163208,0.016884686425328255,-0.6949272847175599,0.06031764172017575,-0.02654826886951924,0.09896360900789732
22.402116775512695,0.020794419571757317,-0.800439715385437,0.07082190178334713,-0.029233062639832497,0.09876953143657209
22.501352787017822,0.017719348892569542,-0.7919398546218872,0.06721558980643749,-0.03177689202129841,0.09916148870774641
22.602522134780884,0.017155710607767105,-0.47183603048324585,0.04664546251296997,-0.01233404129743576,0.09630288215072251
22.70159649848938,0.013825733214616776,-0.6772128343582153,0.056151535362005234,-0.028500068932771683,0.09424012295104843
22.80355167388916,0.017977222800254822,-0.27236711978912354,0.03500016778707504,0.0009542778134346008,0.09555152704286683
22.902652502059937,0.012667246162891388,-0.680411696434021,0.0551929771900177,-0.029858484864234924,0.09590844131389573
23.00329041481018,0.0169095229357481,-0.26041169643402096,0.03318525396287441,0.0006337919086217905,0.09636400549705493
23.102121829986572,0.01124513242393732,-0.680411696434021,0.05377086345106363,-0.03128059860318899,0.09706453656642763
23.200385093688965,0.01648007333278656,-0.26041169643402096,0.03275580435991287,0.0002043423056602503,0.0979102949367776
23.30181646347046,0.0,-0.680411696434021,0.04252573102712631,-0.04252573102712631,0.09868633424899205
23.402620792388916,0.013210467994213104,-0.26041169643402096,0.029486199021339414,-0.0030652630329132055,0.09948150356844458
23.502935647964478,0.0,-0.680411696434021,0.04252573102712631,-0.04252573102712631,0.09958654003649133
23.6022686958313,0.010441349819302559,-0.26041169643402096,0.02671708084642887,-0.005834381207823751,0.10095166129570131
23.701956748962402,0.0,-0.6277546286582947,0.03923466429114342,-0.03923466429114342,0.10148183091341634
23.802018880844116,0.0,-0.20775462865829464,0.012984664291143415,-0.012984664291143415,0.1019942209135373
23.902312994003296,0.0,-0.5508280992507935,0.03442675620317459,-0.03442675620317459,0.1022290108648486
24.0017409324646,0.010790560394525528,-0.13082809925079342,0.018967316597700117,0.0026138041913509394,0.10264747402831684
24.109331369400024,0.0,-0.33617568016052246,0.021010980010032654,-0.021010980010032654,0.10289561742278999
24.204543828964233,0.014083697460591793,0.042474158108234406,0.011429062578827143,0.016738332342356443,0.10297074638209226
24.302437782287598,0.0,-0.335024356842041,0.020939022302627563,-0.020939022302627563,0.1037515281768215
24.40634512901306,0.01761249080300331,0.08497564315795902,0.012301513105630872,0.02292346850037575,0.10495115027191843
24.50227403640747,0.0,-0.2996840476989746,0.018730252981185913,-0.018730252981185913,0.10526618155921014
24.605939626693726,0.020353266969323158,0.12031595230102543,0.012833519950509069,0.027873013988137248,0.1057881801902026
24.704831838607788,0.0,-0.2525867521762848,0.0157866720110178,-0.0157866720110178,0.10384039024543584
24.802015781402588,0.027952859178185463,0.16741324782371525,0.01748953118920326,0.038416187167167666,0.09937512393160249
24.90430474281311,0.0,-0.17693597078323364,0.011058498173952103,-0.011058498173952103,0.09861850326766072
25.006391763687134,0.03095492720603943,0.2430640292167664,0.01576342537999153,0.04614642903208733,0.09888439668621994
25.10391640663147,0.0,-0.12416969239711761,0.007760605774819851,-0.007760605774819851,0.09872521131361416
25.20544672012329,0.029055146500468254,0.2958303076028824,0.010565752275288103,0.047544540725648406,0.09891771938901674
25.305155992507935,0.0,-0.12416969239711761,0.007760605774819851,-0.007760605774819851,0.09905610332991344
25.40342903137207,0.031718865036964417,0.2958303076028824,0.013229470811784265,0.05020825926214457,0.09915754707877074
25.504311561584473,0.012463424354791641,-0.12416969239711761,0.020224030129611492,0.00470281857997179,0.09897479452909252
25.605624437332153,0.03178893029689789,0.2958303076028824,0.013299536071717737,0.05027832452207804,0.09902213577262829
25.703847885131836,0.010833753272891045,-0.12416969239711761,0.018594359047710896,0.0030731474980711937,0.09930013632114165
25.802809476852417,0.028350237756967545,0.2958303076028824,0.009860843531787393,0.046839631982147696,0.09956554884042274
25.904277324676514,0.0,-0.08625517785549164,0.005390948615968227,-0.005390948615968227,0.09971966093173158
26.008522033691406,0.02685507759451866,0.3337448221445084,0.005996026210486886,0.04771412897855044,0.1001034273601069
26.10514545440674,0.0,-0.08625517785549164,0.005390948615968227,-0.005390948615968227,0.09989186628453582
26.2048556804657,0.02811686135828495,0.3337448221445084,0.007257809974253175,0.048975912742316725,0.10105245410272402
26.30560874938965,0.0151858264580369,-0.08625517785549164,0.020576775074005127,0.009794877842068672,0.10270939018910467
26.40536117553711,0.03201887384057045,0.3337448221445084,0.011159822456538675,0.052877925224602225,0.10335831001939276
26.503223657608032,0.020429812371730804,-0.08625517785549164,0.025820760987699032,0.015038863755762577,0.10431198457292877
26.605857610702515,0.03304775059223175,0.3337448221445084,0.012188699208199975,0.053906801976263526,0.10419964773288039
26.70326018333435,0.0221684779971838,-0.08625517785549164,0.027559426613152027,0.016777529381215572,0.10466144106231937
26.80416250228882,0.031386710703372955,0.3337448221445084,0.01052765931934118,0.05224576208740473,0.10495435382516133
26.903907537460327,0.01655004546046257,-0.08625517785549164,0.021940994076430798,0.011159096844494343,0.10535443174103594
27.003337860107422,0.026135962456464767,0.3337448221445084,0.005276911072432992,0.04699501384049654,0.10599055272017051
27.104037761688232,0.013423212803900242,-0.08625517785549164,0.01881416141986847,0.008032264187932014,0.10684358660804491
27.20439076423645,0.025242438539862633,0.3337448221445084,0.004383387155830858,0.04610148992389441,0.10781910512170127
27.30465865135193,0.01961042918264866,-0.08625517785549164,0.025001377798616886,0.014219480566680431,0.10836004461117144
27.404776334762573,0.02697061002254486,0.3337448221445084,0.006111558638513086,0.047829661406576636,0.10867645004619805
27.505645751953125,0.014701802283525467,-0.08625517785549164,0.020092750899493694,0.00931085366755724,0.11039352933135989
27.604700803756714,0.02348608896136284,0.3337448221445084,0.0026270375773310636,0.044345140345394614,0.11207066795429187
27.706249237060547,0.013491617515683174,-0.08625517785549164,0.0188825661316514,0.008100668899714947,0.11290013046979848
27.803679704666138,0.022151630371809006,0.3337448221445084,0.0012925789877772306,0.04301068175584078,0.11306606624063023
27.901886463165283,0.011794096790254116,-0.08625517785549164,0.017185045406222343,0.006403148174285889,0.11345046243332951
28.004042148590088,0.022330448031425476,0.3337448221445084,0.001471396647393701,0.04318949941545725,0.11495363651524236
28.10265874862671,0.013014675118029118,-0.08625517785549164,0.018405623733997345,0.00762372650206089,0.11451414503556033
28.20366334915161,0.02247554622590542,0.3337448221445084,0.0016164948418736433,0.043334597609937194,0.11440650609425246
28.306021213531494,0.014150027185678482,-0.08625517785549164,0.01954097580164671,0.008759078569710255,0.11494544044909973
28.400545835494995,0.022349441424012184,0.3337448221445084,0.001490390039980409,0.04320849280804396,0.11491483172594631
28.501802921295166,0.012231625616550446,-0.08625517785549164,0.017622574232518673,0.006840677000582218,0.11655631998068482
28.607177257537842,0.02152605541050434,0.3337448221445084,0.000667004026472566,0.042385106794536116,0.11745932428732014
28.701003551483154,0.017827477306127548,-0.08625517785549164,0.023218425922095776,0.01243652869015932,0.11702096388506443
28.801371812820435,0.021014470607042313,0.26316002011299133,0.004566969349980354,0.03746197186410427,0.11692899396360418
28.902027130126953,0.011730203405022621,-0.1568399798870087,0.021532702147960665,0.001927704662084577,0.11798948292386122
29.001509428024292,0.019539110362529755,0.26316002011299133,0.0030916091054677963,0.03598661161959171,0.11880953254339272
29.102516412734985,0.013285478577017784,-0.1568399798870087,0.02308797731995583,0.00348297983407974,0.12137712823262417
29.20196509361267,0.01760255917906761,0.25806835293769836,0.001473287120461464,0.03373183123767376,0.1229926471559433
29.302369832992554,0.013831008225679398,-0.16193164706230168,0.023951736167073252,0.003710280284285543,0.12312423186138462
29.400551557540894,0.01624004915356636,0.1507609486579895,0.006817489862442017,0.025662608444690704,0.12411642128523763
29.501612424850464,0.0,-0.26923905134201054,0.01682744070887566,-0.01682744070887566,0.12581067216328742
29.60390615463257,0.012612695805728436,0.13713747262954712,0.004041603766381741,0.02118378784507513,0.12962528498247639
29.705723524093628,0.0,-0.2828625273704529,0.017678907960653308,-0.017678907960653308,0.1285578923480147
29.802482843399048,0.0,0.09126295894384384,-0.00570393493399024,0.00570393493399024,0.12934517946671256
29.901556730270386,0.0,-0.3287370410561562,0.020546065066009762,-0.020546065066009762,0.13134501800692633
30.001505613327026,0.0,0.09126295894384384,-0.00570393493399024,0.00570393493399024,0.13142415256770165
30.1019287109375,0.011646628379821777,-0.3287370410561562,0.03219269344583154,-0.008899436686187985,0.13195765218576794
30.20148539543152,0.0,0.07921423017978668,-0.004950889386236668,0.004950889386236668,0.13177511207086362
30.301674127578735,0.01098652370274067,-0.34078576982021336,0.032285634316504004,-0.010312586911022666,0.1317147285399607
30.401252508163452,0.0,0.07921423017978668,-0.004950889386236668,0.004950889386236668,0.13204090230709759
30.50195550918579,0.011141319759190083,-0.34078576982021336,0.03244043037295342,-0.010157790854573252,0.13189298454806175
30.60196805000305,0.0,0.07921423017978668,-0.004950889386236668,0.004950889386236668,0.1320102053650893
30.702102184295654,0.012635882012546062,-0.34078576982021336,0.0339349926263094,-0.008663228601217272,0.04238494424992543
30.80131220817566,0.0632372498512268,-0.7607857698202134,0.11078636046499014,0.01568813923746347,0.042322288193892305
30.901835441589355,0.23238883912563324,-1.1807857698202135,0.30618794973939656,0.1585897285118699,0.042401718904224776
31.00105047225952,0.43238883912563325,-1.6007857698202135,0.5324379497393966,0.3323397285118699,0.04243384662181801
31.10383367538452,0.48211613297462463,-2.0207857698202134,0.6084152435883879,0.3558170223608613,0.04300187696134894
31.201807260513306,0.5,-2.4407857698202133,0.6525491106137633,0.3474508893862367,0.04528546116963535
31.303714752197266,0.4974489212036133,-2.7396605014801025,0.6686777025461197,0.3262201398611069,0.0499110427823497
31.402095556259155,0.48574206233024597,-2.6758668422698975,0.6529837399721146,0.3185003846883774,0.056754960732249796
31.50496554374695,0.4537830054759979,-2.648012399673462,0.6192837804555893,0.28828223049640656,0.06340800832510186
31.60440707206726,0.47968539595603943,-3.068012399673462,0.6714361709356308,0.28793462097644806,0.06670068787827876
31.702633142471313,0.4459850788116455,-2.928941488265991,0.62904392182827,0.26292623579502106,0.08242480456264398
31.804672718048096,0.42299067974090576,-3.315098762512207,0.6301843523979187,0.21579700708389282,0.09509779887425436
31.901108264923096,0.3807864189147949,-3.0060765743255615,0.5686662048101425,0.19290663301944733,0.10357368911849198
32.00158095359802,0.460838258266449,-3.368598222732544,0.671375647187233,0.250300869345665,0.10130169186942768
32.102396726608276,0.48506680130958557,-2.948598222732544,0.6693541902303696,0.30077941238880157,0.08955201093391164
32.206275939941406,0.47262805700302124,-2.5653765201568604,0.632964089512825,0.31229202449321747,0.08601741166317181
32.30147695541382,0.4312373101711273,-2.1453765201568604,0.5653233426809311,0.29715127766132354,0.07724369199186376
32.40337347984314,0.44794589281082153,-2.539867401123047,0.606687605381012,0.2892041802406311,0.06305880749447722
32.501747608184814,0.49996262788772583,-2.119867401123047,0.6324543404579163,0.3674709153175354,0.05249969588099476
32.601972579956055,0.47458741068840027,-1.699867401123047,0.5808291232585907,0.36834569811820983,0.048812699190139634
32.7029972076416,0.4379233717918396,-1.279867401123047,0.51791508436203,0.35793165922164916,0.037556367949124765
32.804243326187134,0.4899955689907074,-1.699867401123047,0.5962372815608978,0.38375385642051696,0.04303740364207926
32.902639865875244,0.44770127534866333,-1.4240803718566895,0.5367062985897064,0.35869625210762024,0.056960326352306447
33.0011510848999,0.3833473026752472,-1.3473831415176392,0.46755874902009964,0.29913585633039474,0.05343093094400996
33.103556871414185,0.385586142539978,-1.767383141517639,0.49604758888483047,0.2751246961951256,0.04170407226748068
33.20281171798706,0.34515464305877686,-1.6972674131393433,0.4512338563799858,0.2390754297375679,0.04790830846849335
33.30209136009216,0.32197630405426025,-1.855391502380371,0.43793827295303345,0.20601433515548706,0.05167115851198786
33.40255928039551,0.32841214537620544,-1.675190806388855,0.4331115707755089,0.223712719976902,0.05102339930362263
33.502198457717896,0.3669491410255432,-1.5679879188537598,0.4649483859539032,0.2689498960971832,0.048003334961253856
33.60562443733215,0.36931025981903076,-1.7169493436813354,0.4766195937991142,0.2620009258389473,0.05527970274185127
33.70057225227356,0.3317771553993225,-1.2969493436813355,0.412836489379406,0.25071782141923904,0.0696441421584368
33.80071759223938,0.31087881326675415,-1.0663608312606812,0.3775263652205467,0.24423126131296158,0.07972947609673445
33.902355909347534,0.263317734003067,-0.6959921717643738,0.3068172447383404,0.21981822326779366,0.08596674767900887
34.002463817596436,0.2680199146270752,-0.8399796485900879,0.3205186426639557,0.2155211865901947,0.08981616568595971
34.10255193710327,0.2571244239807129,-0.4286588430404663,0.28391560167074203,0.23033324629068375,0.08751761989781102
34.20462131500244,0.2682310938835144,-0.40904173254966736,0.2937962021678686,0.2426659855991602,0.08615551289821949
34.30218291282654,0.28076720237731934,-0.14721868932247162,0.2899683704599738,0.27156603429466486,0.08369062097160689
34.401732444763184,0.2846008539199829,-0.15352098643779755,0.29419591557234526,0.27500579226762056,0.07989243464646338
34.50142288208008,0.2926940321922302,-0.29155781865119934,0.3109163958579302,0.27447166852653027,0.08182025411825201
34.6039936542511,0.2620173394680023,-0.07466696202754974,0.2666840245947242,0.25735065434128046,0.08268594796798527
34.70333743095398,0.2965662479400635,0.010229907929897308,0.2959268786944449,0.29720561718568206,0.08544704267374055
34.80372643470764,0.30173754692077637,0.05532044917345047,0.2982800188474357,0.305195074994117,0.08933121113689674
34.902201414108276,0.3131551146507263,0.24634507298469543,0.29775854758918285,0.3285516817122698,0.09309296554600659
35.0020227432251,0.30614596605300903,0.11132919043302536,0.29918789165094495,0.3131040404550731,0.09544533595317745
35.10249328613281,0.2900889813899994,0.28026095032691956,0.2725726719945669,0.30760529078543186,0.09758941948830895
35.201985359191895,0.36089107394218445,0.08945049345493317,0.3553004181012511,0.36648172978311777,0.09662263075015282
35.30781388282776,0.40564483404159546,0.09064877033233643,0.39997928589582443,0.4113103821873665,0.09449834701969624
35.40282130241394,0.44402527809143066,-0.024781178683042526,0.4455741017591208,0.4424764544237405,0.0966428597253635
35.502562522888184,0.4416491687297821,0.06839925050735474,0.43737421557307243,0.4459241218864918,0.09866772566987034
35.600985527038574,0.4206985831260681,0.005136890336871147,0.42037752748001367,0.42101963877212256,0.09884977174028108
35.700950384140015,0.38050395250320435,0.24348478019237518,0.3652861537411809,0.3957217512652278,0.09848613209877265
35.807337522506714,0.3715670108795166,-0.029127901419997215,0.3733875047182664,0.3697465170407668,0.10152578960898663
35.90383768081665,0.3945513069629669,0.15283994376659393,0.3849988104775548,0.40410380344837904,0.10385718213750415
36.00563335418701,0.3693012595176697,0.02573913149535656,0.3676925637992099,0.37090995523612946,0.10689020970616371
36.104039669036865,0.31628260016441345,0.16738593578338623,0.3058209791779518,0.3267442211508751,0.11066320278035999
36.203203439712524,0.3085543215274811,-0.01446472480893135,0.3094583668280393,0.30765027622692287,0.11075175072250078
36.304237842559814,0.31385233998298645,0.16978277266025543,0.3032409166917205,0.3244637632742524,0.10979820482446502
36.405224323272705,0.3059995174407959,-0.006092444062232971,0.30638029519468546,0.30561873968690634,0.10984951857436959
36.505921602249146,0.3127939701080322,0.035130955278873444,0.31059828540310264,0.3149896548129618,0.10865526738448812
36.606186628341675,0.3269391357898712,0.029288023710250854,0.32510863430798054,0.3287696372717619,0.10995404730592521
36.70563459396362,0.325516015291214,0.09524566680192947,0.3195631611160934,0.3314688694663346,0.11489991449964705
36.80870485305786,0.2972131371498108,-0.13107244670391083,0.3054051650688052,0.28902110923081636,0.11465230302359548
36.90328526496887,0.30540338158607483,-0.04691481217741966,0.30833555734716356,0.3024712058249861,0.11230614423662376
37.004923820495605,0.31911537051200867,-0.10347478091716766,0.32558254431933165,0.3126481967046857,0.10643083806542276
37.103272438049316,0.32729074358940125,0.10433053970336914,0.3207700848579407,0.3338114023208618,0.10640091915486873
37.20416021347046,0.31612110137939453,-0.05177002772688866,0.3193567281123251,0.312885474646464,0.10649559033322295
37.30343842506409,0.34558311104774475,0.019947409629821777,0.3443363979458809,0.3468298241496086,0.10687563141209637
37.407861948013306,0.388032466173172,-0.1461392343044281,0.39716616831719875,0.37889876402914524,0.1079480731103724
37.50362515449524,0.39529910683631897,0.10830958932638168,0.3885297575034201,0.4020684561692178,0.1087265328247984
37.61141753196716,0.38046830892562866,-0.12994229793548584,0.3885897025465965,0.3723469153046608,0.10959168067437514
37.703397035598755,0.350906640291214,0.1211707815527916,0.3433334664441645,0.35847981413826346,0.11069341795915108
37.80613327026367,0.3739455044269562,-0.18822723627090454,0.3857097066938877,0.36218130216002464,0.1126553479528838
37.90438747406006,0.4093914031982422,-0.1711910516023636,0.4200908439233899,0.39869196247309446,0.11537204821464134
38.004265785217285,0.40166404843330383,-0.35234659910202026,0.4236857108771801,0.37964238598942757,0.11872543836123757
38.10487723350525,0.35896533727645874,-0.41492998600006104,0.38489846140146255,0.3330322131514549,0.12190790629325453
38.20395541191101,0.35360121726989746,-0.10142648965120316,0.35994037287309766,0.34726206166669726,0.1272437493011625
38.30880832672119,0.3211492598056793,0.018180206418037415,0.320012996904552,0.32228552270680666,0.13127902432666647
38.403661251068115,0.2921253442764282,-0.20648252964019775,0.3050305023789406,0.27922018617391586,0.13835075359175858
38.50682091712952,0.2930409610271454,-0.1465320736169815,0.30219921562820673,0.28388270642608404,0.16444719205739078
38.60376262664795,0.31521108746528625,-0.3629797101020813,0.33789731934666634,0.2925248555839062,0.16949743615058593
38.70513081550598,0.3265513479709625,-0.15976029634475708,0.33653636649250984,0.3165663294494152,0.1735496414908397
38.80455017089844,0.3247148096561432,-0.45317593216896057,0.3530383054167032,0.29639131389558315,0.17567470632704363
38.90571904182434,0.33392438292503357,-0.1602143794298172,0.34393778163939714,0.32391098421067,0.1800266698608876
39.00181174278259,0.3277408480644226,-0.5802143794298172,0.3640042467787862,0.29147744935005904,0.18413968726226992
39.10549807548523,0.31651145219802856,-0.28043192625045776,0.3340384475886822,0.29898445680737495,0.18762453594172449
39.20400357246399,0.33647677302360535,-0.3449399471282959,0.35803551971912384,0.31491802632808685,0.1913709800285809
39.302369356155396,0.27955129742622375,-0.21573606133460999,0.2930348012596369,0.26606779359281063,0.19479803154091582
39.40288519859314,0.24059921503067017,-0.63573606133461,0.2803327188640833,0.20086571119725705,0.1978126608635674
39.50243091583252,0.3083665668964386,-0.9427487850189209,0.36728836596012115,0.24944476783275604,0.2096995782975844
39.60397791862488,0.3355957269668579,-1.0774335861206055,0.40293532609939575,0.26825612783432007,0.210930060547003
39.70464301109314,0.3106479048728943,-0.7862203121185303,0.35978667438030243,0.26150913536548615,0.21147439022206346
39.80133676528931,0.30776581168174744,-1.1071685552597046,0.376963846385479,0.2385677769780159,0.2115595121154636
39.90209722518921,0.2835499346256256,-0.746648371219635,0.3302154578268528,0.23688441142439842,0.2017770879669071
40.00239539146423,0.28489258885383606,-0.9590129256248474,0.344830896705389,0.2249542810022831,0.20032322543478367
40.10234808921814,0.24520018696784973,-0.6066794395446777,0.2831176519393921,0.20728272199630737,0.19790050847255947
40.20180940628052,0.22320987284183502,-0.8011887669563293,0.2732841707766056,0.17313557490706444,0.19444571487970258
40.30159139633179,0.19606216251850128,-0.3811887669563293,0.21988646045327187,0.1722378645837307,0.17064280167361473
40.40218710899353,0.16294662654399872,-0.4451175034046173,0.1907664705067873,0.13512678258121014,0.1634800370417084
40.50166654586792,0.1427828073501587,-0.02511750340461727,0.14435265131294728,0.1412129633873701,0.15779009013252251
40.60260629653931,0.08948130905628204,-0.12563329935073853,0.0973333902657032,0.08162922784686089,0.15395779677413485
40.7016065120697,0.08384041488170624,0.23518407344818115,0.06914141029119492,0.09853941947221756,0.13867903678059723
40.80159068107605,0.029725369065999985,0.1134638637304306,0.022633877582848072,0.0368168605491519,0.13337768702840996
40.901172399520874,0.04528164118528366,0.3549075126647949,0.02309992164373398,0.06746336072683334,0.12828097034741767
41.00169539451599,0.013784732669591904,0.21042890846729279,0.0006329258903861046,0.026936539448797703,0.12459675909221382
41.10205292701721,0.044646140187978745,0.46666064858436584,0.01547984965145588,0.07381243072450161,0.12313655384787074
41.20317316055298,0.026113683357834816,0.20122119784355164,0.013537358492612839,0.03869000822305679,0.11979584835801217
41.3018217086792,0.07351796329021454,0.5553074479103088,0.038811247795820236,0.10822467878460884,0.11876778023597191
41.40306520462036,0.040448568761348724,0.3390391767024994,0.019258620217442513,0.061638517305254936,0.11777349441908237
41.50162363052368,0.06163911521434784,0.4915003478527069,0.030920343473553658,0.09235788695514202,0.11618825930693537
41.60388112068176,0.03014982119202614,0.3650696575641632,0.007332967594265938,0.05296667478978634,0.11454811889090402
41.70219421386719,0.054075438529253006,0.5171664953231812,0.021752532571554184,0.08639834448695183,0.11269316723691489
41.80170011520386,0.016590718179941177,0.3383640646934509,-0.004557035863399506,0.03773847222328186,0.10479801182744791
41.90240550041199,0.03595960512757301,0.4939941167831421,0.005084972828626633,0.0668342374265194,0.10160645471141597
42.00169658660889,0.0,0.35211601853370667,-0.022007251158356667,0.022007251158356667,0.10101923495350804
42.10272216796875,0.03725040331482887,0.5028098821640015,0.005824785679578781,0.06867602095007896,0.10020017125274293
42.20244908332825,0.0,0.31529274582862854,-0.019705796614289284,0.019705796614289284,0.09991752412001866
42.30149507522583,0.03371276706457138,0.4643751084804535,0.004689322784543037,0.06273621134459972,0.09964945342863883
42.407657623291016,0.0,0.30109211802482605,-0.018818257376551628,0.018818257376551628,0.09892500682532522
42.50288510322571,0.030850794166326523,0.44670096039772034,0.0029319841414690018,0.058769604191184044,0.09795847204274141
42.602174043655396,0.0,0.19544540345668793,-0.012215337716042995,0.012215337716042995,0.09727760166669695
42.702155351638794,0.030445314943790436,0.42573031783103943,0.0038371700793504715,0.0570534598082304,0.09664565184156299
42.80174708366394,0.0,0.14018601179122925,-0.008761625736951828,0.008761625736951828,0.09613652942836506
42.90155076980591,0.025611435994505882,0.36229991912841797,0.002967691048979759,0.048255180940032005,0.09583087477980894
43.002551317214966,0.0,0.007498202845454216,-0.0004686376778408885,0.0004686376778408885,0.09539379654399445
43.1037220954895,0.030578887090086937,0.3166540861129761,0.010788006708025932,0.05036976747214794,0.09472160885968565
43.201916456222534,0.011103732511401176,-0.10334591388702397,0.017562852129340174,0.004644612893462179,0.09454707369561918
43.30238580703735,0.030417855829000473,0.24224162101745605,0.01527775451540947,0.045557957142591476,0.09412008458282621
43.40184044837952,0.01741349697113037,-0.17775837898254399,0.02852339565753937,0.006303598284721372,0.08720465102272286
43.50201153755188,0.027041926980018616,0.18961882591247559,0.015190750360488892,0.03889310359954834,0.08389262294861706
43.60400938987732,0.0,-0.23038117408752445,0.014398823380470278,-0.014398823380470278,0.08374046665473707
43.70198178291321,0.024999471381306648,0.1403694748878479,0.016226379200816154,0.03377256356179714,0.08352558859657604
43.80183744430542,0.013372576795518398,-0.27963052511215214,0.030849484615027907,-0.0041043310239911104,0.0834809245391794
43.901525020599365,0.025648066774010658,0.1205778419971466,0.018111951649188995,0.03318418189883232,0.0833565642393565
44.002129316329956,0.0,-0.29942215800285343,0.01871388487517834,-0.01871388487517834,0.08320711470681656
44.10295629501343,0.023847468197345734,0.07998856902122498,0.018848182633519173,0.028846753761172295,0.08312542069103984
44.20260167121887,0.0,-0.34001143097877506,0.02125071443617344,-0.02125071443617344,0.08499627692856318
44.301960468292236,0.023818450048565865,0.07998856902122498,0.018819164484739304,0.028817735612392426,0.08595040572567579
44.40173268318176,0.0,-0.34001143097877506,0.02125071443617344,-0.02125071443617344,0.08595785910676194
44.501502990722656,0.023597991093993187,0.07998856902122498,0.018598705530166626,0.028597276657819748,0.08597118902850262
44.60265779495239,0.0,-0.34001143097877506,0.02125071443617344,-0.02125071443617344,0.0859936166781035
44.70166850090027,0.02486543543636799,0.07998856902122498,0.019866149872541428,0.02986472100019455,0.08600360214538964
44.80194139480591,0.0,-0.34001143097877506,0.02125071443617344,-0.02125071443617344,0.08598958297563151
44.902050495147705,0.024042712524533272,0.07998856902122498,0.01904342696070671,0.029041998088359833,0.08598926985145507
45.00233769416809,0.011733573861420155,-0.34001143097877506,0.032984288297593596,-0.009517140574753287,0.08599371506365386
45.10215497016907,0.024044720456004143,0.07998856902122498,0.019045434892177582,0.029044006019830704,0.08600537918678136
45.20245981216431,0.0,-0.34001143097877506,0.02125071443617344,-0.02125071443617344,0.08601054267103686
45.301793813705444,0.022314421832561493,0.07998856902122498,0.017315136268734932,0.027313707396388054,0.0860364536488304
45.40309929847717,0.0,-0.34001143097877506,0.02125071443617344,-0.02125071443617344,0.08607600702766513
45.50322985649109,0.022508250549435616,0.07998856902122498,0.017508964985609055,0.027507536113262177,0.0861059321603207
45.60420536994934,0.0,-0.26542654633522034,0.01658915914595127,-0.01658915914595127,0.08623750987931474
45.701016902923584,0.023206787183880806,0.1545734536647797,0.013545946329832075,0.03286762803792954,0.08650875979928234
45.80473852157593,0.0,-0.26542654633522034,0.01658915914595127,-0.01658915914595127,0.0865341327588314
45.902772665023804,0.02590295672416687,0.1545734536647797,0.01624211587011814,0.0355637975782156,0.08652479198980065
46.00289463996887,0.0,-0.20989078283309937,0.01311817392706871,-0.01311817392706871,0.08654221126750501
46.1033992767334,0.02349788136780262,0.21010921716690067,0.010366055294871328,0.03662970744073391,0.08670024467485302
46.202449560165405,0.0,-0.20989078283309937,0.01311817392706871,-0.01311817392706871,0.08667066871395325
46.3018000125885,0.024621108546853065,0.21010921716690067,0.011489282473921773,0.03775293461978436,0.0868563268150884
46.4026038646698,0.0,-0.20989078283309937,0.01311817392706871,-0.01311817392706871,0.08724735193532443
46.504618644714355,0.025274554267525673,0.21010921716690067,0.01214272819459438,0.038406380340456965,0.08793296605659452
46.60269212722778,0.0,-0.20989078283309937,0.01311817392706871,-0.01311817392706871,0.08833941313892979
46.702357053756714,0.028092999011278152,0.21010921716690067,0.01496117293834686,0.041224825084209445,0.08812887476603054
46.802146196365356,0.0,-0.20989078283309937,0.01311817392706871,-0.01311817392706871,0.08807942741346829
46.901843786239624,0.02475033327937126,0.21010921716690067,0.01161850720643997,0.037882159352302554,0.0887344115286445
47.004695653915405,0.0,-0.20989078283309937,0.01311817392706871,-0.01311817392706871,0.08917685436446593
47.10469675064087,0.022628871724009514,0.21010921716690067,0.009497045651078222,0.035760697796940806,0.08975306719793874
47.20117139816284,0.01178667787462473,-0.20989078283309937,0.02490485180169344,-0.0013314960524439812,0.08965088575606238
47.30142140388489,0.029735984280705452,0.21010921716690067,0.01660415820777416,0.042867810353636744,0.09001580758315625
47.40200757980347,0.0,-0.20989078283309937,0.01311817392706871,-0.01311817392706871,0.09035448144327168
47.503464221954346,0.025500375777482986,0.21010921716690067,0.012368549704551694,0.03863220185041428,0.09061886522377079
47.60430431365967,0.013529669493436813,-0.20989078283309937,0.026647843420505524,0.00041149556636810303,0.09070234764566194
47.7038152217865,0.026712685823440552,0.21010921716690067,0.01358085975050926,0.039844511896371844,0.09097426058218408
47.80492949485779,0.0,-0.20989078283309937,0.01311817392706871,-0.01311817392706871,0.0909799813861127
47.907078981399536,0.02250727452337742,0.21010921716690067,0.009375448450446126,0.03563910059630871,0.09143652795842035
48.00531721115112,0.010824537836015224,-0.20989078283309937,0.023942711763083935,-0.002293636091053486,0.09234767943361845
48.105307817459106,0.023639792576432228,0.21010921716690067,0.010507966503500936,0.03677161864936352,0.09275613982289424
48.2031512260437,0.013583829626441002,-0.20989078283309937,0.026702003553509712,0.00046565569937229156,0.0926223333373529
48.30732297897339,0.0271486546844244,0.21010921716690067,0.014016828611493108,0.04028048075735569,0.0922436631579719
48.40519881248474,0.014049925841391087,-0.20989078283309937,0.027168099768459797,0.0009317519143223763,0.0936692766134397
48.507041931152344,0.025749921798706055,0.21010921716690067,0.012618095725774763,0.03888174787163735,0.09436180937703988
48.604612827301025,0.014799602329730988,-0.20989078283309937,0.027917776256799698,0.0016814284026622772,0.09492075090777777
48.70435309410095,0.023876696825027466,0.203227236866951,0.011174994520843029,0.0365783991292119,0.09484640941000316
48.805732011795044,0.011405732482671738,-0.21677276313304905,0.024954030178487303,-0.002142565213143828,0.0948760275455842
48.90576434135437,0.023082798346877098,0.203227236866951,0.010381096042692661,0.035784500651061535,0.09553488645266307
49.00493025779724,0.01434195227921009,-0.21677276313304905,0.027890249975025656,0.0007936545833945249,0.09610713300355547
49.105406284332275,0.024564683437347412,0.16500027477741241,0.014252166263759136,0.03487720061093569,0.09620016234230049
49.20549941062927,0.01478731632232666,-0.2549997252225876,0.030724799148738387,-0.0011501665040850664,0.09728917632489861
49.302170515060425,0.022842563688755035,0.10158004611730576,0.016493810806423426,0.029191316571086645,0.09820697124779121
49.40808129310608,0.013761509209871292,-0.3184199538826943,0.033662756327539685,-0.006139737907797101,0.09892136926444879
49.503193616867065,0.0205084141343832,0.002919199876487255,0.020325964142102748,0.020690864126663655,0.10016385362659902
49.60726022720337,0.013506200164556503,-0.4170808001235128,0.03957375017227605,-0.012561349843163046,0.10109305830635315
49.70158624649048,0.018872089684009552,-0.09159708768129349,0.024596907664090395,0.013147271703928709,0.10234322303977512
49.8044810295105,0.01245881523936987,-0.5115970876812935,0.044433633219450715,-0.019516002740710976,0.10302056599672742
49.90395140647888,0.016783475875854492,-0.11569768935441971,0.024014581460505724,0.00955237029120326,0.10276122174747017
50.004669189453125,0.013507877476513386,-0.5356976893544197,0.04698898306116462,-0.01997322810813785,0.10244031870532275
50.105987787246704,0.017621897161006927,-0.11569768935441971,0.02485300274565816,0.010390791576355696,0.104561584700512
50.20581889152527,0.012259398587048054,-0.5356976893544197,0.04574050417169929,-0.02122170699760318,0.10569981535465359
50.30378007888794,0.015272052958607674,-0.11998008191585541,0.022770808078348637,0.007773297838866711,0.10726238185781975
50.40455675125122,0.010873987339437008,-0.5399800819158554,0.04462274245917797,-0.022874767780303958,0.10783772415355841
50.503841161727905,0.013301348313689232,-0.1538173109292984,0.022914930246770382,0.003687766380608082,0.10744493531099351
50.60660719871521,0.010978161357343197,-0.5738173109292984,0.04684174329042435,-0.024885420575737956,0.10811359131858833
50.705796241760254,0.013382012024521828,-0.1538173109292984,0.022995593957602978,0.0037684300914406776,0.10810640212144602
50.80634617805481,0.01115498598664999,-0.5738173109292984,0.04701856791973114,-0.024708595946431162,0.10789779746562976
50.90395545959473,0.012528372928500175,-0.1538173109292984,0.022141954861581326,0.0029147909954190254,0.10935750175232281
51.00512361526489,0.012848196551203728,-0.5738173109292984,0.04871177848428488,-0.023015385381877425,0.1100722975571493
51.1036217212677,0.012349916622042656,-0.1538173109292984,0.021963498555123806,0.002736334688961506,0.10943183173088893
51.20412802696228,0.011471131816506386,-0.5616984963417053,0.04657728783786297,-0.023635024204850197,0.1119621100529919
51.30356240272522,0.011366935446858406,-0.14169849634170528,0.020223091468214986,0.002510779425501826,0.11280073690848015
51.402385234832764,0.010492067784070969,-0.48096996545791626,0.040552690625190735,-0.019568555057048798,0.11532077781537779
51.50414752960205,0.01632021926343441,-0.06096996545791622,0.020130842104554174,0.012509596422314646,0.11654727470922856
51.60365152359009,0.010704979300498962,-0.2018139511346817,0.02331835124641657,-0.001908392645418644,0.11841196674916832
51.70207071304321,0.022113226354122162,0.21818604886531834,0.008476598300039766,0.03574985440820456,0.11837494384997994
51.80890345573425,0.01856742426753044,-0.2018139511346817,0.031180796213448048,0.005954052321612835,0.1196438725523572
51.9033989906311,0.02354341559112072,0.21818604886531834,0.009906787537038324,0.037180043645203116,0.11828770660409192
52.002711057662964,0.01816760003566742,-0.2018139511346817,0.030780971981585026,0.005554228089749813,0.11889731640867508
52.1021203994751,0.02414363995194435,0.21818604886531834,0.010507011897861955,0.03778026800602675,0.12001323667123091
52.205591917037964,0.01773645728826523,-0.2018139511346817,0.030349829234182835,0.005123085342347622,0.11961055911723482
52.30197048187256,0.020253870636224747,0.21818604886531834,0.0066172425821423506,0.03389049869030714,0.12003562942071767
52.401830196380615,0.014297924935817719,-0.17024840414524078,0.024938450194895267,0.0036573996767401695,0.1210899487426794
52.50211477279663,0.020697683095932007,0.24975159585475926,0.005088208355009553,0.03630715783685446,0.1209938197150798
52.60194969177246,0.015030553564429283,-0.14000417292118073,0.02378081437200308,0.006280292756855488,0.12123206178143758
52.70176148414612,0.020618995651602745,0.2799958270788193,0.003119256459176538,0.03811873484402895,0.12269538583069073
52.80172109603882,0.014781801030039787,-0.14000417292118073,0.023532061837613583,0.006031540222465992,0.12473577263678327
52.90294408798218,0.016881821677088737,0.2799958270788193,-0.0006179175153374697,0.034381560869514945,0.12627213563549775
53.00250267982483,0.01251637376844883,-0.14000417292118073,0.021266634576022625,0.0037661129608750343,0.12194652187569689
53.101983070373535,0.014652018435299397,0.2799958270788193,-0.0028477207571268107,0.032151757627725604,0.12088624552192809
53.20258140563965,0.01085097249597311,-0.14000417292118073,0.019601233303546906,0.002100711688399315,0.12128570177470899
53.3024742603302,0.017599524930119514,0.2799958270788193,9.978573769330729e-05,0.03509926412254572,0.12263335253766372
53.40253686904907,0.01205477211624384,-0.14000417292118073,0.020805032923817635,0.003304511308670044,0.12343421647027128
53.50381922721863,0.01666411943733692,0.2799958270788193,-0.0008356197550892855,0.03416385862976313,0.12397404565391354
53.602729082107544,0.010953503660857677,-0.14000417292118073,0.019703764468431473,0.002203242853283882,0.1251864210616833
53.70190978050232,0.015632741153240204,0.2799958270788193,-0.0018669980391860033,0.03313248034566641,0.1258978277368206
53.80199360847473,0.011425689794123173,-0.14000417292118073,0.020175950601696968,0.0026754289865493774,0.1270067029307849
53.90211462974548,0.015999766066670418,0.2799958270788193,-0.0014999731257557894,0.033499505259096625,0.1298736856152595
54.0018892288208,0.010985002852976322,-0.14000417292118073,0.019735263660550117,0.002234742045402527,0.1321109915793829
54.102253675460815,0.012611888349056244,0.25936657190322876,-0.0035985223948955536,0.02882229909300804,0.13422760878357826
54.20273947715759,0.0,-0.16063342809677128,0.010039589256048205,-0.010039589256048205,0.1333552041392091
54.30185031890869,0.011065004393458366,0.24726644158363342,-0.0043891482055187225,0.026519156992435455,0.1338755506670959
54.401909589767456,0.0,-0.17273355841636662,0.010795847401022914,-0.010795847401022914,0.13434542338203298
54.50247883796692,0.0,0.23404230177402496,-0.01462764386087656,0.01462764386087656,0.1347997254885629
54.60277223587036,0.0,-0.18294207751750946,0.011433879844844341,-0.011433879844844341,0.13640446359196876
54.70364022254944,0.0,0.23705792248249058,-0.014816120155155661,0.014816120155155661,0.13605287976900554
54.80174016952515,0.0,-0.18294207751750946,0.011433879844844341,-0.011433879844844341,0.13580325339772256
54.90234971046448,0.0,0.23705792248249058,-0.014816120155155661,0.014816120155155661,0.13665096906812035
55.002434730529785,0.0,-0.18294207751750946,0.011433879844844341,-0.011433879844844341,0.1377534475897005
55.10188364982605,0.0,0.23705792248249058,-0.014816120155155661,0.014816120155155661,0.13767714893230143
55.2024359703064,0.0,-0.18294207751750946,0.011433879844844341,-0.011433879844844341,0.13649326644661283
55.30198621749878,0.0,0.23705792248249058,-0.014816120155155661,0.014816120155155661,0.13616997494665847
55.40204477310181,0.0,-0.18294207751750946,0.011433879844844341,-0.011433879844844341,0.13724678803976118
55.50226640701294,0.0,0.23705792248249058,-0.014816120155155661,0.014816120155155661,0.13660223537250796
55.60194158554077,0.0,-0.17832894623279572,0.011145559139549732,-0.011145559139549732,0.13683746476660383
55.70229697227478,0.0,0.24167105376720432,-0.01510444086045027,0.01510444086045027,0.13714393560633834
55.80183720588684,0.0,-0.17832894623279572,0.011145559139549732,-0.011145559139549732,0.1366541165638748
55.90421533584595,0.0,0.24167105376720432,-0.01510444086045027,0.01510444086045027,0.13676509682772184
56.002140522003174,0.0,-0.17832894623279572,0.011145559139549732,-0.011145559139549732,0.13764914162216946
56.103229999542236,0.0,0.2166653275489807,-0.013541582971811295,0.013541582971811295,0.1364649600940231
56.20319390296936,0.0,-0.17163702845573425,0.01072731427848339,-0.01072731427848339,0.136679371288367
56.30216383934021,0.0,0.23494046926498413,-0.014683779329061508,0.014683779329061508,0.1363773898040355
56.40188717842102,0.0,-0.1850595307350159,0.011566220670938494,-0.011566220670938494,0.13593900260679576
56.501816749572754,0.0,0.23494046926498413,-0.014683779329061508,0.014683779329061508,0.13572237434017181
56.60302114486694,0.0,-0.15698076784610748,0.009811297990381718,-0.009811297990381718,0.1353877446084073
56.70265293121338,0.0,0.26301923215389256,-0.016438702009618285,0.016438702009618285,0.1352380514777604
56.80169749259949,0.0,-0.1544887125492096,0.0096555445343256,-0.0096555445343256,0.13508239930628807
56.902607679367065,0.0,0.2561255991458893,-0.01600784994661808,0.01600784994661808,0.13516924766600588
57.00303673744202,0.0,-0.16387440085411076,0.010242150053381922,-0.010242150053381922,0.1352754904769334
57.10324287414551,0.0104540279135108,0.2561255991458893,-0.005553822033107281,0.02646187786012888,0.13495570244969463
57.2022180557251,0.0,-0.16387440085411076,0.010242150053381922,-0.010242150053381922,0.13607531679119408
57.30222034454346,0.0,0.24737852811813354,-0.015461158007383347,0.015461158007383347,0.13616271303383873
57.40187382698059,0.0,-0.1726214718818665,0.010788841992616656,-0.010788841992616656,0.13589436258786367
57.50213074684143,0.0,0.24737852811813354,-0.015461158007383347,0.015461158007383347,0.1352662974622925
57.60294771194458,0.0,-0.1726214718818665,0.010788841992616656,-0.010788841992616656,0.13545621457025092
57.702794313430786,0.0,0.24737852811813354,-0.015461158007383347,0.015461158007383347,0.13548391010034969
57.801923513412476,0.0,-0.1726214718818665,0.010788841992616656,-0.010788841992616656,0.13560004891245164
57.90213990211487,0.0,0.23902256786823273,-0.014938910491764545,0.014938910491764545,0.13575216214929325
58.00178527832031,0.0,-0.1731557995080948,0.010822237469255924,-0.010822237469255924,0.13586039033401537
58.1029851436615,0.0,0.24684420049190525,-0.015427762530744078,0.015427762530744078,0.1359684544181713
58.20165228843689,0.0,-0.1731557995080948,0.010822237469255924,-0.010822237469255924,0.13599333773707434
58.3039767742157,0.010767227038741112,0.24684420049190525,-0.0046605354920029665,0.02619498956948519,0.1361235237560718
58.4028058052063,0.0,-0.1731557995080948,0.010822237469255924,-0.010822237469255924,0.1364927150600341
58.50301504135132,0.0,0.20587265491485596,-0.012867040932178497,0.012867040932178497,0.13630422497210012
58.60234189033508,0.0,-0.21304954588413239,0.013315596617758274,-0.013315596617758274,0.1362459175243097
58.702189922332764,0.0,0.20163871347904205,-0.012602419592440128,0.012602419592440128,0.13617351062901165
58.802977085113525,0.0,-0.218361286520958,0.013647580407559874,-0.013647580407559874,0.1360303945977485
58.90647482872009,0.0,0.16678430140018463,-0.01042401883751154,0.01042401883751154,0.13610230791250785
59.005751848220825,0.0,-0.20041659474372864,0.01252603717148304,-0.01252603717148304,0.13556954921333852
59.10250425338745,0.0,0.2195834052562714,-0.013723962828516963,0.013723962828516963,0.1353727850168847
59.203256130218506,0.0,-0.20041659474372864,0.01252603717148304,-0.01252603717148304,0.13691840905701605
59.30573534965515,0.0,0.2195834052562714,-0.013723962828516963,0.013723962828516963,0.13595785871932772
59.403456926345825,0.0,-0.20041659474372864,0.01252603717148304,-0.01252603717148304,0.13599033747770514
59.5020911693573,0.0,0.2101057469844818,-0.013131609186530113,0.013131609186530113,0.13704744641576191
59.60513186454773,0.0,-0.20989425301551823,0.01311839081346989,-0.01311839081346989,0.1374361980127226
59.70306754112244,0.0,0.1854759007692337,-0.011592243798077106,0.011592243798077106,0.13792613556857253
59.80680823326111,0.0,-0.22040750086307526,0.013775468803942204,-0.013775468803942204,0.13654813681820005
59.90282583236694,0.0,0.19959249913692478,-0.012474531196057799,0.012474531196057799,0.1359724530234866
60.003692388534546,0.0,-0.22040750086307526,0.013775468803942204,-0.013775468803942204,0.1360726151832634
60.10495209693909,0.0,0.18475757539272308,-0.011547348462045193,0.011547348462045193,0.13487580440033073
60.20664739608765,0.0,-0.23524242460727696,0.01470265153795481,-0.01470265153795481,0.13692348036876573
60.30907702445984,0.0,0.1811051070690155,-0.011319069191813469,0.011319069191813469,0.1367728269376686
60.40847063064575,0.0,-0.23889489293098454,0.014930930808186534,-0.014930930808186534,0.13707926658793285
60.50736999511719,0.0,0.1811051070690155,-0.011319069191813469,0.011319069191813469,0.13681680376466074
60.60550546646118,0.0,-0.2284480631351471,0.014278003945946693,-0.014278003945946693,0.13619293056673407
60.70416474342346,0.0,0.19155193686485295,-0.011971996054053309,0.011971996054053309,0.13764191342166324
60.804039478302,0.0,-0.2284480631351471,0.014278003945946693,-0.014278003945946693,0.1371501775910212
60.90268635749817,0.0,0.185281902551651,-0.011580118909478188,0.011580118909478188,0.1379702378692119
61.0014386177063,0.0,-0.2203100323677063,0.013769377022981644,-0.013769377022981644,0.13704286494445608
61.10574150085449,0.0,0.19968996763229374,-0.012480622977018359,0.012480622977018359,0.137073954475799
61.20687508583069,0.0,-0.21843492984771729,0.01365218311548233,-0.01365218311548233,0.13767953079858844
61.30585479736328,0.0,0.20156507015228275,-0.012597816884517672,0.012597816884517672,0.13756765459896572
61.40478491783142,0.0,-0.20639675855636597,0.012899797409772873,-0.012899797409772873,0.13699459021459837
61.50138187408447,0.0,0.21360324144363407,-0.01335020259022713,0.01335020259022713,0.1389344151348801
61.60455656051636,0.0,-0.20639675855636597,0.012899797409772873,-0.012899797409772873,0.13745192578719595
61.70472717285156,0.0,0.2113269567489624,-0.01320793479681015,0.01320793479681015,0.13766474731156905
61.804691553115845,0.0,-0.20867304325103764,0.013042065203189852,-0.013042065203189852,0.1389163686014967
61.90501403808594,0.0,0.0,0.0,0.0,0.13839779243795058
62.00416159629822,0.06302723288536072,-0.42000000000000004,0.08927723288536071,0.036777232885360715,0.015301045004218444
62.10341119766235,0.2487650215625763,-0.8400000000000001,0.3012650215625763,0.1962650215625763,0.013514334698610941
62.2037992477417,0.4487650215625763,-1.2600000000000002,0.5275150215625763,0.37001502156257626,0.012193170278276932
62.30383515357971,0.4714595675468445,-1.6800000000000002,0.5764595675468445,0.3664595675468445,0.00979175431293766
62.40358328819275,0.4724063575267792,-2.1,0.6036563575267792,0.3411563575267792,0.008995699672953788
62.503225803375244,0.5,-2.52,0.6575,0.3425,0.015436503686852994
62.603458881378174,0.47997450828552246,-2.94,0.6637245082855224,0.2962245082855225,0.02421260165148446
62.70274591445923,0.47509461641311646,-3.36,0.6850946164131164,0.2650946164131165,0.03499329930126488
62.8048632144928,0.4306344985961914,-2.94,0.6143844985961914,0.2468844985961914,0.04223407200881395
62.90248465538025,0.44569215178489685,-3.36,0.6556921517848968,0.23569215178489686,0.06381029612297218
63.00324368476868,0.4081282913684845,-3.3555562496185303,0.6178505569696426,0.19840602576732635,0.08211004428837408
63.10296559333801,0.3925630450248718,-3.111969232559204,0.5870611220598221,0.19806496798992157,0.0941891863964583
63.202308177948,0.36660993099212646,-3.224280595779419,0.5681274682283401,0.16509239375591278,0.07831719916486637
63.30558681488037,0.3975222706794739,-2.804280595779419,0.5727898079156876,0.2222547334432602,0.08048224983663456
63.403589487075806,0.3726785182952881,-2.384280595779419,0.5216960555315018,0.2236609810590744,0.08011835947128587
63.50241541862488,0.33757638931274414,-1.9642805957794192,0.46034392654895784,0.21480885207653044,0.07192332354412109
63.60144591331482,0.3916868567466736,-1.8794934749603271,0.509155198931694,0.27421851456165314,0.07328645627511822
63.70197558403015,0.4777231216430664,-1.4594934749603272,0.5689414638280869,0.38650477945804596,0.07061468364106016
63.80249738693237,0.453261137008667,-1.0394934749603273,0.5182294791936874,0.38829279482364654,0.07693753006991207
63.90808844566345,0.4522828757762909,-0.6194934749603273,0.49100121796131135,0.41356453359127043,0.060680140193096296
64.00217294692993,0.3578934669494629,-0.1994934749603272,0.37036180913448336,0.3454251247644424,0.04988541882740564
64.10237574577332,0.4470096230506897,-0.6194934749603273,0.48572796523571016,0.40829128086566924,0.027214044484138104
64.20179462432861,0.46099022030830383,-0.4569918215274811,0.4895522091537714,0.43242823146283627,0.010323459283270983
64.30154371261597,0.3639223575592041,-0.6415519714355469,0.4040193557739258,0.3238253593444824,0.007564093788737448
64.40240931510925,0.2682565152645111,-0.6713035106658936,0.31021298468112946,0.22630004584789276,0.00685568098566377
64.50231099128723,0.4246176481246948,-1.0913035106658935,0.49282411754131317,0.3564111787080765,0.011550368087891769
64.60294461250305,0.4437047243118286,-1.5113035106658934,0.538161193728447,0.3492482548952103,0.015336166168361354
64.70264840126038,0.4430503845214844,-1.9313035106658933,0.5637568539381027,0.32234391510486604,0.026106259410010192
64.80316400527954,0.4901585578918457,-2.3513035106658933,0.637115027308464,0.3432020884752274,0.02786051017847239
64.90206170082092,0.47557947039604187,-2.4596643447875977,0.6293084919452667,0.321850448846817,0.02821818640375083
65.00211524963379,0.4398213028907776,-2.8796643447875976,0.6198003244400024,0.25984228134155274,0.03965588781176112
65.10215735435486,0.4325115382671356,-3.1127660274505615,0.6270594149827957,0.23796366155147552,0.05628929109772127
65.20222854614258,0.37494155764579773,-3.198113203048706,0.5748236328363419,0.1750594824552536,0.06937733659056901
65.30192947387695,0.4518302083015442,-3.457554340362549,0.6679273545742035,0.2357330620288849,0.0873218272142809
65.4021143913269,0.4699656367301941,-3.037554340362549,0.6598127830028534,0.2801184904575348,0.09224150847959044
65.50202250480652,0.49176692962646484,-2.7483792304992676,0.6635406315326691,0.3199932277202606,0.09628586029890088
65.6026029586792,0.4386097490787506,-2.3283792304992676,0.5841334509849548,0.2930860471725464,0.10656584045415604
65.7027599811554,0.4374847114086151,-1.9083792304992677,0.5567584133148193,0.3182110095024109,0.08885723234768407
65.80417060852051,0.4627035856246948,-2.2153894901275635,0.6011654287576675,0.3242417424917221,0.06637867158944771
65.90216708183289,0.4971497058868408,-1.7953894901275635,0.6093615490198135,0.3849378627538681,0.04707071972829244
66.00255036354065,0.4338974952697754,-1.3753894901275636,0.5198593384027481,0.34793565213680266,0.041323355322807905
66.10279059410095,0.4358616769313812,-1.1574876308441162,0.5082046538591385,0.36351870000362396,0.029353858360104852
66.20195317268372,0.48210811614990234,-1.5774876308441161,0.5807010930776596,0.3835151392221451,0.021155343730146003
66.30226612091064,0.45965448021888733,-1.5820237398147583,0.5585309639573097,0.36077799648046494,0.01985662435129164
66.4018943309784,0.38520196080207825,-1.5413386821746826,0.4815356284379959,0.2888682931661606,0.01984131092439157
66.50231432914734,0.46797338128089905,-1.9613386821746825,0.5905570489168167,0.3453897136449814,0.031886425855913655
66.60195779800415,0.4972555637359619,-2.078084707260132,0.6271358579397202,0.3673752695322037,0.03938745385886143
66.70162749290466,0.5,-2.4980847072601318,0.6561302942037582,0.34386970579624176,0.04591992454956934
66.8019769191742,0.43104493618011475,-2.545163631439209,0.5901176631450653,0.2719722092151642,0.05824263145140244
66.90181636810303,0.4131869077682495,-2.8588078022003174,0.5918623954057693,0.23451142013072968,0.06560862428916218
67.00261378288269,0.3287259340286255,-2.7561192512512207,0.5009833872318268,0.1564684808254242,0.07106531017810548
67.10329961776733,0.2757938504219055,-2.6639723777770996,0.44229212403297424,0.10929557681083679,0.0785493350531899
67.20328903198242,0.21480312943458557,-2.2439723777770997,0.3550514030456543,0.07455485582351684,0.09294937023292896
67.30213212966919,0.15414687991142273,-2.000520706176758,0.2791794240474701,0.029114335775375366,0.09773675545405441
67.40239977836609,0.11547070741653442,-1.5805207061767579,0.2142532515525818,0.016688163280487056,0.09828144720172181
67.50208044052124,0.09595975279808044,-1.160520706176758,0.16849229693412782,0.023427208662033072,0.08864030660615888
67.60289812088013,0.07780182361602783,-0.7405207061767579,0.12408436775207521,0.03151927947998046,0.07736943967967966
67.70208287239075,0.05571010708808899,-0.3205207061767579,0.07574265122413636,0.03567756295204162,0.07593959240823579
67.8030014038086,0.061410076916217804,0.09947929382324217,0.05519262105226517,0.06762753278017045,0.06892890431963204
67.90405821800232,0.03545457124710083,0.5194792938232422,0.0029871153831481922,0.06792202711105347,0.06636936029412858
68.00239539146423,0.046189554035663605,0.6509608030319214,0.005504503846168518,0.08687460422515869,0.06211535715913899
68.10307693481445,0.024246446788311005,0.6657203435897827,-0.017361074686050415,0.06585396826267242,0.05448136625129102
68.2017810344696,0.05787049978971481,0.6394261121749878,0.017906367778778076,0.09783463180065155,0.045972421421015125
68.30279326438904,0.037535410374403,0.45829951763153076,0.008891690522432327,0.06617913022637367,0.04145242781081494
68.40249490737915,0.06216590106487274,0.5759201645851135,0.026170890778303146,0.09816091135144234,0.03990038550632414
68.50247716903687,0.0379195436835289,0.3653183579444885,0.015087146311998367,0.06075194105505943,0.04209541729102514
68.60256671905518,0.05297252535820007,0.4267299771308899,0.026301901787519455,0.07964314892888069,0.043334231009855576
68.70239925384521,0.03476317971944809,0.27727457880973816,0.017433518543839455,0.052092840895056725,0.04186717942565596
68.80216002464294,0.04388720914721489,0.3130209445953369,0.024323400110006332,0.06345101818442345,0.041120228532631975
68.9027590751648,0.029895298182964325,0.1162308007478714,0.022630873136222363,0.03715972322970629,0.04007824349835396
69.00193786621094,0.04594952240586281,0.1682632714509964,0.03543306794017553,0.05646597687155008,0.0385172390529858
69.10191631317139,0.03512366861104965,-0.10778562724590302,0.04186027031391859,0.028387066908180714,0.037646161626668166
69.20208549499512,0.060466788709163666,-0.05209469050168991,0.06372270686551929,0.057210870552808046,0.037217741504604974
69.30174970626831,0.04436425492167473,-0.25444546341896057,0.060267096385359764,0.028461413457989693,0.03668128861135079
69.40226459503174,0.05851404741406441,-0.009981229901313782,0.05913787428289652,0.057890220545232296,0.036275215788902866
69.50254654884338,0.027760177850723267,-0.1988871693611145,0.04019062593579292,0.01532972976565361,0.03541899350602454
69.60215449333191,0.044718705117702484,-0.033701132982969284,0.046825025929138064,0.042612384306266904,0.03433718749977543
69.70195007324219,0.025716297328472137,-0.33460286259651184,0.04662897624075413,0.004803618416190147,0.03311084403744003
69.8036732673645,0.03929635137319565,-0.042409613728523254,0.04194695223122835,0.036645750515162945,0.032652042651111886
69.90208506584167,0.015063791535794735,-0.39688554406166077,0.03986913803964853,-0.009741554968059063,0.03240698396048176
70.00248193740845,0.03247159346938133,-0.06286904215812683,0.03640090860426426,0.028542278334498405,0.03210187996929877
70.10247373580933,0.016273941844701767,-0.41497325897216797,0.042209770530462265,-0.009661886841058731,0.03187521418693188
70.20258665084839,0.03401612490415573,-0.1037391722202301,0.04049982316792011,0.02753242664039135,0.03155515268417606
70.30235004425049,0.012527788057923317,-0.41515785455703735,0.03847515396773815,-0.013419577851891518,0.031241682815063863
70.40220999717712,0.03175203129649162,-0.09564279764890671,0.03772970614954829,0.025774356443434954,0.030765873925019185
70.50209045410156,0.01187252439558506,-0.5140633583068848,0.04400148428976536,-0.020256435498595238,0.03050082585082735
70.60170269012451,0.03042122721672058,-0.09406335830688473,0.036300187110900876,0.024542267322540286,0.030201106878779825
70.70256924629211,0.020203731954097748,-0.5140633583068848,0.052332691848278046,-0.01192522794008255,0.02999988837478013
70.80228805541992,0.02811344899237156,-0.09406335830688473,0.033992408886551854,0.022234489098191264,0.030001079587638688
70.90288138389587,0.02120363898575306,-0.5085494518280029,0.05298797972500324,-0.010580701753497124,0.029971736489125635
71.00222778320312,0.0236180629581213,-0.08854945182800289,0.02915240369737148,0.01808372221887112,0.029738771630879634
71.1040096282959,0.014881043694913387,-0.5085494518280029,0.04666538443416357,-0.016903297044336796,0.029563984521939448
71.20276236534119,0.022083621472120285,-0.08854945182800289,0.027617962211370466,0.016549280732870104,0.029345147093878775
71.30256986618042,0.0,-0.4337015151977539,0.02710634469985962,-0.02710634469985962,0.0291750736853825
71.40364217758179,0.02116766944527626,-0.013701515197753866,0.022024014145135877,0.020311324745416644,0.029116419391634448
71.50238490104675,0.01617354154586792,-0.4337015151977539,0.04327988624572754,-0.0109328031539917,0.02847778889069589
71.60449600219727,0.02907629869878292,-0.013701515197753866,0.029932643398642537,0.028219953998923304,0.028307581539524524
71.7039361000061,0.0,0.0,0.0,0.0,0.02819587422166794
71.80272006988525,0.0,0.0,0.0,0.0,0.02815497740696973
71.90279817581177,0.0,0.0,0.0,0.0,0.027968119799297565
72.0022485256195,0.0,0.0,0.0,0.0,0.02794535076952835
72.10314393043518,0.0,0.0,0.0,0.0,0.027953279760649815
72.20326399803162,0.0,0.0,0.0,0.0,0.027958723218845155
72.30227255821228,0.0,0.0,0.0,0.0,0.027953270918129866
72.40303564071655,0.0,0.0,0.0,0.0,0.027951383764203724
72.50270581245422,0.0,0.0,0.0,0.0,0.027954360431199553
72.6035361289978,0.0,0.0,0.0,0.0,0.027958542661947507
80.40187215805054,0.2,-0.42000000000000004,0.22625,0.17375000000000002,0.0279423873990369
80.50231695175171,0.4,-0.8400000000000001,0.4525,0.34750000000000003,0.02795708467307265
80.60236167907715,0.48182734847068787,-1.2600000000000002,0.5605773484706879,0.4030773484706879,0.028000112054975563
80.70201349258423,0.4566231966018677,-1.6800000000000002,0.5616231966018677,0.3516231966018677,0.029891705075593876
80.80293202400208,0.47489863634109497,-2.1,0.606148636341095,0.343648636341095,0.03381660787048739
80.90252590179443,0.44087281823158264,-2.52,0.5983728182315826,0.28337281823158267,0.04027064416141533
81.00258541107178,0.3765542209148407,-2.94,0.5603042209148407,0.1928042209148407,0.0477981038768769
81.10846042633057,0.44873926043510437,-3.36,0.6587392604351043,0.23873926043510438,0.053830355151923415
81.20189833641052,0.43490561842918396,-3.5058465003967285,0.6540210247039795,0.21579021215438843,0.067173153686563
81.30243372917175,0.3888212740421295,-3.695605754852295,0.619796633720398,0.15784591436386108,0.0911095024246776
81.40341377258301,0.31469565629959106,-3.650216579437256,0.5428341925144196,0.08655712008476257,0.11041381185952913
81.50225400924683,0.36239758133888245,-3.37031626701355,0.5730423480272293,0.15175281465053558,0.11941687944633099
81.60261106491089,0.36239758133888245,-3.37031626701355,0.5730423480272293,0.15175281465053558,0.11646718321456095
81.70224118232727,0.43096500635147095,-2.95031626701355,0.6153597730398178,0.24657023966312408,0.1142675150942351
81.8026955127716,0.4579179286956787,-2.53031626701355,0.6160626953840256,0.29977316200733184,0.11030627139026365
81.9024863243103,0.4826487600803375,-2.11031626701355,0.6145435267686844,0.35075399339199065,0.09748989868202174
82.00276803970337,0.44276103377342224,-1.69031626701355,0.5484058004617691,0.33711626708507536,0.08078019846938694
82.1033444404602,0.4782086908817291,-1.3777567148208618,0.564318485558033,0.39209889620542526,0.05013363761425134
82.20501327514648,0.4666912257671356,-1.0571855306625366,0.5327653214335442,0.4006171301007271,0.01861631976190582
82.30297112464905,0.39431503415107727,-0.8445693850517273,0.4471006207168102,0.3415294475853443,0.00947931151045383
82.4022970199585,0.31194832921028137,-0.6053281426429749,0.3497813381254673,0.27411532029509544,0.04306085980432996
82.50320529937744,0.31194832921028137,-0.6053281426429749,0.3497813381254673,0.27411532029509544,0.07461406516243536
82.60399651527405,0.32133787870407104,-0.1853281426429748,0.332920887619257,0.3097548697888851,0.08825724952750395
82.70340752601624,0.29205912351608276,0.04529646039009094,0.2892280947417021,0.29489015229046345,0.09726294480301333
82.80331707000732,0.330885648727417,0.2310996949672699,0.3164419177919626,0.34532937966287136,0.10394188739924834
82.90232706069946,0.3071569800376892,0.2984163761138916,0.288505956530571,0.32580800354480743,0.09830236270209519
83.00296759605408,0.3071569800376892,0.2984163761138916,0.288505956530571,0.32580800354480743,0.09387639740564571
83.10514783859253,0.3513593077659607,0.4189673066139221,0.32517385110259056,0.3775447644293308,0.09314256753699428
83.2022716999054,0.3630351424217224,0.42237311601638794,0.33663682267069817,0.38943346217274666,0.09515400736480913
83.30191087722778,0.3833792805671692,0.3748430013656616,0.35995159298181534,0.40680696815252304,0.09540911673817483
83.40193390846252,0.38997912406921387,0.3430664837360382,0.3685374688357115,0.41142077930271626,0.09425354360970455
83.50318121910095,0.38997912406921387,0.3430664837360382,0.3685374688357115,0.41142077930271626,0.09298619383100205
83.60317158699036,0.3924172520637512,0.20152200758457184,0.3798221265897155,0.40501237753778696,0.09249278058915773
83.70425796508789,0.37979626655578613,0.28544673323631287,0.3619558457285166,0.3976366873830557,0.09134901702993563
83.80436062812805,0.37968993186950684,0.31858575344085693,0.3597783222794533,0.3996015414595604,0.08909640776266874
83.9040789604187,0.38995927572250366,0.43768978118896484,0.36260366439819336,0.41731488704681396,0.08817079638176754
84.00444555282593,0.3874477446079254,0.15573176741600037,0.3777145091444254,0.39718098007142544,0.08737811788354317
84.10552644729614,0.394643098115921,0.10846087336540222,0.3878642935305834,0.40142190270125866,0.08367794966882636
84.20549130439758,0.3854486346244812,0.04571491479873657,0.38259145244956017,0.38830581679940224,0.07654773992493288
84.30649280548096,0.37147560715675354,-0.048616740852594376,0.3745141534600407,0.3684370608534664,0.0641992368724584
84.40903854370117,0.42404139041900635,0.14376527070999146,0.4150560609996319,0.4330267198383808,0.0586092590494645
84.50648427009583,0.4151665270328522,-0.023807495832443237,0.4166544955223799,0.41367855854332447,0.050990341668932654
84.60574388504028,0.41195589303970337,-0.06942715495824814,0.4162950902245939,0.40761669585481286,0.04047278302975628
84.70346808433533,0.33727189898490906,-0.2707988917827606,0.3541968297213316,0.3203469682484865,0.0348164284882184
84.80198836326599,0.36130163073539734,-0.012133784592151642,0.3620599922724068,0.36054326919838786,0.02610049345003172
84.90352845191956,0.3226126432418823,-0.162788987159729,0.3327869549393654,0.31243833154439926,0.013477245835375679
85.00302243232727,0.32952237129211426,-0.32475748658180237,0.3498197142034769,0.3092250283807516,0.008019401451759814
85.10561108589172,0.276921808719635,-0.24930129945278168,0.29250313993543386,0.26134047750383615,0.0042506252949352985
85.20601344108582,0.3082128167152405,-0.18330195546150208,0.31966918893158436,0.2967564444988966,0.003450317691831169
85.30602169036865,0.2788739502429962,-0.31704428791999817,0.2986892182379961,0.25905868224799633,0.0007384425281756818
85.40525650978088,0.2788739502429962,-0.31704428791999817,0.2986892182379961,0.25905868224799633,0.006329729709930264
85.50929546356201,0.2839706242084503,-0.4566912055015564,0.3125138245522976,0.25542742386460304,0.013018795158652254
85.60525965690613,0.2529512345790863,-0.4247380495071411,0.2794973626732826,0.22640510648488998,0.016629114742072102
85.70203161239624,0.2931922972202301,-0.36779484152793884,0.3161794748157263,0.2702051196247339,0.01999709083897005
85.80480623245239,0.3151176869869232,-0.2624712884426117,0.33152214251458645,0.29871323145926,0.024420628515014392
85.9033191204071,0.2820197343826294,-0.43492594361305237,0.30920260585844517,0.2548368629068136,0.03404752210137905
86.00488066673279,0.3027239441871643,-0.32175105810165405,0.3228333853185177,0.28261450305581093,0.03638336251030781
86.10505652427673,0.2845863997936249,-0.3424715995788574,0.30599087476730347,0.2631819248199463,0.03801102219648308
86.20483946800232,0.34766602516174316,-0.36063089966773987,0.3702054563909769,0.3251265939325094,0.03898606255531951
86.3045904636383,0.33245962858200073,-0.2839420735836029,0.3502060081809759,0.31471324898302555,0.03738724306374711
86.40671443939209,0.32874611020088196,-0.1223946139216423,0.3363957735709846,0.3210964468307793,0.037265534894280646
86.50541543960571,0.2893115282058716,-0.2860899865627289,0.30719215236604214,0.271430904045701,0.03665198249377013
86.60527324676514,0.2576632499694824,-0.17574414610862732,0.26864725910127163,0.24667924083769321,0.03619045042799342
86.70515370368958,0.3304978609085083,-0.005058623850345612,0.3308140248991549,0.3301816969178617,0.0404294111978229
86.80679631233215,0.2868240177631378,-0.13448631763458252,0.2952294126152992,0.2784186229109764,0.03876447933394182
86.90494084358215,0.304673433303833,-0.051303792744874954,0.3078799203503877,0.3014669462572783,0.03663941785293527
87.00321006774902,0.2651188373565674,-0.26409026980400085,0.28162447921931744,0.24861319549381733,0.03300119184516926
87.10838484764099,0.2889717221260071,-0.1466474086046219,0.29813718516379595,0.2798062590882182,0.02225224212684074
87.2063934803009,0.3911769986152649,0.1257416307926178,0.3833181466907263,0.3990358505398035,0.01526358750676936
87.30508804321289,0.37524914741516113,0.060625553131103516,0.37146005034446716,0.3790382444858551,0.00986506926989452
87.40276432037354,0.3563929498195648,0.18613584339618683,0.34475945960730314,0.3680264400318265,0.008374513716276672
87.5059003829956,0.3081027567386627,-0.01732431910932064,0.30918552668299526,0.3070199867943302,0.011283915485257562
87.60658311843872,0.2860647141933441,0.04317083954811096,0.2833665367215872,0.28876289166510105,0.00981354913905136
87.70312976837158,0.3635614514350891,0.1577131599187851,0.35370437894016504,0.3734185239300132,0.008159715977976644
87.80261182785034,0.36442333459854126,0.07095838338136673,0.35998843563720584,0.3688582335598767,0.0068975058077906555
87.90503001213074,0.3519951403141022,0.1837790608406067,0.34050894901156425,0.3634813316166401,0.012353267472223338
88.00339889526367,0.29573750495910645,-0.05128734931349754,0.29894296429120004,0.29253204562701285,0.012145260326154856
88.10501837730408,0.40122365951538086,0.3687126506865025,0.37817911884747446,0.42426820018328726,0.011680959242289419
88.20309686660767,0.38914594054222107,0.458957701921463,0.36046108417212963,0.4178307969123125,0.0034486817548078134
88.30303192138672,0.4502835273742676,0.4265105128288269,0.4236266203224659,0.47694043442606926,0.0027943458948510237
88.40271592140198,0.43750372529029846,0.6453927755355835,0.3971666768193245,0.47784077376127243,0.002154394815087397
88.50264954566956,0.47076013684272766,0.7563934326171875,0.42348554730415344,0.5180347263813019,0.0015171874702877529
88.60309195518494,0.49219799041748047,1.1763934326171874,0.41867340087890625,0.5657225799560547,0.004282714277802308
88.70296216011047,0.5,1.5963934326171874,0.4002254104614258,0.5997745895385742,0.005793149492419052
88.8027594089508,0.4991281032562256,1.5441848039627075,0.40261655300855637,0.5956396535038948,0.0069021364166288734
88.90244483947754,0.4405360519886017,1.4823938608169556,0.34788643568754196,0.5331856682896614,0.007984271996126058
89.00269198417664,0.4272138476371765,1.9023938608169555,0.3083142313361168,0.5461134639382362,0.008712780091563881
89.10326361656189,0.39458465576171875,2.3223938608169554,0.24943503946065904,0.5397342720627785,0.018630322655962758
89.20304679870605,0.4398930072784424,2.7423938608169554,0.2684933909773827,0.6112926235795021,0.02882043333669498
89.30250573158264,0.4289415180683136,2.911670207977295,0.24696213006973267,0.6109209060668945,0.0410401345772181
89.40258502960205,0.344147652387619,3.331670207977295,0.1359182643890381,0.5523770403862,0.06838068532239454
89.50207924842834,0.3567447066307068,3.3140530586242676,0.14961639046669006,0.5638730227947235,0.08909001754040076
89.60286927223206,0.2683931887149811,3.236011266708374,0.0661424845457077,0.47064389288425446,0.10326069264246457
89.70256233215332,0.27001190185546875,2.9271438121795654,0.08706541359424591,0.4529583901166916,0.11271375480054655
89.80280447006226,0.2585098147392273,2.5071438121795655,0.10181332647800445,0.41520630300045014,0.12260877576895028
89.90284514427185,0.25025317072868347,2.348710298538208,0.10345877707004547,0.39704756438732147,0.13168903605706567
90.00335764884949,0.26293379068374634,1.928710298538208,0.14238939702510833,0.38347818434238434,0.1299088261910528
90.10362386703491,0.23246271908283234,1.5087102985382081,0.13816832542419433,0.32675711274147035,0.11789123892188885
90.20358657836914,0.20566892623901367,1.0887102985382082,0.13762453258037566,0.2737133198976517,0.09680578080027012
90.30278444290161,0.18184901773929596,0.6687102985382082,0.14005462408065794,0.22364341139793398,0.07813096160350569
90.40298891067505,0.15953291952610016,0.24871029853820814,0.14398852586746214,0.17507731318473818,0.05135203341017383
90.5024139881134,0.1210133507847786,-0.1712897014617919,0.1317189571261406,0.1103077444434166,0.03804211028405314
90.60298919677734,0.09943577647209167,-0.5912897014617919,0.13639138281345367,0.06248017013072968,0.026320641580043994
90.70254182815552,0.0880456268787384,-1.0112897014617919,0.1512512332201004,0.02484002053737641,0.034526298635884765
90.80273032188416,0.07261482626199722,-0.9789974689483643,0.13380216807127,0.011427484452724457,0.021230099781143714
90.90261340141296,0.05767970532178879,-1.0483566522598267,0.12320199608802795,-0.007842585444450378,0.014301817698704842
91.0027687549591,0.034579403698444366,-0.8311168551445007,0.08652420714497566,-0.01736539974808693,0.009879668507461904
91.10333395004272,0.06988781690597534,-0.9255220890045166,0.12773294746875763,0.012042686343193054,0.007684151374573034
91.20310831069946,0.06758449226617813,-0.8037103414535522,0.11781638860702515,0.017352595925331116,0.005423113110146426
91.30227947235107,0.0716334655880928,-0.5556260943412781,0.10636009648442268,0.036906834691762924,0.003662352815793473
91.40219688415527,0.036775410175323486,-0.5797496438026428,0.07300976291298866,0.0005410574376583099,0.0023780182437214384
91.50292873382568,0.040929682552814484,-0.5502362251281738,0.07531944662332535,0.006539918482303619,0.0007799263292917912
91.60263800621033,0.014522120356559753,-0.5567243695259094,0.04931739345192909,-0.020273152738809586,0.00016656218486630129
91.70280194282532,0.02780754677951336,-0.5408403277397156,0.06161006726324558,-0.0059949737042188644,0.000566795481479769
91.80511951446533,0.011933999136090279,-0.5458573698997498,0.04605008475482464,-0.02218208648264408,0.0008889216349910905
91.90354919433594,0.02478412538766861,-0.5607722997665405,0.05983239412307739,-0.010264143347740173,0.0011198156815570282
92.0023443698883,0.014853021129965782,-0.5696004629135132,0.050453050062060356,-0.020747007802128792,0.0009718377072440083
92.103107213974,0.02971501648426056,-0.5915371179580688,0.06668608635663986,-0.007256053388118744,0.0011220289211711836
92.20326924324036,0.02212875708937645,-0.5763037800788879,0.058147743344306946,-0.013890229165554047,0.0012735969940857782
92.30231595039368,0.04218267649412155,-0.6082627177238464,0.08019909635186195,0.004166256636381149,0.0020878020999610127
92.40335702896118,0.027895579114556313,-0.5488436818122864,0.06219830922782421,-0.006407150998711586,0.0027983201485237315
92.50276279449463,0.04947708174586296,-0.5081138014793396,0.08123419433832169,0.017719969153404236,0.004234608085368491
92.60539221763611,0.023872755467891693,-0.45958203077316284,0.05259663239121437,-0.0048511214554309845,0.0046237709822329704
92.70449805259705,0.03787071630358696,-0.36355531215667725,0.06059292331337929,0.015148509293794632,0.005388032042639834
92.80443453788757,0.021663857623934746,-0.35572218894958496,0.043896494433283806,-0.0005687791854143143,0.00611105171452801
92.90409564971924,0.03186429291963577,-0.2836647033691406,0.04959333688020706,0.014135248959064484,0.006835006656224626
93.00258111953735,0.024812668561935425,-0.2101396769285202,0.03794639836996794,0.011678938753902912,0.007712271704656438
93.10310912132263,0.03521189093589783,-0.1977231502532959,0.04756958782672882,0.022854194045066833,0.007881185003059623
93.20401406288147,0.03521189093589783,-0.1977231502532959,0.04756958782672882,0.022854194045066833,0.006449286636016953
93.3027982711792,0.028161562979221344,-0.169819638133049,0.03877529036253691,0.01754783559590578,0.00575364951142276
93.40337681770325,0.026255179196596146,-0.11326602101325989,0.03333430550992489,0.019176052883267403,0.006215365239023763
93.50267434120178,0.0,0.0,0.0,0.0,0.006712774357669743
93.60256290435791,0.0,0.0,0.0,0.0,0.007909377924054087
93.7026219367981,0.0,0.0,0.0,0.0,0.00922732130921691
93.80263614654541,0.0,0.0,0.0,0.0,0.009621853790775264
93.90273308753967,0.0,0.0,0.0,0.0,0.009699386548892484
94.00288438796997,0.0,0.0,0.0,0.0,0.009644630821813134
94.10264658927917,0.0,0.0,0.0,0.0,0.011237083089389154
94.20291042327881,0.0,0.0,0.0,0.0,0.012773417254150973
94.30263662338257,0.0,0.0,0.0,0.0,0.012785476025581985
94.4026985168457,0.0,0.0,0.0,0.0,0.012774293150050107
101.50266337394714,0.2,0.42000000000000004,0.17375000000000002,0.22625,0.05688404895354475
101.60258030891418,0.345354825258255,0.8400000000000001,0.292854825258255,0.397854825258255,0.05687223715117569
101.70310235023499,0.5,1.2600000000000002,0.42125,0.57875,0.05709101793178311
101.80310916900635,0.37062889337539673,1.6800000000000002,0.26562889337539675,0.4756288933753967,0.05804344034110782
101.90321588516235,0.4779534339904785,2.1,0.34670343399047854,0.6092034339904785,0.06302621349155903
102.00322937965393,0.3944430947303772,2.52,0.2369430947303772,0.5519430947303772,0.07050477203951813
102.10340285301208,0.36830300092697144,2.6792805194854736,0.20084796845912933,0.5357580333948135,0.07981239849401664
102.20335030555725,0.39689773321151733,3.0992805194854736,0.20319270074367524,0.5906027656793594,0.08851395483569946
102.30287885665894,0.4771105647087097,3.5192805194854735,0.2571555322408676,0.6970655971765518,0.09868988466220505
102.40296912193298,0.4622819125652313,3.9392805194854734,0.21607688009738923,0.7084869450330734,0.11714700396077046
102.506094455719,0.41792845726013184,3.6725990772247314,0.18839101493358612,0.6474658995866776,0.13450436931970453
102.60325932502747,0.38630542159080505,3.6934070587158203,0.15546748042106628,0.6171433627605438,0.14317479765432337
102.70330429077148,0.3142099678516388,3.2734070587158204,0.10962202668190002,0.5187979090213776,0.14781286000405694
102.8030195236206,0.3159009516239166,3.6934070587158203,0.08506301045417786,0.5467388927936554,0.14550595154359713
102.90333271026611,0.45877760648727417,3.2734070587158204,0.2541896653175354,0.6633655476570129,0.13156345753955692
103.00307512283325,0.45636847615242004,2.8534070587158205,0.27803053498268127,0.6347064173221588,0.12418716359263518
103.10306167602539,0.4564119279384613,2.4334070587158205,0.3043239867687225,0.6084998691082001,0.12407763376882956
103.20297169685364,0.32682004570961,2.0134070587158206,0.2009821045398712,0.4526579868793488,0.10129711232148332
103.30312466621399,0.3214954733848572,1.5934070587158207,0.22190753221511839,0.42108341455459597,0.06269089783411215
103.40557527542114,0.36142417788505554,1.1734070587158207,0.28808623671531675,0.43476211905479434,0.02119886059085384
103.50398015975952,0.3856799900531769,0.7534070587158207,0.3385920488834381,0.4327679312229157,0.01697316532111205
103.6040952205658,0.4119335412979126,0.33340705871582066,0.3910956001281738,0.4327714824676514,0.04053668854536069
103.70457363128662,0.3949938416481018,-0.08659294128417938,0.400405900478363,0.3895817828178406,0.05915613207535961
103.8032066822052,0.35876762866973877,-0.5065929412841794,0.39042968749999996,0.3271055698394776,0.08606531352153413
103.90709114074707,0.3188156187534332,-0.9265929412841795,0.37672767758369446,0.260903559923172,0.12006664826198532
104.00340914726257,0.3399430811405182,-1.3465929412841795,0.4241051399707794,0.25578102231025696,0.1512165233166474
104.10346269607544,0.2187928855419159,-1.7665929412841797,0.3292049443721771,0.10838082671165467,0.1806016353043791
104.20316672325134,0.20175768435001373,-2.1865929412841796,0.33841974318027496,0.06509562551975251,0.20352566275040346
104.30334377288818,0.17086435854434967,-2.6065929412841795,0.3337764173746109,0.007952299714088451,0.2243956661956604
104.40313410758972,0.1732919067144394,-2.7422056198120117,0.3446797579526901,0.0019040554761886597,0.2520000039603952
104.50366163253784,0.21399806439876556,-2.8945279121398926,0.39490605890750885,0.03309006989002228,0.2709706779697503
104.60426712036133,0.230826735496521,-2.6510329246520996,0.3965162932872772,0.06513717770576477,0.28049365924933173
104.70433950424194,0.23943239450454712,-2.463864326477051,0.3934239149093628,0.08544087409973145,0.28495637329187046
104.80331325531006,0.227528914809227,-2.3781659603118896,0.3761642873287201,0.07889354228973389,0.29121847412258
104.90339779853821,0.2724563479423523,-1.9581659603118897,0.3948417204618454,0.1500709754228592,0.29754866359126503
105.00320434570312,0.28720521926879883,-1.8865904808044434,0.40511712431907654,0.16929331421852112,0.3027817510367122
105.10368275642395,0.34608128666877747,-1.5318338871002197,0.4418209046125412,0.25034166872501373,0.28644452774961143
105.20330548286438,0.32366663217544556,-1.76702082157135,0.43410543352365494,0.21322783082723618,0.266797567652392
105.30317497253418,0.384547621011734,-1.435504674911499,0.4742666631937027,0.2948285788297653,0.257354186660011
105.40427780151367,0.38838309049606323,-1.1789064407348633,0.4620647430419922,0.3147014379501343,0.24225740135090112
105.50338840484619,0.48480024933815,-0.7589064407348632,0.532231901884079,0.43736859679222106,0.223673066286424
105.60464096069336,0.44062578678131104,-0.3693658709526062,0.4637111537158489,0.41754041984677315,0.20217034366635925
105.70708632469177,0.4865242540836334,0.05063412904739384,0.4833596210181713,0.48968888714909553,0.17727826560484783
105.80313229560852,0.4891088008880615,0.46167242527008057,0.4602542743086815,0.5179633274674416,0.1585749072584679
105.90368676185608,0.47604110836982727,0.8816724252700806,0.42093658179044724,0.5311456349492073,0.14009736080272145
106.0031967163086,0.44567689299583435,1.0462183952331543,0.3802882432937622,0.5110655426979065,0.12006325337039513
106.10411548614502,0.4434175193309784,1.0169399976730347,0.3798587694764137,0.5069762691855431,0.0971630946457281
106.20429682731628,0.40425997972488403,1.4369399976730346,0.31445122987031937,0.4940687295794487,0.06791432871339438
106.30311989784241,0.2631637752056122,1.4510726928710938,0.17247173190116882,0.35385581851005554,0.04093717758917415
106.40372776985168,0.29053765535354614,1.43733549118042,0.2007041871547699,0.3803711235523224,0.017316867441089484
106.50363183021545,0.159415140748024,1.5286569595336914,0.06387408077716827,0.2549562007188797,0.00571654515660804
106.60326194763184,0.14301757514476776,1.6968350410461426,0.03696538507938385,0.24906976521015167,0.02525011883869435
106.7031946182251,0.0845736712217331,1.744258999824524,-0.024442516267299652,0.19358985871076584,0.04061667412475331
106.80346179008484,0.19867989420890808,1.324258999824524,0.11591370671987533,0.28144608169794083,0.047933102515439384
106.90335965156555,0.17269578576087952,1.1279911994934082,0.1021963357925415,0.24319523572921753,0.04965166388045916
107.00501751899719,0.25412583351135254,0.7079911994934082,0.20987638354301452,0.29837528347969056,0.05253362635828771
107.10358738899231,0.25526902079582214,0.5217583179473877,0.2226591259241104,0.2878789156675339,0.04972046944209842
107.20304822921753,0.2825373113155365,0.10175831794738766,0.27617741644382476,0.28889720618724823,0.04552750179673066
107.30343198776245,0.285243421792984,-0.20098890364170074,0.2978052282705903,0.2726816153153777,0.04238006158861654
107.40484547615051,0.33434823155403137,-0.3627399504184723,0.3570194784551859,0.31167698465287685,0.03620070584694688
107.50516772270203,0.41405612230300903,-0.3135930001735687,0.4336556848138571,0.394456559792161,0.03166771050271265
107.6051070690155,0.4066608250141144,-0.5128052830696106,0.43871115520596504,0.3746104948222637,0.025193602997599124
107.70344114303589,0.4054965078830719,-0.6108672618865967,0.4436757117509842,0.3673173040151596,0.016821315411602457
107.80428147315979,0.3686562478542328,-0.6612379550933838,0.4099836200475693,0.3273288756608963,0.009325868294823025
107.90448927879333,0.3580864667892456,-0.7185069918632507,0.4029931537806988,0.31317977979779243,0.0024975592325161907
108.00442409515381,0.47184276580810547,-0.2985069918632507,0.49049945279955864,0.4531860788166523,0.004236762840594683
108.10417413711548,0.36754459142684937,-0.3682927191257477,0.3905628863722086,0.34452629648149014,0.013089175692316988
108.20307731628418,0.4482153654098511,0.05170728087425236,0.4449836603552103,0.45144707046449184,0.021628940000634745
108.30412411689758,0.4349387288093567,0.061387673020362854,0.431101999245584,0.43877545837312937,0.030386641529806833
108.40423822402954,0.4890023171901703,0.4813876730203629,0.4589155876263976,0.519089046753943,0.036215378046564696
108.50559139251709,0.46865952014923096,0.9013876730203629,0.4123227905854583,0.5249962497130036,0.038954352341427016
108.60766053199768,0.5,1.321387673020363,0.41741327043622733,0.5825867295637727,0.04494026931717429
108.7065749168396,0.47388511896133423,1.5809626579284668,0.37507495284080505,0.5726952850818634,0.05090005490744166
108.80486917495728,0.4526669681072235,2.0009626579284667,0.32760680198669434,0.5777271342277527,0.04835668524381191
108.9044029712677,0.4608861207962036,2.4209626579284667,0.30957595467567445,0.6121962869167328,0.024872761410034694
109.00432825088501,0.3865468502044678,2.8409626579284666,0.2089866840839386,0.5641070163249969,0.011388353572427337
109.1047694683075,0.4296313524246216,3.2609626579284665,0.22582118630409242,0.6334415185451507,0.00011782103873806604
109.20591020584106,0.43794724345207214,3.6809626579284664,0.207887077331543,0.6680074095726013,0.022198156636392196
109.30494976043701,0.3638785779476166,3.9926204681396484,0.11433979868888855,0.6134173572063446,0.041000710859622966
109.40335154533386,0.3144817054271698,3.5726204681396485,0.09119292616844177,0.5377704846858978,0.05693451588687948
109.50359582901001,0.39631789922714233,3.5907857418060303,0.17189379036426544,0.6207420080900192,0.0650084550666593
109.60457062721252,0.4307335615158081,3.430502414703369,0.21632716059684753,0.6451399624347687,0.0691355648683171
109.70476150512695,0.47078657150268555,3.1483194828033447,0.2740166038274765,0.6675565391778946,0.07540156120109434
109.80307149887085,0.4433555603027344,2.728319482803345,0.2728355926275253,0.6138755279779434,0.06905724277466178
109.90616202354431,0.43323957920074463,2.308319482803345,0.2889696115255356,0.5775095468759537,0.059411018712233955
110.00705909729004,0.4141432046890259,1.888319482803345,0.2961232370138168,0.5321631723642349,0.04331835457419269
110.10461473464966,0.3525232672691345,1.468319482803345,0.26075329959392546,0.4442932349443436,0.0334415798221757
110.20504665374756,0.3280625343322754,1.048319482803345,0.2625425666570663,0.39358250200748446,0.01383830653106694
110.3053081035614,0.2655883729457855,0.628319482803345,0.22631840527057645,0.3048583406209946,0.020995678970960475
110.40549683570862,0.23733726143836975,0.208319482803345,0.22431729376316067,0.2503572291135788,0.05123297738664991
110.50320839881897,0.18607082962989807,-0.21168051719665504,0.19930086195468902,0.17284079730510712,0.06986841034860583
110.60563826560974,0.14872047305107117,-0.6316805171966551,0.1882005053758621,0.10924044072628022,0.08143488111661636
110.70643067359924,0.10282648354768753,-1.051680517196655,0.16855651587247847,0.03709645122289659,0.09022919199966793
110.80557084083557,0.06314609944820404,-1.1847730875015259,0.1371944174170494,-0.010902218520641327,0.09689736088646504
110.90592575073242,0.021040959283709526,-1.3013986349105835,0.102378373965621,-0.06029645539820194,0.10684252608077913
111.0049340724945,0.01793578453361988,-0.9174407124519348,0.0752758290618658,-0.039404259994626045,0.10863888754512957
111.10704684257507,0.0,-0.9514978528022766,0.05946861580014229,-0.05946861580014229,0.10921642157418554
111.2077054977417,0.011770055629312992,-0.679100751876831,0.05421385262161493,-0.03067374136298895,0.11199478717446625
111.30517554283142,0.0,-0.6671162843704224,0.0416947677731514,-0.0416947677731514,0.11296672448513476
111.40488028526306,0.016424082219600677,-0.5249390602111816,0.04923277348279953,-0.016384609043598175,0.11367867034093046
111.50753259658813,0.0,-0.4762917757034302,0.029768235981464386,-0.029768235981464386,0.11408249034588162
111.60419583320618,0.023567255586385727,-0.38771384954452515,0.04779937118291855,-0.0006648600101470947,0.11479580473580786
111.70442175865173,0.02022048644721508,-0.3490011990070343,0.042033061385154724,-0.0015920884907245636,0.11611659294581213
111.80632519721985,0.023360909894108772,-0.30821678042411804,0.04262445867061615,0.004097361117601395,0.11671681108455399
111.90457606315613,0.029731333255767822,-0.22256287932395935,0.04364151321351528,0.015821153298020363,0.11697912846394035
112.00570368766785,0.02420911006629467,-0.21040919423103333,0.03735968470573425,0.011058535426855087,0.11792722487277824
112.10541272163391,0.028027556836605072,-0.1724672019481659,0.03880675695836544,0.017248356714844704,0.11868879592383005
112.2062885761261,0.017917003482580185,-0.10848276317119598,0.024697176180779934,0.011136830784380436,0.11955712532271272
112.30444121360779,0.019875116646289825,0.01738988608121872,0.018788248766213655,0.020961984526365995,0.12022933667119404
112.40709280967712,0.0,0.10053662955760956,-0.006283539347350597,0.006283539347350597,0.12024547815915193
112.50329613685608,0.0,0.2016182243824005,-0.012601139023900032,0.012601139023900032,0.10691228437360548
112.60720086097717,0.0,0.29410573840141296,-0.01838160865008831,0.01838160865008831,0.10677817097550668
112.7069480419159,0.0,0.33998554944992065,-0.02124909684062004,0.02124909684062004,0.10746646778636364
112.80606579780579,0.0,0.3600330948829651,-0.022502068430185318,0.022502068430185318,0.10706076557142911
112.90335726737976,0.0,0.3658638000488281,-0.022866487503051758,0.022866487503051758,0.10748293557580656
113.0034248828888,0.0,0.35277464985847473,-0.02204841561615467,0.02204841561615467,0.10748282375541238
113.10330295562744,0.0,0.3410191535949707,-0.02131369709968567,0.02131369709968567,0.10785722819432374
113.20409226417542,0.0,0.3286566138267517,-0.020541038364171982,0.020541038364171982,0.09974014760254211
113.30338430404663,0.0,0.352612167596817,-0.022038260474801064,0.022038260474801064,0.09971197211992396
113.40394854545593,0.0,0.35299068689346313,-0.022061917930841446,0.022061917930841446,0.09907976494014643
113.50437760353088,0.0,0.3660421073436737,-0.022877631708979607,0.022877631708979607,0.09905735420093807
113.60339975357056,0.0,0.38149523735046387,-0.02384345233440399,0.02384345233440399,0.09905131597324289
113.70336723327637,0.0,0.3574438989162445,-0.02234024368226528,0.02234024368226528,0.0995522292635574
113.80449295043945,0.0,0.37600094079971313,-0.02350005879998207,0.02350005879998207,0.09931755091815364
113.90504145622253,0.0,0.3436863422393799,-0.021480396389961243,0.021480396389961243,0.09966811013576918
114.00354957580566,0.0,0.33835703134536743,-0.021147314459085464,0.021147314459085464,0.09945772796516204
114.1037073135376,0.0,0.3311271071434021,-0.02069544419646263,0.02069544419646263,0.09979248296162012
114.20336365699768,0.0,0.3140020966529846,-0.01962513104081154,0.01962513104081154,0.09933702912251849
114.30354905128479,0.0,0.31935229897499084,-0.019959518685936928,0.019959518685936928,0.09952849851678644
114.40366005897522,0.0,0.30450642108917236,-0.019031651318073273,0.019031651318073273,0.10004669692309213
114.5033791065216,0.0,0.30569955706596375,-0.019106222316622734,0.019106222316622734,0.09960281351187648
114.60361409187317,0.0,0.29734963178634644,-0.018584351986646652,0.018584351986646652,0.09935959116968984
114.70355892181396,0.0,0.31033408641815186,-0.01939588040113449,0.01939588040113449,0.09953071045906245
114.80306839942932,0.0,0.2849659323692322,-0.01781037077307701,0.01781037077307701,0.1001296801764375
114.90327763557434,0.0,0.29640689492225647,-0.01852543093264103,0.01852543093264103,0.0998139795072208
115.00326776504517,0.0,0.2781962454319,-0.01738726533949375,0.01738726533949375,0.0995006390213247
115.10358595848083,0.0,0.27617162466049194,-0.017260726541280746,0.017260726541280746,0.09914114532196087
115.20534062385559,0.0,0.2592562735080719,-0.016203517094254494,0.016203517094254494,0.0990661307296138
115.30300641059875,0.0,0.24014663696289062,-0.015009164810180664,0.015009164810180664,0.09883281071755277
115.40421056747437,0.0,0.2259877771139145,-0.014124236069619656,0.014124236069619656,0.09797344198681554
115.50367283821106,0.0,0.1863778829574585,-0.011648617684841156,0.011648617684841156,0.09786388130790354
115.60660099983215,0.012463536113500595,0.15187594294548035,0.0029712896794080734,0.021955782547593117,0.09726866782153099
115.70331406593323,0.014100363478064537,0.10638214647769928,0.007451479323208332,0.020749247632920742,0.09712006726032103
115.8034598827362,0.01465077418833971,0.07626388967037201,0.00988428108394146,0.01941726729273796,0.09671817155515273
115.9043664932251,0.015476898290216923,0.041499510407447815,0.012883178889751434,0.01807061769068241,0.09646746259938684
116.00427436828613,0.015174562111496925,0.024253711104393005,0.013658705167472363,0.016690419055521488,0.09617696239963228
116.10383343696594,0.015562145970761776,-0.001086898148059845,0.015630077105015516,0.015494214836508036,0.09581147245368615
116.20376563072205,0.016728855669498444,-0.023198574781417847,0.01817876659333706,0.015278944745659828,0.09801729672570687
116.30464243888855,0.013033133931457996,-0.00709640234708786,0.013476659078150988,0.012589608784765005,0.09949022352884622
116.40379595756531,0.010106413625180721,-0.006944037973880768,0.01054041599854827,0.009672411251813173,0.09917203605460627
116.5032434463501,0.012419628910720348,0.014995798468589783,0.011482391506433487,0.01335686631500721,0.09938522914458434
116.60370469093323,0.013810761272907257,0.01917555183172226,0.012612289283424616,0.015009233262389898,0.09925311113074169
116.7034592628479,0.014371011406183243,0.02984774112701416,0.012505527585744858,0.016236495226621628,0.09944752439735843
116.80339407920837,0.01587550900876522,0.014936476945877075,0.014941979199647903,0.016809038817882538,0.0997553345221316
116.90351986885071,0.014021101407706738,0.03780616447329521,0.011658216128125787,0.016383986687287688,0.10021863082335664
117.00344443321228,0.015026532113552094,0.017722196877002716,0.013918894808739424,0.016134169418364763,0.10060778427268086
117.10329222679138,0.014622461050748825,0.031167834997177124,0.012674471363425255,0.016570450738072395,0.10126297271205266
117.20374250411987,0.018762798979878426,-0.023944661021232605,0.020259340293705463,0.017266257666051388,0.10163962037703544
117.30395531654358,0.016685189679265022,-0.051610417664051056,0.019910840783268213,0.013459538575261831,0.10146414433130384
117.40373945236206,0.01740516908466816,-0.0537145659327507,0.02076232945546508,0.01404800871387124,0.10150467329817255
117.50358700752258,0.015955768525600433,-0.048383310437202454,0.018979725427925587,0.01293181162327528,0.10115835554568342
117.60397553443909,0.015784122049808502,-0.039743632078170776,0.018268099054694176,0.013300145044922829,0.10131924510448614
117.70312404632568,0.016064446419477463,-0.031679414212703705,0.018044409807771444,0.014084483031183481,0.10187414952108079
117.80380344390869,0.01708012819290161,-0.05964616686105728,0.02080801362171769,0.013352242764085531,0.1020044566567121
117.90407872200012,0.014223545789718628,-0.045035772025585175,0.0170382815413177,0.011408810038119555,0.10218875549022782
118.0035490989685,0.017939448356628418,-0.07061350345611572,0.02235279232263565,0.013526104390621185,0.10220150365190059
118.10335659980774,0.015954280272126198,-0.0978856235742569,0.022072131745517254,0.009836428798735142,0.10205635378236087
118.20374131202698,0.01563863828778267,-0.07268907129764557,0.020181705243885517,0.011095571331679821,0.1023507335921274
118.30421328544617,0.015686552971601486,-0.062003038823604584,0.019561742898076773,0.0118113630451262,0.10284302334776338
118.40375566482544,0.01641641929745674,-0.08305614441633224,0.021607428323477507,0.011225410271435976,0.10618670801666655
118.50423002243042,0.015595106407999992,-0.09617090970277786,0.02160578826442361,0.009584424551576376,0.10645846804049933
118.60479545593262,0.017262373119592667,-0.156833678483963,0.027064478024840355,0.007460268214344978,0.10605402857223543
118.70375943183899,0.01380868535488844,-0.19127264618873596,0.025763225741684437,0.0018541449680924416,0.10611454668936016
118.8038215637207,0.01724138669669628,-0.16777440905570984,0.027727287262678146,0.0067554861307144165,0.10572055244102498
118.90414309501648,0.014000896364450455,-0.14477106928825378,0.023049088194966316,0.004952704533934593,0.10672071507748739
119.0038070678711,0.018532173708081245,-0.14634215831756592,0.027678558602929115,0.009385788813233376,0.1078723148391386
119.10399222373962,0.012904412113130093,-0.16027218103408813,0.0229214234277606,0.002887400798499584,0.10978573131050179
119.20358991622925,0.015603967010974884,-0.1434112787246704,0.024567171931266785,0.006640762090682983,0.1104350913616473
119.30370235443115,0.013665509410202503,-0.1632407307624817,0.02386805508285761,0.0034629637375473976,0.11216706457560018
119.4039294719696,0.014040243811905384,-0.17785760760307312,0.025156344287097454,0.002924143336713314,0.11387040557184258
119.5042040348053,0.012160022743046284,-0.17829996347427368,0.02330377046018839,0.0010162750259041786,0.11624734781763266
119.60478115081787,0.012983803637325764,-0.20169547200202942,0.025589770637452602,0.000377836637198925,0.11821939520404363
119.70497751235962,0.011018830351531506,-0.21474410593509674,0.024440336972475052,-0.0024026762694120407,0.12042132710013131
119.80342125892639,0.011362165212631226,-0.1789870411157608,0.022548855282366276,0.00017547514289617538,0.12213514214017149
119.9038290977478,0.012963472865521908,-0.16289475560188293,0.02314439509063959,0.0027825506404042244,0.12250771419706773
120.00370240211487,0.011723645031452179,-0.10317739844322205,0.018172232434153557,0.005275057628750801,0.12342483949857358
120.10650992393494,0.01426128763705492,-0.09024247527122498,0.01990144234150648,0.00862113293260336,0.1234474796769913
120.20366835594177,0.010018403641879559,-0.06113576143980026,0.013839388731867075,0.006197418551892042,0.12429974871202822
120.30388164520264,0.01420680433511734,-0.049436017870903015,0.01729655545204878,0.011117053218185902,0.1243756743655971
120.40512323379517,0.01020020805299282,-0.024664945900440216,0.011741767171770334,0.008658648934215307,0.1240384318755441
120.50508499145508,0.013945922255516052,-0.034111388027668,0.016077884007245302,0.011813960503786802,0.12474761403805475
120.60498118400574,0.0,-0.029493950307369232,0.001843371894210577,-0.001843371894210577,0.12529931189471727
120.70455026626587,0.012231546454131603,-0.040100179612636566,0.014737807679921389,0.009725285228341818,0.127292861291227
120.80712056159973,0.0,-0.03352755308151245,0.002095472067594528,-0.002095472067594528,0.12839908858769714
120.90637731552124,0.0,0.018015168607234955,-0.0011259480379521847,0.0011259480379521847,0.12810528391677156
121.0055980682373,0.0,0.024822212755680084,-0.0015513882972300053,0.0015513882972300053,0.12829020277363212
121.10589122772217,0.0,0.03194785863161087,-0.0019967411644756794,0.0019967411644756794,0.1274413149950101
121.20605874061584,0.0,0.024572208523750305,-0.001535763032734394,0.001535763032734394,0.12811238698240066
121.30525660514832,0.0,0.025927677750587463,-0.0016204798594117165,0.0016204798594117165,0.1283333114430882
121.40681457519531,0.0,0.0246267169713974,-0.0015391698107123375,0.0015391698107123375,0.12770662281019846
121.50542545318604,0.0,0.02764606475830078,-0.0017278790473937988,0.0017278790473937988,0.1268282158780067
121.60876893997192,0.0,0.022618010640144348,-0.0014136256650090218,0.0014136256650090218,0.12748209816344167
121.70492386817932,0.0,0.0030491575598716736,-0.0001905723474919796,0.0001905723474919796,0.12725134203858865
121.80431604385376,0.0,-0.006531119346618652,0.00040819495916366577,-0.00040819495916366577,0.12803677970761185
121.90507173538208,0.0,-0.01382756233215332,0.0008642226457595825,-0.0008642226457595825,0.12737775394553283
122.0072410106659,0.0,0.005619727075099945,-0.00035123294219374657,0.00035123294219374657,0.12750199100891302
122.1041190624237,0.0,0.01160769909620285,-0.0007254811935126781,0.0007254811935126781,0.12778666536166433
122.2059714794159,0.0,0.021488793194293976,-0.0013430495746433735,0.0013430495746433735,0.12724377515185786
122.30520105361938,0.010601785965263844,0.00011151283979415894,0.010594816412776709,0.010608755517750978,0.12745149568287084
122.40837621688843,0.0,0.013535238802433014,-0.0008459524251520634,0.0008459524251520634,0.1272199962398578
122.50547885894775,0.011185336858034134,-0.007142089307308197,0.011631717439740896,0.010738956276327372,0.12731841820993542
122.60580444335938,0.0,0.009931549429893494,-0.0006207218393683434,0.0006207218393683434,0.12762523957123034
122.70852518081665,0.01169328298419714,-0.01835457980632782,0.012840444222092628,0.010546121746301651,0.12951034594840163
122.80384635925293,0.0,-0.009837739169597626,0.0006148586980998516,-0.0006148586980998516,0.13144368887871655
122.9033727645874,0.0,-0.005529515445232391,0.00034559471532702446,-0.00034559471532702446,0.13260272431488396
123.00637650489807,0.0,-0.01091919094324112,0.00068244943395257,-0.00068244943395257,0.13583311298335063
123.10712623596191,0.0,-0.010598555207252502,0.0006624097004532814,-0.0006624097004532814,0.13667726349346881
123.20615029335022,0.0,0.019219130277633667,-0.0012011956423521042,0.0012011956423521042,0.13637532656442294
123.31341576576233,0.0,0.02684534341096878,-0.0016778339631855488,0.0016778339631855488,0.13507433843686126
123.40624570846558,0.0,0.041792914271354675,-0.002612057141959667,0.002612057141959667,0.13550165992596255
123.50453090667725,0.0,0.06126391142606735,-0.0038289944641292095,0.0038289944641292095,0.1352212761499903
123.60692048072815,0.0,0.0849701315164566,-0.005310633219778538,0.005310633219778538,0.13592178453159398
123.70572590827942,0.0,0.09506766498088837,-0.005941729061305523,0.005941729061305523,0.1356797328497743
123.8065972328186,0.0,0.12759263813495636,-0.007974539883434772,0.007974539883434772,0.13583147105597568
123.90830755233765,0.0,0.1009306088089943,-0.006308163050562143,0.006308163050562143,0.1356900564013119
124.00551581382751,0.0,0.13112974166870117,-0.008195608854293823,0.008195608854293823,0.13578873410713496
124.10549354553223,0.0,0.12638351321220398,-0.007898969575762749,0.007898969575762749,0.13552679819570826
124.20911026000977,0.0,0.14753395318984985,-0.009220872074365616,0.009220872074365616,0.1361614157037496
124.3051323890686,0.0,0.12716981768608093,-0.007948113605380058,0.007948113605380058,0.1362004450793615
124.40401768684387,0.0,0.14860157668590546,-0.009287598542869091,0.009287598542869091,0.1373734291166181
124.50376200675964,0.0,0.12041652202606201,-0.007526032626628876,0.007526032626628876,0.13830896967276418
124.60460996627808,0.0,0.12276925891637802,-0.007673078682273626,0.007673078682273626,0.1385216826793892
124.70417356491089,0.0,0.13118425011634827,-0.008199015632271767,0.008199015632271767,0.1380654988659189
124.8038558959961,0.0,0.14810265600681305,-0.009256416000425816,0.009256416000425816,0.13868530965995496
124.90407276153564,0.0,0.12406031787395477,-0.007753769867122173,0.007753769867122173,0.1390900420808804
125.00426721572876,0.0,0.13418160378932953,-0.008386350236833096,0.008386350236833096,0.13825570833944933
125.10391020774841,0.0,0.11713466048240662,-0.0073209162801504135,0.0073209162801504135,0.13854001998469068
125.20400643348694,0.0,0.12591154873371124,-0.007869471795856953,0.007869471795856953,0.1386688915441854
125.30394268035889,0.0,0.1210804209113121,-0.0075675263069570065,0.0075675263069570065,0.13888821339290497
125.40408134460449,0.0,0.13471725583076477,-0.008419828489422798,0.008419828489422798,0.13895329217014007
125.5036678314209,0.0,0.13491038978099823,-0.00843189936131239,0.00843189936131239,0.1392309899643122
125.60512733459473,0.0,0.152419775724411,-0.009526235982775688,0.009526235982775688,0.1392805044229716
125.70480346679688,0.0,0.1581488847732544,-0.0098843052983284,0.0098843052983284,0.1390539880866702
125.80716800689697,0.0,0.16429466009140015,-0.01026841625571251,0.01026841625571251,0.13922258111278168
125.90411829948425,0.0,0.1710204780101776,-0.0106887798756361,0.0106887798756361,0.139491302447594
126.00370049476624,0.0,0.16015757620334625,-0.01000984851270914,0.01000984851270914,0.13984556606319218
126.10414171218872,0.0,0.17419788241386414,-0.010887367650866508,0.010887367650866508,0.1395714725215201
126.20403742790222,0.0,0.1581241935491562,-0.009882762096822262,0.009882762096822262,0.1395814586971106
126.30375051498413,0.0,0.17400896549224854,-0.010875560343265533,0.010875560343265533,0.13955796819251648
126.40396428108215,0.0,0.16322536766529083,-0.010201585479080677,0.010201585479080677,0.1390752867680541
126.50431752204895,0.0,0.15433843433856964,-0.009646152146160603,0.009646152146160603,0.13994538725964056
126.60428786277771,0.0,0.13405708968639374,-0.008378568105399609,0.008378568105399609,0.1406578482602145
126.7038311958313,0.0,0.10126383602619171,-0.006328989751636982,0.006328989751636982,0.14008783477601916
126.8040189743042,0.0,0.09556375443935394,-0.005972734652459621,0.005972734652459621,0.14062905963163036
126.90389776229858,0.0,0.10907192528247833,-0.006816995330154896,0.006816995330154896,0.14091320711955158
127.0038366317749,0.0,0.09885059297084808,-0.006178162060678005,0.006178162060678005,0.1404603481685682
127.10421943664551,0.0,0.11340980231761932,-0.007088112644851208,0.007088112644851208,0.14140941732008935
127.20459032058716,0.0,0.11421837657690048,-0.00713864853605628,0.00713864853605628,0.14177492047701437
127.30415368080139,0.0,0.11454631388187408,-0.00715914461761713,0.00715914461761713,0.14144104932928284
127.40411734580994,0.0,0.11652874946594238,-0.007283046841621399,0.007283046841621399,0.141496534789158
127.50435042381287,0.0,0.11596674472093582,-0.007247921545058489,0.007247921545058489,0.14170603027225143
127.60373830795288,0.0,0.10131993144750595,-0.006332495715469122,0.006332495715469122,0.1427906993530204
127.7040319442749,0.0,0.07057870924472809,-0.0044111693277955055,0.0044111693277955055,0.1450435742309863
127.80417108535767,0.0,-0.00564911961555481,0.0003530699759721756,-0.0003530699759721756,0.14469838047743677
127.90419363975525,0.0,-0.012971244752407074,0.0008107027970254421,-0.0008107027970254421,0.14405251684348896
128.0044469833374,0.0,-0.008240073919296265,0.0005150046199560165,-0.0005150046199560165,0.1434597153542794
128.10642957687378,0.0,-0.0018515661358833313,0.0001157228834927082,-0.0001157228834927082,0.1440559586033641
128.20336723327637,0.0,-0.010239951312541962,0.0006399969570338726,-0.0006399969570338726,0.1439839773987744
128.30366897583008,0.0,-0.016342423856258392,0.0010214014910161495,-0.0010214014910161495,0.14417621136919323
128.404367685318,0.0,-0.027116291224956512,0.001694768201559782,-0.001694768201559782,0.14374868329345086
128.50637817382812,0.0,-0.025468170642852783,0.001591760665178299,-0.001591760665178299,0.14409792794772516
128.6042444705963,0.0,-0.03798852115869522,0.0023742825724184513,-0.0023742825724184513,0.14384920658283504
128.70432782173157,0.0,-0.04194260388612747,0.002621412742882967,-0.002621412742882967,0.14361582415513383
128.8040246963501,0.0,-0.05742201209068298,0.0035888757556676865,-0.0035888757556676865,0.1437430880176636
128.90427613258362,0.0,-0.04225228726863861,0.002640767954289913,-0.002640767954289913,0.1431877134261136
129.00378346443176,0.0,-0.035599932074546814,0.002224995754659176,-0.002224995754659176,0.1430702719298296
129.10393452644348,0.0,-0.02662380039691925,0.0016639875248074532,-0.0016639875248074532,0.14384449570183927
129.2038333415985,0.0,-0.050968267023563385,0.0031855166889727116,-0.0031855166889727116,0.14393239805975974
129.30392837524414,0.0,-0.034677498042583466,0.0021673436276614666,-0.0021673436276614666,0.14429301410368298
129.4049108028412,0.0,-0.046752654016017914,0.0029220408760011196,-0.0029220408760011196,0.14395482132931964
129.5043716430664,0.0,-0.05495592951774597,0.0034347455948591232,-0.0034347455948591232,0.14436582247006488
129.6041054725647,0.0,-0.06755692511796951,0.0042223078198730946,-0.0042223078198730946,0.14444255759681635
129.70966410636902,0.0,-0.05153881758451462,0.0032211760990321636,-0.0032211760990321636,0.1447307958441352
129.80361938476562,0.0,0.0,0.0,0.0,0.14560973827226462
129.90389728546143,0.16983839869499207,0.42000000000000004,0.14358839869499207,0.19608839869499206,0.023876847863645776
130.00384998321533,0.26490628719329834,0.8400000000000001,0.21240628719329835,0.31740628719329833,0.0240076787962008
130.10397577285767,0.4005911648273468,1.2600000000000002,0.3218411648273468,0.4793411648273468,0.023818035826139068
130.20377707481384,0.3725281357765198,1.6800000000000002,0.2675281357765198,0.47752813577651976,0.022744393868258234
130.3038899898529,0.3832950294017792,2.1,0.2520450294017792,0.5145450294017792,0.020454400311100025
130.4033272266388,0.34978795051574707,2.3972859382629395,0.19995757937431335,0.4996183216571808,0.01636593252629083
130.5038285255432,0.40807247161865234,2.8172859382629394,0.23199210047721863,0.584152842760086,0.011717970250571133
130.60392308235168,0.4759531319141388,3.23296856880188,0.2738925963640213,0.6780136674642563,0.008089998131392958
130.70416283607483,0.43798401951789856,3.4730820655822754,0.22091639041900635,0.6550516486167908,0.009544267378102414
130.80368757247925,0.3714267611503601,3.274937868118286,0.16674314439296722,0.576110377907753,0.024433362459157552
130.90379858016968,0.4250773787498474,3.5956974029541016,0.20034629106521606,0.6498084664344788,0.03431543888620134
131.00382375717163,0.5,3.281311511993408,0.294918030500412,0.705081969499588,0.03481836522458528
131.1040117740631,0.4893609285354614,3.154524803161621,0.2922031283378601,0.6865187287330627,0.04254680846734336
131.2038595676422,0.4331375062465668,2.734524803161621,0.26222970604896545,0.6040453064441681,0.038099238267850395
131.3037383556366,0.46614521741867065,2.6306345462799072,0.30173055827617645,0.6305598765611649,0.02737095977726683
131.4040870666504,0.4950169324874878,2.2106345462799073,0.3568522733449936,0.633181591629982,0.018542697477987483
131.50388622283936,0.4785567820072174,2.0239362716674805,0.3520607650279999,0.6050527989864349,0.006518663378506196
131.60423612594604,0.4442203938961029,1.6039362716674805,0.34397437691688537,0.5444664108753204,0.018614671587131027
131.7036476135254,0.479629784822464,1.7996697425842285,0.3671504259109497,0.5921091437339783,0.045669982492459
131.80350160598755,0.4563378393650055,1.3796697425842286,0.3701084804534912,0.5425671982765198,0.05346371443925748
131.90385365486145,0.45082882046699524,1.284242033958435,0.37056369334459305,0.5310939475893974,0.05695712856023506
132.00423741340637,0.47457408905029297,1.704242033958435,0.3680589619278908,0.5810892161726952,0.06536613748301201
132.10387802124023,0.45103883743286133,1.949226975440979,0.32921215146780014,0.5728655233979225,0.05958142640279466
132.2036828994751,0.45956557989120483,2.369226975440979,0.31148889392614365,0.607642265856266,0.05422100006692433
132.3037075996399,0.47068509459495544,2.7624852657318115,0.2980297654867172,0.6433404237031937,0.05119741110087673
132.4046995639801,0.43141207098960876,2.80619740486145,0.2560247331857681,0.6067994087934494,0.029718836443334878
132.50488257408142,0.4124050438404083,2.963966131210327,0.22715716063976288,0.5976529270410538,0.0156480399346545
132.60568046569824,0.4426722824573517,2.9299964904785156,0.25954750180244446,0.6257970631122589,0.00849143775130058
132.70374727249146,0.3836353123188019,2.8778417110443115,0.2037702053785324,0.5635004192590714,0.0059368927700240845
132.80559062957764,0.33527159690856934,2.491950511932373,0.17952468991279602,0.49101850390434265,0.012827661787892053
132.9056441783905,0.41377800703048706,2.5311179161071777,0.25558313727378845,0.5719728767871857,0.011454642950731383
133.00449752807617,0.4220951199531555,2.1396548748016357,0.2883666902780533,0.5558235496282578,0.0017407731943482586
133.1039137840271,0.46272602677345276,2.002166748046875,0.33759060502052307,0.5878614485263824,0.0034782877850845694
133.20408535003662,0.43807750940322876,1.582166748046875,0.33919208765029907,0.5369629311561585,0.013688596433669915
133.30438232421875,0.474364310503006,1.8171545267105103,0.3607921525835991,0.5879364684224129,0.019058615502900667
133.4044373035431,0.465446799993515,1.5572352409362793,0.36811959743499756,0.5627740025520325,0.014570746788229658
133.50636267662048,0.4858866035938263,1.5778093338012695,0.38727352023124695,0.5844996869564056,0.019223168474178425
133.60385370254517,0.4299055337905884,1.1765230894088745,0.3563728407025337,0.503438226878643,0.002059535629191609
133.70437932014465,0.4560997486114502,1.5965230894088744,0.35631705552339554,0.5558824416995048,0.018520250598049015
133.803813457489,0.4603618383407593,1.5829768180847168,0.3614257872104645,0.5592978894710541,0.030127521245019065
133.90455722808838,0.4545767307281494,1.9069172143936157,0.33539440482854843,0.5737590566277504,0.0289245938460103
134.00459742546082,0.4050898551940918,1.760612964630127,0.29505154490470886,0.5151281654834747,0.032892675725545356
134.1054983139038,0.3232669234275818,2.0282363891601562,0.19650214910507202,0.45003169775009155,0.03193690459566723
134.2039816379547,0.23530609905719757,1.8829970359802246,0.11761878430843353,0.3529934138059616,0.01926022622553096
134.30490016937256,0.1327899694442749,1.9319336414337158,0.012044116854667664,0.25353582203388214,0.0006196396476160471
134.40446710586548,0.043249014765024185,1.5155093669891357,-0.0514703206717968,0.13796835020184517,0.008392621224810723
134.50415539741516,0.026731116697192192,1.5193958282470703,-0.0682311225682497,0.12169335596263409,0.019807147996496178
134.60487151145935,0.029797308146953583,1.0993958282470704,-0.038914931118488316,0.09850954741239548,0.023108377660006764
134.70416927337646,0.0,0.6793958282470703,-0.042462239265441896,0.042462239265441896,0.022968519498076486
134.80381989479065,0.0,0.2593958282470703,-0.016212239265441894,0.016212239265441894,0.018190130804910633
134.90378737449646,0.0,0.0,0.0,0.0,0.003908145690779973
135.00382542610168,0.0,0.0,0.0,0.0,0.004830913829956764
135.10384845733643,0.0,0.0,0.0,0.0,0.007949180442646597
135.20376348495483,0.0,0.0,0.0,0.0,0.007267507764354832
135.30384159088135,0.0,0.0,0.0,0.0,0.010841017485934936
135.4044759273529,0.0,0.0,0.0,0.0,0.0110579912355028
135.50421667099,0.0,0.0,0.0,0.0,0.010829578096665043
135.60411167144775,0.0,0.0,0.0,0.0,0.009814413444032574
184.50822639465332,0.29546162390537684,0.0,0.29546162390537684,0.29546162390537684,0.03776433501439289
184.7886040210724,0.0,2.162089083736132,-0.13513056773350826,0.13513056773350826,0.040887867847106775
185.32584595680237,0.0,2.162089083736132,-0.13513056773350826,0.13513056773350826,0.06672408329897964
185.35135793685913,0.0,2.162089083736132,-0.13513056773350826,0.13513056773350826,0.06700915665618579
185.38122940063477,0.0,2.162089083736132,-0.13513056773350826,0.13513056773350826,0.06732458733237594
185.414559841156,0.0,2.162089083736132,-0.13513056773350826,0.13513056773350826,0.06753602251351863
185.43362617492676,0.0,2.162089083736132,-0.13513056773350826,0.13513056773350826,0.06753602251351863
185.49017667770386,0.0,2.162089083736132,-0.13513056773350826,0.13513056773350826,0.06774140630980278
185.5227174758911,0.0,2.162089083736132,-0.13513056773350826,0.13513056773350826,0.06782999367600127
185.5521047115326,0.0,2.162089083736132,-0.13513056773350826,0.13513056773350826,0.06789713646902568
185.58217549324036,0.0,2.162089083736132,-0.13513056773350826,0.13513056773350826,0.06808661982811665
185.61492395401,0.0,2.162089083736132,-0.13513056773350826,0.13513056773350826,0.0680168204673252
185.95530796051025,0.29546162390537684,0.0,0.29546162390537684,0.29546162390537684,0.05630043728047047
186.44165301322937,0.29546162390537684,0.0,0.29546162390537684,0.29546162390537684,0.010053793934418721
186.4700767993927,0.29546162390537684,0.0,0.29546162390537684,0.29546162390537684,0.002303020370511222
186.50260043144226,0.29546162390537684,0.0,0.29546162390537684,0.29546162390537684,0.005013426161591938
186.55816888809204,0.29546162390537684,0.0,0.29546162390537684,0.29546162390537684,0.010598768131561437
186.58893013000488,0.29546162390537684,0.0,0.29546162390537684,0.29546162390537684,0.016265936530634663
186.6220998764038,0.29546162390537684,0.0,0.29546162390537684,0.29546162390537684,0.021970550306948024
186.65200114250183,0.29546162390537684,0.0,0.29546162390537684,0.29546162390537684,0.026691622599558595
186.68131303787231,0.29546162390537684,0.0,0.29546162390537684,0.29546162390537684,0.03190432022177256
186.71357607841492,0.29546162390537684,0.0,0.29546162390537684,0.29546162390537684,0.03657845347564475
186.74276638031006,0.29546162390537684,0.0,0.29546162390537684,0.29546162390537684,0.041759782046685234
186.7735664844513,0.29546162390537684,0.0,0.29546162390537684,0.29546162390537684,0.0443531377668524
186.8051953315735,0.29546162390537684,0.0,0.29546162390537684,0.29546162390537684,0.04502830265860734
186.84276270866394,0.29546162390537684,0.0,0.29546162390537684,0.29546162390537684,0.045726646033486314
186.87161135673523,0.29546162390537684,0.0,0.29546162390537684,0.29546162390537684,0.04644909243236463
186.92868208885193,0.29546162390537684,0.0,0.29546162390537684,0.29546162390537684,0.04719663709792679
186.98136830329895,0.29546162390537684,0.0,0.29546162390537684,0.29546162390537684,0.04863435688783799
186.99152374267578,0.29546162390537684,0.0,0.29546162390537684,0.29546162390537684,0.04863435688783799
187.03018355369568,0.29546162390537684,0.0,0.29546162390537684,0.29546162390537684,0.04941019999493139
187.05358719825745,0.29546162390537684,0.0,0.29546162390537684,0.29546162390537684,0.050211679596556924
187.0845329761505,0.29546162390537684,0.0,0.29546162390537684,0.29546162390537684,0.05113795651462756
187.11663341522217,0.29546162390537684,0.0,0.29546162390537684,0.29546162390537684,0.05203249509142784
187.14689874649048,0.29546162390537684,0.0,0.29546162390537684,0.29546162390537684,0.05294111531931716
187.17861604690552,0.29546162390537684,0.0,0.29546162390537684,0.29546162390537684,0.0532852208866536
187.19873070716858,0.29546162390537684,0.0,0.29546162390537684,0.29546162390537684,0.0532852208866536
187.25540280342102,0.29546162390537684,0.0,0.29546162390537684,0.29546162390537684,0.042688533513089495
187.2853660583496,0.29546162390537684,0.0,0.29546162390537684,0.29546162390537684,0.034535050465127295
187.31875681877136,0.29546162390537684,0.0,0.29546162390537684,0.29546162390537684,0.026030572540635056
187.3498649597168,0.29546162390537684,0.0,0.29546162390537684,0.29546162390537684,0.020177646941205767
187.3861825466156,0.29546162390537684,0.0,0.29546162390537684,0.29546162390537684,0.016197536828186483
187.40811443328857,0.29546162390537684,0.0,0.29546162390537684,0.29546162390537684,0.012190607697825756
187.42855739593506,0.29546162390537684,0.0,0.29546162390537684,0.29546162390537684,0.012190607697825756
187.48580598831177,0.29546162390537684,0.0,0.29546162390537684,0.29546162390537684,0.004059740117980768
187.51807951927185,0.29546162390537684,0.0,0.29546162390537684,0.29546162390537684,0.00010706764287266669
187.54729652404785,0.29546162390537684,0.0,0.29546162390537684,0.29546162390537684,0.003890193320637579
187.57923984527588,0.29546162390537684,0.0,0.29546162390537684,0.29546162390537684,0.007178943488463187
187.6087145805359,0.29546162390537684,0.0,0.29546162390537684,0.29546162390537684,0.011034646129748572
187.64100742340088,0.29546162390537684,0.0,0.29546162390537684,0.29546162390537684,0.01488791275300193
187.68731904029846,0.29546162390537684,0.0,0.29546162390537684,0.29546162390537684,0.020244784057746896
187.75308799743652,0.29546162390537684,0.0,0.29546162390537684,0.29546162390537684,0.02869634673715016
187.75724697113037,0.29546162390537684,0.0,0.29546162390537684,0.29546162390537684,0.02869634673715016
187.8100299835205,0.29546162390537684,0.0,0.29546162390537684,0.29546162390537684,0.014737231433401424
187.81322240829468,0.29546162390537684,0.0,0.29546162390537684,0.29546162390537684,0.014737231433401424
187.87235975265503,0.29546162390537684,0.0,0.29546162390537684,0.29546162390537684,0.023930352976222972
187.87447571754456,0.29546162390537684,0.0,0.29546162390537684,0.29546162390537684,0.023930352976222972
187.9181387424469,0.29546162390537684,0.0,0.29546162390537684,0.29546162390537684,0.03208538199866979
187.9459674358368,0.29546162390537684,0.0,0.29546162390537684,0.29546162390537684,0.03956724945825889
187.97701716423035,0.29546162390537684,0.0,0.29546162390537684,0.29546162390537684,0.04626140510918379
188.01057887077332,0.29546162390537684,0.0,0.29546162390537684,0.29546162390537684,0.05408121685632858
188.03812909126282,0.29546162390537684,0.0,0.29546162390537684,0.29546162390537684,0.061780473423256384
188.0697603225708,0.29546162390537684,0.0,0.29546162390537684,0.29546162390537684,0.06911259800891852
188.10725283622742,0.29546162390537684,0.0,0.29546162390537684,0.29546162390537684,0.07707013541957689
188.1349697113037,0.29546162390537684,0.0,0.29546162390537684,0.29546162390537684,0.08208914720459619
188.1676812171936,0.29546162390537684,0.0,0.29546162390537684,0.29546162390537684,0.0846671351761313
188.19393706321716,0.29546162390537684,0.0,0.29546162390537684,0.29546162390537684,0.0846671351761313
188.225759267807,0.29546162390537684,0.0,0.29546162390537684,0.29546162390537684,0.08693844082519397
188.25889825820923,0.29546162390537684,0.0,0.29546162390537684,0.29546162390537684,0.09173626594816424
188.27616024017334,0.29546162390537684,0.0,0.29546162390537684,0.29546162390537684,0.09931092850851726
188.34100604057312,0.29546162390537684,0.0,0.29546162390537684,0.29546162390537684,0.11558699652033423
188.36801409721375,0.29546162390537684,0.0,0.29546162390537684,0.29546162390537684,0.12272654085166378
188.38473987579346,0.29546162390537684,0.0,0.29546162390537684,0.29546162390537684,0.12272654085166378
188.44569182395935,0.29546162390537684,0.0,0.29546162390537684,0.29546162390537684,0.13830985866276252
188.4751009941101,0.29546162390537684,0.0,0.29546162390537684,0.29546162390537684,0.1448844875321864
188.5077040195465,0.29546162390537684,0.0,0.29546162390537684,0.29546162390537684,0.15247809554028668
188.53849840164185,0.29546162390537684,0.0,0.29546162390537684,0.29546162390537684,0.16019809738468455
188.57062125205994,0.29546162390537684,0.0,0.29546162390537684,0.29546162390537684,0.1683036028784028
188.60322642326355,0.29546162390537684,0.0,0.29546162390537684,0.29546162390537684,0.17634395382290433
188.63001036643982,0.29546162390537684,0.0,0.29546162390537684,0.29546162390537684,0.17634395382290433
188.6525285243988,0.29546162390537684,0.0,0.29546162390537684,0.29546162390537684,0.18425446956654573
188.7084605693817,0.29546162390537684,0.0,0.29546162390537684,0.29546162390537684,0.19877450613921624
188.74184155464172,0.29546162390537684,0.0,0.29546162390537684,0.29546162390537684,0.2070920827785291
188.76958060264587,0.29546162390537684,0.0,0.29546162390537684,0.29546162390537684,0.21334852119366443
188.80407571792603,0.29546162390537684,0.0,0.29546162390537684,0.29546162390537684,0.2215203111063705
188.84222030639648,0.29546162390537684,0.0,0.29546162390537684,0.29546162390537684,0.22998585894955642
188.86313033103943,0.29546162390537684,0.0,0.29546162390537684,0.29546162390537684,0.22998585894955642
188.89357471466064,0.29546162390537684,0.0,0.29546162390537684,0.29546162390537684,0.2377457636646343
188.9128384590149,0.29546162390537684,0.0,0.29546162390537684,0.29546162390537684,0.2461187135083831
188.97275710105896,0.29546162390537684,0.0,0.29546162390537684,0.29546162390537684,0.2636550991377864
189.00403308868408,0.29546162390537684,0.0,0.29546162390537684,0.29546162390537684,0.27248249534203384
189.03653001785278,0.29546162390537684,0.0,0.29546162390537684,0.29546162390537684,0.2795534577858571
189.06549286842346,0.29546162390537684,0.0,0.29546162390537684,0.29546162390537684,0.2795534577858571
189.06924033164978,0.29546162390537684,0.0,0.29546162390537684,0.29546162390537684,0.28084663885233613
189.12556219100952,0.29546162390537684,0.0,0.29546162390537684,0.29546162390537684,0.2821787637088946
189.17258024215698,0.29546162390537684,0.0,0.29546162390537684,0.29546162390537684,0.2950129495459199
189.25699019432068,0.29546162390537684,0.0,0.29546162390537684,0.29546162390537684,0.3142750809905519
189.2593924999237,0.29546162390537684,0.0,0.29546162390537684,0.29546162390537684,0.3142750809905519
189.26262068748474,0.29546162390537684,0.0,0.29546162390537684,0.29546162390537684,0.3142750809905519
189.27173161506653,0.29546162390537684,0.0,0.29546162390537684,0.29546162390537684,0.3241551292200951
189.3059720993042,0.29546162390537684,0.0,0.29546162390537684,0.29546162390537684,0.332118362478753
189.34224152565002,0.29546162390537684,0.0,0.29546162390537684,0.29546162390537684,0.34181759640297155
189.39121437072754,0.29546162390537684,0.0,0.29546162390537684,0.29546162390537684,0.3524690910932721
189.41873383522034,0.29546162390537684,0.0,0.29546162390537684,0.29546162390537684,0.36269392023993685
189.45079112052917,0.29546162390537684,0.0,0.29546162390537684,0.29546162390537684,0.3729636510182826
189.488361120224,0.29546162390537684,0.0,0.29546162390537684,0.29546162390537684,0.3831780462311465
189.52835178375244,0.29546162390537684,0.0,0.29546162390537684,0.29546162390537684,0.39213837555370856
189.59067702293396,0.29546162390537684,0.0,0.29546162390537684,0.29546162390537684,0.41065417452028785
189.59308552742004,0.29546162390537684,0.0,0.29546162390537684,0.29546162390537684,0.41065417452028785
189.6368007659912,0.29546162390537684,0.0,0.29546162390537684,0.29546162390537684,0.42848714181419906
189.67099404335022,0.29546162390537684,0.0,0.29546162390537684,0.29546162390537684,0.4385342128175647
189.7009642124176,0.29546162390537684,0.0,0.29546162390537684,0.29546162390537684,0.4475503943803656
189.7295880317688,0.29546162390537684,0.0,0.29546162390537684,0.29546162390537684,0.4475503943803656
189.76167154312134,0.29546162390537684,0.0,0.29546162390537684,0.29546162390537684,0.45718624651546746
189.79018425941467,0.29546162390537684,0.0,0.29546162390537684,0.29546162390537684,0.4667036233895721
189.8213758468628,0.29546162390537684,0.0,0.29546162390537684,0.29546162390537684,0.4752315514000881
189.85362219810486,0.29546162390537684,0.0,0.29546162390537684,0.29546162390537684,0.48440126435661496
189.88648796081543,0.29546162390537684,0.0,0.29546162390537684,0.29546162390537684,0.49366018599837114
189.90231919288635,0.29546162390537684,0.0,0.29546162390537684,0.29546162390537684,0.5030321102588486
189.9627401828766,0.29546162390537684,0.0,0.29546162390537684,0.29546162390537684,0.5122596299898735
189.99235916137695,0.29546162390537684,0.0,0.29546162390537684,0.29546162390537684,0.5165529007236239
190.02320885658264,0.29546162390537684,0.0,0.29546162390537684,0.29546162390537684,0.5206574457589858
190.05203413963318,0.29546162390537684,0.0,0.29546162390537684,0.29546162390537684,0.52499043851642
190.082417011261,0.29546162390537684,0.0,0.29546162390537684,0.29546162390537684,0.5342565368766357
190.1047396659851,0.29546162390537684,0.0,0.29546162390537684,0.29546162390537684,0.5435966728430622
190.1595902442932,0.29546162390537684,0.0,0.29546162390537684,0.29546162390537684,0.5529968698178203
190.1899847984314,0.29546162390537684,0.0,0.29546162390537684,0.29546162390537684,0.5624517776687555
190.22087812423706,0.29546162390537684,0.0,0.29546162390537684,0.29546162390537684,0.5717343891580595
190.25272011756897,0.29546162390537684,0.0,0.29546162390537684,0.29546162390537684,0.5809235932781954
190.2801911830902,0.29546162390537684,0.0,0.29546162390537684,0.29546162390537684,0.5903142074622165
190.28262615203857,0.29546162390537684,-2.162089083736132,0.43059219163888507,0.16033105617186857,0.5903142074622165
190.80464959144592,0.29546162390537684,-2.162089083736132,0.43059219163888507,0.16033105617186857,0.7343277461490223
190.82917523384094,0.29546162390537684,-2.162089083736132,0.43059219163888507,0.16033105617186857,0.7343277461490223
190.85981917381287,0.29546162390537684,-2.162089083736132,0.43059219163888507,0.16033105617186857,0.7390660346338913
190.92262816429138,0.29546162390537684,-2.162089083736132,0.43059219163888507,0.16033105617186857,0.75660510491803
190.95616626739502,0.29546162390537684,-2.162089083736132,0.43059219163888507,0.16033105617186857,0.7659830533860512
190.98639225959778,0.29546162390537684,-2.162089083736132,0.43059219163888507,0.16033105617186857,0.7757259372110331
191.0184633731842,0.29546162390537684,-2.162089083736132,0.43059219163888507,0.16033105617186857,0.7854284243566144
191.04677319526672,0.29546162390537684,-2.162089083736132,0.43059219163888507,0.16033105617186857,0.794849007896674
191.08003783226013,0.29546162390537684,-2.162089083736132,0.43059219163888507,0.16033105617186857,0.8045737255755577
191.11004304885864,0.29546162390537684,-2.162089083736132,0.43059219163888507,0.16033105617186857,0.8123181441390771
191.1423578262329,0.29546162390537684,-2.162089083736132,0.43059219163888507,0.16033105617186857,0.8219719626352612
191.17222046852112,0.29546162390537684,-2.162089083736132,0.43059219163888507,0.16033105617186857,0.8316989425264898
191.27028441429138,0.29546162390537684,-2.162089083736132,0.43059219163888507,0.16033105617186857,0.8606661962031323
191.27318739891052,0.29546162390537684,-2.162089083736132,0.43059219163888507,0.16033105617186857,0.8606661962031323
191.28186321258545,0.29546162390537684,-2.162089083736132,0.43059219163888507,0.16033105617186857,0.8606661962031323
191.31758952140808,0.29546162390537684,-2.162089083736132,0.43059219163888507,0.16033105617186857,0.8703702630832691
191.3221743106842,0.29546162390537684,-2.162089083736132,0.43059219163888507,0.16033105617186857,0.8703702630832691
191.34612846374512,0.29546162390537684,-2.162089083736132,0.43059219163888507,0.16033105617186857,0.8811773248978793
191.37964534759521,0.29546162390537684,-2.162089083736132,0.43059219163888507,0.16033105617186857,0.8909605094319004
191.40848779678345,0.29546162390537684,-2.162089083736132,0.43059219163888507,0.16033105617186857,0.8989611463562465
191.49562692642212,0.29546162390537684,-2.162089083736132,0.43059219163888507,0.16033105617186857,0.907424431015815
191.49877858161926,0.29546162390537684,-2.162089083736132,0.43059219163888507,0.16033105617186857,0.907424431015815
191.52627539634705,0.29546162390537684,-2.162089083736132,0.43059219163888507,0.16033105617186857,0.9024214719517775
191.54453492164612,0.29546162390537684,-2.162089083736132,0.43059219163888507,0.16033105617186857,0.8982279850923814
191.6048138141632,0.29546162390537684,-2.162089083736132,0.43059219163888507,0.16033105617186857,0.9125343199767665
191.6348578929901,0.29546162390537684,-2.162089083736132,0.43059219163888507,0.16033105617186857,0.9216401975203615
191.66531610488892,0.29546162390537684,-2.162089083736132,0.43059219163888507,0.16033105617186857,0.9216401975203615
191.69474625587463,0.29546162390537684,-2.162089083736132,0.43059219163888507,0.16033105617186857,0.9270432510390753
191.72618079185486,0.29546162390537684,-2.162089083736132,0.43059219163888507,0.16033105617186857,0.9273379347227754
191.758624792099,0.29546162390537684,-2.162089083736132,0.43059219163888507,0.16033105617186857,0.9298932175004423
191.78877091407776,0.29546162390537684,-2.162089083736132,0.43059219163888507,0.16033105617186857,0.935072963178432
191.81185817718506,0.29546162390537684,-2.162089083736132,0.43059219163888507,0.16033105617186857,0.9419512131487636
191.86880922317505,0.29546162390537684,-2.162089083736132,0.43059219163888507,0.16033105617186857,0.9548353139079253
191.8846254348755,0.29546162390537684,-2.162089083736132,0.43059219163888507,0.16033105617186857,0.9548353139079253
191.94210624694824,0.29546162390537684,-2.162089083736132,0.43059219163888507,0.16033105617186857,0.9659307218117872
191.9736123085022,0.29546162390537684,-2.162089083736132,0.43059219163888507,0.16033105617186857,0.9704784209908638
192.0038812160492,0.29546162390537684,-2.162089083736132,0.43059219163888507,0.16033105617186857,0.9738037562545584
192.0346348285675,0.29546162390537684,-2.162089083736132,0.43059219163888507,0.16033105617186857,0.9771813881183514
192.07019186019897,0.29546162390537684,-2.162089083736132,0.43059219163888507,0.16033105617186857,0.9795981998335804
192.09517765045166,0.29546162390537684,-2.162089083736132,0.43059219163888507,0.16033105617186857,0.9795981998335804
192.11496996879578,0.29546162390537684,-2.162089083736132,0.43059219163888507,0.16033105617186857,0.9806846607341206
192.17498755455017,0.29546162390537684,-2.162089083736132,0.43059219163888507,0.16033105617186857,0.9837759607765799
192.20613598823547,0.29546162390537684,-2.162089083736132,0.43059219163888507,0.16033105617186857,0.985369454685041
192.23695731163025,0.29546162390537684,-2.162089083736132,0.43059219163888507,0.16033105617186857,0.9873151734220303
192.26657509803772,0.29546162390537684,-2.162089083736132,0.43059219163888507,0.16033105617186857,0.9873151734220303
192.30649375915527,0.29546162390537684,-2.162089083736132,0.43059219163888507,0.16033105617186857,0.993594065168815
192.32845878601074,0.29546162390537684,-2.162089083736132,0.43059219163888507,0.16033105617186857,0.993594065168815
192.3691704273224,0.29546162390537684,-2.162089083736132,0.43059219163888507,0.16033105617186857,0.9995357384198448
192.37904024124146,0.29546162390537684,-2.162089083736132,0.43059219163888507,0.16033105617186857,0.9995357384198448
192.4069902896881,0.29546162390537684,-2.162089083736132,0.43059219163888507,0.16033105617186857,0.9998315834252458
192.43707513809204,0.29546162390537684,-2.162089083736132,0.43059219163888507,0.16033105617186857,1.0008152736703149
192.47121572494507,0.29546162390537684,-2.162089083736132,0.43059219163888507,0.16033105617186857,1.0008015237532495
192.52742886543274,0.29546162390537684,-2.162089083736132,0.43059219163888507,0.16033105617186857,0.999649201234574
192.5589964389801,0.29546162390537684,-2.162089083736132,0.43059219163888507,0.16033105617186857,0.9982236636286576
192.59084153175354,0.29546162390537684,-2.162089083736132,0.43059219163888507,0.16033105617186857,0.9974355931320484
192.6092813014984,0.29546162390537684,-2.162089083736132,0.43059219163888507,0.16033105617186857,0.9972839590970072
192.63891100883484,0.29546162390537684,-2.162089083736132,0.43059219163888507,0.16033105617186857,0.9969374260115418
192.70358204841614,0.29546162390537684,-2.162089083736132,0.43059219163888507,0.16033105617186857,0.9951405323422935
192.7284152507782,0.29546162390537684,-2.162089083736132,0.43059219163888507,0.16033105617186857,0.9951405323422935
192.76002430915833,0.29546162390537684,-2.162089083736132,0.43059219163888507,0.16033105617186857,0.9935680962304376
192.79144477844238,0.29546162390537684,-2.162089083736132,0.43059219163888507,0.16033105617186857,0.9926011544923034
192.82287669181824,0.29546162390537684,-2.162089083736132,0.43059219163888507,0.16033105617186857,0.9934144441871338
192.85314655303955,0.29546162390537684,-2.162089083736132,0.43059219163888507,0.16033105617186857,0.9938030465683103
192.88310503959656,0.29546162390537684,-2.162089083736132,0.43059219163888507,0.16033105617186857,0.9920096090245678
192.90316367149353,0.29546162390537684,-2.162089083736132,0.43059219163888507,0.16033105617186857,0.9876866636866779
192.96268367767334,0.29546162390537684,-2.162089083736132,0.43059219163888507,0.16033105617186857,0.9828618946142047
192.99246430397034,0.29546162390537684,-2.162089083736132,0.43059219163888507,0.16033105617186857,0.9786646138056243
193.0229046344757,0.29546162390537684,-2.162089083736132,0.43059219163888507,0.16033105617186857,0.9761625648946638
193.05356860160828,0.29546162390537684,-2.162089083736132,0.43059219163888507,0.16033105617186857,0.9731071246447096
193.0849871635437,0.29546162390537684,-2.162089083736132,0.43059219163888507,0.16033105617186857,0.9689052558805015
193.10609650611877,0.29546162390537684,-2.162089083736132,0.43059219163888507,0.16033105617186857,0.9627802756307697
193.17344427108765,0.29546162390537684,-2.162089083736132,0.43059219163888507,0.16033105617186857,0.9486966634893911
193.19284105300903,0.29546162390537684,-2.162089083736132,0.43059219163888507,0.16033105617186857,0.9486966634893911
193.2241792678833,0.29546162390537684,-2.162089083736132,0.43059219163888507,0.16033105617186857,0.944116187558703
193.25534796714783,0.29546162390537684,-2.162089083736132,0.43059219163888507,0.16033105617186857,0.9378351055506934
193.31097602844238,0.29546162390537684,-2.162089083736132,0.43059219163888507,0.16033105617186857,0.921859912699583
193.32262349128723,0.29546162390537684,-2.162089083736132,0.43059219163888507,0.16033105617186857,0.921859912699583
193.3462474346161,0.29546162390537684,-2.162089083736132,0.43059219163888507,0.16033105617186857,0.9137865206680816
193.38344168663025,0.29546162390537684,-2.162089083736132,0.43059219163888507,0.16033105617186857,0.9052069814412117
193.39626574516296,0.29546162390537684,-2.162089083736132,0.43059219163888507,0.16033105617186857,0.9052069814412117
193.45649933815002,0.29546162390537684,-2.162089083736132,0.43059219163888507,0.16033105617186857,0.8899538542488161
193.48621726036072,0.29546162390537684,-2.162089083736132,0.43059219163888507,0.16033105617186857,0.8816164424041233
193.5186004638672,0.29546162390537684,-2.162089083736132,0.43059219163888507,0.16033105617186857,0.8766328046697952
193.54333090782166,0.29546162390537684,-2.162089083736132,0.43059219163888507,0.16033105617186857,0.8706079144180737
193.5456166267395,0.0,0.0,0.0,0.0,0.8706079144180737
202.14802026748657,0.1343306601047516,0.019138775765895844,0.1331344866193831,0.13552683359012008,0.033648872672822426
202.24539613723755,0.1499859094619751,-0.2935325801372528,0.1683316957205534,0.1316401232033968,0.033678596142034986
202.34537601470947,0.22610527276992798,-0.5292423367500305,0.2591829188168049,0.19302762672305107,0.0337346230098371
202.44616103172302,0.26122796535491943,-0.48231470584869385,0.2913726344704628,0.23108329623937607,0.03404235745847384
202.5460045337677,0.30491766333580017,-0.548090398311615,0.3391733132302761,0.27066201344132423,0.03467225667346936
202.64599561691284,0.3066200911998749,-0.5713738203048706,0.3423309549689293,0.27090922743082047,0.03551427695913858
202.74624729156494,0.3101971745491028,-0.5546979904174805,0.3448657989501953,0.27552855014801025,0.036449193731702405
202.84657049179077,0.32522568106651306,-0.36589741706848145,0.34809426963329315,0.30235709249973297,0.036992763489054926
202.95370268821716,0.27419254183769226,-0.35633543133735657,0.29646350629627705,0.2519215773791075,0.03727437704086461
203.04624915122986,0.28199532628059387,-0.33339208364486694,0.30283233150839806,0.2611583210527897,0.03682530336082293
203.14682626724243,0.2566725015640259,-0.25596949458122253,0.2726705949753523,0.24067440815269947,0.03577998150710939
203.24613857269287,0.2415904551744461,-0.19346359372138977,0.25368192978203297,0.22949898056685925,0.03399232042074657
203.34766602516174,0.20432868599891663,-0.012416401877999306,0.20510471111629158,0.20355266088154167,0.03175257359770425
203.4458613395691,0.28021731972694397,0.10377001762390137,0.27373169362545013,0.2867029458284378,0.029065739828908026
203.54637813568115,0.2201801836490631,0.401489794254303,0.19508707150816917,0.24527329578995705,0.023322227303426635
203.64635968208313,0.19099846482276917,0.11154565215110779,0.18402686156332493,0.1979700680822134,0.020145901518737224
203.7460904121399,0.16770857572555542,0.2287280261516571,0.15341307409107685,0.182004077360034,0.016449421325454548
203.8465690612793,0.15155696868896484,0.1443769335746765,0.14253341034054756,0.16058052703738213,0.012670360845984316
203.9459102153778,0.13881802558898926,0.21761825680732727,0.1252168845385313,0.1524191666394472,0.009321046591918373
204.04582262039185,0.2258509248495102,0.21674370765686035,0.21230444312095642,0.23939740657806396,0.013576039806679653
204.14595580101013,0.22226515412330627,0.15628130733966827,0.212497572414577,0.23203273583203554,0.012420542170573628
204.246568441391,0.21883413195610046,0.07195846736431122,0.214336727745831,0.22333153616636992,0.010807122058630323
204.3463065624237,0.19566671550273895,0.07559400796890259,0.19094209000468254,0.20039134100079536,0.008755504334758524
204.4459731578827,0.1902516484260559,0.14845991134643555,0.1809729039669037,0.19953039288520813,0.005973518307833456
204.54600858688354,0.16281840205192566,0.1478257179260254,0.15357929468154907,0.17205750942230225,0.007739307147192208
204.64617609977722,0.17039254307746887,0.04684895649552345,0.16746448329649866,0.1733206028584391,0.006498652426686821
204.7475562095642,0.15170995891094208,0.11884471029043198,0.14428216451779008,0.15913775330409408,0.004211318367424229
204.84586811065674,0.147286057472229,-0.0031978730112314224,0.14748592453543097,0.14708619040902704,0.0021817625625768387
204.94624423980713,0.2556789517402649,0.15233200788497925,0.2461582012474537,0.2651997022330761,0.00040040224973604283
205.04611945152283,0.24984712898731232,0.0952572375535965,0.24389355164021254,0.2558007063344121,0.0010697431563595284
205.1462745666504,0.23908038437366486,0.04237941652536392,0.2364316708408296,0.2417290979065001,0.0027067439283084316
205.2471787929535,0.20746396481990814,-0.015411779284477234,0.20842720102518797,0.20650072861462831,0.005969871923680521
205.34603595733643,0.20192250609397888,0.10774458944797516,0.19518846925348043,0.20865654293447733,0.008000711581004115
205.44540214538574,0.18085885047912598,0.009957749396562576,0.18023649114184082,0.18148120981641114,0.009907235620816114
205.5461301803589,0.18568465113639832,0.13662971556186676,0.17714529391378164,0.194224008359015,0.01162573869225645
205.64612770080566,0.16819995641708374,0.08691839873790741,0.16276755649596453,0.17363235633820295,0.013487249099592638
205.74594640731812,0.23292569816112518,0.19880850613117218,0.22050016652792692,0.24535122979432344,0.015183067795586624
205.8462884426117,0.23374946415424347,0.11797521263360977,0.22637601336464286,0.24112291494384408,0.016740084447446364
205.94594192504883,0.23837627470493317,0.136728435754776,0.22983074747025967,0.24692180193960667,0.019676137123449608
206.0458743572235,0.21704795956611633,0.02833119034767151,0.21527726016938686,0.2188186589628458,0.022048353541014185
206.14610862731934,0.21182437241077423,0.2724462151527405,0.19479648396372795,0.2288522608578205,0.02435112199129548
206.24591040611267,0.18928152322769165,0.19193397462368011,0.17728564981371164,0.20127739664167166,0.026543297331118078
206.34625935554504,0.18109411001205444,0.2672572135925293,0.16439053416252136,0.19779768586158752,0.028944745910191805
206.44619750976562,0.28357940912246704,0.1729566752910614,0.2727696169167757,0.2943892013281584,0.03134559647215958
206.54613184928894,0.2755630612373352,0.2927868366241455,0.2572638839483261,0.2938622385263443,0.03461966282042152
206.64606547355652,0.23514395952224731,0.11279208958148956,0.22809445392340422,0.2421934651210904,0.0373149742290398
206.74615025520325,0.20026233792304993,0.31527090072631836,0.18055790662765503,0.21996676921844482,0.03973908855862163
206.84602785110474,0.1810779720544815,0.19543448090553284,0.1688633169978857,0.1932926271110773,0.0423447259278546
206.94593501091003,0.17025703191757202,0.3925134837627411,0.1457249391824007,0.19478912465274334,0.04486856799595671
207.04605174064636,0.26488637924194336,0.3223230242729187,0.24474119022488594,0.2850315682590008,0.044159387567542854
207.14593172073364,0.2723320424556732,0.2608373761177063,0.2560297064483166,0.28863437846302986,0.044232336302250874
207.24589204788208,0.2543902099132538,-0.011104857549071312,0.25508426351007074,0.2536961563164368,0.04589117203828859
207.34593749046326,0.23404580354690552,0.24117839336395264,0.21897215396165848,0.24911945313215256,0.047660489911088066
207.44592952728271,0.20491059124469757,0.05117253586649895,0.2017123077530414,0.20810887473635375,0.04943064289427802
207.54592847824097,0.19806352257728577,0.3658783733844757,0.17519612424075603,0.2209309209138155,0.05068785301490626
207.6459560394287,0.18870003521442413,0.1731301248073578,0.17787940241396427,0.199520668014884,0.05183211530338643
207.74682807922363,0.26880741119384766,0.21140579879283905,0.2555945487692952,0.2820202736184001,0.05310825471306174
207.84616088867188,0.28211507201194763,0.1308838129043579,0.27393483370542526,0.29029531031847,0.05423973055204415
207.9460985660553,0.26044324040412903,-0.09994126111268997,0.26668956922367215,0.2541969115845859,0.055243035586055055
208.0459713935852,0.2363109290599823,0.17874956130981445,0.2251390814781189,0.2474827766418457,0.057231927464621066
208.14622616767883,0.20657303929328918,-0.03835643082857132,0.2089703162200749,0.20417576236650348,0.05900792921549876
208.24634504318237,0.18848654627799988,0.25822514295578003,0.17234747484326363,0.20462561771273613,0.05995773455993116
208.34636044502258,0.2771916389465332,0.12936575710773468,0.2691062791272998,0.2852769987657666,0.06082331945998908
208.4462103843689,0.28028377890586853,0.125698059797287,0.2724276501685381,0.28813990764319897,0.061369670705766516
208.54605102539062,0.26120734214782715,-0.22723639011383057,0.27540961652994156,0.24700506776571274,0.060666882611312145
208.64695072174072,0.24292629957199097,0.16518472135066986,0.2326022544875741,0.25325034465640783,0.05980619039981474
208.74642658233643,0.20919686555862427,-0.0512433797121048,0.21239957679063082,0.20599415432661772,0.06000178609005428
208.84707236289978,0.19637003540992737,0.1252409666776657,0.18854247499257326,0.20419759582728148,0.059987281356821666
208.94607830047607,0.27525559067726135,-0.05439325049519539,0.27865516883321106,0.27185601252131164,0.05970733782021142
209.04603624343872,0.27931511402130127,-0.11654499173164368,0.286599176004529,0.27203105203807354,0.06083671005056076
209.14567732810974,0.261139839887619,-0.5365449917316437,0.29467390187084674,0.2276057779043913,0.062050730447459373
209.24637413024902,0.24067914485931396,-0.11654499173164368,0.2479632068425417,0.23339508287608624,0.06138730903675811
209.34636688232422,0.20179486274719238,-0.2711981236934662,0.21874474547803402,0.18484498001635075,0.06039658252576426
209.4461326599121,0.20662833750247955,0.07436662912368774,0.20198042318224907,0.21127625182271004,0.05943202799499452
209.54611611366272,0.21116229891777039,-0.3456333708763123,0.2327643845975399,0.18956021323800087,0.05663710292578609
209.6455500125885,0.32982954382896423,0.008214008063077927,0.32931616832502186,0.3303429193329066,0.05333418253386932
209.74621295928955,0.32672661542892456,-0.4117859919369221,0.3524632399249822,0.30098999093286694,0.05268693265092278
209.8463318347931,0.3331735134124756,-0.41195711493492126,0.35892083309590816,0.307426193729043,0.05187763374017589
209.94638633728027,0.27663999795913696,-0.6221478581428528,0.31552423909306526,0.23775575682520866,0.05087558021024752
210.04565477371216,0.2547540068626404,-0.5111443400382996,0.2867005281150341,0.22280748561024666,0.0487757745414947
210.14665126800537,0.21792401373386383,-0.6140970587730408,0.2563050799071789,0.17954294756054878,0.04577567278803621
210.24615097045898,0.39453497529029846,-0.8474580645561218,0.4475011043250561,0.34156884625554085,0.04444513932020279
210.34841465950012,0.44864991307258606,-1.0280365943908691,0.5129022002220154,0.38439762592315674,0.043580840537423754
210.44612288475037,0.48218801617622375,-1.0372790098190308,0.5470179542899132,0.41735807806253433,0.04316916533818251
210.54633808135986,0.45969513058662415,-1.2166011333465576,0.535732701420784,0.3836575597524643,0.04493928606544136
210.6468539237976,0.44130048155784607,-1.2642303705215454,0.5203148797154427,0.3622860834002495,0.049243885942047115
210.74590849876404,0.4841168522834778,-1.6842303705215453,0.5893812504410744,0.3788524541258812,0.051621022709981874
210.8480327129364,0.5,-2.1042303705215453,0.6315143981575966,0.3684856018424034,0.05246954851305317
210.95019459724426,0.49111208319664,-2.452211856842041,0.6443753242492676,0.33784884214401245,0.05660404834363962
211.0473370552063,0.41201749444007874,-2.5118348598480225,0.5690071731805801,0.25502781569957733,0.06498609460441276
211.1460509300232,0.40048596262931824,-2.3589749336242676,0.547921895980835,0.2530500292778015,0.06125918103380232
211.25068712234497,0.26419538259506226,-2.4027187824249268,0.4143653064966202,0.11402545869350433,0.049778941751037996
211.34887957572937,0.25062859058380127,-1.9827187824249268,0.3745485144853592,0.12670866668224334,0.03949961961154493
211.44630312919617,0.11021549999713898,-2.0941920280456543,0.24110250174999237,-0.020671501755714417,0.030528473992857557
211.54836201667786,0.0919843465089798,-1.6741920280456544,0.1966213482618332,-0.0126526552438736,0.03017664532755607
211.6462323665619,0.03961818292737007,-1.2541920280456544,0.11800518468022347,-0.03876881882548333,0.03035523809875041
211.746102809906,0.0,-0.8341920280456544,0.0521370017528534,-0.0521370017528534,0.04063653310600602
211.84603333473206,0.0,-0.41419202804565436,0.025887001752853397,-0.025887001752853397,0.05050465140577295
211.94579100608826,0.0,0.0,0.0,0.0,0.059783098674050426
212.04579305648804,0.0,0.0,0.0,0.0,0.07030343548840315
212.14612126350403,0.0,0.0,0.0,0.0,0.06965052675490406
212.24610567092896,0.0,0.0,0.0,0.0,0.06335516058173955
212.34609270095825,0.0,0.0,0.0,0.0,0.06352510148068265
212.44576859474182,0.0,0.0,0.0,0.0,0.06501164803622696
212.54575109481812,0.0,0.0,0.0,0.0,0.06619432263103389
212.64591646194458,0.0,0.0,0.0,0.0,0.06557304362358049
233.44634413719177,0.143171489238739,-0.42000000000000004,0.169421489238739,0.11692148923873902,0.03798755952951008
233.54625701904297,0.19619408249855042,-0.8400000000000001,0.2486940824985504,0.14369408249855042,0.03790472138265428
233.64722228050232,0.3961940824985504,-1.2600000000000002,0.47494408249855047,0.3174440824985504,0.03756649394525859
233.74629378318787,0.5,-1.6800000000000002,0.605,0.395,0.03783602951354679
233.8464593887329,0.473869264125824,-2.1,0.605119264125824,0.342619264125824,0.04017497279565567
233.94706058502197,0.473869264125824,-2.509047746658325,0.6306847482919693,0.31705377995967865,0.04515297929414698
234.04777145385742,0.42265310883522034,-2.2441396713256836,0.5629118382930756,0.2823943793773651,0.05096738466412081
234.14783930778503,0.4453356862068176,-2.6641396713256835,0.6118444156646728,0.2788269567489624,0.05561516135087975
234.24680995941162,0.41840267181396484,-2.4219818115234375,0.5697765350341797,0.26702880859375,0.05771079982125704
234.34725618362427,0.41840267181396484,-2.4219818115234375,0.5697765350341797,0.26702880859375,0.0722516882406837
234.4471971988678,0.37419816851615906,-2.7899789810180664,0.5485718548297882,0.1998244822025299,0.08446956880818787
234.54664182662964,0.3423881530761719,-2.511111259460449,0.49933260679244995,0.1854436993598938,0.09134079358549696
234.64695167541504,0.4357869029045105,-2.931111259460449,0.6189813566207886,0.2525924491882324,0.09139738963705137
234.74632501602173,0.48766037821769714,-2.511111259460449,0.6446048319339752,0.33071592450141907,0.09059774119712988
234.84625244140625,0.49719253182411194,-2.8616867065429688,0.6760479509830475,0.3183371126651764,0.09322463179324929
234.94739651679993,0.4337075352668762,-2.441686706542969,0.5863129544258118,0.28110211610794067,0.09098059217279895
235.04637575149536,0.4204888641834259,-2.021686706542969,0.5468442833423615,0.29413344502449035,0.08312073609537281
235.14929270744324,0.4204888641834259,-1.601686706542969,0.5205942833423615,0.32038344502449034,0.07477030160504508
235.24909567832947,0.346841037273407,-1.181686706542969,0.42069645643234255,0.2729856181144714,0.06282991180243866
235.35485005378723,0.346841037273407,-1.0986303091049194,0.41550543159246445,0.2781766429543495,0.05413773566146906
235.4497845172882,0.30811357498168945,-0.6786303091049194,0.3505279693007469,0.265699180662632,0.05130463368353078
235.54899740219116,0.2688285708427429,-0.5071460604667664,0.3005251996219158,0.23713194206357002,0.05190882105774526
235.64797973632812,0.2688285708427429,-0.5071460604667664,0.3005251996219158,0.23713194206357002,0.044549432893521944
235.74772214889526,0.3053440749645233,-0.11608240008354187,0.3125992249697447,0.29808892495930195,0.049325624525367144
235.84725832939148,0.3119420111179352,-0.05502164363861084,0.31538086384534836,0.308503158390522,0.04570397708624954
235.94715070724487,0.3155413269996643,-0.02681315317749977,0.31721714907325804,0.31386550492607057,0.04226803754552907
236.046945810318,0.2948415279388428,0.051672741770744324,0.29161198157817125,0.2980710742995143,0.04456469431496898
236.14731407165527,0.3263018727302551,-0.1481378674507141,0.33556048944592476,0.3170432560145855,0.044371979513924825
236.24693274497986,0.3789868652820587,0.11353183537721634,0.3718911255709827,0.38608260499313474,0.04724347904632877
236.34914374351501,0.4237029552459717,-0.1324092298746109,0.43197853211313486,0.4154273783788085,0.04889103946302
236.45056247711182,0.4237029552459717,-0.1324092298746109,0.43197853211313486,0.4154273783788085,0.05145523508365537
236.54705452919006,0.39063212275505066,-0.01897554099559784,0.3918180940672755,0.3894461514428258,0.05231895853652288
236.64695858955383,0.367470383644104,-0.1989942044019699,0.3799075214192271,0.3550332458689809,0.05701046610847874
236.74929451942444,0.2897307276725769,0.13820452988147736,0.28109294455498457,0.29836851079016924,0.061807027639964984
236.84692668914795,0.27577248215675354,0.08475372940301895,0.27047537406906486,0.2810695902444422,0.06632199098057867
236.94681310653687,0.2576743960380554,0.07004962861537933,0.2532962942495942,0.26205249782651663,0.07034859329825013
237.0488884449005,0.263607919216156,-0.004939386621117592,0.26391663087997586,0.26329920755233616,0.0747038134442528
237.1463680267334,0.31486776471138,0.005511235445737839,0.3145233124960214,0.3152122169267386,0.07941933232392077
237.25597548484802,0.35878926515579224,0.036960527300834656,0.35647923219949007,0.3610992981120944,0.0902806564460326
237.34719133377075,0.395985871553421,-0.1092805489897728,0.4028159058652818,0.3891558372415602,0.09330132728621443
237.44667434692383,0.39261409640312195,-0.06282006949186325,0.3965403507463634,0.3886878420598805,0.09777219089802601
237.54673290252686,0.3993740379810333,-0.03431977704167366,0.40151902404613793,0.3972290519159287,0.10680964537276876
237.64721083641052,0.40290385484695435,-0.019605614244937897,0.40412920573726296,0.4016785039566457,0.11200816568190547
237.74983382225037,0.40834295749664307,0.05763515830039978,0.4047407601028681,0.41194515489041805,0.11740886609270777
237.8484764099121,0.37184879183769226,-0.08033320307731628,0.37686961703002453,0.36682796664536,0.12244328773871115
237.94681572914124,0.32556283473968506,0.22938667237758636,0.3112261677160859,0.3398995017632842,0.1240359084972877
238.04885125160217,0.3406394124031067,0.07230491191148758,0.3361203554086387,0.34515846939757466,0.12679709216508417
238.1470081806183,0.3479304015636444,0.1646329164505005,0.33764084428548813,0.3582199588418007,0.12675849450054816
238.24685525894165,0.31496313214302063,0.04353082552552223,0.3122424555476755,0.31768380873836577,0.1255982527916147
238.34919691085815,0.3480174243450165,-0.3764691744744778,0.37154674774967134,0.3244881009403616,0.1256785681712211
238.44697093963623,0.3656243681907654,-0.4248283803462982,0.392176141962409,0.33907259441912174,0.12499416889500566
238.54720997810364,0.3521900475025177,-0.1291842758655548,0.3602640647441149,0.3441160302609205,0.11574518307916666
238.64772176742554,0.3404318392276764,-0.20475593209266663,0.35322908498346806,0.3276345934718847,0.11554305054948573
238.7471044063568,0.29732197523117065,-0.015377447009086609,0.29828306566923857,0.29636088479310274,0.115251034781794
238.84724235534668,0.32379934191703796,-0.3397422432899475,0.3450332321226597,0.30256545171141624,0.11221264638940094
238.94698810577393,0.3706105053424835,-0.17305265367031097,0.38142629619687796,0.3597947144880891,0.11109439483486429
239.04646706581116,0.3589058518409729,-0.18372051417827606,0.37038838397711515,0.34742331970483065,0.10961373904293858
239.14784169197083,0.3589058518409729,-0.18372051417827606,0.37038838397711515,0.34742331970483065,0.1010045393827802
239.2473645210266,0.3295109272003174,-0.5572395920753479,0.3643384017050266,0.29468345269560814,0.09957540270134266
239.34818744659424,0.310494601726532,-0.17875875532627106,0.3216670239344239,0.29932217951864004,0.10039779341657085
239.44731879234314,0.2792052924633026,-0.07301542907953262,0.2837687567807734,0.2746418281458318,0.10272831251704036
239.54729080200195,0.2792052924633026,-0.07301542907953262,0.2837687567807734,0.2746418281458318,0.11637680178876558
239.64722609519958,0.2483099102973938,0.10087139159440994,0.24200544832274318,0.2546143722720444,0.11877903941621445
239.74733185768127,0.2654132544994354,-0.313265860080719,0.28499237075448036,0.2458341382443905,0.12091740461113239
239.84704518318176,0.23298928141593933,-0.06149917095899582,0.23683297960087657,0.2291455832310021,0.12308715095827137
239.94771647453308,0.25041911005973816,-0.014045245945453644,0.251296937931329,0.2495412821881473,0.12621551815930768
240.04720377922058,0.22794535756111145,0.031540751457214355,0.22597406059503555,0.22991665452718735,0.12872265043903114
240.14734983444214,0.2554164528846741,0.08374616503715515,0.2501823175698519,0.26065058819949627,0.13097906935400663
240.24753260612488,0.4039149284362793,-0.3362538349628449,0.4249307931214571,0.3828990637511015,0.13270847803403185
240.34780502319336,0.49309346079826355,-0.1987450122833252,0.5055150240659714,0.4806718975305557,0.13057007473145565
240.44738793373108,0.5,0.22125498771667484,0.48617156326770783,0.5138284367322922,0.13236535498552865
240.5472595691681,0.5,0.5021373629570007,0.46861641481518745,0.5313835851848125,0.1346835961046463
240.64699482917786,0.5,0.9221373629570008,0.44236641481518746,0.5576335851848125,0.13763665217545296
240.74740862846375,0.45048725605010986,1.0975956916809082,0.3818875253200531,0.5190869867801666,0.14059165116431116
240.84732294082642,0.4470798671245575,1.2324321269989014,0.37005285918712616,0.5241068750619888,0.13887180266324978
240.94824695587158,0.5,1.6505846977233887,0.3968384563922882,0.6031615436077118,0.14065456153364178
241.04788899421692,0.49927377700805664,1.9973630905151367,0.3744385838508606,0.6241089701652527,0.14360344639832937
241.1470127105713,0.4665948748588562,2.4173630905151366,0.31550968170166016,0.6176800680160522,0.13283407118547805
241.24743127822876,0.4979112148284912,2.8373630905151366,0.3205760216712952,0.6752464079856872,0.10630885242354732
241.34771060943604,0.5,3.2573630905151365,0.29641480684280397,0.703585193157196,0.08084513494229704
241.446879863739,0.2937922477722168,3.6773630905151364,0.06395705461502077,0.5236274409294128,0.04743702855535473
241.54726910591125,0.2937922477722168,3.7046775817871094,0.06224989891052246,0.5253345966339111,0.022759292740002504
241.64728999137878,0.2429054081439972,3.889824151992798,-0.00020860135555267334,0.48601941764354706,0.0012105995149510021
241.74706435203552,0.21219514310359955,3.594475746154785,-0.012459591031074524,0.4368498772382736,0.03461114781586487
241.84696531295776,0.12893643975257874,3.5774075984954834,-0.09465153515338898,0.35252441465854645,0.05072226682555848
241.94702911376953,0.12418821454048157,3.1574075984954835,-0.07314976036548615,0.3215261894464493,0.034341329261718095
242.04941487312317,0.10176943242549896,2.7374075984954835,-0.06931854248046876,0.2728574073314667,0.03254774659518578
242.14733171463013,0.1449282169342041,2.3174075984954836,9.024202823637584e-05,0.2897661918401718,0.0283202821614834
242.24728894233704,0.10640797019004822,1.8974075984954837,-0.012180004715919512,0.22499594509601595,0.026461904964484178
242.3473904132843,0.1524389684200287,1.4774075984954838,0.06010099351406095,0.24477694332599642,0.014763242278607633
242.44710659980774,0.08420361578464508,1.0574075984954838,0.01811564087867734,0.15029159069061282,0.004433895918361801
242.54714918136597,0.04658763110637665,0.6374075984954838,0.006749656200408911,0.08642560601234439,0.004893991099537882
242.6474232673645,0.04658763110637665,0.21740759849548374,0.032999656200408914,0.06017560601234438,0.0002158059793329108
242.74703526496887,0.06680839508771896,-0.2025924015045163,0.07947042018175124,0.054146369993686695,0.012875543330310645
242.84788012504578,0.03753424808382988,-0.6225924015045163,0.07644627317786215,-0.0013777770102023912,0.012973942510628394
242.94946455955505,0.03512990102171898,-1.0425924015045163,0.10029192611575125,-0.030032124072313288,0.014150088631654104
243.0470781326294,0.03000231273472309,-1.3684921264648438,0.11553307063877583,-0.05552844516932964,0.017574773981333516
243.14699172973633,0.03728840500116348,-1.6302813291549683,0.139180988073349,-0.06460417807102203,0.014846699814712828
243.2470829486847,0.03177914768457413,-1.284935712814331,0.11208762973546982,-0.048529334366321564,0.010758820941822404
243.34743785858154,0.037835706025362015,-1.003648281097412,0.10056372359395027,-0.024892311543226242,0.012625530097657545
243.4470944404602,0.05043492466211319,-1.245661973953247,0.12828879803419113,-0.027418948709964752,0.010427510610493816
243.54712438583374,0.05043492466211319,-1.245661973953247,0.12828879803419113,-0.027418948709964752,0.01048328635708274
243.64703249931335,0.04098424315452576,-0.825661973953247,0.0925881165266037,-0.010619630217552183,0.014373390698581892
243.74706602096558,0.06653323024511337,-1.245661973953247,0.14438710361719131,-0.011320643126964569,0.01752121595507352
243.84715008735657,0.03959117457270622,-0.825661973953247,0.09119504794478417,-0.012012698799371717,0.020928013733513034
243.94789791107178,0.06218672916293144,-1.1424977779388428,0.13359284028410912,-0.009219381958246231,0.024256358416973843
244.04743361473083,0.03535441309213638,-0.7224977779388427,0.08051052421331406,-0.009801698029041288,0.027149462501842893
244.1471312046051,0.057220496237277985,-0.9206956028938293,0.11476397141814232,-0.0003229789435863495,0.029842617372603103
244.24743103981018,0.03370729461312294,-0.5006956028938293,0.06500076979398728,0.0024138194322586085,0.029783264313428412
244.34718585014343,0.0,-0.08069560289382927,0.005043475180864329,-0.005043475180864329,0.030728623533249077
244.44690108299255,0.0,0.0,0.0,0.0,0.032351736186790866
244.54704451560974,0.0,0.0,0.0,0.0,0.03801811986265875
244.6468641757965,0.0,0.0,0.0,0.0,0.04295194169677557
244.74684953689575,0.0,0.0,0.0,0.0,0.04297804807723038
244.84688067436218,0.0,0.0,0.0,0.0,0.04393015252705197
244.9469451904297,0.0,0.0,0.0,0.0,0.044915014364929264
245.04685378074646,0.0,0.0,0.0,0.0,0.044800063351054964
245.1470546722412,0.0,0.0,0.0,0.0,0.04518577098251122
245.24714756011963,0.0,0.0,0.0,0.0,0.04545549117336458
