timestamp,elapsed_s,x,y,yaw_deg,target_dist,target_angle
1779632226.6700618,0.007054567337036133,0.4962099860855054,0.002289104396272103,0.22862123364482898,0.5,0.0
1779632226.7081056,0.045098304748535156,0.49626370472850945,0.002837998742979051,-0.05887563358006556,0.5,0.0
1779632226.8483207,0.18531346321105957,0.4963999416704643,0.0033642611608394146,-0.3206844582765713,0.5,0.0
1779632226.8634503,0.20044302940368652,0.49645405088760153,0.0032917493963756234,-0.28865192955143815,0.5,0.0
1779632226.877203,0.21419572830200195,0.49634562476475436,0.003715085425515527,-0.5250479356055763,0.5,0.0
1779632226.918823,0.2558157444000244,0.49640406724946495,0.0036594331167527396,-0.4725617156813596,0.5,0.0
1779632226.9892893,0.3262820243835449,0.4966002158465217,0.004066276985186161,-0.6868783504872262,0.5,0.0
1779632227.0057635,0.3427562713623047,0.4967266483380786,0.00440962988671576,-0.8816359214306106,0.5,0.0
1779632227.083999,0.4209916591644287,0.49674849661607473,0.004284330121636738,-0.7933791686038072,0.5,0.0
1779632227.0952764,0.4322690963745117,0.4969161559858144,0.00462864673512981,-0.9756093621364121,0.5,0.0
1779632227.1755438,0.5125365257263184,0.49699352752906506,0.004976261925772699,-1.1460671963864921,0.5,0.0
1779632227.1881027,0.5250954627990723,0.4968865416576618,0.004768403610781239,-1.0317593760426638,0.5,0.0
1779632227.3283935,0.6653861999511719,0.4968858754722732,0.005017219215203915,-1.1930704750191063,0.5,0.0
1779632227.3367229,0.6737155914306641,0.496888077785683,0.005293626977387864,-1.338737552256873,0.5,0.0
1779632227.3530455,0.6900382041931152,0.4968896494408287,0.005028158803530636,-1.2048235211707032,0.5,0.0
1779632227.3916788,0.7286715507507324,0.49698886416187454,0.005327067340728263,-1.3476305424972868,0.5,0.0
1779632227.5185175,0.8555102348327637,0.49707130099765795,0.005605082656611007,-1.4812390204840002,0.5,0.0
1779632227.5334263,0.8704190254211426,0.49651385283065846,0.0047330776644907025,-1.1121485334564312,0.5,0.0
1779632227.5525224,0.8895151615142822,0.4964598126485798,0.004549098325474278,-1.0008669699105577,0.5,0.0
1779632227.622941,0.9599337577819824,0.4966222213137406,0.004867941384400112,-1.1627508357559264,0.5,0.0
1779632227.7043774,1.041370153427124,0.4955570691729608,0.004000034157231264,-0.7856163020626736,0.5,0.0
1779632227.7562582,1.0932509899139404,0.4956090450546499,0.004314899115400592,-0.96592507276473,0.5,0.0
1779632227.796771,1.1337637901306152,0.49595620623091574,0.004218493997750054,-0.879010760806583,0.5,0.0
1779632227.8445284,1.1815211772918701,0.4959667566525704,0.0045114076117542395,-1.0499067022458386,0.5,0.0
1779632227.893325,1.2303178310394287,0.49586913704586955,0.00531765425664693,-1.470501352237311,0.5,0.0
1779632227.9407706,1.2777633666992188,0.4960720782925762,0.0055357354165907445,-1.5868516300797788,0.5,0.0
1779632228.0403283,1.3773210048675537,0.4962405782446537,0.005793316183739313,-1.6967111288741024,0.5,0.0
1779632228.0498695,1.3868622779846191,0.49612273358537845,0.005500464473701424,-1.5255138723692159,0.5,0.0
1779632228.1804097,1.5174024105072021,0.4963003675763765,0.005700299276048389,-1.6363843153257451,0.5,0.0
1779632228.1912155,1.5282082557678223,0.4965970442855795,0.00539570366612851,-1.4728493527020978,0.5,0.0
1779632228.2091074,1.54610013961792,0.49662627761984807,0.005634425754225349,-1.590600847933145,0.5,0.0
1779632228.375851,1.712843656539917,0.49679439707660955,0.006361642294837617,-1.96006203643904,0.5,0.0
1779632228.386336,1.7233288288116455,0.49685209600345376,0.00596263230045364,-1.7633027885452925,0.5,0.0
1779632228.4023762,1.7393689155578613,0.49675743895913005,0.0056562916555445795,-1.5873564796141775,0.5,0.0
1779632228.433164,1.7701566219329834,0.49677354094105713,0.005868778930596516,-1.6936188325638017,0.5,0.0
1779632228.4704616,1.8074543476104736,0.4966887442253312,0.005571667056428574,-1.5245638897800522,0.5,0.0
1779632228.4852011,1.8221938610076904,0.49671287070670195,0.005792571248949959,-1.6371062793541955,0.5,0.0
1779632228.5230846,1.8600773811340332,0.4968213629739538,0.004991238054658058,-1.2095417857572321,0.5,0.0
1779632228.6062257,1.943218469619751,0.4969267737091383,0.005293849026964408,-1.3518834884219717,0.5,0.0
1779632228.6196704,1.9566631317138672,0.4969260270994955,0.0055424970843591555,-1.4816423279204705,0.5,0.0
1779632228.6569,1.9938926696777344,0.49692637111568555,0.005766278480374988,-1.5984520261448951,0.5,0.0
1779632228.7518628,2.088855504989624,0.4971618521971638,0.005508447938261278,-1.439742703489936,0.5,0.0
1779632228.7638607,2.100853443145752,0.49690682928586377,0.0056780310798203,-1.5581357146110903,0.5,0.0
1779632228.8967679,2.2337605953216553,0.4968117462851816,0.005399726521018019,-1.4024629385574308,0.5,0.0
1779632228.91031,2.247302770614624,0.49691571903394,0.005661490283917395,-1.5255060526431892,0.5,0.0
1779632228.9232578,2.2602505683898926,0.49677580764654405,0.0058393023402461995,-1.6336387842678184,0.5,0.0
1779632228.9585972,2.2955899238586426,0.49669636486986135,0.005991891377999816,-1.7264427436177179,0.5,0.0
1779632228.9966245,2.3336172103881836,0.4968169719587906,0.006194508892339764,-1.8171488774339952,0.5,0.0
1779632229.2268765,2.5638692378997803,0.4969254515082907,0.006325092692377656,-1.8989486473397776,0.5,0.0
1779632229.2421944,2.5791871547698975,0.49692449773573283,0.006470508546011017,-1.9739467491935723,0.5,0.0
1779632229.263157,2.600149631500244,0.496822355531347,0.006113167463586318,-1.7768113509095196,0.5,0.0
1779632229.367914,2.704906702041626,0.49692997941547723,0.00630362439937811,-1.862457765072919,0.5,0.0
1779632229.38199,2.718982696533203,0.49684302769735395,0.006463335184252253,-1.9338193961442247,0.5,0.0
1779632229.3996549,2.736647605895996,0.49693419410821316,0.00662742997848095,-2.0085897719379604,0.5,0.0
1779632229.4641218,2.801114559173584,0.4969289688142885,0.006228709750966391,-1.8077248380356112,0.5,0.0
1779632229.477779,2.8147716522216797,0.4970792432321344,0.006378535268943244,-1.888462687753435,0.5,0.0
1779632229.5665567,2.9035494327545166,0.4972977735306079,0.006576928893630565,-1.967225233756259,0.5,0.0
1779632229.6577003,2.9946930408477783,0.49725924363167245,0.006697267788132675,-2.0354514187175257,0.5,0.0
1779632229.6689599,3.0059525966644287,0.49732386355239255,0.006777487414558746,-2.095373839767269,0.5,0.0
1779632229.6846874,3.0216801166534424,0.497382800324045,0.006901446922600278,-2.149142469895162,0.5,0.0
1779632229.756141,3.0931336879730225,0.49743558904541596,0.006961194669590541,-2.1976724878397196,0.5,0.0
1779632229.7972906,3.1342833042144775,0.49748329403295366,0.007014931354693611,-2.241331921375994,0.5,0.0
1779632229.8104403,3.147433042526245,0.4974260608566599,0.00709157545954621,-2.2822139488194444,0.5,0.0
1779632229.894885,3.2318778038024902,0.4973757254679828,0.007160529525389529,-2.319023135465304,0.5,0.0
1779632229.9049737,3.241966485977173,0.4974288042405186,0.007194391729089904,-2.350567757269341,0.5,0.0
1779632230.04282,3.379812717437744,0.4973732888631184,0.006790614866374011,-2.115273578572581,0.5,0.0
1779632230.0553086,3.392301321029663,0.4974268181171246,0.006861456993427325,-2.1671935419575448,0.5,0.0
1779632230.0956469,3.4326395988464355,0.4972928431603453,0.00694101657883174,-2.2085918338947126,0.5,0.0
1779632230.111996,3.448988676071167,0.49735520012264184,0.006996721208011893,-2.2511377637565873,0.5,0.0
1779632230.1769502,3.5139429569244385,0.49730729394948103,0.006561094405413884,-2.0260335962631975,0.5,0.0
1779632230.1917207,3.5287134647369385,0.49736843804982556,0.006706773258294323,-2.086790580243638,0.5,0.0
1779632230.233057,3.57004976272583,0.4976616455293091,0.006844052258239771,-2.1441732514873473,0.5,0.0
1779632230.3794394,3.7164320945739746,0.49758450099087564,0.006937770973472562,-2.1947127814849106,0.5,0.0
1779632230.39511,3.732102632522583,0.4976034264004014,0.007003233728718188,-2.243632849810384,0.5,0.0
1779632230.4418724,3.778865098953247,0.49729479586427483,0.006565241443363283,-2.0190064137944783,0.5,0.0
1779632230.512197,3.8491897583007812,0.49725773209726165,0.0066867528973754645,-2.082085654322932,0.5,0.0
1779632230.5262034,3.8631961345672607,0.4972252984155864,0.006796107376361247,-2.1388787495838963,0.5,0.0
1779632230.5690744,3.906067132949829,0.49723945890940713,0.006378441453024264,-1.9232882678926337,0.5,0.0
1779632230.656058,3.9930508136749268,0.4972059347971195,0.0060043992785067495,-1.7308542920476686,0.5,0.0
1779632230.6703944,4.007387161254883,0.4971632470402772,0.005737075696875391,-1.5673087681111257,0.5,0.0
1779632230.7086928,4.045685529708862,0.49699882687806324,0.005959377685868969,-1.6714386732400937,0.5,0.0
1779632230.7511168,4.088109493255615,0.4967539121526363,0.005625737339567715,-1.5040887295038403,0.5,0.0
1779632230.7966814,4.133674144744873,0.496670375165449,0.005352860265233537,-1.3539421794456632,0.5,0.0
1779632230.84226,4.179252624511719,0.49655744434431837,0.005561576295410721,-1.4792672224784378,0.5,0.0
1779632230.8968194,4.233812093734741,0.49635748552910036,0.005267749845878054,-1.3311695216604962,0.5,0.0
1779632230.9861279,4.323120594024658,0.49641316360291543,0.005004968662462752,-1.1980955838835217,0.5,0.0
1779632231.0005958,4.337588548660278,0.4964612002415877,0.005282395926026974,-1.3431131755579804,0.5,0.0
1779632231.0365822,4.37357497215271,0.4965059391771701,0.00553210338092297,-1.4736751040956815,0.5,0.0
1779632231.083081,4.420073747634888,0.4965474239166262,0.005756855860153709,-1.5912202106227022,0.5,0.0
1779632231.3742154,4.71120810508728,0.496794318875897,0.003487705675204105,-0.3561475332415965,0.5,0.0
1779632231.3876119,4.724604606628418,0.4969416902182045,0.004429178078241165,-0.8486562810572267,0.5,0.0
1779632231.4055903,4.7425830364227295,0.496939084778377,0.004250379972934839,-0.7639075252571285,0.5,0.0
1779632231.469161,4.806153774261475,0.49684522686450283,0.004591709764879253,-0.9459971131501174,0.5,0.0
1779632231.4800723,4.817065000534058,0.4967652486342279,0.004899014426684124,-1.1099548188822983,0.5,0.0
1779632231.4967136,4.833706378936768,0.4968773499040787,0.00515911458519067,-1.2624330003592301,0.5,0.0
1779632231.5319881,4.868980884552002,0.49671263787247955,0.004904793097910121,-1.135402305047403,0.5,0.0
1779632231.6061459,4.943138599395752,0.4967246691585813,0.005191921240559264,-1.2864180501655147,0.5,0.0
1779632231.6191895,4.956182241439819,0.4969806449808835,0.0049380145330366,-1.1578242412405964,0.5,0.0
1779632231.6613348,4.9983274936676025,0.49697541558049474,0.004708127012667243,-1.042066784806972,0.5,0.0
1779632231.7968285,5.133821249008179,0.4970664801687255,0.0049871536384652766,-1.2012374277254696,0.5,0.0
1779632231.8090725,5.1460652351379395,0.49729098486708273,0.004805879348785297,-1.0811233759552366,0.5,0.0
1779632231.827113,5.164105653762817,0.4972467798872931,0.005103161661186076,-1.2377369219591225,0.5,0.0
1779632231.858822,5.195814847946167,0.4973674918300357,0.0053656959836880765,-1.3756115642623596,0.5,0.0
1779632231.9397259,5.276718616485596,0.4974210552253552,0.005631010321094149,-1.5014385843090685,0.5,0.0
1779632231.9558973,5.2928900718688965,0.49726611640306884,0.005357657423908782,-1.3515353185653856,0.5,0.0
1779632231.9943368,5.331329584121704,0.4972269312733873,0.005599770958435158,-1.481152944405331,0.5,0.0
1779632232.0780993,5.4150919914245605,0.4971935367624437,0.005817705723553303,-1.597862998094301,0.5,0.0
1779632232.1058295,5.442822217941284,0.49716499796637176,0.006013870301965426,-1.7029486599181463,0.5,0.0
1779632232.188482,5.525474786758423,0.49713927526516305,0.005728096915602514,-1.5324639165099578,0.5,0.0
1779632232.2250762,5.562068939208984,0.4971147146835193,0.005419614137891236,-1.379438713391258,0.5,0.0
1779632232.2382073,5.575200080871582,0.4972332583503326,0.005220894089050162,-1.2417472555753453,0.5,0.0
1779632232.2828188,5.619811534881592,0.4973497381296161,0.00547170414168989,-1.3791862277213875,0.5,0.0
1779632232.370168,5.707160711288452,0.497205997931791,0.0052142334714595714,-1.2415243241082266,0.5,0.0
1779632232.5131383,5.850131034851074,0.4974106174815649,0.005476290021394003,-1.3844903967714228,0.5,0.0
1779632232.5236454,5.86063814163208,0.4973608573752938,0.005706710808968048,-1.5109839784232402,0.5,0.0
1779632232.6066794,5.943672180175781,0.49731720882817615,0.005914085018614627,-1.6248549455509582,0.5,0.0
1779632232.6208017,5.957794427871704,0.4972788448300597,0.0061007163286845405,-1.727361811160684,0.5,0.0
1779632232.658994,5.995986700057983,0.49710470771477094,0.0062345134943187054,-1.8152632920876977,0.5,0.0
1779632232.7032619,6.040254592895508,0.4969487017077934,0.006354962978023811,-1.8943978123968974,0.5,0.0
1779632232.747923,6.084915637969971,0.4972787547282855,0.0064758277502148685,-1.9714124865155875,0.5,0.0
1779632232.8434718,6.180464506149292,0.4973795688979045,0.006067452466519245,-1.7746101439294766,0.5,0.0
1779632232.8601003,6.1970930099487305,0.49719627262089583,0.006204585744265444,-1.857800161841844,0.5,0.0
1779632232.896161,6.233153820037842,0.4972608777925604,0.006394791877753367,-1.9404832239779741,0.5,0.0
1779632232.9892373,6.326230049133301,0.4972296098770967,0.006533350287106997,-2.011475153716403,0.5,0.0
1779632233.0049152,6.341907978057861,0.49719620496589695,0.006213911861493698,-1.820493048287217,0.5,0.0
1779632233.0821695,6.419162273406982,0.49726286357532606,0.006394009543028246,-1.901568413960292,0.5,0.0
1779632233.0956395,6.432632207870483,0.4971335738565822,0.006469625518626275,-1.9701425968353368,0.5,0.0
1779632233.1353307,6.472323417663574,0.49710563086555876,0.006139090237964514,-1.7735437374023313,0.5,0.0
1779632233.1776578,6.514650583267212,0.4970901934104478,0.006303236456441968,-1.861246543404119,0.5,0.0
1779632233.374836,6.711828708648682,0.4971323103383177,0.006932677955650198,-2.2013871128547935,0.5,0.0
1779632233.3854275,6.7224202156066895,0.49711535408708296,0.007017416917712576,-2.246323980015952,0.5,0.0
1779632233.4130507,6.7500433921813965,0.49719017167241764,0.00706591208338886,-2.2852421218529626,0.5,0.0
1779632233.4418137,6.778806447982788,0.49729832315341505,0.006659639799853183,-2.061901314447957,0.5,0.0
1779632233.458085,6.795077800750732,0.49726448789598304,0.0067717524638186664,-2.1208142972708344,0.5,0.0
1779632233.491626,6.828618764877319,0.49732505971740915,0.006896003293696291,-2.171805555213699,0.5,0.0
1779632233.5243714,6.861364126205444,0.49714568531150327,0.006950108692334776,-2.215136843956839,0.5,0.0
1779632233.566028,6.903020858764648,0.4970081267329778,0.006024566548974926,-1.7247657213939778,0.5,0.0
1779632233.6042094,6.941202163696289,0.4968627091767506,0.006166032045364957,-1.8129728201560085,0.5,0.0
1779632233.653293,6.990285634994507,0.49676698040767664,0.005839223648297328,-1.631986377151114,0.5,0.0
1779632233.7021525,7.039145231246948,0.49678244387103265,0.006033314421349875,-1.7337351510804508,0.5,0.0
1779632233.746891,7.083883762359619,0.496695205686777,0.005238776455914411,-1.2994197915622736,0.5,0.0
1779632233.7959857,7.132978439331055,0.49681493391796305,0.005516755147025591,-1.4328455837011769,0.5,0.0
1779632233.8422916,7.179284334182739,0.4969119323073642,0.005775270310258502,-1.5575882494046438,0.5,0.0
1779632233.892259,7.2292516231536865,0.49705941281321925,0.005970729212747639,-1.6634547108650068,0.5,0.0
1779632233.936901,7.2738938331604,0.49713360940133905,0.0061840587401196705,-1.76531353557486,0.5,0.0
1779632234.093065,7.430057764053345,0.4972096893200306,0.006367376479067149,-1.8520770391263446,0.5,0.0
1779632234.104252,7.441244840621948,0.49704383530958796,0.006474585262433668,-1.9275629569803863,0.5,0.0
1779632234.1788125,7.515805244445801,0.4971299334495726,0.006628885728607239,-1.9981311456603414,0.5,0.0
1779632234.190432,7.5274248123168945,0.49710821900053415,0.0067429873317425585,-2.0628510548982186,0.5,0.0
1779632234.2069738,7.54396653175354,0.4968978207333403,0.006347685393298847,-1.8508128249983675,0.5,0.0
1779632234.2383065,7.575299263000488,0.4968190082783319,0.006502579366839236,-1.9231949307026688,0.5,0.0
1779632234.2802515,7.617244243621826,0.4969284886008096,0.006602080685936301,-1.9942479620840128,0.5,0.0
1779632234.3213308,7.658323526382446,0.49692343208752754,0.006719987262731795,-2.0597456684449367,0.5,0.0
1779632234.367658,7.704650640487671,0.4967880553381203,0.006791971576657912,-2.1145098588593227,0.5,0.0
1779632234.5169816,7.853974342346191,0.49679768859808543,0.006376797479220202,-1.9030733216710758,0.5,0.0
1779632234.530436,7.867428779602051,0.4972046757278535,0.006569968151218142,-1.9769029216774976,0.5,0.0
1779632234.5394495,7.876442193984985,0.49717122591947804,0.006691061987327683,-2.0441053034920627,0.5,0.0
1779632234.6136184,7.950611114501953,0.4972281998090812,0.00683264173737787,-2.107973696033074,0.5,0.0
1779632234.6259673,7.9629600048065186,0.4970942357990815,0.005950317262786892,-1.631885215692808,0.5,0.0
1779632234.7031007,8.040093421936035,0.4970739023074887,0.006133318517649132,-1.733591169621314,0.5,0.0
1779632234.7144375,8.051430225372314,0.4970571580366351,0.006298019028350815,-1.8251602567878207,0.5,0.0
1779632234.753441,8.090433835983276,0.4969072083459226,0.006412158324261721,-1.9033425594552094,0.5,0.0
1779632234.79775,8.134742736816406,0.496908148790495,0.006548940845208462,-1.977944943211625,0.5,0.0
1779632234.8911636,8.228156328201294,0.4969100623268776,0.006672047368936063,-2.045116159349361,0.5,0.0
1779632234.9065516,8.243544340133667,0.49706174965980954,0.006798572459702064,-2.099110267890466,0.5,0.0
1779632234.9390874,8.276080131530762,0.49710065577297863,0.0064084128221867,-1.8888624280764683,0.5,0.0
1779632234.987365,8.324357748031616,0.4970616402003198,0.006083753953353465,-1.700038976631391,0.5,0.0
1779632235.082506,8.419498682022095,0.49704624560185295,0.006253357680195809,-1.7949343570146978,0.5,0.0
1779632235.0958848,8.432877540588379,0.49703362714122934,0.006406008725063121,-1.8803749485011891,0.5,0.0
1779632235.1367471,8.473739862442017,0.497120515801763,0.006567135556366826,-1.9556417183521417,0.5,0.0
1779632235.320365,8.657357692718506,0.4972345967896078,0.006210428860124391,-1.7652616407845978,0.5,0.0
1779632235.3320227,8.669015407562256,0.4972041843305733,0.00636740041812813,-1.8537091337489602,0.5,0.0
1779632235.3483984,8.685391187667847,0.4972727170449536,0.006480746191601043,-1.9318674912953138,0.5,0.0
1779632235.3822503,8.719243049621582,0.49733499398609127,0.006582686125943808,-2.0021747714466533,0.5,0.0
1779632235.4227846,8.759777307510376,0.497391527204692,0.006674373739855041,-2.0654232812746374,0.5,0.0
1779632235.466864,8.80385684967041,0.49758097790535427,0.006376337749633232,-1.8586293218632381,0.5,0.0
1779632235.5143578,8.851350545883179,0.49761363853733354,0.00654042608300867,-1.9360735971442036,0.5,0.0
1779632235.5588639,8.895856618881226,0.4975292326960111,0.005688771614195689,-1.4779708913588665,0.5,0.0
1779632235.653947,8.990939855575562,0.497467776384757,0.005897876172486074,-1.5950832084588171,0.5,0.0
1779632235.7051005,9.042093276977539,0.49741356982357027,0.006086078038912733,-1.7005175363946594,0.5,0.0
1779632235.750867,9.087859630584717,0.4973620058917515,0.005792949894307328,-1.5301671868791074,0.5,0.0
1779632235.7944558,9.13144850730896,0.4973183003981065,0.00599160724976685,-1.6420684381141453,0.5,0.0
1779632235.9412951,9.278287887573242,0.4972719803735782,0.005673762393387773,-1.4875918592096622,0.5,0.0
1779632235.95315,9.29014277458191,0.4973310233036354,0.005856622920699451,-1.6024388249964585,0.5,0.0
1779632235.9693596,9.306352376937866,0.4973862710626171,0.006081737530833879,-1.7107717080647082,0.5,0.0
1779632236.00984,9.346832752227783,0.4974399750809729,0.006284439581136678,-1.8084354775059457,0.5,0.0
1779632236.0823445,9.419337272644043,0.49725754611832085,0.006461500855787729,-1.8944712994161885,0.5,0.0
1779632236.0949054,9.43189811706543,0.49704702933031003,0.00707274516563773,-2.231232368404253,0.5,0.0
1779632236.1377733,9.47476601600647,0.49703934941307537,0.007143474104708037,-2.2732170815859654,0.5,0.0
1779632236.3720174,9.709010124206543,0.497118197474968,0.0071794566482041465,-2.309426742324331,0.5,0.0
1779632236.3828278,9.719820499420166,0.49723430838968,0.00676213768335662,-2.0837964537362654,0.5,0.0
1779632236.4032447,9.740237474441528,0.497207586278853,0.006863964552112611,-2.140530362879816,0.5,0.0
1779632236.4281256,9.76511836051941,0.4972411964595586,0.007437131628448558,-2.4528047993534483,0.5,0.0
1779632236.448593,9.785585641860962,0.49706381495211266,0.007489589633558877,-2.4683301123403973,0.5,0.0
1779632236.560221,9.897213697433472,0.49703640841412133,0.007005447051519936,-2.2216359905472123,0.5,0.0
1779632236.575649,9.912641763687134,0.49711934749018694,0.00705489874910975,-2.2628918129769584,0.5,0.0
1779632236.5924923,9.929485082626343,0.4971956494037941,0.007150776449277482,-2.2996520626371897,0.5,0.0
1779632236.653352,9.990344762802124,0.4971716220825805,0.0072138137526596546,-2.334805204768639,0.5,0.0
1779632236.6683965,10.005389213562012,0.4971379420080274,0.006756382292568943,-2.1011078560657963,0.5,0.0
1779632236.7517385,10.088731288909912,0.4972601855234236,0.006853133518162382,-2.1521725890734356,0.5,0.0
1779632236.7622218,10.099214553833008,0.4973247532546391,0.006969407235211169,-2.2001787834533264,0.5,0.0
1779632236.803911,10.14090371131897,0.49728553257214125,0.007050588707929848,-2.2452184410435723,0.5,0.0
1779632236.890949,10.227941751480103,0.4971125696439461,0.007089337197706282,-2.2813083969037438,0.5,0.0
1779632236.9078913,10.244884014129639,0.49709489136591345,0.0071584762971554795,-2.318218645755786,0.5,0.0
1779632236.986905,10.32389783859253,0.497079683575245,0.00722068706083637,-2.351449488445981,0.5,0.0
1779632237.0011928,10.338185548782349,0.49706656567333785,0.007276664733288438,-2.381367020067527,0.5,0.0
1779632237.043141,10.380133628845215,0.49714884132483916,0.007299053555210017,-2.4067189280265278,0.5,0.0
1779632237.0831468,10.42013955116272,0.49722404588123237,0.007370724195327046,-2.4292458007507722,0.5,0.0
1779632237.1305175,10.467510223388672,0.49718518581824533,0.006898181389263642,-2.1865055564799225,0.5,0.0
1779632237.2260525,10.563045263290405,0.4971602985869207,0.006986487990982167,-2.232922903507248,0.5,0.0
1779632237.240911,10.577903747558594,0.49713859273968547,0.00706593993437051,-2.274704776421759,0.5,0.0
1779632237.2776613,10.614654064178467,0.49703562941576407,0.0076378020463278955,-2.5701570222237384,0.5,0.0
1779632237.3760333,10.71302604675293,0.49702664324186385,0.007652107981204489,-2.5782298273637516,0.5,0.0
1779632237.4153051,10.75229787826538,0.49687897587892055,0.0076306633850734195,-2.5809685947151895,0.5,0.0
1779632237.4266884,10.763681173324585,0.49701457784398984,0.007167703958729493,-2.3279174073360576,0.5,0.0
1779632237.4693809,10.806373596191406,0.4969990344589245,0.0067663281012740085,-2.0946678528161113,0.5,0.0
1779632237.557895,10.894887685775757,0.49713804912675563,0.006862246762849683,-2.146527121319504,0.5,0.0
1779632237.5707889,10.907781600952148,0.4971168299202049,0.006954126081415664,-2.1969027103751215,0.5,0.0
1779632237.7035964,11.040589094161987,0.4971954330347705,0.0070086550066500095,-2.2406701330955436,0.5,0.0
1779632237.7150214,11.052014112472534,0.4972670248803369,0.007109430302730922,-2.2798654232941473,0.5,0.0
1779632237.732216,11.06920862197876,0.49722697092316887,0.006662519591923512,-2.051843021932344,0.5,0.0
1779632237.7984452,11.135437965393066,0.49729589977115507,0.006797681330777912,-2.109793737812723,0.5,0.0
1779632237.8104322,11.147424936294556,0.4971228910914721,0.006861867425387549,-2.159530402750401,0.5,0.0
1779632237.893222,11.230214834213257,0.49720228802328226,0.006977443723913242,-2.2069205014715925,0.5,0.0
1779632237.9061902,11.243182897567749,0.49717086996125537,0.006595517950845913,-1.9861255661720356,0.5,0.0
1779632237.9466155,11.283608198165894,0.4971442110850566,0.006713835277382281,-2.0523509711463235,0.5,0.0
1779632238.0875628,11.424555540084839,0.49701857711308434,0.006332180269436641,-1.8473710058147075,0.5,0.0
1779632238.097022,11.434014797210693,0.49700902607729697,0.006476854000989475,-1.9275223261145504,0.5,0.0
1779632238.1120348,11.44902753829956,0.4970013746199639,0.006607082692132509,-1.9996971013076394,0.5,0.0
1779632238.225986,11.562978744506836,0.49714011770560607,0.006719343892448155,-2.06130233482915,0.5,0.0
1779632238.2389069,11.575899600982666,0.4971185202892595,0.006825344695664173,-2.120096142571418,0.5,0.0
1779632238.257776,11.594768762588501,0.49719687905600995,0.0068928457513425315,-2.1715984514196416,0.5,0.0
1779632238.2903452,11.62733793258667,0.4970333376260863,0.006947480784532251,-2.2151266789167026,0.5,0.0
1779632238.460474,11.79746675491333,0.4965913588794091,0.003617062092244881,-0.4241809671495841,0.5,0.0
1779632238.4755564,11.812549114227295,0.49661794957335187,0.0040331062261678985,-0.6464279215306407,0.5,0.0
1779632238.4926696,11.829662322998047,0.4965072052644381,0.004373977522998946,-0.842590887507425,0.5,0.0
1779632238.5653448,11.902337551116943,0.496686237265026,0.0042358352174834924,-0.76293760142993,0.5,0.0
1779632238.6044207,11.941413402557373,0.4965341479434425,0.00475683546946712,-0.9564722044789541,0.5,0.0
1779632238.6521742,11.989166975021362,0.496574053599951,0.0050592455170295,-1.1259496118761518,0.5,0.0
1779632238.662647,11.999639749526978,0.4966107203547796,0.005331400969121859,-1.2784763188850166,0.5,0.0
1779632238.754563,12.091555833816528,0.4968810987361907,0.0056345509753803515,-1.4184503551083603,0.5,0.0
1779632238.7615538,12.098546504974365,0.4970483310892058,0.004390537481295495,-0.7485521005940554,0.5,0.0
1779632238.803626,12.140618801116943,0.49683821947073736,0.004237719445323127,-0.671996611548483,0.5,0.0
1779632238.8442023,12.18119502067566,0.4968444478676171,0.004129947123867867,-0.6048580061395838,0.5,0.0
1779632238.8925645,12.229557275772095,0.496850923234537,0.003980970332111892,-0.5444310396162839,0.5,0.0
1779632238.9393458,12.276338577270508,0.49676321440944204,0.004319214421996616,-0.7462707837152929,0.5,0.0
1779632238.9909437,12.32793641090393,0.49677429150932045,0.00466525724483201,-0.9364552304282542,0.5,0.0
1779632239.0965402,12.433532953262329,0.4966912908415689,0.004488296512926458,-0.8429966206908137,0.5,0.0
1779632239.3729048,12.709897518157959,0.4968081107250597,0.004789663953101906,-1.022280804591175,0.5,0.0
1779632239.388316,12.725308656692505,0.4969149289449659,0.005112523744408822,-1.1833957288748378,0.5,0.0
1779632239.4068015,12.743794202804565,0.4970114875211681,0.005351350674971524,-1.3285777779392582,0.5,0.0
1779632239.469925,12.806917667388916,0.49709915876829885,0.005566228001569286,-1.4592079906103659,0.5,0.0
1779632239.5632331,12.90022587776184,0.49707953534554566,0.005787663938263886,-1.578215381532384,0.5,0.0
1779632239.5743468,12.911339521408081,0.49706320163132933,0.005986950755577503,-1.6853502659918764,0.5,0.0
1779632239.6115422,12.948534965515137,0.4970495763430315,0.006166302398491747,-1.781796201915395,0.5,0.0
1779632239.624996,12.961988687515259,0.49679804196358296,0.005811850975392978,-1.6032972307344517,0.5,0.0
1779632239.6631064,13.000099182128906,0.49667272610862234,0.005974619467065538,-1.703662107061671,0.5,0.0
1779632239.706407,13.043399810791016,0.4965974624247371,0.005666816499522612,-1.5335390941161848,0.5,0.0
1779632239.796485,13.133477687835693,0.49677621387109316,0.005873095595507723,-1.6417959198407637,0.5,0.0
1779632239.810917,13.14790964126587,0.49678979392581457,0.006063744078362077,-1.7425109501726397,0.5,0.0
1779632239.8538115,13.190804243087769,0.4970398449799046,0.006293553296139259,-1.835884311753318,0.5,0.0
1779632239.8898745,13.226867198944092,0.4970291684556591,0.006442176115938241,-1.9172576590856798,0.5,0.0
1779632239.9406857,13.277678489685059,0.4971129708173024,0.006608541819224458,-1.9940117030988462,0.5,0.0
1779632240.0357447,13.372737407684326,0.49708709251274424,0.006211735498530262,-1.7945124579264442,0.5,0.0
1779632240.0505173,13.387510061264038,0.49707155049750185,0.006316441126830968,-1.879813706094234,0.5,0.0
1779632240.1286635,13.465656280517578,0.4970594707671388,0.006462856994049308,-1.9568917211930985,0.5,0.0
1779632240.1424174,13.479410171508789,0.4971407506127452,0.006566701751968237,-2.0247305896650745,0.5,0.0
1779632240.337964,13.674956798553467,0.49709465461822766,0.006283262977435173,-1.8784417792412966,0.5,0.0
1779632240.3395793,13.67657208442688,0.49712181211628764,0.006688105721528105,-2.087330626898215,0.5,0.0
1779632240.3485813,13.685574054718018,0.49717403244419267,0.00646584704655097,-1.9593064745701307,0.5,0.0
1779632240.383083,13.720075845718384,0.49724935959432653,0.006630240699898708,-2.0322290867839548,0.5,0.0
1779632240.556608,13.893600702285767,0.49697197324509557,0.0062289368732473495,-1.8282140489704606,0.5,0.0
1779632240.5694723,13.90646505355835,0.4972957475270269,0.006362872891505682,-1.912072400590727,0.5,0.0
1779632240.5876675,13.924660205841064,0.4973985607964007,0.006498985348318068,-1.982010504971532,0.5,0.0
1779632240.6050677,13.942060470581055,0.49735308179006105,0.00662722267445723,-2.0488948247070886,0.5,0.0
1779632240.6328602,13.969852924346924,0.49730413920445155,0.006281120082522183,-1.8445512789500624,0.5,0.0
1779632240.6663225,14.003315210342407,0.4973660278750696,0.0064640219775467,-1.9289389949278462,0.5,0.0
1779632240.7060883,14.043081045150757,0.49738177954321205,0.007077299170373231,-2.2623572914903534,0.5,0.0
1779632240.9396336,14.276626348495483,0.4972363018015134,0.006668432781867078,-2.0414151490291217,0.5,0.0
1779632240.952235,14.289227724075317,0.49735389143326303,0.007290775547094831,-2.3649979910108434,0.5,0.0
1779632241.0093896,14.34638237953186,0.49729433101829845,0.00637305659709019,-1.8687490167888452,0.5,0.0
1779632241.0859325,14.422925233840942,0.49734987161969113,0.006485997734811091,-1.9454474035004743,0.5,0.0
1779632241.0955267,14.432519435882568,0.497345825935177,0.006126606949850582,-1.7499543912470632,0.5,0.0
1779632241.2236953,14.560688018798828,0.49733539686646777,0.008210812549716359,-2.894856213953587,0.5,0.0
1779632241.2382205,14.575213193893433,0.49751893632357114,0.007655849729260878,-2.6055847297169112,0.5,0.0
1779632241.2524438,14.589436531066895,0.49755722594222074,0.007640247316952472,-2.608492737954388,0.5,0.0
1779632241.3290436,14.666036367416382,0.49748427578334165,0.007140728948465309,-2.3478015231172362,0.5,0.0
1779632241.368972,14.705964803695679,0.4974290227170332,0.007204810501952057,-2.378101926400899,0.5,0.0
1779632241.3835351,14.72052788734436,0.4974763701624265,0.007234243346718795,-2.4037279708896544,0.5,0.0
1779632241.5120482,14.849040985107422,0.49739527026309094,0.007765329763091275,-2.6864992287883065,0.5,0.0
1779632241.5249307,14.861923456192017,0.4961678665459944,0.006622440605776236,-2.122198165591379,0.5,0.0
1779632241.6067,14.943692684173584,0.4963409273051444,0.006709825375121204,-2.1732528693279125,0.5,0.0
1779632241.61996,14.956952810287476,0.49638481085646924,0.006817607452235216,-2.221014390907303,0.5,0.0
1779632241.7025485,15.039541244506836,0.4965375499188334,0.006885498977067833,-2.2622227251031313,0.5,0.0
1779632241.7127533,15.049746036529541,0.4966447764801935,0.007008529316981545,-2.3045055129671086,0.5,0.0
1779632241.7578108,15.09480357170105,0.4967726253560129,0.007109522018832922,-2.3374573040985682,0.5,0.0
1779632241.8914154,15.228408098220825,0.49647614311452315,0.007159149804339708,-2.3599226061819305,0.5,0.0
1779632241.9077158,15.24470853805542,0.4965751392902893,0.0067240593187980315,-2.118748224915886,0.5,0.0
1779632241.9242017,15.261194467544556,0.4967090070894287,0.006801314525981558,-2.170191445771554,0.5,0.0
1779632241.9569395,15.29393219947815,0.4968531423630156,0.006412327921146975,-1.9530906371792482,0.5,0.0
1779632241.9976249,15.334617614746094,0.4969592631705967,0.006520805339269504,-2.0211273435151575,0.5,0.0
1779632242.0386417,15.37563443183899,0.4970552641169885,0.00667061510128893,-2.082434136485998,0.5,0.0
1779632242.0823936,15.419386386871338,0.49703603257962425,0.0067819789642902615,-2.13926036883871,0.5,0.0
1779632242.1319115,15.468904256820679,0.4970018241958277,0.006420851739640194,-1.9258882739506298,0.5,0.0
1779632242.2289977,15.565990447998047,0.49709240579824654,0.006528596473610973,-1.9967039603113041,0.5,0.0
1779632242.2413888,15.578381538391113,0.49676906349204397,0.006452833037721933,-2.0565209800269386,0.5,0.0
1779632242.3789601,15.71595287322998,0.4968823144119486,0.006557293685708265,-2.1142159112210956,0.5,0.0
1779632242.5179508,15.85494351387024,0.4968731882810275,0.006680623863522962,-2.168078188675761,0.5,0.0
1779632242.5293236,15.866316318511963,0.49710387473757184,0.006796364230748898,-2.21843909841458,0.5,0.0
1779632242.5498185,15.886811256408691,0.4970561619984361,0.006434704747493003,-1.9975353415273513,0.5,0.0
1779632242.5853913,15.922384023666382,0.49703960417939375,0.006569819629866459,-2.0630005250980017,0.5,0.0
1779632242.620674,15.957666635513306,0.49726164169188874,0.006696702303605172,-2.124077367331704,0.5,0.0
1779632242.65996,15.996952772140503,0.4972273547408844,0.006805497575176296,-2.176887004778751,0.5,0.0
1779632242.6977646,16.034757375717163,0.497287473339945,0.006936525269317102,-2.228196585355735,0.5,0.0
1779632242.7505515,16.087544202804565,0.4973479878707773,0.006992661074409272,-2.268726857280697,0.5,0.0
1779632242.7957325,16.13272523880005,0.4974029893708136,0.007043167359517612,-2.3052037047766194,0.5,0.0
1779632242.8934133,16.230406045913696,0.4973565190560588,0.00711719167189454,-2.3398854959690567,0.5,0.0
1779632242.9073355,16.244328260421753,0.4973153509285274,0.007183748016140376,-2.3710803033203764,0.5,0.0
1779632243.0413601,16.378352880477905,0.4972788302487201,0.007243595350603147,-2.3991407126902926,0.5,0.0
1779632243.0565033,16.39349603652954,0.4972463914188781,0.007297414506056185,-2.4243832272328794,0.5,0.0
1779632243.067863,16.404855728149414,0.49720608236842234,0.006882901945218657,-2.1813292580688035,0.5,0.0
1779632243.1073356,16.44432830810547,0.4971805555568027,0.006972728853250348,-2.2282981406730347,0.5,0.0
1779632243.142965,16.479957818984985,0.4972917578232946,0.006618824416635911,-2.0057689961411795,0.5,0.0
1779632243.184334,16.521326780319214,0.49731470202531225,0.007216720582402223,-2.3314685860325848,0.5,0.0
1779632243.2269926,16.563985347747803,0.49741629756178196,0.00726771549316238,-2.3595554404402455,0.5,0.0
1779632243.3696747,16.70666742324829,0.49751290263880216,0.0073135278045789506,-2.3848992754634297,0.5,0.0
1779632243.3829951,16.719987869262695,0.4975449610821949,0.007393037229458071,-2.4150375093625103,0.5,0.0
1779632243.464444,16.80143666267395,0.4974734822428194,0.006918298096918197,-2.1737122640144024,0.5,0.0
1779632243.478483,16.815475702285767,0.49756528287441515,0.006998825432210136,-2.21755195312661,0.5,0.0
1779632243.4936402,16.83063292503357,0.4977367461316916,0.007082649788693411,-2.2631362523609284,0.5,0.0
1779632243.5230117,16.860004425048828,0.49765657276801867,0.007152597462403654,-2.301940978637659,0.5,0.0
1779632243.564233,16.901225805282593,0.4975753062578612,0.006701738071129467,-2.071881215539249,0.5,0.0
1779632243.6070533,16.944046020507812,0.4973685003626793,0.006784946233532788,-2.1308478726857856,0.5,0.0
1779632243.7005963,17.037589073181152,0.4973267347279806,0.006884630647502034,-2.182898447954919,0.5,0.0
1779632243.7161083,17.053101062774658,0.4972800076132806,0.006459409884091615,-1.9640272600900435,0.5,0.0
1779632243.7524211,17.08941388130188,0.49724668043921005,0.006591587801496575,-2.032707845787484,0.5,0.0
1779632243.7987719,17.135764598846436,0.4973117999475817,0.0067434416914513625,-2.098252321794788,0.5,0.0
1779632243.8903732,17.227365970611572,0.49731036282429664,0.00635816285829538,-1.8873391374421393,0.5,0.0
1779632243.9042695,17.241262197494507,0.49713413913780424,0.006475416435733259,-1.9646458959632775,0.5,0.0
1779632243.9852712,17.322263956069946,0.4972636844616888,0.007117230157990399,-2.295973784577948,0.5,0.0
1779632243.9982848,17.335277557373047,0.49747760571588084,0.005209719095516948,-1.2594759583131632,0.5,0.0
1779632244.0372767,17.374269485473633,0.4975154602559403,0.005490491251811011,-1.3968295321622626,0.5,0.0
1779632244.0825553,17.41954803466797,0.4973523450942359,0.0046917766229997064,-0.9926976196448878,0.5,0.0
1779632244.13388,17.47087264060974,0.4973571962447834,0.005482643735859376,-1.4195335032771828,0.5,0.0
1779632244.228892,17.565884828567505,0.49740957482725473,0.005736166302911943,-1.5409071584514533,0.5,0.0
1779632244.2390387,17.57603144645691,0.4970709842526128,0.004439904007950773,-0.8664234716513376,0.5,0.0
1779632244.3702614,17.70725417137146,0.4971122797372875,0.00425828709218775,-0.7786559837471541,0.5,0.0
1779632244.3833504,17.720343112945557,0.49713346700267724,0.005092519225075309,-1.2267223041698223,0.5,0.0
1779632244.4219983,17.7589910030365,0.49710810789723436,0.005361086212315835,-1.3687935526512347,0.5,0.0
1779632244.4427412,17.779733896255493,0.4969890578275919,0.005114536546659676,-1.232094363376814,0.5,0.0
1779632244.5102944,17.84728717803955,0.49707844827190895,0.005353201489048738,-1.3724305246902788,0.5,0.0
1779632244.5249064,17.86189913749695,0.4971498547800093,0.005628183844747853,-1.5032853641011572,0.5,0.0
1779632244.5669124,17.903905153274536,0.49712764307478974,0.005843349600017527,-1.6178995721029048,0.5,0.0
1779632244.6522186,17.989211320877075,0.49710850825666,0.006037004612920895,-1.7210808163701847,0.5,0.0
1779632244.6652498,18.00224256515503,0.49722690025751304,0.005724144422552463,-1.5489120926925197,0.5,0.0
1779632244.7068436,18.04383635520935,0.4971984034390906,0.005929765012538085,-1.6590347879624545,0.5,0.0
1779632244.7532887,18.09028148651123,0.49726577955386086,0.0061384372934813105,-1.756367269900394,0.5,0.0
1779632244.8892393,18.226232051849365,0.49708957780287377,0.006320761243587235,-1.8416648947279757,0.5,0.0
1779632244.9214826,18.258475303649902,0.49716909479154126,0.006438788270302318,-1.9210324114161301,0.5,0.0
1779632244.9597452,18.296737909317017,0.4971460964432648,0.006572968857529849,-1.9939560595944426,0.5,0.0
1779632245.041374,18.378366708755493,0.49712603743712686,0.006693720484116501,-2.059601016200016,0.5,0.0
1779632245.0463355,18.383328199386597,0.4971001442286586,0.0063407404934580705,-1.8540613279687808,0.5,0.0
1779632245.1288314,18.465824127197266,0.49698574297507425,0.006421748028233166,-1.927409354931615,0.5,0.0
1779632245.145948,18.482940673828125,0.4970378688147419,0.007039404690609605,-2.2609054401463826,0.5,0.0
1779632245.2228827,18.55987548828125,0.497123129553404,0.007137077340049986,-2.2980207667802306,0.5,0.0
1779632245.239442,18.57643485069275,0.4973989891212319,0.007745601236680675,-2.599702327559435,0.5,0.0
1779632245.3732862,18.71027898788452,0.4973546736011223,0.007749007163923009,-2.604780076836922,0.5,0.0
1779632245.4188397,18.75583243370056,0.4974080942238429,0.007775749959523137,-2.607499751719331,0.5,0.0
1779632245.4350092,18.77200198173523,0.49750406015438237,0.0077710971189090625,-2.6081743192493163,0.5,0.0
1779632245.4504695,18.78746223449707,0.4975446437110642,0.0077956849164733544,-2.6106396013586735,0.5,0.0
1779632245.5132692,18.850261926651,0.49758094326582847,0.007766109227286627,-2.613062846398612,0.5,0.0
1779632245.5263429,18.863335609436035,0.4974302223022153,0.007755335490084963,-2.609893969003626,0.5,0.0
1779632245.6019263,18.938919067382812,0.4974653842312084,0.0077902838480251105,-2.6172093954676012,0.5,0.0
1779632245.6535974,18.99059009552002,0.4975704904871718,0.008300785149494254,-2.883461840995433,0.5,0.0
1779632245.6642685,19.001261234283447,0.497735360433198,0.007788560449313707,-2.5951071997302795,0.5,0.0
1779632245.8900795,19.22707223892212,0.49765449856604566,0.007787646478888564,-2.6005536216786576,0.5,0.0
1779632245.9028435,19.2398362159729,0.49747569812687265,0.007298764385083037,-2.3408027051766322,0.5,0.0
1779632245.9239373,19.260930061340332,0.49765762127872065,0.007352470576290411,-2.374034526526765,0.5,0.0
1779632245.955058,19.29205083847046,0.49768144099500156,0.00736728649063848,-2.4001384425620578,0.5,0.0
1779632246.0337517,19.370744466781616,0.4973743027468137,0.007351009355623337,-2.42252327273338,0.5,0.0
1779632246.0493677,19.38636040687561,0.4974245281868109,0.007426685875017929,-2.44896411768069,0.5,0.0
1779632246.091463,19.42845582962036,0.49747059330693644,0.007485558536469998,-2.4672088710053908,0.5,0.0
1779632246.1308773,19.467869997024536,0.4973847645468038,0.007991575209164372,-2.743567978203388,0.5,0.0
1779632246.3738384,19.71083116531372,0.49567979544632235,0.006738087307413919,-2.2346647362977623,0.5,0.0
1779632246.3841097,19.721102476119995,0.4957019699918207,0.006354047036922159,-2.0110259650288294,0.5,0.0
1779632246.4028919,19.739884614944458,0.4959020417288069,0.006470710900515283,-2.074311921233964,0.5,0.0
1779632246.5591285,19.89612126350403,0.4957578017007192,0.005638575765524196,-1.6093215771667202,0.5,0.0
1779632246.575376,19.912368774414062,0.4957221858054109,0.005819123782626882,-1.7092413884997697,0.5,0.0
1779632246.5910704,19.92806315422058,0.4959636658745384,0.0060115098812983225,-1.8003309115106587,0.5,0.0
1779632246.6631122,20.000104904174805,0.4960882800661505,0.005693123162339649,-1.6156535306112898,0.5,0.0
1779632246.768423,20.10541582107544,0.4963084823971534,0.005897354190388525,-1.7158975652759882,0.5,0.0
1779632246.7810478,20.118040561676025,0.4963720631488507,0.006085512533893345,-1.809249006175098,0.5,0.0
1779632246.8126006,20.149593353271484,0.4963180435835742,0.005227656045215193,-1.3639355543413545,0.5,0.0
1779632246.9382405,20.275233268737793,0.4966151851160496,0.005541026994615835,-1.4951285791838558,0.5,0.0
1779632246.970637,20.307629823684692,0.4967418781808754,0.00578873283208691,-1.608954803540515,0.5,0.0
1779632247.0037732,20.340765953063965,0.49699746942044903,0.006045985329083946,-1.715665298959727,0.5,0.0
1779632247.043738,20.380730628967285,0.496991628628239,0.006219318214021423,-1.8090461252981134,0.5,0.0
1779632247.0818486,20.41884136199951,0.49698701238099885,0.006375331860879383,-1.893117547212818,0.5,0.0
1779632247.1279771,20.464969873428345,0.49688162816912346,0.006027367557577018,-1.7039879973474046,0.5,0.0
1779632247.23666,20.573652744293213,0.49693900626160864,0.006744244602663852,-2.0647818774597946,0.5,0.0
1779632247.3761764,20.71316909790039,0.4971762821269056,0.006853706770889256,-2.125828106234103,0.5,0.0
1779632247.4662359,20.803228616714478,0.49725180568664207,0.0069790915022161955,-2.1820115445825503,0.5,0.0
1779632247.479854,20.81684684753418,0.4974873552838974,0.006572012328910739,-1.962761236631057,0.5,0.0
1779632247.4971788,20.834171533584595,0.4976708971351822,0.006751046411666477,-2.0342351848054614,0.5,0.0
1779632247.6105745,20.947567224502563,0.4975996804652265,0.006853955867677711,-2.0958741404241827,0.5,0.0
1779632247.6238942,20.96088695526123,0.4974326562141112,0.006458177154189935,-1.8864690240752313,0.5,0.0
1779632247.6374352,20.974427938461304,0.49738529241015916,0.006590369755678384,-1.9628830047933157,0.5,0.0
1779632247.707575,21.044567823410034,0.49747594937632067,0.00670424798230649,-2.027969634564638,0.5,0.0
1779632247.7193196,21.056312322616577,0.49742357384419145,0.0068118324264715945,-2.090211181002355,0.5,0.0
1779632247.844131,21.181123733520508,0.4974694796585225,0.00693226484274179,-2.1443940351138364,0.5,0.0
1779632247.8567555,21.193748235702515,0.49751207858947954,0.007049694102855676,-2.1985787036874567,0.5,0.0
1779632247.877828,21.214820623397827,0.4974571151975401,0.007122728408466067,-2.243793571168579,0.5,0.0
1779632248.0453122,21.382304906845093,0.49749782017678645,0.007160697244247425,-2.2829689729993228,0.5,0.0
1779632248.055661,21.392653703689575,0.49743259014688807,0.006759949888883081,-2.054109746417261,0.5,0.0
1779632248.0651033,21.402096033096313,0.497243026940698,0.0068278006932259855,-2.1093079494318276,0.5,0.0
1779632248.0919828,21.428975582122803,0.49697806107311027,0.006916559176804158,-2.1607492758428575,0.5,0.0
1779632248.1724663,21.509459018707275,0.4968801353399398,0.0069906424676293155,-2.2026282937725035,0.5,0.0
1779632248.227321,21.564313650131226,0.49678204397910225,0.006581295907455374,-1.982619644710666,0.5,0.0
1779632248.3902845,21.727277278900146,0.4967980275994498,0.0067010953254149986,-2.0493195091185705,0.5,0.0
1779632248.3958392,21.732831954956055,0.4969069550622425,0.0067811750090786636,-2.1079659893178104,0.5,0.0
1779632248.4611309,21.798123598098755,0.4967108683890106,0.006391386368561999,-1.896975182499498,0.5,0.0
1779632248.4721866,21.809179306030273,0.49673562121756965,0.006530259101681405,-1.972336456498709,0.5,0.0
1779632248.490647,21.82763981819153,0.4967459851053969,0.006141298230242905,-1.7749579359188232,0.5,0.0
1779632248.5651624,21.90215516090393,0.496766685110154,0.006305193063998375,-1.8625081119697722,0.5,0.0
1779632248.6115098,21.94850254058838,0.4970209792057205,0.006458642773086628,-1.9438198928067048,0.5,0.0
1779632248.6239789,21.96097159385681,0.497105504267581,0.0066142893155498195,-2.0125688468763987,0.5,0.0
1779632248.7484229,22.085415601730347,0.4970906500622071,0.006730889527843753,-2.0763765998026074,0.5,0.0
1779632248.7649152,22.101907968521118,0.4971689983042564,0.006859359306016215,-2.1318977756033037,0.5,0.0
1779632248.7785408,22.115533590316772,0.49714773945212515,0.006951431121966561,-2.1837617294331113,0.5,0.0
1779632248.9440002,22.28099298477173,0.49716159287514616,0.006537922950648865,-1.9602217449913033,0.5,0.0
1779632248.9622974,22.2992901802063,0.49680152310708914,0.005657244193538359,-1.4981815572048474,0.5,0.0
1779632248.973422,22.310414791107178,0.497048209655697,0.005927809571080752,-1.615993477446622,0.5,0.0
1779632249.0153477,22.35234045982361,0.49693518610843995,0.005624797263834315,-1.4546986606681342,0.5,0.0
1779632249.224947,22.56193971633911,0.49683508584846614,0.005360784084458352,-1.3143772791458035,0.5,0.0
1779632249.240364,22.577356815338135,0.4968407570003709,0.005089085527576961,-1.1831804854136903,0.5,0.0
1779632249.2588334,22.595826148986816,0.4968477549567412,0.005358333312438502,-1.3298582726668955,0.5,0.0
1779632249.3781414,22.715134143829346,0.4967161878581113,0.005566363244202531,-1.4575100436285704,0.5,0.0
1779632249.4205017,22.75749444961548,0.49673226228372147,0.005274142550212,-1.3120533158522156,0.5,0.0
1779632249.4360406,22.773033380508423,0.49684593174905467,0.0055483752735560965,-1.4440931715081724,0.5,0.0
1779632249.4463606,22.783353328704834,0.4968545017392152,0.00577160013638817,-1.564681471759069,0.5,0.0
1779632249.4817164,22.818709135055542,0.49686299643028425,0.005972493292172101,-1.6732295259753815,0.5,0.0
1779632249.5607545,22.8977472782135,0.49677484184705456,0.00614084521232265,-1.7638258183383149,0.5,0.0
1779632249.5714889,22.90848159790039,0.4970274494464978,0.006362971177459367,-1.8551100054904877,0.5,0.0
1779632249.7496548,23.086647510528564,0.49692428618180545,0.006545471039503719,-1.928474772587809,0.5,0.0
1779632249.7618773,23.098870038986206,0.49702195267516736,0.006640918982744037,-1.9991174772521132,0.5,0.0
1779632249.779757,23.11674976348877,0.49711072829557246,0.0067785380398556454,-2.062508642880486,0.5,0.0
1779632249.846756,23.183748722076416,0.49700747541865103,0.006866531105278967,-2.1144432859515288,0.5,0.0
1779632249.8597128,23.19670557975769,0.4969969671253759,0.006957831217242767,-2.1678847670059915,0.5,0.0
1779632249.9899914,23.326984167099,0.49707691953060057,0.007072550918241202,-2.2194040704513935,0.5,0.0
1779632250.0000334,23.337026119232178,0.4970630871268631,0.007143293593374959,-2.26246617315157,0.5,0.0
1779632250.0160816,23.353074312210083,0.4970512872493267,0.007206961932546652,-2.3012409441993285,0.5,0.0
1779632250.082382,23.419374704360962,0.49718358010912794,0.007259036615556772,-2.3325122787116874,0.5,0.0
1779632250.094517,23.431509733200073,0.4972557472315146,0.007283102692513701,-2.362736335230048,0.5,0.0
1779632250.1809876,23.517980337142944,0.4973130211156465,0.00736558543315887,-2.3950359629230062,0.5,0.0
1779632250.2038434,23.540836095809937,0.4972765821747642,0.007407085039018841,-2.420603973840369,0.5,0.0
1779632250.3839579,23.720950603485107,0.4973744416028684,0.006966690072961569,-2.1838749187862914,0.5,0.0
1779632250.3998694,23.736862182617188,0.49719090445040287,0.007013757444230249,-2.2260299396316676,0.5,0.0
1779632250.5645986,23.901591300964355,0.4973189468332356,0.007601860563151779,-2.531309409496622,0.5,0.0
1779632250.5725875,23.90958023071289,0.4970847968307617,0.0071286120897643655,-2.276647160668891,0.5,0.0
1779632250.5904698,23.927462577819824,0.4971591096313473,0.0072261767679738815,-2.317332889120281,0.5,0.0
1779632250.6246524,23.961645126342773,0.49717605753035954,0.0067919458232169085,-2.0841127330655285,0.5,0.0
1779632250.6999176,24.03691029548645,0.49724147665214874,0.006923062048264775,-2.1439661021996987,0.5,0.0
1779632250.7138548,24.05084753036499,0.4971087048558633,0.006529332252565509,-1.9347596974984311,0.5,0.0
1779632250.7580607,24.09505343437195,0.4969517205304157,0.006620289107327425,-2.0019271342729397,0.5,0.0
1779632250.8927953,24.229788064956665,0.4969444998684104,0.0062737731239667985,-1.8014038911558916,0.5,0.0
1779632250.9067643,24.243757009506226,0.4969435939841714,0.006424319998834517,-1.8861992911222478,0.5,0.0
1779632250.9224837,24.25947642326355,0.4970384768901682,0.0065836400418057585,-1.9608852457234085,0.5,0.0
1779632250.989379,24.326371669769287,0.49712073724005934,0.006735665173981255,-2.033158277026045,0.5,0.0
1779632251.0021548,24.339147567749023,0.49700127888981055,0.006351705503875626,-1.8300383372140134,0.5,0.0
1779632251.0825574,24.41955018043518,0.49708810251220864,0.006466847968348708,-1.9106719505729213,0.5,0.0
1779632251.096439,24.43343162536621,0.49697235291617925,0.006109776783041891,-1.719813627335345,0.5,0.0
1779632251.2274718,24.564464569091797,0.49706212651765264,0.0062490723327321696,-1.8114537964831026,0.5,0.0
1779632251.238607,24.575599670410156,0.4969492939900601,0.005913787679171382,-1.6305280951007954,0.5,0.0
1779632251.2552679,24.592260599136353,0.49704197899747166,0.006124117619795654,-1.730749902260921,0.5,0.0
1779632251.2919948,24.628987550735474,0.49726729325408686,0.006295455135583121,-1.8250612973019358,0.5,0.0
1779632251.4698315,24.806824207305908,0.4972353519383369,0.0064439326512696305,-1.9075833079830873,0.5,0.0
1779632251.4774716,24.814464330673218,0.4971052322284004,0.006089163486183428,-1.717035953626881,0.5,0.0
1779632251.4952781,24.832270860671997,0.49708977737812465,0.0062582626780195785,-1.8103648574527358,0.5,0.0
1779632251.5610204,24.8980131149292,0.49740553484116246,0.006440880202003865,-1.8956074476446017,0.5,0.0
1779632251.572439,24.90943169593811,0.4974523678965454,0.006546956687884781,-1.9696002151387513,0.5,0.0
1779632251.5966558,24.933648586273193,0.4975377392073702,0.0061836443322324085,-1.7731763334845787,0.5,0.0
1779632251.6538763,24.99086904525757,0.4974787738471018,0.006343278884510419,-1.8608729184477653,0.5,0.0
1779632251.6664925,25.003485202789307,0.4974261739588956,0.006486950306452128,-1.9398166310010208,0.5,0.0
1779632251.7059028,25.042895555496216,0.49736868350679464,0.006102325141893213,-1.7457373471694495,0.5,0.0
1779632251.798398,25.135390758514404,0.49722591899582613,0.0057816847977191,-1.5713644072016912,0.5,0.0
1779632251.8100438,25.1470365524292,0.49719790121844465,0.005981530499434619,-1.679243154051061,0.5,0.0
1779632251.897878,25.234870672225952,0.49717319871678956,0.0061613897426754756,-1.7763506762919474,0.5,0.0
1779632251.9075406,25.24453330039978,0.49718764321784353,0.005834752817879839,-1.5979842937224351,0.5,0.0
1779632252.0497096,25.386702299118042,0.4969295331668783,0.005971693743968888,-1.7005266322127366,0.5,0.0
1779632252.064384,25.401376724243164,0.49702457181004867,0.006176223517738666,-1.7937433121247914,0.5,0.0
1779632252.0945666,25.431559324264526,0.49711039266917034,0.00630878148156066,-1.8779466934142124,0.5,0.0
1779632252.1060107,25.4430034160614,0.49709325517218705,0.006455906996419502,-1.9551452445599835,0.5,0.0
1779632252.3721018,25.709094524383545,0.4971725725033479,0.006560438096510973,-2.023173257038559,0.5,0.0
1779632252.3872385,25.724231243133545,0.4972419317694508,0.006715141556897853,-2.0894436917732313,0.5,0.0
1779632252.407396,25.744388818740845,0.49754398011247236,0.006851917231212463,-2.1466909562233076,0.5,0.0
1779632252.4721918,25.809184551239014,0.4976258297533834,0.006939276477230625,-2.1932875472779716,0.5,0.0
1779632252.48093,25.817922830581665,0.4977922663719025,0.007029065686395278,-2.241328861532938,0.5,0.0
1779632252.5690875,25.90608024597168,0.497603107618604,0.006616072961227213,-2.017560642923291,0.5,0.0
1779632252.6100318,25.94702458381653,0.49743469119128947,0.006244251067144223,-1.8161102614128886,0.5,0.0
1779632252.7006195,26.037612199783325,0.4974250470289653,0.005901157257287609,-1.6293418762071004,0.5,0.0
1779632252.7137108,26.050703525543213,0.49737511355762626,0.006089172610244869,-1.731432343054835,0.5,0.0
1779632252.7545335,26.09152626991272,0.49706246864791725,0.006748616015156774,-2.0755193390670916,0.5,0.0
1779632252.8927577,26.229750394821167,0.49703228349118844,0.0063900301016783494,-1.8681783284313307,0.5,0.0
1779632252.909374,26.24636673927307,0.49725749627327503,0.006534644522016018,-1.9486462491933474,0.5,0.0
1779632252.922046,26.25903868675232,0.4972256411213826,0.006659234002640624,-2.0188059421161957,0.5,0.0
1779632252.9565032,26.293495893478394,0.4972908597501038,0.0068041040628672896,-2.0855657666406784,0.5,0.0
1779632253.087934,26.4249267578125,0.4973490637692919,0.006873819648391245,-2.140526564467787,0.5,0.0
1779632253.0981276,26.435120344161987,0.4973095565413636,0.0069645070234129695,-2.191555923558048,0.5,0.0
1779632253.1154914,26.452484130859375,0.4973082535321257,0.0065558749024705616,-1.9705098305347375,0.5,0.0
1779632253.3696082,26.70660090446472,0.49727146396664085,0.006678301263515922,-2.038464751661251,0.5,0.0
1779632253.3909066,26.727899312973022,0.4973337167704739,0.006812124889132468,-2.0978644304860974,0.5,0.0
1779632253.410527,26.747519731521606,0.4971382744010471,0.005913794625796933,-1.627222453214586,0.5,0.0
1779632253.5103242,26.84731698036194,0.4971172177248463,0.006100464904609509,-1.7294831393408876,0.5,0.0
1779632253.5389056,26.875898361206055,0.49694788763083714,0.005273143041231748,-1.2956742852292118,0.5,0.0
1779632253.6538882,26.990880966186523,0.4970413181911092,0.005547535168650184,-1.4293875960765878,0.5,0.0
1779632253.6684132,27.00540590286255,0.49694780944264605,0.00675501616071814,-2.0717255251071003,0.5,0.0
1779632253.6826472,27.01963996887207,0.49694594348299687,0.006857524898256093,-2.12953258316922,0.5,0.0
1779632253.716735,27.053727626800537,0.4969450929479131,0.006949781241935415,-2.1815812443234943,0.5,0.0
1779632253.7536407,27.090633392333984,0.49708938035665834,0.0070275387792660855,-2.224842587189092,0.5,0.0
1779632253.7982454,27.13523817062378,0.4970685353793861,0.00664045728611618,-2.002143524074757,0.5,0.0
1779632254.0375588,27.37455153465271,0.49705371417677846,0.006754379014600584,-2.0668603360808495,0.5,0.0
1779632254.0502703,27.38726305961609,0.49688747443220765,0.005861763053285025,-1.599345205551847,0.5,0.0
1779632254.069753,27.406745672225952,0.49698821405805227,0.006025580379525896,-1.7028950681209114,0.5,0.0
1779632254.1104739,27.447466611862183,0.4968449699667844,0.006166961139644424,-1.793300365899314,0.5,0.0
1779632254.1416194,27.478612184524536,0.4968516906474824,0.006328307463924242,-1.8789185065822922,0.5,0.0
1779632254.2238464,27.56083917617798,0.4967573922887106,0.005993997904020141,-1.696192837992087,0.5,0.0
1779632254.2398994,27.576892137527466,0.49653596991049986,0.005656805484705118,-1.5262962709663492,0.5,0.0
1779632254.277675,27.614667654037476,0.49672250733606843,0.005914898665157651,-1.6344110138701125,0.5,0.0
1779632254.3695168,27.706509590148926,0.496878573962396,0.005615139802649739,-1.4716997886693095,0.5,0.0
1779632254.4641776,27.801170349121094,0.4969804617527089,0.005855475109558064,-1.5878990807461446,0.5,0.0
1779632254.477498,27.814490795135498,0.4969741202305974,0.005585628227892673,-1.428992034671049,0.5,0.0
1779632254.492327,27.829319715499878,0.4969666494965703,0.005804859108619088,-1.5508615014366411,0.5,0.0
1779632254.7495341,28.08652687072754,0.49687615466878043,0.005939821054949275,-1.6549357199923829,0.5,0.0
1779632254.7629309,28.099923610687256,0.4965508635495003,0.0021849426790512454,0.37839068073239746,0.5,0.0
1779632254.7805898,28.11758255958557,0.49667538357998475,0.0027163596235344283,0.07716586810166438,0.5,0.0
1779632254.8497112,28.18670392036438,0.49670368844485147,0.002760512556885403,0.06945947717886855,0.5,0.0
1779632254.8601632,28.197155952453613,0.4967119236625267,0.0032625310262317884,-0.20227533304443646,0.5,0.0
1779632254.9040313,28.241024017333984,0.49679248904635304,0.0032257886309050507,-0.18173320394538023,0.5,0.0
1779632254.9428072,28.279799938201904,0.49689747488814867,0.0037051733699939374,-0.4269446091289615,0.5,0.0
1779632255.0412586,28.378251314163208,0.49690096952448665,0.0035985601753154837,-0.3842862412756591,0.5,0.0
1779632255.060383,28.39737582206726,0.4967423310304539,0.00399135703063294,-0.6111666424797816,0.5,0.0
1779632255.1767018,28.513694524765015,0.49684141021836964,0.00440297188558322,-0.8182480376634101,0.5,0.0
1779632255.216365,28.55335783958435,0.49694374830706706,0.004764413500483089,-0.9997130349994718,0.5,0.0
1779632255.2473788,28.58437156677246,0.4968021506406395,0.005031936834894944,-1.160430498623932,0.5,0.0
1779632255.2816558,28.618648529052734,0.49681185668132694,0.005306838442920129,-1.309323058632547,0.5,0.0
1779632255.371271,28.708263635635376,0.4968215826400625,0.005040069824991443,-1.1783753028813655,0.5,0.0
1779632255.4220936,28.75908637046814,0.4969278463721169,0.0053378285112534365,-1.3238497827308844,0.5,0.0
1779632255.4337516,28.77074432373047,0.4970149105644615,0.005614678457028147,-1.4597566726222764,0.5,0.0
1779632255.5110116,28.84800434112549,0.497098858468751,0.005907326281126348,-1.5772822744278987,0.5,0.0
1779632255.5272138,28.864206552505493,0.49708167401034825,0.006094697491345648,-1.6845649899281185,0.5,0.0
1779632255.5645602,28.90155291557312,0.4969668313180072,0.005774944025400635,-1.5163880669666356,0.5,0.0
1779632255.70048,29.03747272491455,0.4968232694662533,0.005941313002570038,-1.6253848506298358,0.5,0.0
1779632255.7190702,29.056062936782837,0.4969292356654017,0.006097283719032007,-1.726383865750139,0.5,0.0
1779632255.739017,29.07600975036621,0.49683965161157523,0.006253226340999784,-1.8117751962943405,0.5,0.0
1779632255.7968786,29.13387131690979,0.49684387681799214,0.005892188552143185,-1.6307730750285152,0.5,0.0
1779632255.8083484,29.145341157913208,0.496850270126276,0.006081071308924243,-1.732663323717264,0.5,0.0
1779632255.8487184,29.185711145401,0.4968572585918953,0.006251050597936425,-1.8243861554035874,0.5,0.0
1779632255.995575,29.33256769180298,0.4970114135302027,0.006449520562535581,-1.902551251348537,0.5,0.0
1779632256.001588,29.3385808467865,0.49700168918741594,0.0065825838001604174,-1.9772369272687076,0.5,0.0
1779632256.019504,29.356496810913086,0.4969909774559925,0.00618799592317395,-1.7793016238220771,0.5,0.0
1779632256.0519707,29.38896346092224,0.49679882916058504,0.005856331931409187,-1.6002315034916341,0.5,0.0
1779632256.13041,29.467402696609497,0.4968082925156594,0.006048546868672584,-1.7050010925059143,0.5,0.0
1779632256.1451755,29.482168197631836,0.49695939178442955,0.006733497542691815,-2.0625680494546197,0.5,0.0
1779632256.1870582,29.52405095100403,0.49695720221279316,0.006838056855463738,-2.121253355240834,0.5,0.0
1779632256.2225487,29.55954146385193,0.49705082662757594,0.0069043987568334474,-2.1726895488304243,0.5,0.0
1779632256.2711031,29.60809588432312,0.49703972352536047,0.0069919223436112395,-2.2204044819438917,0.5,0.0
1779632256.3740122,29.711004972457886,0.4968353034162383,0.006579665938237503,-1.9969069740009155,0.5,0.0
1779632256.4620526,29.79904532432556,0.4969420887093323,0.006671743081793483,-2.0607366153507574,0.5,0.0
1779632256.474862,29.81185483932495,0.4968555693778386,0.006719729482401969,-2.113654277712976,0.5,0.0
1779632256.493472,29.830464839935303,0.4968605006837883,0.006825712397048626,-2.167181809112521,0.5,0.0
1779632256.5288322,29.865824937820435,0.4966161934980964,0.006406175021328509,-1.9506914151341195,0.5,0.0
1779632256.5676968,29.90468955039978,0.4964549185538324,0.005994051584860058,-1.750737911967611,0.5,0.0
1779632256.654652,29.991644859313965,0.4965008415632221,0.006172680393724357,-1.8406103589390987,0.5,0.0
1779632339.7966654,0.12542295455932617,0.7459576465880928,0.0060911633019685735,0.045630096589120095,0.75,0.0
1779632339.8081994,0.13695693016052246,0.7460535542887439,0.006124404163510387,0.04113535533558325,0.75,0.0
1779632339.8246834,0.1534409523010254,0.7461356020494483,0.006075059190387228,0.0369183253304417,0.75,0.0
1779632339.8591356,0.18789315223693848,0.746213830729423,0.00610993994857802,0.03327800331538468,0.75,0.0
1779632339.9853098,0.31406736373901367,0.745410968382703,0.00716895592355843,-0.5634072147049214,0.75,0.0
1779632339.996927,0.3256845474243164,0.7450643268199924,0.008188790766766632,-1.1143011415420518,0.75,0.0
1779632340.013606,0.3423635959625244,0.7448689796337766,0.007969401645405194,-1.0029233045852586,0.75,0.0
1779632340.0466368,0.375394344329834,0.7444827368444187,0.007806315447998863,-0.9009048760568406,0.75,0.0
1779632340.0851552,0.4139127731323242,0.7446648720575415,0.007627945288070561,-0.8103737632831258,0.75,0.0
1779632340.2222416,0.5509991645812988,0.7448860565206324,0.007507197648383291,-0.7290323697561517,0.75,0.0
1779632340.251016,0.5797734260559082,0.7450859469001514,0.007398610238781922,-0.655889729033986,0.75,0.0
1779632340.2827616,0.6115190982818604,0.7454448715311325,0.0073423413644642145,-0.5902156164505784,0.75,0.0
1779632340.4099514,0.7387089729309082,0.7455467253350013,0.007210637454239791,-0.5311649951276871,0.75,0.0
1779632340.4256473,0.7544047832489014,0.7453066112369846,0.00708895583050237,-0.4779650826715015,0.75,0.0
1779632340.4404106,0.7691681385040283,0.7454279492621211,0.007057888945857277,-0.4274430692493996,0.75,0.0
1779632340.5126722,0.8414297103881836,0.7455718587996081,0.0069153428803403645,-0.384879943622423,0.75,0.0
1779632340.7453313,1.0740888118743896,0.7451893709596387,0.00790812978838433,-0.9467097649391923,0.75,0.0
1779632340.7643175,1.0930750370025635,0.7450499532811372,0.006623406320622133,-0.24678856294835066,0.75,0.0
1779632340.781566,1.110323429107666,0.7447351347548536,0.007697755618291519,-0.8292617156933452,0.75,0.0
1779632340.8410902,1.1698477268218994,0.7455089461455644,0.007575595109854363,-0.7464255836236234,0.75,0.0
1779632340.8561175,1.1848750114440918,0.7452650710948684,0.007418186927007709,-0.6721349676384718,0.75,0.0
1779632340.9886763,1.3174338340759277,0.7453991784913538,0.007353606751449357,-0.6018750421521288,0.75,0.0
1779632340.998342,1.3270995616912842,0.7450552959544856,0.008354889449003594,-1.1488325853496033,0.75,0.0
1779632341.0149593,1.3437168598175049,0.7452241018911135,0.008121514948801043,-1.0338537168796726,0.75,0.0
1779632341.0482564,1.377013921737671,0.7453877374845547,0.007872234777408735,-0.9304303421570422,0.75,0.0
1779632341.0888627,1.4176201820373535,0.7450418661228724,0.008873874729340923,-1.451974342255733,0.75,0.0
1779632341.1302571,1.459014654159546,0.7452257193031238,0.008629296305868261,-1.3069107823718191,0.75,0.0
1779632341.2371109,1.5658683776855469,0.7453949231478627,0.008368937028822099,-1.1765813686517004,0.75,0.0
1779632341.3242607,1.6530182361602783,0.7455552471533757,0.008134513461848134,-1.0592739547549814,0.75,0.0
1779632341.3440812,1.6728386878967285,0.7456856265010826,0.0079640868790446,-0.9535582445500849,0.75,0.0
1779632341.5077012,1.836458683013916,0.7453653712380568,0.006649099541357115,-0.2403638075373698,0.75,0.0
1779632341.5242224,1.8529798984527588,0.7450134397119147,0.007720513485964806,-0.8235416322842581,0.75,0.0
1779632341.5430799,1.8718373775482178,0.7452196208092731,0.0075507887974534385,-0.7414213173027746,0.75,0.0
1779632341.6495652,1.9783227443695068,0.7453816146772012,0.007438885362722047,-0.6675732078867567,0.75,0.0
1779632341.6629887,1.991746187210083,0.7455289391514324,0.007338041152126655,-0.6010635355755575,0.75,0.0
1779632341.679389,2.0081465244293213,0.7456627706461251,0.0072471766068481725,-0.5411657831480452,0.75,0.0
1779632341.753729,2.082486629486084,0.7454093793828293,0.008319338658712802,-1.1050052424890586,0.75,0.0
1779632341.763358,2.092115640640259,0.7442271487499321,0.00823978748402906,-0.9709448114311164,0.75,0.0
1779632341.846193,2.17495059967041,0.7445498019056751,0.009173363867533937,-1.4898483406426897,0.75,0.0
1779632341.987927,2.3166844844818115,0.7449624599282817,0.008940102233534392,-1.3412255927782653,0.75,0.0
1779632342.0005195,2.3292770385742188,0.7457072152423337,0.008694189687091585,-1.2073272019498302,0.75,0.0
1779632342.0807672,2.40952467918396,0.7452481382276201,0.008459694170363859,-1.0856969955794076,0.75,0.0
1779632342.0935574,2.4223148822784424,0.7454029391190196,0.008255247690848743,-0.97634647543801,0.75,0.0
1779632342.133674,2.4624314308166504,0.7442194849564261,0.007952122615492607,-0.8842107970572857,0.75,0.0
1779632342.273082,2.601839542388916,0.7444882006217532,0.007799253953614768,-0.7957027417121629,0.75,0.0
1779632342.2851644,2.613921880722046,0.7447127973192564,0.007621113087895891,-0.715840996005234,0.75,0.0
1779632342.3655696,2.6943271160125732,0.744050474516015,0.008557779966841962,-1.2538360320342503,0.75,0.0
1779632342.3980782,2.7268357276916504,0.7443182195663355,0.008303713253739587,-1.1281081004451448,0.75,0.0
1779632342.459892,2.788649559020996,0.7441123332471196,0.00695399392934992,-0.39722058713222813,0.75,0.0
1779632342.4741445,2.8029019832611084,0.7394059212282331,0.000605007423127928,3.0690299254509474,0.75,0.0
1779632342.5549057,2.8836631774902344,0.7397503901185072,0.0011423838975296854,2.7630203574040637,0.75,0.0
1779632342.5679986,2.896756172180176,0.7404565400482016,0.0016702296453492927,2.4867411735410347,0.75,0.0
1779632342.745038,3.0737955570220947,0.7410756342719258,0.002105464803263032,2.2378797895554854,0.75,0.0
1779632342.761101,3.0898585319519043,0.7416531611487451,0.002537297725048935,2.0140479361676564,0.75,0.0
1779632342.7828667,3.111624240875244,0.7427309215566225,0.002930834782045236,1.8126683920476196,0.75,0.0
1779632342.852634,3.181391477584839,0.7431374732328377,0.0032401305080305143,1.6314254692744208,0.75,0.0
1779632342.8917508,3.220508337020874,0.7435112793590799,0.0035587154493093532,1.468150751014781,0.75,0.0
1779632342.9396887,3.268446207046509,0.743468729313496,0.0049708233574457476,0.7194325806327677,0.75,0.0
1779632342.98471,3.313467502593994,0.7432573930920962,0.005068818989122854,0.6493810832614203,0.75,0.0
1779632343.1320763,3.460833787918091,0.743219798737232,0.005160168065332595,0.585240610921238,0.75,0.0
1779632343.1428115,3.471569061279297,0.7430324619031775,0.005239406074539808,0.5284952630985967,0.75,0.0
1779632343.1875029,3.5162603855133057,0.7424934036325757,0.005268718481773504,0.4770602441722837,0.75,0.0
1779632343.2728975,3.6016550064086914,0.7429316917016537,0.005384490674005182,0.4292205416611774,0.75,0.0
1779632343.4151268,3.743884325027466,0.7433688334946871,0.006551002085306671,-0.2230468598767458,0.75,0.0
1779632343.4284933,3.7572507858276367,0.7437420771805399,0.0064987331015208365,-0.20112276580536065,0.75,0.0
1779632343.440752,3.7695095539093018,0.7440516464521205,0.006491762166774993,-0.18122312698388138,0.75,0.0
1779632343.603007,3.931764602661133,0.7443318227713298,0.006485412977479917,-0.16327869257041508,0.75,0.0
1779632343.6366827,3.965440273284912,0.7445852484587441,0.006479638073696668,-0.14710010520485936,0.75,0.0
1779632343.7519288,4.080686330795288,0.744431182540485,0.007627840013965012,-0.750017800970976,0.75,0.0
1779632343.762053,4.090810537338257,0.7442318719269949,0.006346703817015503,-0.05743863873549899,0.75,0.0
1779632343.8541396,4.182897090911865,0.7445124965414476,0.006314638302673387,-0.05190134812626271,0.75,0.0
1779632343.8983305,4.22708797454834,0.7443225335694571,0.00628189171162912,-0.046137044753582386,0.75,0.0
1779632343.9372833,4.266040802001953,0.7447170546150927,0.006336824731981788,-0.04102784030696047,0.75,0.0
1779632343.988289,4.317046642303467,0.7449371146301363,0.006345754786731837,-0.03700260597737759,0.75,0.0
1779632344.0357363,4.3644938468933105,0.7451310370550898,0.00631381460320754,-0.03351737174738489,0.75,0.0
1779632344.081463,4.410220623016357,0.7449002646460094,0.0062813156959107014,-0.029700402825286434,0.75,0.0
1779632344.1260657,4.45482325553894,0.7452111747679395,0.005178726753522888,0.5907779989461528,0.75,0.0
1779632344.2704282,4.5991857051849365,0.7448638667037597,0.006345077792224575,-0.06856425309075745,0.75,0.0
1779632344.2851064,4.613863945007324,0.7452109500588409,0.006393683425553058,-0.06120847898351531,0.75,0.0
1779632344.3268461,4.655603647232056,0.745536282056509,0.0064375946590686265,-0.0546918324881468,0.75,0.0
1779632344.3429291,4.67168664932251,0.7452148669331148,0.005275152066517141,0.5684560572903642,0.75,0.0
1779632344.4595387,4.788296222686768,0.7453766590398868,0.005349903086247322,0.5116510410989663,0.75,0.0
1779632344.4743056,4.803063154220581,0.74553192849833,0.0054172119680524124,0.46054423157235375,0.75,0.0
1779632344.512519,4.841276407241821,0.7456794915954577,0.0054778096494051106,0.41455449317771,0.75,0.0
1779632344.555709,4.8844664096832275,0.7453767576291095,0.005529028180189093,0.3733680314459707,0.75,0.0
1779632344.6048038,4.933561325073242,0.7455357657561859,0.005578397818850425,0.336094360249639,0.75,0.0
1779632344.700849,5.029606580734253,0.7452961507601195,0.006712144661660954,-0.30021013742400526,0.75,0.0
1779632344.7942617,5.123019218444824,0.7450527091194871,0.0066401653361161835,-0.26990638246062043,0.75,0.0
1779632344.8091056,5.1378631591796875,0.7452393438003598,0.006618680061963091,-0.24294671832749332,0.75,0.0
1779632344.8528404,5.181597948074341,0.7399606078752476,0.007799695388361215,-0.7836306714184126,0.75,0.0
1779632344.9415255,5.270282983779907,0.7406402144624282,0.007662357071743739,-0.7051207911099004,0.75,0.0
1779632345.0006425,5.329400062561035,0.7412549636518592,0.007538718783971504,-0.6345063384484803,0.75,0.0
1779632345.280415,5.609172582626343,0.7408865365556045,0.008480179544418471,-1.178600435368646,0.75,0.0
1779632345.2956922,5.624449729919434,0.7415439014749955,0.00939006288009919,-1.677001587369133,0.75,0.0
1779632345.312439,5.6411964893341064,0.7420738609473809,0.009093878358350134,-1.5093367134257316,0.75,0.0
1779632345.341971,5.670728445053101,0.7425522797185145,0.008827242226447703,-1.3584421795180215,0.75,0.0
1779632345.3557875,5.684545040130615,0.7429840355179311,0.008587216074302899,-1.222638441244349,0.75,0.0
1779632345.3735468,5.702304363250732,0.7433836371085187,0.008331805699803475,-1.1012024019986844,0.75,0.0
1779632345.5602973,5.889054775238037,0.7430408311688933,0.008129374179919956,-0.986576768176993,0.75,0.0
1779632345.569286,5.898043632507324,0.743427287181515,0.007959014205296516,-0.8879657962142268,0.75,0.0
1779632345.5865548,5.91531229019165,0.7437696282482447,0.007766290723190746,-0.7997689855520668,0.75,0.0
1779632345.6571062,5.98586368560791,0.7440827446289667,0.007632322630633962,-0.7198771091209325,0.75,0.0
1779632345.8447096,6.17346715927124,0.74436491642133,0.007511721947624239,-0.6479631246032312,0.75,0.0
1779632345.8711736,6.1999311447143555,0.7446191683547226,0.007403157896752392,-0.5832311559360177,0.75,0.0
1779632346.0326169,6.361374378204346,0.7448482359307513,0.007305431543004167,-0.5249646143529739,0.75,0.0
1779632346.0526462,6.381403684616089,0.7445579652869767,0.008311357851567825,-1.0795172814458247,0.75,0.0
1779632346.0668569,6.395614385604858,0.744792216672793,0.008122824417459804,-0.971619021587138,0.75,0.0
1779632346.094819,6.423576593399048,0.7450034159141551,0.007953125552320393,-0.8745048285497539,0.75,0.0
1779632346.1400495,6.468806982040405,0.7448571393464762,0.008848033039449445,-1.3889276721844481,0.75,0.0
1779632346.3665311,6.69528865814209,0.7450462272350595,0.008566832629598942,-1.2507998619318617,0.75,0.0
1779632346.3829312,6.711688756942749,0.74522690365395,0.008272933444869467,-1.1256222110769214,0.75,0.0
1779632346.4009337,6.72969126701355,0.7454553795584669,0.009204325375237143,-1.6296051723557912,0.75,0.0
1779632346.4393005,6.7680580615997314,0.7451198211459327,0.01002010208641227,-2.0737258514771244,0.75,0.0
1779632346.4733377,6.802095174789429,0.7452938331003105,0.009660790852978355,-1.8663981866909944,0.75,0.0
1779632346.6590743,6.9878318309783936,0.7449763504669463,0.008153921673515705,-1.0715894014816463,0.75,0.0
1779632346.678594,7.007351636886597,0.7451690812817806,0.007981110359032567,-0.964477903084661,0.75,0.0
1779632346.6928775,7.021635055541992,0.7448898807899051,0.0067208208656434525,-0.259794822433403,0.75,0.0
1779632346.7507348,7.0794923305511475,0.7451392085176866,0.007807572846276663,-0.8503174183568568,0.75,0.0
1779632346.76366,7.092417478561401,0.7453162693785139,0.007669363989111165,-0.7653207234805236,0.75,0.0
1779632346.852606,7.181363582611084,0.7454758197473874,0.007544968600963636,-0.6888210651731973,0.75,0.0
1779632346.9402204,7.268977880477905,0.7433146608208406,0.0030151102716127263,1.7854245997119003,0.75,0.0
1779632347.0377157,7.366473197937012,0.743287246932943,0.0033112014579440257,1.608251535864417,0.75,0.0
1779632347.0467854,7.375542879104614,0.7432715661595122,0.0035781623231364353,1.4486109925093054,0.75,0.0
1779632347.125925,7.4546825885772705,0.7438138246597527,0.0039030169756299232,1.304807923969213,0.75,0.0
1779632347.1425457,7.471303224563599,0.7441162977645674,0.00415493150233417,1.174312754743802,0.75,0.0
1779632347.2739048,7.6026623249053955,0.7443900726138618,0.004381720602694038,1.0568736365858669,0.75,0.0
1779632347.2872324,7.615989923477173,0.7446377248896453,0.004585881693524741,0.9511816073029795,0.75,0.0
1779632347.367899,7.6966564655303955,0.7443416456966201,0.005863495303453503,0.24898799298573226,0.75,0.0
1779632347.3818557,7.710613250732422,0.7440181975653615,0.005872648615940637,0.22565205422912324,0.75,0.0
1779632347.3985176,7.727275133132935,0.7444746056306933,0.005967440310198775,0.20421651873376684,0.75,0.0
1779632347.601199,7.929956436157227,0.7447557964081217,0.007129185861299585,-0.43259243180367335,0.75,0.0
1779632347.615701,7.944458484649658,0.7449704590875449,0.007058779541908794,-0.3893403444448842,0.75,0.0
1779632347.6328971,7.9616546630859375,0.7451373007110843,0.006957153408686375,-0.35149818308677877,0.75,0.0
1779632347.6975608,8.026318311691284,0.7449269738821535,0.006859411883610217,-0.3153958737646557,0.75,0.0
1779632347.7136714,8.042428970336914,0.7451252272197715,0.006815935048379223,-0.28384331338683005,0.75,0.0
1779632347.751917,8.080674409866333,0.7449240451905927,0.006732576251043513,-0.25466849434852207,0.75,0.0
1779632347.8433168,8.172074317932129,0.7450889591010992,0.006663056436550418,-0.22999701400677158,0.75,0.0
1779632347.9370055,8.2657630443573,0.745271616014396,0.006639210367185448,-0.20698562169720783,0.75,0.0
1779632347.9854033,8.314160823822021,0.7456006837597129,0.0066578728998097116,-0.1855151353516771,0.75,0.0
1779632347.999704,8.328461408615112,0.7457310600158775,0.006634477510852812,-0.16690953054703925,0.75,0.0
1779632348.0378294,8.366586923599243,0.7458486962750722,0.00661344451802254,-0.15017905323817643,0.75,0.0
1779632348.082669,8.411426544189453,0.7455769169204758,0.006550559751862144,-0.13448166235109063,0.75,0.0
1779632348.1270292,8.45578670501709,0.7456744897820364,0.0064989669904970526,-0.12169089706165112,0.75,0.0
1779632348.2722473,8.601004838943481,0.7451863511070577,0.006480700695527145,-0.10600691223923124,0.75,0.0
1779632348.2898185,8.618576049804688,0.7448149869885878,0.007518093892979709,-0.6964344358769607,0.75,0.0
1779632348.3326378,8.66139531135559,0.7450234999491024,0.007408581574734734,-0.6266673768296606,0.75,0.0
1779632348.345952,8.674709558486938,0.744695009344254,0.008352485965779808,-1.1645600680091026,0.75,0.0
1779632348.4590561,8.787813663482666,0.7450080411210737,0.007044154281017751,-0.430607628062826,0.75,0.0
1779632348.472538,8.801295518875122,0.7451852994325697,0.006941822054024931,-0.38745149424972813,0.75,0.0
1779632348.48877,8.817527532577515,0.745406838611124,0.008084958726434405,-0.9653113289041122,0.75,0.0
1779632348.5617712,8.890528678894043,0.7447473013196956,0.010098767076777537,-2.0775543358628634,0.75,0.0
1779632348.5717957,8.900553226470947,0.7449541427691798,0.009651848429063001,-1.8697380802930599,0.75,0.0
1779632348.6138573,8.942614793777466,0.7451457934858393,0.009329375431188745,-1.6828366078497283,0.75,0.0
1779632348.7024016,9.031159162521362,0.7453192187185984,0.009039103686736149,-1.5146157892978935,0.75,0.0
1779632348.7146301,9.043387651443481,0.7450792201350939,0.008734515573414068,-1.3629272682872593,0.75,0.0
1779632348.7923589,9.121116399765015,0.745243709260776,0.008463812194776002,-1.2268786660249507,0.75,0.0
1779632348.8498516,9.178609132766724,0.7431183316917216,0.008426716608749121,-1.076752734974202,0.75,0.0
1779632348.94464,9.273397445678711,0.7434873579500894,0.0082267589554296,-0.9690067463100802,0.75,0.0
1779632348.9532688,9.282026290893555,0.7438514202507971,0.008007274759547215,-0.8728899880773779,0.75,0.0
1779632348.9922836,9.321041107177734,0.7441831187024048,0.007809551761120342,-0.7862602800509286,0.75,0.0
1779632349.0383258,9.367083311080933,0.7439982937996554,0.007626344606612167,-0.7059912918947868,0.75,0.0
1779632349.1253395,9.454097032546997,0.7438576651369597,0.006345557141285053,-0.01757165118461394,0.75,0.0
1779632349.1389668,9.467724323272705,0.7441873584363505,0.006391689222729852,-0.014843964223807923,0.75,0.0
1779632349.3004034,9.62916088104248,0.7439436819060969,0.007488195908201439,-0.6205286761318852,0.75,0.0
1779632349.330577,9.659334421157837,0.744231262480505,0.007382266201730235,-0.5585980508553666,0.75,0.0
1779632349.3502166,9.678974151611328,0.7445217351013247,0.007246933849183698,-0.5032471075211249,0.75,0.0
1779632349.5077438,9.836501359939575,0.7447999335199613,0.008276997144877667,-1.068322894243201,0.75,0.0
1779632349.5755072,9.904264688491821,0.7445675851522676,0.008048467482524673,-0.960660862284931,0.75,0.0
1779632349.6493926,9.978150129318237,0.7447979133823603,0.007886548805120533,-0.864778840661703,0.75,0.0
1779632349.6629024,9.991659879684448,0.7450205291608313,0.007700519268766262,-0.7786924047287415,0.75,0.0
1779632349.7031746,10.03193211555481,0.7452269024055237,0.007533007016596183,-0.7011716403609112,0.75,0.0
1779632349.7476065,10.076364040374756,0.7449279319838458,0.00846205316461254,-1.231183444226514,0.75,0.0
1779632349.791597,10.120354413986206,0.7451146901511688,0.008259236767137128,-1.108328691576485,0.75,0.0
1779632349.8385346,10.16729211807251,0.7452851386653101,0.008076521938970984,-0.997726382461689,0.75,0.0
1779632349.9468632,10.275620698928833,0.7449216514423401,0.007865077886410537,-0.8969921728342831,0.75,0.0
1779632349.9867668,10.315524339675903,0.7446585012346687,0.008760873490020797,-1.4076012049650017,0.75,0.0
1779632350.0003955,10.329153060913086,0.7449097845881649,0.00848722449236045,-1.267306379909025,0.75,0.0
1779632350.0390558,10.367813348770142,0.7450937164311061,0.00828194654283813,-1.1407537277020532,0.75,0.0
1779632350.0799112,10.408668756484985,0.7452625019943707,0.008097000123364432,-1.0268458591387808,0.75,0.0
1779632350.2722406,10.600998163223267,0.7446941390810018,0.007918862988763094,-0.9197431245382317,0.75,0.0
1779632350.2887685,10.617526054382324,0.7445015798721244,0.0077261142462666,-0.827296745245247,0.75,0.0
1779632350.3054717,10.634229183197021,0.7442495295948901,0.008610549153577497,-1.351402960470293,0.75,0.0
1779632350.4620168,10.79077434539795,0.7445138440598565,0.008392178197489053,-1.2163536966408834,0.75,0.0
1779632350.475665,10.804422616958618,0.7447479147843983,0.008115817993367216,-1.0946652205575031,0.75,0.0
1779632350.490924,10.819681406021118,0.744963334228692,0.007946877112873745,-0.9852780172833822,0.75,0.0
1779632350.5563145,10.885071992874146,0.7452034076558754,0.008963902562659613,-1.5109878490554083,0.75,0.0
1779632350.5686793,10.89743685722351,0.745375385152417,0.008670300656761946,-1.3604123653943867,0.75,0.0
1779632350.60763,10.936387538909912,0.7455381020744771,0.008405910319096075,-1.2248591842558179,0.75,0.0
1779632350.69669,11.025447607040405,0.7451843056604863,0.00930142449295957,-1.7094604994757598,0.75,0.0
1779632350.714866,11.043623447418213,0.7453683204011208,0.008973796421784799,-1.539020410971728,0.75,0.0
1779632350.8405151,11.169272661209106,0.7447235544976618,0.010898214063129193,-2.594394797716931,0.75,0.0
1779632350.8541265,11.182883977890015,0.7449288244280601,0.010451756406300434,-2.335056907547197,0.75,0.0
1779632350.8681946,11.196952104568481,0.7451162990666502,0.010049749510975647,-2.1016512715961286,0.75,0.0
1779632350.9240808,11.252838373184204,0.7448685113663287,0.009644154421390723,-1.8907014383034042,0.75,0.0
1779632350.93153,11.260287523269653,0.7444077097097934,0.009312747966152375,-1.6986997250041767,0.75,0.0
1779632351.0297074,11.35846495628357,0.7446546506868026,0.00902394444997472,-1.5287728794769249,0.75,0.0
1779632351.0419865,11.370743989944458,0.744493073588942,0.00872078163814345,-1.375778681018744,0.75,0.0
1779632351.0825264,11.41128396987915,0.7447317570758024,0.008491041213246729,-1.2380612025205697,0.75,0.0
1779632351.1255648,11.454322338104248,0.7445705407765533,0.008241062295423061,-1.1141251550816615,0.75,0.0
1779632351.2754354,11.604192972183228,0.7448617591940954,0.009174875846208614,-1.6189069537753096,0.75,0.0
1779632351.2874901,11.616247653961182,0.745028432852861,0.008936443340598902,-1.4547629846959678,0.75,0.0
1779632351.3280916,11.656849145889282,0.745370846089985,0.008643136567606954,-1.3068774580556517,0.75,0.0
1779632351.3430007,11.67175817489624,0.745492182960124,0.008381943504713111,-1.1764634229883106,0.75,0.0
1779632351.5062406,11.83499813079834,0.7457958307140435,0.00822712128755057,-1.0585852361091634,0.75,0.0
1779632351.5194538,11.848211288452148,0.7458783828503571,0.008007280634726749,-0.9529361783218165,0.75,0.0
1779632351.5372083,11.865965843200684,0.7451361827941165,0.00999265192087187,-2.0689244283944483,0.75,0.0
1779632351.7524946,12.081252098083496,0.7444464254855316,0.010691223012567072,-2.471305674094473,0.75,0.0
1779632351.764367,12.093124628067017,0.7446853510417502,0.010264774423097327,-2.2241533508920166,0.75,0.0
1779632351.780701,12.109458446502686,0.7449019876749543,0.009880921441137294,-2.001724491538844,0.75,0.0
1779632351.8207104,12.149467945098877,0.7447092422264466,0.009492320924733583,-1.8015296401493681,0.75,0.0
1779632351.8532012,12.181958675384521,0.7444496774151736,0.01027942394517457,-2.2285836594156145,0.75,0.0
1779632351.8924563,12.221213817596436,0.7446892303631283,0.009893991546071611,-2.0056191988566554,0.75,0.0
1779632351.935524,12.264281511306763,0.7449062507764561,0.009547088018559469,-1.804976830302448,0.75,0.0
1779632351.9810169,12.309774398803711,0.745336599647473,0.010382213989078059,-2.235906674841096,0.75,0.0
1779632352.0323184,12.36107587814331,0.7455630592702178,0.011101571625240197,-2.6292079609608896,0.75,0.0
1779632352.1268535,12.455610990524292,0.7456879231774787,0.01063395704358279,-2.366098599346231,0.75,0.0
1779632352.1405358,12.469293355941772,0.7454252830445847,0.010170146273546512,-2.12970998943198,0.75,0.0
1779632352.2747104,12.60346794128418,0.7450869315194162,0.008613588633866631,-1.3089456736921823,0.75,0.0
1779632352.2850583,12.613815784454346,0.7452328767902368,0.008354560075682721,-1.1778191998235976,0.75,0.0
1779632352.4646764,12.793433904647827,0.7453793248478833,0.008121336128137457,-1.0599569691015494,0.75,0.0
1779632352.473651,12.802408456802368,0.7455905224842129,0.009067746553018865,-1.5704141906085944,0.75,0.0
1779632352.493346,12.822103500366211,0.7457113811724403,0.008763195545570415,-1.4134237558009386,0.75,0.0
1779632352.522797,12.85155463218689,0.7453683403026179,0.007424927754789123,-0.6638498660473278,0.75,0.0
1779632352.602112,12.930869579315186,0.7455223355575308,0.0073251540756098694,-0.5975938475535135,0.75,0.0
1779632352.6178687,12.94662618637085,0.745259085015763,0.0071920513733870406,-0.5376477550966621,0.75,0.0
1779632352.6549375,12.983695030212402,0.744313114874977,0.008217457926592597,-1.0982957940444478,0.75,0.0
1779632352.6975362,13.026293754577637,0.7447481272061931,0.008079810223109798,-0.988753000534301,0.75,0.0
1779632352.747688,13.076445579528809,0.7441151976369229,0.00897064949802466,-1.5001770633263167,0.75,0.0
1779632352.840559,13.169316530227661,0.7439242058348036,0.007611368029588441,-0.7412660690595874,0.75,0.0
1779632352.8547356,13.18349313735962,0.7442177149856853,0.007492057701881724,-0.6666880315923925,0.75,0.0
1779632352.8929856,13.221743106842041,0.7444422201150338,0.007344858861922673,-0.5996669584529014,0.75,0.0
1779632353.0813901,13.410147666931152,0.7446609601122471,0.007212383773049389,-0.5394785972696072,0.75,0.0
1779632353.0975463,13.42630386352539,0.7450472528975243,0.0071750846819957775,-0.485558746145393,0.75,0.0
1779632353.1111088,13.439866304397583,0.7454042777963698,0.007141505239463379,-0.43705659674595077,0.75,0.0
1779632353.2754714,13.604228973388672,0.7455186062946297,0.007029341358796849,-0.3930972593695947,0.75,0.0
1779632353.2882025,13.616960048675537,0.7461939506652345,0.0070131736132227635,-0.35360647719287963,0.75,0.0
1779632353.303735,13.632492542266846,0.7453925101116793,0.007982202207513708,-0.9117905435208743,0.75,0.0
1779632353.3463662,13.675123691558838,0.7455437262253225,0.007826349972142002,-0.8205355220536553,0.75,0.0
1779632353.3611867,13.68994426727295,0.7452226545315532,0.006503036008024306,-0.13057365970939916,0.75,0.0
1779632353.3926985,13.721456050872803,0.7450075443660769,0.006452381849968651,-0.11750946629306652,0.75,0.0
1779632353.470769,13.799526453018188,0.7447585095275918,0.005344812696548641,0.5026084974289389,0.75,0.0
1779632353.559001,13.887758493423462,0.7445964479647134,0.005409908974491177,0.45249470239152156,0.75,0.0
1779632353.5729861,13.901743650436401,0.7447904940199259,0.005470720941095037,0.4074096040268259,0.75,0.0
1779632353.5890324,13.917789936065674,0.7449798984112963,0.005601495130440931,0.36924442595693774,0.75,0.0
1779632353.6566932,13.985450744628906,0.7451737325628665,0.005683860493952202,0.33229775712366133,0.75,0.0
1779632353.6712854,14.000042915344238,0.7453438853196722,0.005678422714106364,0.2990487077916177,0.75,0.0
1779632353.9377136,14.266471147537231,0.7455013851601983,0.005753095374536807,0.2691217844196833,0.75,0.0
1779632353.953367,14.282124519348145,0.7456431583535752,0.005820300558242918,0.242187737194373,0.75,0.0
1779632353.9701927,14.2989501953125,0.7457602416270017,0.005840905218246872,0.21777109126730604,0.75,0.0
1779632354.0023046,14.331062078475952,0.7454728760078295,0.005855675514914933,0.19645603433910072,0.75,0.0
1779632354.0439374,14.372694969177246,0.745617543040622,0.0059126098464498894,0.17679600823588087,0.75,0.0
1779632354.1260242,14.454781770706177,0.7453562908836306,0.00592024907943711,0.15957788878447993,0.75,0.0
1779632354.1403756,14.469133138656616,0.7455501371163077,0.00708712386275087,-0.4729336668805265,0.75,0.0
1779632354.3223207,14.651078224182129,0.7456656945330247,0.006981026908121081,-0.42581697245690664,0.75,0.0
1779632354.335705,14.664462566375732,0.7453971375965179,0.006882096282431577,-0.3829553477525899,0.75,0.0
1779632354.3501937,14.678951263427734,0.7457143877174042,0.006877377754849719,-0.3444315067290916,0.75,0.0
1779632354.4196115,14.748368978500366,0.7458287964627451,0.0067529832744353275,-0.310222404196548,0.75,0.0
1779632354.6028824,14.931639909744263,0.7459364455792198,0.006719912970150966,-0.27904935835450495,0.75,0.0
1779632354.6201634,14.948920965194702,0.7455112633019315,0.007732303189179549,-0.8514829025973658,0.75,0.0
1779632354.6374848,14.96624231338501,0.745324113135953,0.00872789455057843,-1.3687203065629632,0.75,0.0
1779632354.7437007,15.072458267211914,0.7454803319377186,0.008497449743345356,-1.2317291096361034,0.75,0.0
1779632354.7585955,15.087352991104126,0.7453183469947504,0.007154402659827545,-0.5036412372737671,0.75,0.0
1779632354.7731779,15.101935386657715,0.745443832469362,0.007040822516509322,-0.4529508689293113,0.75,0.0
1779632354.810273,15.139030456542969,0.7451463769442868,0.005874441417507252,0.20063220778459584,0.75,0.0
1779632354.8471243,15.17588186264038,0.7453233955165987,0.005929357769024564,0.180634442297246,0.75,0.0
1779632354.9386935,15.267451047897339,0.7460394512626353,0.00598402974772118,0.16247274707361514,0.75,0.0
1779632354.9523692,15.281126737594604,0.7461272844626955,0.0060280168624670845,0.14627453801393536,0.75,0.0
1779632354.9960723,15.324829816818237,0.7461894252527106,0.006103454945464215,0.1340234137326085,0.75,0.0
1779632355.2726526,15.601410150527954,0.7462623345018581,0.006135694540426243,0.1205586907070881,0.75,0.0
1779632355.2860456,15.614803075790405,0.7463236495669614,0.006084963818565491,0.10854636292977733,0.75,0.0
1779632355.3002954,15.629052877426147,0.7455379432197142,0.004981042627622134,0.7230637051704314,0.75,0.0
1779632355.5092938,15.838051319122314,0.7456725696047525,0.005125764590041168,0.6505143487144797,0.75,0.0
1779632355.5295787,15.858336210250854,0.7458234347070727,0.006369452747404786,-0.030425590792738287,0.75,0.0
1779632355.5426934,15.871450901031494,0.746492198311506,0.006460514093168639,-0.02760147899646152,0.75,0.0
1779632355.6065972,15.935354709625244,0.7465681398769494,0.007653630704756302,-0.6418990889559489,0.75,0.0
1779632355.6195042,15.948261737823486,0.7461933511568838,0.0074868545679206665,-0.5770022323297963,0.75,0.0
1779632355.6636367,15.992394208908081,0.7462611590873249,0.007301020572442583,-0.5192629709748329,0.75,0.0
1779632355.7022274,16.03098487854004,0.7458811395070677,0.006028426521595229,0.14089562464512462,0.75,0.0
1779632355.8400183,16.16877579689026,0.7459849578365647,0.006068138991592553,0.126761052466935,0.75,0.0
1779632355.853678,16.182435512542725,0.7460707513843923,0.006064063064113032,0.11382500386632932,0.75,0.0
1779632355.8693142,16.198071718215942,0.7456449187114137,0.007171508510663059,-0.5146328016505033,0.75,0.0
1779632355.900259,16.229016542434692,0.7457696793736652,0.007097133432847633,-0.463316211516266,0.75,0.0
1779632355.9818058,16.310563325881958,0.7454702276034273,0.00698603776889283,-0.4162940374191673,0.75,0.0
1779632355.9979782,16.326735734939575,0.7456112755908721,0.006966856813858595,-0.3730136500016893,0.75,0.0
1779632356.0374293,16.36618685722351,0.745845794858403,0.005796163687917022,0.2823362799448641,0.75,0.0
1779632356.1329522,16.46170973777771,0.7459563325538271,0.005896084400054804,0.25578455329241356,0.75,0.0
1779632356.1449504,16.473707914352417,0.7461815981918547,0.005988885155359132,0.23104574058421376,0.75,0.0
1779632356.187614,16.516371488571167,0.7458956170448489,0.0070806742582608904,-0.3941167868200761,0.75,0.0
1779632356.3641706,16.692928075790405,0.7454990668870518,0.008109272186827936,-0.9618314789970867,0.75,0.0
1779632356.3802931,16.70905065536499,0.7456399039004677,0.00794087205039212,-0.8656693902410191,0.75,0.0
1779632356.3936365,16.72239398956299,0.7457668980243238,0.007789308249834672,-0.7791234956695797,0.75,0.0
1779632356.5133748,16.842132329940796,0.7458813877976891,0.007652898151833057,-0.7012321819555717,0.75,0.0
1779632356.5316772,16.860434770584106,0.7455923429292457,0.007486180537645631,-0.6305030519534522,0.75,0.0
1779632356.5416718,16.870429277420044,0.7457030037569766,0.007340766540786831,-0.567955316620431,0.75,0.0
1779632356.5777903,16.906547784805298,0.7454308815115315,0.007205429792986893,-0.5106385818223426,0.75,0.0
1779632356.615476,16.944233417510986,0.7451267591134383,0.00594424239003009,0.14829946167434827,0.75,0.0
1779632356.8024268,17.131184339523315,0.7453057024372111,0.005992204858018452,0.13352011648938017,0.75,0.0
1779632356.8150783,17.14383578300476,0.7450823690544803,0.005992044804990929,0.12054299803343838,0.75,0.0
1779632356.827373,17.15613055229187,0.7452646700351768,0.006035112373222198,0.10860271022151419,0.75,0.0
1779632356.9366899,17.26544737815857,0.7454290208300551,0.006073919238588589,0.09783096257080978,0.75,0.0
1779632356.949357,17.278114557266235,0.7455728297358974,0.006029826755527704,0.08782590594852621,0.75,0.0
1779632356.9636362,17.292393684387207,0.7452713540051823,0.004964619610012495,0.687318110190681,0.75,0.0
1779632357.2716703,17.600427865982056,0.7454123419371219,0.00514650512594961,0.6208555494632518,0.75,0.0
1779632357.302088,17.630845546722412,0.7455625900101834,0.005274366626701558,0.5587477659115317,0.75,0.0
1779632357.342979,17.671736478805542,0.7456874692665533,0.005349867453404553,0.502517637750603,0.75,0.0
1779632357.3585916,17.68734908103943,0.7454123184363252,0.00545045631024218,0.4541588174219709,0.75,0.0
1779632357.3898096,17.71856713294983,0.745592826029479,0.006664763426806951,-0.20831317338849592,0.75,0.0
1779632357.462764,17.791521549224854,0.7453424152324896,0.0077945020757703674,-0.8051072563092526,0.75,0.0
1779632357.5096934,17.83845090866089,0.7455021596339335,0.007617922109799936,-0.7250699341519135,0.75,0.0
1779632357.545316,17.87407350540161,0.745164356625716,0.008539380184924618,-1.2528062614716031,0.75,0.0
1779632357.5661666,17.89492416381836,0.7453541400483239,0.008287909791185386,-1.127934183735516,0.75,0.0
1779632357.7454824,18.07423996925354,0.7454974038991184,0.008021316765573258,-1.0145615166245388,0.75,0.0
1779632357.7625365,18.091294050216675,0.7456280506925042,0.007781517093999811,-0.9126486051333428,0.75,0.0
1779632357.889899,18.218656539916992,0.7411270622531358,0.0014128436866611268,2.5942550482355076,0.75,0.0
1779632357.9041219,18.232879400253296,0.7413145227406026,0.0007546211426502263,2.9529900466174572,0.75,0.0
1779632357.9163933,18.245150804519653,0.7413321937272341,0.002361258658930464,2.0581281141293135,0.75,0.0
1779632357.9887757,18.317533254623413,0.741882696719142,0.003882480563421685,1.235587337873939,0.75,0.0
1779632358.0025868,18.33134436607361,0.7423774959924444,0.004137011142718269,1.111678311617541,0.75,0.0
1779632358.1285486,18.457306146621704,0.7428245137472121,0.004366048223919652,1.0002314669931818,0.75,0.0
1779632358.1424885,18.471246004104614,0.7432478843270405,0.004609762699740871,0.9016307052495373,0.75,0.0
1779632358.1615422,18.490299701690674,0.743634666792276,0.004751823495120145,0.8112587556666299,0.75,0.0
1779632358.1940043,18.522761821746826,0.7439527190202713,0.004919350298222528,0.7298470693017033,0.75,0.0
1779632358.231135,18.559892416000366,0.7438086893201297,0.005024761135116401,0.6578679719370664,0.75,0.0
1779632358.316697,18.64545440673828,0.743823584378889,0.0041081037186705156,1.1966919857219536,0.75,0.0
1779632358.3317454,18.660502910614014,0.7434482973154345,0.002095209042621158,2.2927214573971666,0.75,0.0
1779632358.3707783,18.699535846710205,0.7437919646096663,0.00358980321175622,1.4546683418185784,0.75,0.0
1779632358.4135745,18.742331981658936,0.7436755548042004,0.0038289502786865415,1.309634840587721,0.75,0.0
1779632358.5120537,18.840811252593994,0.7435876165788059,0.004044601190165248,1.1791463435081684,0.75,0.0
1779632358.5251875,18.853945016860962,0.7439188601949298,0.004282691011339449,1.0611733721934653,0.75,0.0
1779632358.5677948,18.896552324295044,0.7442108561615043,0.004456953695905921,0.9549875902984176,0.75,0.0
1779632358.6530263,18.981783866882324,0.7450362390608902,0.004658376998994165,0.8596466360095588,0.75,0.0
1779632358.6621425,18.99090003967285,0.7452228327468259,0.004835227804225907,0.7735424451199351,0.75,0.0
1779632358.762901,19.09165859222412,0.7453911078240278,0.004994361711235089,0.6960718512835886,0.75,0.0
1779632358.8064942,19.135251760482788,0.7455425953517616,0.005097525959402649,0.6263656646113064,0.75,0.0
1779632358.8911037,19.219861268997192,0.7452514878449175,0.004125670484877728,1.1720276487095163,0.75,0.0
1779632358.9015503,19.230307817459106,0.7450222264634974,0.005427214135018059,0.43904914861287986,0.75,0.0
1779632358.9837136,19.31247115135193,0.7452115765344818,0.0055271195497096255,0.39505611638055804,0.75,0.0
1779632359.000867,19.32962441444397,0.7453777413588734,0.005537256940139644,0.35558663579427535,0.75,0.0
1779632359.0414083,19.370165824890137,0.7455259730161115,0.005585472939621049,0.3202476452056352,0.75,0.0
1779632359.0808465,19.4096040725708,0.7451228572873544,0.005621853529247777,0.290217772373699,0.75,0.0
1779632359.2743244,19.603081941604614,0.7452997698605813,0.005702526652509341,0.2609622001629527,0.75,0.0
1779632359.2886987,19.617456197738647,0.7450460533775575,0.0057311140449195575,0.2353042277199192,0.75,0.0
1779632359.3468366,19.675594091415405,0.744792690942537,0.004616746009423998,0.8200094306783193,0.75,0.0
1779632359.3602386,19.688996076583862,0.7450013197477537,0.004757145025941451,0.7382102664162132,0.75,0.0
1779632359.4600968,19.788854360580444,0.7458817822291763,0.004966194253255666,0.6671943711727811,0.75,0.0
1779632359.475182,19.80393958091736,0.7459848873265569,0.00511218803123762,0.6003927455733425,0.75,0.0
1779632359.4934804,19.822237968444824,0.74663012249864,0.005248164568294293,0.5404671382688659,0.75,0.0
1779632359.5269818,19.85573935508728,0.7461443566705154,0.00648267512021824,-0.11127291189988606,0.75,0.0
1779632359.570652,19.899409532546997,0.7462209977539237,0.006477229948328231,-0.10034163713185235,0.75,0.0
1779632359.7961597,20.12491726875305,0.7462901522667572,0.006472270526891328,-0.09047033989129279,0.75,0.0
1779632359.807133,20.1358904838562,0.7439449834934067,0.01070962718290776,-2.4128194855958935,0.75,0.0
1779632359.824718,20.153475522994995,0.7442345202902885,0.010281388249285314,-2.171557090689899,0.75,0.0
1779632360.086885,20.415642499923706,0.7440203725417669,0.010937466255639537,-2.555163346256921,0.75,0.0
1779632360.0954165,20.424174070358276,0.744300623191726,0.01044683587242569,-2.300336817026039,0.75,0.0
1779632360.1107898,20.439547300338745,0.7446899519898524,0.01008593193744175,-2.069714451765165,0.75,0.0
1779632360.1486523,20.477409839630127,0.7444354519101366,0.008615638041449842,-1.2544974870139498,0.75,0.0
1779632360.1879556,20.51671314239502,0.7446815592977423,0.008396703254591006,-1.1291129609519486,0.75,0.0
1779632360.2311063,20.559863805770874,0.7449035040408936,0.008199637327331458,-1.0162587355254111,0.75,0.0
1779632360.269801,20.59855842590332,0.7452547257934398,0.008062751029590282,-0.9141129024344803,0.75,0.0
1779632360.3188195,20.647577047348022,0.7449298322037261,0.008993083582304304,-1.429872163730942,0.75,0.0
1779632360.3614683,20.690225839614868,0.7439731756055772,0.010854410322015149,-2.4847931320430083,0.75,0.0
1779632360.5088933,20.837650775909424,0.7429117032504859,0.01255821042431229,-3.431757977288073,0.75,0.0
1779632360.5250692,20.853826761245728,0.7432912179878729,0.011945124899839907,-3.0880403332410853,0.75,0.0
1779632360.5409467,20.869704246520996,0.7437309283557263,0.012507545871053332,-3.3952426916038867,0.75,0.0
1779632360.6141407,20.942898273468018,0.7435817913330595,0.012992635717790524,-3.6630052830059032,0.75,0.0
1779632360.6993957,21.02815318107605,0.7434512132496228,0.013428213633017204,-3.9034681453162796,0.75,0.0
1779632360.7135575,21.042315006256104,0.7437427020828407,0.01269028331564191,-3.5133853917255395,0.75,0.0
1779632360.7531958,21.081953287124634,0.7435722445138602,0.01313455384235472,-3.7792867077926866,0.75,0.0
1779632360.840425,21.169182538986206,0.7435367875565312,0.01133064172989555,-2.7978702037672245,0.75,0.0
1779632360.8531835,21.181941032409668,0.743864061874474,0.010840322394661317,-2.5180288715498866,0.75,0.0
1779632360.9356165,21.264374017715454,0.7441607088559337,0.010398963262245743,-2.2661868789560087,0.75,0.0
1779632360.9484336,21.277191162109375,0.7444293925426189,0.01000168947118703,-2.0395411649615403,0.75,0.0
1779632361.037382,21.36613941192627,0.744668252681063,0.009564765814647172,-1.8356955573452869,0.75,0.0
1779632361.0475926,21.376350164413452,0.7448886769411458,0.00925083203311403,-1.652105066013786,0.75,0.0
1779632361.0916524,21.42040991783142,0.7450879633163244,0.008968278200571384,-1.4868818375163722,0.75,0.0
1779632361.1290982,21.457855701446533,0.744786031525019,0.00972885642405472,-1.9453465649433157,0.75,0.0
1779632361.276412,21.605169534683228,0.7444459499829962,0.00931473329126504,-1.7507997451715325,0.75,0.0
1779632361.2958426,21.624600172042847,0.7446891120415526,0.009025811170320265,-1.5757139994699296,0.75,0.0
1779632361.4114063,21.740163803100586,0.744429214267407,0.007605216441842408,-0.800724915910141,0.75,0.0
1779632361.425985,21.75474262237549,0.7446740872407478,0.007447280104159486,-0.7209229409840104,0.75,0.0
1779632361.438876,21.76763343811035,0.7449032708785801,0.007305050674625325,-0.649091184536786,0.75,0.0
1779632361.46185,21.790607452392578,0.7451011350983461,0.007217451898614026,-0.5843858030860518,0.75,0.0
1779632361.4866202,21.815377712249756,0.7452928499433097,0.0070982692508377125,-0.5262404201152528,0.75,0.0
1779632361.5227566,21.851514101028442,0.745450424726013,0.007031394717767191,-0.47383995318251765,0.75,0.0
1779632361.6553519,21.98410940170288,0.7457209638452789,0.007011273649671021,-0.4257754802191253,0.75,0.0
1779632361.6629684,21.99172592163086,0.745839548459163,0.006952854387111634,-0.383321019654041,0.75,0.0
1779632361.680818,22.009575605392456,0.7413732571819824,0.0006649379978344496,3.0711701779908585,0.75,0.0
1779632361.7137005,22.042458057403564,0.7415110069915555,0.0011944779024423919,2.765707230761258,0.75,0.0
1779632361.7509131,22.079670667648315,0.7420367513995012,0.0028327377385107383,1.8726795459080772,0.75,0.0
1779632361.8421664,22.170923948287964,0.7425202802449349,0.003191878251925417,1.6853904153188457,0.75,0.0
1779632361.8519614,22.180718898773193,0.7423238137027116,0.0035010706424643185,1.5225858840027917,0.75,0.0
1779632361.9841905,22.312947988510132,0.7422015426954323,0.0037460674455493128,1.3718734433351027,0.75,0.0
1779632361.998503,22.327260494232178,0.7426513591679932,0.003975238465052457,1.2337568130745138,0.75,0.0
1779632362.0160851,22.344842672348022,0.7430761068068437,0.004220204417799278,1.1103564542939115,0.75,0.0
1779632362.0445957,22.373353242874146,0.740019424898464,-0.0009030582183267265,3.8878576848516153,0.75,0.0
1779632362.084718,22.413475513458252,0.7403063194611621,-0.001328010369084546,4.115932046938861,0.75,0.0
1779632362.1266294,22.455386877059937,0.7394836670604055,0.0004031285801337058,3.1261378065264642,0.75,0.0
1779632362.2749276,22.60368514060974,0.739661100819079,0.0009997162629110379,2.813381668934881,0.75,0.0
1779632362.2853065,22.61406397819519,0.7394776604043651,0.0025959548072785423,1.9456385627770767,0.75,0.0
1779632362.327504,22.656261444091797,0.7397001245254345,0.004127775216618916,1.1346926378633257,0.75,0.0
1779632362.340702,22.669459581375122,0.74040772528929,0.0043571188017972416,1.0211419644101667,0.75,0.0
1779632362.3711858,22.69994330406189,0.741083094496207,0.004524916107417058,0.9185880423088645,0.75,0.0
1779632362.458626,22.787383556365967,0.7416526457463447,0.004714702674071717,0.8266093550719875,0.75,0.0
1779632362.4707582,22.79951572418213,0.7421679289181866,0.004885566937651313,0.7438596134516519,0.75,0.0
1779632362.6016576,22.930415153503418,0.7426656153431053,0.005000438124260767,0.6690067628477848,0.75,0.0
1779632362.614688,22.943445444107056,0.7425267990748102,0.005057268218732526,0.6029705727324589,0.75,0.0
1779632362.6306038,22.95936131477356,0.7420964867556923,0.005105721832154455,0.543848743625197,0.75,0.0
1779632362.7932131,23.121970653533936,0.7422586340514508,0.005157746084066458,0.4874798303779079,0.75,0.0
1779632362.8080256,23.136783123016357,0.7426977845557893,0.005284781122488365,0.4382919738022576,0.75,0.0
1779632362.8209813,23.149738788604736,0.7430981438521341,0.005399068195735518,0.3941161533623209,0.75,0.0
1779632362.8461974,23.174954891204834,0.743512735247986,0.00546198939107128,0.35448715004619513,0.75,0.0
1779632362.8755443,23.204301834106445,0.7438871829988775,0.005597198901366232,0.3196917103095529,0.75,0.0
1779632362.9848027,23.313560247421265,0.7442261879642749,0.005640261819376055,0.2875039489950972,0.75,0.0
1779632363.035482,23.36423945426941,0.7444703038744214,0.0057189971501174905,0.25845205866956455,0.75,0.0
1779632363.0799508,23.408708333969116,0.7442534627499646,0.004603451359625781,0.8432034946072829,0.75,0.0
1779632363.280317,23.609074592590332,0.7440432924386999,0.004767595694198939,0.7442988478467752,0.75,0.0
1779632363.304616,23.633373498916626,0.7433782613558664,0.0059876464986727395,0.0608902618964375,0.75,0.0
1779632363.3420854,23.67084288597107,0.743728714788054,0.0060318424517565765,0.05451965790917544,0.75,0.0
1779632363.3673203,23.696077823638916,0.7436276319438914,0.006027670910813734,0.04944186073023723,0.75,0.0
1779632363.3842394,23.71299695968628,0.7439518283972073,0.005987601216673458,0.044621795585811044,0.75,0.0
1779632363.466425,23.795182466506958,0.7442480751717722,0.006031542606526199,0.040030395860711006,0.75,0.0
1779632363.507218,23.835975408554077,0.744112733853799,0.00602759583076274,0.036300622041422884,0.75,0.0
1779632363.5223086,23.85106611251831,0.7443934594047563,0.00606732641405809,0.03266292193275425,0.75,0.0
1779632363.697287,24.026044607162476,0.7446341527616269,0.0060630569103760365,0.029285548425675385,0.75,0.0
1779632363.7108006,24.039558172225952,0.7448623335770574,0.00609939876271861,0.026258958855505502,0.75,0.0
1779632363.7288384,24.05759596824646,0.7446672201485962,0.006088403896546858,0.02405777401783185,0.75,0.0
1779632363.762143,24.090900421142578,0.7445030690634649,0.006078657886754726,0.021993769489346646,0.75,0.0
1779632363.8381252,24.166882753372192,0.7442817382283999,0.004952098314910211,0.6374782590122535,0.75,0.0
1779632363.8546996,24.183457136154175,0.7445762768938626,0.006215640234438501,-0.042704118487137184,0.75,0.0
1779632363.9355528,24.264310359954834,0.7442888529341458,0.007307891582778896,-0.6553799131158929,0.75,0.0
1779632363.9481654,24.276922941207886,0.7445509661541507,0.007219735620425763,-0.5899237771824821,0.75,0.0
1779632364.0381494,24.366906881332397,0.7443354816235732,0.005979399269903554,0.08659512669269583,0.75,0.0
1779632364.1281266,24.456884145736694,0.7440856008423073,0.007117977892705515,-0.529157760279263,0.75,0.0
1779632364.1410165,24.46977400779724,0.7443674314184787,0.007048920382930494,-0.476379209238217,0.75,0.0
1779632364.1605194,24.489276885986328,0.7446715222926076,0.008103095811753051,-1.0454441624738149,0.75,0.0
1779632364.2284167,24.55717420578003,0.7448940694949213,0.007935453046012604,-0.9409824958625561,0.75,0.0
1779632364.2379665,24.566724061965942,0.7446908792577225,0.007740548707657405,-0.8462152376241474,0.75,0.0
1779632364.4601116,24.78886914253235,0.7444487729484603,0.006448350539399149,-0.14421808476477377,0.75,0.0
1779632364.4744124,24.80316996574402,0.7446953593486797,0.006446151516170691,-0.1298860368330936,0.75,0.0
1779632364.4873219,24.81607937812805,0.7449161814535679,0.006404355112688326,-0.11723044044207162,0.75,0.0
1779632364.5039032,24.832660675048828,0.7451148406046019,0.0064066443486704445,-0.10564561916578007,0.75,0.0
1779632364.564656,24.893413543701172,0.7441051751799349,0.0063145856285436505,-0.09143938674407555,0.75,0.0
1779632364.7509065,25.0796639919281,0.7445481123121682,0.0063663923244013645,-0.0818981572433076,0.75,0.0
1779632364.7616787,25.090436220169067,0.7447842074296052,0.00637206217147647,-0.07361049690348737,0.75,0.0
1779632364.7806566,25.109414100646973,0.7444927984006964,0.007471700872023633,-0.6734992077128988,0.75,0.0
1779632364.8871381,25.215895652770996,0.7447112407949905,0.0073272784049112204,-0.6063736027734212,0.75,0.0
1779632364.9028091,25.231566667556763,0.7444363689342371,0.008331177331211886,-1.1528657981259374,0.75,0.0
1779632364.9168642,25.24562168121338,0.7446829209835929,0.008140589305935345,-1.037596179952006,0.75,0.0
1779632365.1259987,25.454756259918213,0.7449996666682897,0.006853321947554254,-0.31629001814829777,0.75,0.0
1779632365.1404643,25.469221830368042,0.7451915719985985,0.006810492499856466,-0.2846755668226895,0.75,0.0
1779632365.1564012,25.485158681869507,0.7449726901481524,0.006728687016693885,-0.25596974822014107,0.75,0.0
1779632365.2316034,25.5603609085083,0.7441617335804913,0.005470351001699819,0.377886225374963,0.75,0.0
1779632365.3232682,25.65202569961548,0.7444269884392095,0.005525482974757246,0.3401750949982792,0.75,0.0
1779632365.3345673,25.66332483291626,0.7447931182554959,0.004499360989244821,0.9239264351866692,0.75,0.0
1779632365.3477523,25.676509857177734,0.7450030024213612,0.0046512787662495985,0.8318831682615434,0.75,0.0
1779632365.382271,25.711028575897217,0.7451920533424867,0.00482900611532879,0.7484459959527731,0.75,0.0
1779632365.4254184,25.754175901412964,0.7453627045220654,0.004988897858934037,0.6733972565211476,0.75,0.0
1779632365.4620414,25.790798902511597,0.7455451611548838,0.006246649268854193,-0.009966818623982318,0.75,0.0
1779632365.506473,25.835230588912964,0.7456817095378774,0.006264779546694228,-0.009152377424739821,0.75,0.0
1779632365.5546186,25.883376121520996,0.7453671253055356,0.005119234873506323,0.6098122077549457,0.75,0.0
1779632365.5989938,25.927751302719116,0.7456542828473082,0.005290972628908954,0.5488949842429834,0.75,0.0
1779632365.6956992,26.02445673942566,0.7463367431036628,0.005409193826484152,0.4940684661131748,0.75,0.0
1779632365.7090821,26.037839651107788,0.746951108236949,0.005515622981851065,0.44470883279947837,0.75,0.0
1779632365.74769,26.07644748687744,0.7469820455778897,0.006723110641695882,-0.21637551775136668,0.75,0.0
1779632365.7942169,26.122974395751953,0.745113194908064,0.004510733355979204,0.9582445425104992,0.75,0.0
1779632365.8417454,26.17050290107727,0.7452915774842598,0.004701800084338136,0.8625862797432499,0.75,0.0
1779632365.8860505,26.214807987213135,0.7454525604946899,0.004873833187211765,0.7764592463774503,0.75,0.0
1779632365.9313724,26.260129928588867,0.745217488093983,0.00498605555796473,0.6989694961694376,0.75,0.0
1779632365.9849172,26.313674688339233,0.7453806007013294,0.005050733328824711,0.6288301082681774,0.75,0.0
1779632366.029086,26.35784363746643,0.7455024995441497,0.005147168264248642,0.5662836299864794,0.75,0.0
1779632366.2738025,26.60256004333496,0.7456436086197613,0.005274825494332146,0.509710298062427,0.75,0.0
1779632366.2875042,26.61626172065735,0.745754086684227,0.005349285305762081,0.4589216847622624,0.75,0.0
1779632366.3043914,26.633148908615112,0.7458702756369971,0.005456960240042608,0.4129550458083092,0.75,0.0
1779632366.3514543,26.680211782455444,0.7456074279640844,0.006709071092524266,-0.24685120059030405,0.75,0.0
1779632366.3767285,26.705486059188843,0.7458919744432762,0.006639367291089882,-0.22011841190591946,0.75,0.0
1779632366.4195282,26.74828577041626,0.7459934849053074,0.006617583280839019,-0.19791557048364233,0.75,0.0
1779632366.4295006,26.75825810432434,0.7466773590542638,0.007736009642336387,-0.804298764515793,0.75,0.0
1779632366.5093267,26.83808422088623,0.7461312276774337,0.007555814976603554,-0.7209882273972167,0.75,0.0
1779632366.5219147,26.850672245025635,0.7462093978969094,0.00744273045663233,-0.6488976022613131,0.75,0.0
1779632366.601973,26.93073058128357,0.7462798875502601,0.007340957026315132,-0.5840184544060852,0.75,0.0
1779632366.647164,26.975921630859375,0.7465007985046067,0.007290503292230052,-0.5254605020697863,0.75,0.0
1779632366.7449567,27.07371425628662,0.7465417329602128,0.007203784229272789,-0.47282359933844353,0.75,0.0
1779632366.7602816,27.089039087295532,0.7461963164916957,0.007191965467517197,-0.44232924845181654,0.75,0.0
1779632366.7729173,27.101674795150757,0.7462665913826672,0.007114920920870186,-0.3978939795751638,0.75,0.0
1779632366.8425078,27.171265363693237,0.7465044701954914,0.007087163007526292,-0.35804022404942226,0.75,0.0
1779632366.8559768,27.184734344482422,0.7465053559143517,0.006980660900624717,-0.3221161917867157,0.75,0.0
1779632366.8951252,27.2238826751709,0.7462593155591958,0.0057894041267936265,0.31502663613661314,0.75,0.0
1779632367.0291538,27.357911348342896,0.7463227702369558,0.005852458575172456,0.283785014831426,0.75,0.0
1779632367.0456915,27.374449014663696,0.7463803781350272,0.005909306902883462,0.25561472930549756,0.75,0.0
1779632367.099367,27.42812442779541,0.7464282956529515,0.005881650806972242,0.22983922569167037,0.75,0.0
1779632367.172229,27.500986576080322,0.7464760821839103,0.0059356654013586465,0.2070197070480739,0.75,0.0
1779632367.1861253,27.514882802963257,0.7464936987143772,0.005944104722959382,0.18644594973017647,0.75,0.0
1779632367.2280786,27.556836128234863,0.7465362500950063,0.005992155139978238,0.16781029292094915,0.75,0.0
1779632367.2689414,27.59769892692566,0.7462183759320877,0.007190863959292385,-0.467581688510427,0.75,0.0
1779632367.318012,27.646769523620605,0.7464984553192685,0.008292701055847902,-1.0493667958391526,0.75,0.0
1779632367.4626718,27.79142928123474,0.7465368278542402,0.008105526109002703,-0.9441558114784129,0.75,0.0
1779632367.476654,27.80541157722473,0.7467483724334611,0.007978897247470718,-0.8498899022313335,0.75,0.0
1779632367.4914181,27.820175647735596,0.7459122878525014,0.00887973356400918,-1.3750506080076395,0.75,0.0
1779632367.5608847,27.889642238616943,0.7465611097232401,0.008639884841823235,-1.237758627527264,0.75,0.0
1779632367.6024597,27.931217193603516,0.7465472456695912,0.008377731777264035,-1.1133110055184672,0.75,0.0
1779632367.6190264,27.947783946990967,0.746207187550911,0.008139925331539672,-1.0023338324808633,0.75,0.0
1779632367.696202,28.024959564208984,0.7464571926063744,0.008010071332009434,-0.9024182778107853,0.75,0.0
1779632367.7107606,28.039518117904663,0.747053277308562,0.007857102294072197,-0.8124152527060708,0.75,0.0
1779632367.7940896,28.122847080230713,0.7470343885682804,0.00771322867424051,-0.7307300154088908,0.75,0.0
1779632367.8068764,28.135633945465088,0.7464411377317173,0.007576498464115037,-0.6562540405365701,0.75,0.0
1779632367.8878415,28.216598987579346,0.7464208431331958,0.007495120628186978,-0.5867549769027066,0.75,0.0
1779632367.900828,28.22958540916443,0.7464240015464828,0.007347769036980913,-0.5278323304835177,0.75,0.0
1779632367.9411488,28.269906282424927,0.7458991162326705,0.007210568033906901,-0.4748988015648771,0.75,0.0
1779632367.983617,28.312374591827393,0.7460007733933891,0.007131932123330663,-0.4273747268307415,0.75,0.0
1779632368.1740973,28.502854824066162,0.7455941189007591,0.008155428966323645,-0.9917864346702638,0.75,0.0
1779632368.186106,28.51486349105835,0.7458860419790247,0.008023654664098604,-0.8925713434754674,0.75,0.0
1779632368.2043955,28.53315305709839,0.7459873650299415,0.00786357559939424,-0.8031820842551122,0.75,0.0
1779632368.2371461,28.565903663635254,0.7457578407941361,0.008797338814405257,-1.3418216587536722,0.75,0.0
1779632368.3635936,28.69235110282898,0.745357572078351,0.009601924587727751,-1.8079008129393104,0.75,0.0
1779632368.3758967,28.704654216766357,0.7455089392190128,0.00928415638565325,-1.6270153055259569,0.75,0.0
1779632368.3956196,28.724377155303955,0.745166301470502,0.010013190810175088,-2.0715258142217237,0.75,0.0
1779632368.504642,28.833399534225464,0.7453355549361209,0.009654365641384798,-1.8642961214508982,0.75,0.0
1779632368.5207124,28.849469900131226,0.7454890470015133,0.009331415168917074,-1.6778084490735246,0.75,0.0
1779632368.5364945,28.865252017974854,0.7456116286753163,0.009000676424318992,-1.5100588466687461,0.75,0.0
1779632368.599873,28.928630590438843,0.7457392218019359,0.008743270121028233,-1.359125014995573,0.75,0.0
1779632368.6133995,28.94215703010559,0.7449907484807965,0.007301395700025408,-0.6025184664402046,0.75,0.0
1779632368.8064396,29.135197162628174,0.7451802909996003,0.007214256934511131,-0.5425318255889767,0.75,0.0
1779632368.820581,29.149338483810425,0.7453515240037285,0.0071357376064157445,-0.4884992107513868,0.75,0.0
1779632368.888893,29.217650413513184,0.7448335074525332,0.007054819142012042,-0.4365845436601836,0.75,0.0
1779632368.9437308,29.272488355636597,0.7450418693249314,0.006991802601272243,-0.3929184809823519,0.75,0.0
1779632369.032334,29.36109161376953,0.7452294517397349,0.0069350967316545034,-0.35362447075345793,0.75,0.0
1779632369.1277676,29.456525087356567,0.7445164123772163,0.007939769391709924,-0.9275078572224811,0.75,0.0
1779632369.1386454,29.467402935028076,0.7442957599129256,0.006605254884088065,-0.22689130250533407,0.75,0.0
1779632369.2902083,29.61896586418152,0.7451141920308162,0.00659238361883686,-0.20432345971412366,0.75,0.0
1779632369.3652039,29.69396138191223,0.7454608813022472,0.006617312995408842,-0.1840297789029816,0.75,0.0
1779632369.3810077,29.709765195846558,0.745604911027625,0.006597672737365272,-0.1653991989911032,0.75,0.0
1779632369.398103,29.726860523223877,0.74590008469431,0.006539569810087915,-0.14708007244872323,0.75,0.0
1779632369.5073357,29.836093187332153,0.745632768293917,0.006485589393638385,-0.13257075338416677,0.75,0.0
1779632369.5179067,29.84666419029236,0.7457558834546795,0.00647877105641239,-0.1188775043365015,0.75,0.0
1779632369.5370345,29.86579203605652,0.7458677545003177,0.006472780731303994,-0.10664127390999406,0.75,0.0
1779632369.6483839,29.97714138031006,0.7454904510713906,0.005306355584915601,0.5220607934852951,0.75,0.0
1779632369.6634552,29.992212772369385,0.7461886814814669,0.00542343087174935,0.4696867830922212,0.75,0.0
1779632407.984729,0.2309582233428955,0.9985422853054655,0.027165183507628275,-0.04489330279222814,1.0,0.0
1779632408.0052156,0.25144481658935547,0.998372080996906,0.027180843030243387,-0.03655978424074957,1.0,0.0
1779632408.0213838,0.26761293411254883,0.9987556255935123,0.027163519763946507,-0.032868526171233654,1.0,0.0
1779632408.0502248,0.29645395278930664,0.9991015475283329,0.02714794648533044,-0.029557245260985313,1.0,0.0
1779632408.1318676,0.3780968189239502,0.9994134700653947,0.027133944874417414,-0.026585840898676754,1.0,0.0
1779632408.141084,0.3873131275177002,0.9996946805391653,0.027121355064868034,-0.02391863345007816,1.0,0.0
1779632408.315947,0.5621762275695801,0.9972183567453946,0.027112440736882664,-0.007224145545566544,1.0,0.0
1779632408.3288937,0.5751228332519531,0.9975518974009545,0.025071623365131912,1.124425570641768,1.0,0.0
1779632408.3471177,0.5933468341827393,0.9976209477661138,0.02529776625023463,1.018449250176159,1.0,0.0
1779632408.4199934,0.6662225723266602,0.9991122851309384,0.025606051951877314,0.9166375100207663,1.0,0.0
1779632408.43698,0.6832091808319092,0.9989035657018434,0.02577894319099328,0.8285236998577451,1.0,0.0
1779632408.4687405,0.7149696350097656,0.9988598042772683,0.025935852110670867,0.7517275408657248,1.0,0.0
1779632408.5592575,0.8054866790771484,0.9991964664904157,0.026043036480865075,0.6765618380580659,1.0,0.0
1779632408.5688272,0.815056324005127,0.9989669753152589,0.026171637015436167,0.6126104828364332,1.0,0.0
1779632408.610739,0.8569681644439697,0.9989324708172347,0.026290271663543977,0.5570664195429307,1.0,0.0
1779632408.6476936,0.8939228057861328,0.999262974109671,0.02636206735266431,0.5013509111962385,1.0,0.0
1779632408.699331,0.9455602169036865,0.999017362683996,0.026458334275137805,0.4550590915378552,1.0,0.0
1779632408.8390393,1.085268497467041,0.9989888179689683,0.026548975855298654,0.4150038883913192,1.0,0.0
1779632408.854308,1.1005370616912842,0.9993141905447842,0.026594923186514727,0.37348651161193414,1.0,0.0
1779632408.8685281,1.1147572994232178,0.9996070924561202,0.02663627776511789,0.33612015003280427,1.0,0.0
1779632408.9024568,1.1486859321594238,0.9995650357366231,0.02671121896485915,0.30694798087984065,1.0,0.0
1779632409.1740375,1.4202666282653809,0.9998318339343318,0.02674090822620771,0.2762499588874605,1.0,0.0
1779632409.1913707,1.4375998973846436,1.0003649503115586,0.028928885083700423,-0.8928616137250174,1.0,0.0
1779632409.2036586,1.449887752532959,0.999968881191707,0.02876685877556115,-0.7989127662946647,1.0,0.0
1779632409.2449534,1.491182565689087,1.000195444267219,0.028591044542476317,-0.7190436084687759,1.0,0.0
1779632409.2631102,1.5093393325805664,1.0000883495639314,0.028471345490094037,-0.6432542696090692,1.0,0.0
1779632409.3223593,1.5685884952545166,0.9997199463363128,0.028355049864569378,-0.5742659476618039,1.0,0.0
1779632409.3329468,1.5791759490966797,0.9997990200414169,0.026188603285470558,0.6134363717557673,1.0,0.0
1779632409.4094534,1.6556825637817383,1.0000429989381994,0.026270574238054678,0.5520806536795055,1.0,0.0
1779632409.4241586,1.6703877449035645,1.0002627174949397,0.026344352934782923,0.4968589344950022,1.0,0.0
1779632409.4660194,1.7122485637664795,1.0004605756126064,0.026410757573733644,0.44715807780377786,1.0,0.0
1779632409.508231,1.754460096359253,1.0003314735717599,0.026508024442674694,0.4070170110913965,1.0,0.0
1779632409.552849,1.7990782260894775,1.0005216414006752,0.02655804298892942,0.3663047464336194,1.0,0.0
1779632409.5996027,1.8458318710327148,1.0006930374733516,0.02660306654692871,0.32966216015985556,1.0,0.0
1779632409.7458477,1.9920768737792969,1.0008474924147701,0.0266435931834374,0.29668245836837565,1.0,0.0
1779632409.759046,2.005275249481201,1.0009866626305157,0.026680071465165607,0.2669995260724555,1.0,0.0
1779632409.7761333,2.022362470626831,1.00111204604905,0.02671290534116152,0.2402838505716211,1.0,0.0
1779632409.9300268,2.176255941390991,1.0009427202082577,0.026781207293397138,0.22014885205647455,1.0,0.0
1779632409.9420135,2.1882426738739014,1.0010694621805774,0.026803804866616446,0.19817621993282017,1.0,0.0
1779632409.959734,2.205963134765625,1.0011842121220718,0.026824169297473374,0.17838961478963797,1.0,0.0
1779632409.9760025,2.22223162651062,1.0012880396585118,0.026842518651699707,0.16057235510569665,1.0,0.0
1779632410.008334,2.254563093185425,1.0007075329890271,0.028846386607465045,-0.9743264551038203,1.0,0.0
1779632410.0396547,2.285883903503418,1.0005928273252283,0.02870283719995983,-0.8743571803684074,1.0,0.0
1779632410.171018,2.4172470569610596,1.0002763850216918,0.026506631520203792,0.36659554921599574,1.0,0.0
1779632410.1842234,2.430452585220337,1.0002566486902784,0.026598316741512338,0.33246727927868314,1.0,0.0
1779632410.200509,2.4467382431030273,0.9995680057507403,0.02467497148847629,1.4133958530489497,1.0,0.0
1779632410.4101036,2.6563327312469482,0.9996000334313385,0.02494860940574767,1.2759460895739605,1.0,0.0
1779632410.427206,2.6734352111816406,1.0008811161419122,0.02518255988778821,1.148321170090193,1.0,0.0
1779632410.4380517,2.6842808723449707,1.0007965356556145,0.025406247031009393,1.03683996693302,1.0,0.0
1779632410.513446,2.7596752643585205,1.0007392453314923,0.025608492568294963,0.9359872241748286,1.0,0.0
1779632410.527873,2.774102210998535,1.0001621377601821,0.025771820032392638,0.8493202414477836,1.0,0.0
1779632410.5648832,2.811112403869629,1.0001507475380533,0.025936717398375136,0.7674394363173769,1.0,0.0
1779632410.648243,2.894472122192383,0.9996471911327789,0.028031337845673333,-0.4302904311731907,1.0,0.0
1779632410.6680837,2.9143128395080566,0.9998909328414372,0.027928425988263204,-0.38678859028625906,1.0,0.0
1779632410.845924,3.0921530723571777,1.0011464577252733,0.027973333631567024,-0.34773798789722,1.0,0.0
1779632410.8543744,3.1006035804748535,1.0010331548511853,0.02791830997641935,-0.31096173609600675,1.0,0.0
1779632410.8731823,3.1194114685058594,1.0011363775180493,0.027826618986802824,-0.2793700899954547,1.0,0.0
1779632410.9064791,3.1527082920074463,1.0010355222592275,0.027786681125617444,-0.24963344814751637,1.0,0.0
1779632410.9239445,3.1701736450195312,1.0011338444076496,0.027707967886042625,-0.22406679695008963,1.0,0.0
1779632411.0265715,3.2728006839752197,1.001226649129636,0.027637291808059405,-0.2011816218737705,1.0,0.0
1779632411.0431976,3.289426803588867,1.0013136697352136,0.027573819065542855,-0.18068434205837716,1.0,0.0
1779632411.0587065,3.3049356937408447,1.0007310298998604,0.029504697818619918,-1.2825783683536383,1.0,0.0
1779632411.1789017,3.425130844116211,1.0002287341409617,0.029282916593181618,-1.147474042637177,1.0,0.0
1779632411.1917582,3.4379873275756836,1.0004264334985165,0.02905537319613817,-1.0326250128700978,1.0,0.0
1779632411.229717,3.4759461879730225,1.000418303596445,0.026818062047335937,0.2016108838063955,1.0,0.0
1779632411.2472005,3.493429660797119,1.0016326378586708,0.026974471315026807,0.18145368779046248,1.0,0.0
1779632411.3126788,3.558907985687256,1.001692737805587,0.026977835760960526,0.163307777727438,1.0,0.0
1779632411.3634846,3.6097137928009033,1.001474763041842,0.02702008928396596,0.15060469632986878,1.0,0.0
1779632411.3772385,3.6234676837921143,1.0025800451816291,0.027156155757883133,0.1356200597529843,1.0,0.0
1779632411.41627,3.662499189376831,1.0035757372186658,0.027278653032668687,0.12211622605756939,1.0,0.0
1779632411.460275,3.7065041065216064,1.0034395279899078,0.027251516391964787,0.10994826950787118,1.0,0.0
1779632411.5564342,3.8026633262634277,1.0027159830036216,0.027256364993666696,0.10403019942452746,1.0,0.0
1779632411.5712855,3.817514657974243,1.0021066308837667,0.027262446330942068,0.09776388705608081,1.0,0.0
1779632411.6140037,3.8602328300476074,1.00178860386377,0.02727387016092422,0.0928924727819432,1.0,0.0
1779632411.6572747,3.903503894805908,1.0012689190954513,0.027278071942643718,0.08780956401652917,1.0,0.0
1779632411.7910392,4.037268400192261,1.002398500422108,0.027388480258701473,0.07903617763576566,1.0,0.0
1779632411.80267,4.048899173736572,1.0023822640968665,0.02735044366043841,0.07113480138406175,1.0,0.0
1779632411.8216643,4.0678935050964355,1.001695987376403,0.029302568277521628,-1.0541727383082526,1.0,0.0
1779632412.091263,4.337492227554321,1.0014289796797151,0.029111761297591417,-0.9448187659073475,1.0,0.0
1779632412.101626,4.347855091094971,1.0015090913198466,0.028901418614902356,-0.850331781738428,1.0,0.0
1779632412.1177244,4.363953590393066,1.0015814948755795,0.028712112877180222,-0.7652988234752911,1.0,0.0
1779632412.1441019,4.390331029891968,1.0014682532095796,0.026509498767278417,0.4417750609315246,1.0,0.0
1779632412.1871557,4.433384895324707,1.0015455627264938,0.026559400797661843,0.39757563444159405,1.0,0.0
1779632412.2664776,4.512706756591797,1.001615230595681,0.026604313332840118,0.3577964084769776,1.0,0.0
1779632412.2796836,4.525912761688232,1.0016780040147482,0.02664473513743932,0.3219952891307228,1.0,0.0
1779632412.3762763,4.62250542640686,1.0017345586851,0.02668111514841262,0.2897744126556077,1.0,0.0
1779632412.4239757,4.6702048778533936,1.0012188656076026,0.02674455459199317,0.26504391550033446,1.0,0.0
1779632412.465281,4.711510181427002,1.000993811120901,0.02680774489121458,0.24344522694462595,1.0,0.0
1779632412.744759,4.990988254547119,1.0011188102687472,0.026827822174413787,0.2190805205415088,1.0,0.0
1779632412.7656124,5.011841535568237,1.001220920975221,0.0268458405217201,0.1970164409785662,1.0,0.0
1779632412.775144,5.021373271942139,1.0010329731292593,0.026901455152251775,0.18083353011056308,1.0,0.0
1779632412.808717,5.054946184158325,1.0019834671014047,0.02486586592041267,1.3175642466777415,1.0,0.0
1779632412.9886305,5.2348597049713135,1.001891348375231,0.023048402727820855,2.316676141446915,1.0,0.0
1779632412.9976392,5.243868350982666,1.0011798891502157,0.02543011017568147,0.966599918991026,1.0,0.0
1779632413.0152695,5.261498689651489,1.0012839348741012,0.025588008377229344,0.8698560880160227,1.0,0.0
1779632413.0542524,5.300481557846069,1.0013780643179366,0.025730108620765347,0.782799847380523,1.0,0.0
1779632413.1802008,5.426429986953735,1.001463176351768,0.02585799164398784,0.7044595827493028,1.0,0.0
1779632413.1897662,5.43599534034729,1.0015400975766013,0.02597308009565221,0.6339614774708472,1.0,0.0
1779632413.2344825,5.4807116985321045,1.0010310804731062,0.026107537000560153,0.5746493847301951,1.0,0.0
1779632413.2521453,5.4983744621276855,1.001151699236266,0.026197569678125893,0.5171962307715822,1.0,0.0
1779632413.3643017,5.610530853271484,1.0005776601658174,0.028265665274314025,-0.6529847483710437,1.0,0.0
1779632413.3785508,5.624779939651489,1.0017767262378288,0.028277319160430137,-0.5876735888081883,1.0,0.0
1779632413.392484,5.638713121414185,1.0028560500042714,0.028287816376601587,-0.5289001381139491,1.0,0.0
1779632413.4594514,5.70568060874939,1.0038275744804024,0.028297271071991134,-0.4760093229075431,1.0,0.0
1779632413.4722862,5.718515396118164,1.0033601333671303,0.028205671636912965,-0.42379020584804045,1.0,0.0
1779632413.5187392,5.764968395233154,1.003247515383838,0.028085978853677192,-0.38143511435766614,1.0,0.0
1779632413.5988195,5.845048666000366,1.0029796649937561,0.025945860515865504,0.787379321942526,1.0,0.0
1779632413.612949,5.859178066253662,1.0026276925169126,0.02608991789564246,0.713279994300428,1.0,0.0
1779632413.6508615,5.897090673446655,1.0024519451837166,0.024149345583049164,1.7731843655169257,1.0,0.0
1779632413.7467153,5.9929444789886475,1.0021745493534375,0.024473774353278587,1.600755159122395,1.0,0.0
1779632413.76061,6.006839275360107,1.0021692317314919,0.024726981828870287,1.4405048643360874,1.0,0.0
1779632413.799075,6.0453040599823,1.0019401424029992,0.024994965667913063,1.3006131002636867,1.0,0.0
1779632413.8403063,6.086535453796387,1.0019543262285182,0.02519583669542583,1.1704422170575528,1.0,0.0
1779632413.8866804,6.132909536361694,1.001970206881402,0.02537673224594545,1.0533241071878934,1.0,0.0
1779632413.9822161,6.228445291519165,1.001769509010753,0.025580400147674046,0.9515707494415062,1.0,0.0
1779632413.9982321,6.244461297988892,1.0008652786896621,0.027783433283452477,-0.28135702707877275,1.0,0.0
1779632414.1782572,6.424486398696899,1.0009786538201655,0.02770507963560352,-0.2526137089331791,1.0,0.0
1779632414.190765,6.4369940757751465,1.0002024685186222,0.025671827664222602,0.8869930677189067,1.0,0.0
1779632414.207102,6.453331232070923,1.0003985831184865,0.025805272404022524,0.7982759985451597,1.0,0.0
1779632414.2251291,6.471358299255371,1.0016097439790714,0.02606283671355153,0.7184365386534085,1.0,0.0
1779632414.2582152,6.504444360733032,1.0010518388839762,0.026185947975470532,0.6517328136077654,1.0,0.0
1779632414.3187757,6.565004825592041,1.0006943623211348,0.024238403061289035,1.7416887953584437,1.0,0.0
1779632414.3352585,6.581487655639648,1.0008416669769187,0.024515270491328366,1.5674144354986028,1.0,0.0
1779632414.410696,6.656925201416016,1.000869465249891,0.022732944489629228,2.5416944419827745,1.0,0.0
1779632414.4226005,6.668829679489136,1.0009958300693886,0.0231602594980518,2.287383906081084,1.0,0.0
1779632414.4623876,6.708616733551025,1.000515911620502,0.02357420901017518,2.063211695855738,1.0,0.0
1779632414.5659606,6.812189817428589,1.0006830874676216,0.023917504431021915,1.8568723619134966,1.0,0.0
1779632414.6059258,6.852154970169067,1.0008346546594773,0.024226507393130554,1.6711664124219323,1.0,0.0
1779632414.6947138,6.940943002700806,1.000971963455678,0.024504637170145623,1.5040306135603103,1.0,0.0
1779632414.7071283,6.953357458114624,1.0010962690738128,0.024754973795922466,1.3536080349464579,1.0,0.0
1779632414.7472496,6.993478775024414,1.0011007356462398,0.022951688149005882,2.34858633803311,1.0,0.0
1779632414.7949228,7.041152000427246,1.001207707252889,0.023357177092174976,2.1137069994895774,1.0,0.0
1779632414.8892653,7.1354944705963135,1.0005710248283104,0.02570847444199952,0.7839632635393045,1.0,0.0
1779632414.8999355,7.146164655685425,1.000439692122024,0.025877492030120353,0.7093653710171741,1.0,0.0
1779632414.9394648,7.185693979263306,1.0000235337156087,0.026018580076506252,0.6440704761758183,1.0,0.0
1779632414.988151,7.23438024520874,0.9996894223745443,0.026147611394206093,0.5843881309082527,1.0,0.0
1779632415.0285783,7.274807453155518,0.9998055944702952,0.024202689953717528,1.6561315622847095,1.0,0.0
1779632415.1791437,7.425372838973999,1.0000442457286454,0.024483119576928145,1.4904958740577359,1.0,0.0
1779632415.2052672,7.451496362686157,1.0002600565271427,0.024735543885270293,1.3414268170369406,1.0,0.0
1779632415.2711487,7.517377853393555,1.0003416120445727,0.02293214454337328,2.337500299593766,1.0,0.0
1779632415.2874768,7.533705949783325,0.9999896961240635,0.023371448023357787,2.108195182074876,1.0,0.0
1779632415.361977,7.608206272125244,1.0002045827102433,0.023734642297574104,1.897381944298553,1.0,0.0
1779632415.376294,7.622523069381714,1.0004000219907345,0.02406163540968958,1.7076549268555419,1.0,0.0
1779632415.3951135,7.641342639923096,1.000577571146553,0.024356019505919944,1.5369018407293347,1.0,0.0
1779632415.4279313,7.674160480499268,1.0007387051692858,0.024621034321316945,1.3832230651328865,1.0,0.0
1779632415.4701467,7.716375827789307,1.0008848111459472,0.024859600725132595,1.2449099056073594,1.0,0.0
1779632415.649185,7.895414113998413,1.001017185750322,0.02507435134290005,1.1204251713463234,1.0,0.0
1779632415.6599486,7.906177759170532,1.001137035123804,0.02526765843613489,1.0083857973723351,1.0,0.0
1779632415.6992774,7.945506572723389,1.0009196806458236,0.025478004658686354,0.9126851713099116,1.0,0.0
1779632415.716083,7.9623122215271,1.0010510144822535,0.025631045386675953,0.8213939294025325,1.0,0.0
1779632415.758348,8.004577159881592,1.0022025544826887,0.025906200005437238,0.739232281164616,1.0,0.0
1779632415.8399513,8.086180448532104,1.003239141003546,0.026153841807809122,0.6652871372471002,1.0,0.0
1779632415.883012,8.129241228103638,1.003004795822837,0.024207551189368452,1.7292215586467605,1.0,0.0
1779632416.0285969,8.274826049804688,1.0024731059025767,0.022457617861778172,2.712146339012565,1.0,0.0
1779632416.0411134,8.287342548370361,1.0024377686957693,0.022912379055059766,2.440795834413234,1.0,0.0
1779632416.0620253,8.308254480361938,1.0024083639580579,0.023321757818720916,2.196609300550843,1.0,0.0
1779632416.176083,8.422312259674072,1.002383843104533,0.0236902662852615,1.9768629223819019,1.0,0.0
1779632416.1911485,8.437377691268921,1.0033964407742162,0.02415938692693064,1.779107196204867,1.0,0.0
1779632416.4119375,8.658166646957397,1.0032759621594929,0.024444216177039912,1.6011389911061544,1.0,0.0
1779632416.424672,8.67090106010437,1.0028954182327219,0.024738758725353797,1.4457879498033406,1.0,0.0
1779632416.4450216,8.691250801086426,1.0025825233256558,0.025005460526549513,1.3053203744700066,1.0,0.0
1779632416.5068462,8.753075361251831,1.0018899695921093,0.025232067672650686,1.180444794344668,1.0,0.0
1779632416.5193899,8.765619039535522,1.0019209775296785,0.02540961370875021,1.0623629855121206,1.0,0.0
1779632416.5610228,8.807251930236816,1.0016906547367865,0.02560865336294601,0.9602215019163622,1.0,0.0
1779632416.6976862,8.943915367126465,1.0015101564488118,0.025789116572359085,0.8676706863671665,1.0,0.0
1779632416.7111537,8.957382917404175,1.0015688661839677,0.025910468465713685,0.7809872835701169,1.0,0.0
1779632416.724921,8.971150159835815,1.001624530334467,0.02601980902668603,0.7029646315786918,1.0,0.0
1779632416.7563412,9.002570390701294,1.001038410585545,0.026145739215272724,0.6384659249922572,1.0,0.0
1779632416.8397202,9.085949420928955,1.0008952536034168,0.02627133686379634,0.5784064554723064,1.0,0.0
1779632416.8511114,9.09734058380127,1.0010232110570296,0.026344794143994366,0.5206209475709934,1.0,0.0
1779632416.8952513,9.141480445861816,1.0011397255630778,0.026410959485016976,0.46860345913295715,1.0,0.0
1779632416.9347959,9.18102502822876,1.0022787765167651,0.02660796520368575,0.42177812104736595,1.0,0.0
1779632417.029739,9.275968074798584,1.0022717181464764,0.026647889763095806,0.3796267632344133,1.0,0.0
1779632417.0444314,9.290660619735718,1.0022660847637779,0.026683848676037864,0.3416830450168058,1.0,0.0
1779632417.183919,9.430148124694824,1.0022615972694202,0.026716233025995198,0.3075272126735144,1.0,0.0
1779632417.2001238,9.4463529586792,1.001579128292708,0.028732760886313772,-0.8420756363597528,1.0,0.0
1779632417.2159784,9.462207555770874,1.0016433147309862,0.02856025817332358,-0.7578128120092951,1.0,0.0
1779632417.2496846,9.495913743972778,1.001701558540817,0.028405019280130908,-0.6819920919393526,1.0,0.0
1779632417.3194222,9.565651416778564,1.0017543635588535,0.02826531576401164,-0.6137659007671753,1.0,0.0
1779632417.3297358,9.57596492767334,1.0018022004133056,0.028139592278868825,-0.5523721572695772,1.0,0.0
1779632417.372078,9.618307113647461,1.0012650616736283,0.028056582701512792,-0.49255457883278764,1.0,0.0
1779632417.4636974,9.70992660522461,1.0013624793724112,0.027951780673377526,-0.4433167784830847,1.0,0.0
1779632417.4724238,9.718652963638306,0.9986814914938394,0.027858905201920386,-0.3845314851369855,1.0,0.0
1779632417.5548217,9.801050901412964,0.9986489591698703,0.027809163822830253,-0.340007430314465,1.0,0.0
1779632417.566952,9.813181161880493,0.9990065181673555,0.027729049482446692,-0.3059843796534242,1.0,0.0
1779632417.6106226,9.856851816177368,0.9993287297204783,0.027656955917498866,-0.27537256755919337,1.0,0.0
1779632417.6519487,9.898177862167358,0.9989578006730665,0.029578185197798056,-1.366001508331348,1.0,0.0
1779632417.6979926,9.94422173500061,0.9987510952665329,0.029352980169001976,-1.226313190795752,1.0,0.0
1779632417.742939,9.989168167114258,0.9979508195960138,0.031090367701847404,-2.1952667924433444,1.0,0.0
1779632417.8412495,10.087478637695312,0.9983628267620189,0.030682456366938744,-1.975368612569128,1.0,0.0
1779632417.8851357,10.131364822387695,0.9981276235671727,0.03229893227570077,-2.8959164605317462,1.0,0.0
1779632417.8971667,10.143395900726318,0.9985208403489234,0.03177050670167958,-2.6060928958249887,1.0,0.0
1779632417.9377165,10.183945655822754,0.9988782716575887,0.031294758954504,-2.345321030108244,1.0,0.0
1779632417.9811897,10.227418899536133,0.9987010008956076,0.030898621031537787,-2.1088888510142874,1.0,0.0
1779632418.031585,10.277814149856567,0.99903872554163,0.030509844628024353,-1.897643163038205,1.0,0.0
1779632418.1824386,10.428667783737183,0.9983178908477534,0.03221626648162438,-2.8409486708329315,1.0,0.0
1779632418.1947715,10.441000699996948,0.9983631108662173,0.03173616339736332,-2.5534257132101166,1.0,0.0
1779632418.2311237,10.477352857589722,0.998508367048913,0.029232464437964012,-1.167667582684254,1.0,0.0
1779632418.2482524,10.494481563568115,0.9988802558904197,0.029010091521733773,-1.0509186185289787,1.0,0.0
1779632418.315091,10.561320066452026,0.9990277702569752,0.026777917575398356,0.18458183037881987,1.0,0.0
1779632418.3291488,10.575377941131592,0.9987882997244043,0.026831890450855635,0.170246906802965,1.0,0.0
1779632418.3661473,10.61237645149231,0.9984155491453601,0.024898066515397235,1.2603072868084684,1.0,0.0
1779632418.4075685,10.653797626495361,0.9984266048761474,0.025142528491127598,1.1404623340299913,1.0,0.0
1779632418.456375,10.702604055404663,0.9988059809584183,0.02532902616390526,1.0264248249307484,1.0,0.0
1779632418.600123,10.846352100372314,0.9991479073579808,0.025496896483581825,0.9237863269065224,1.0,0.0
1779632418.6146486,10.860877752304077,0.999456036354821,0.025647997214427908,0.8314075908530894,1.0,0.0
1779632418.6272988,10.873528003692627,0.9991919764947934,0.025815882978874993,0.7520970671519046,1.0,0.0
1779632418.6961577,10.942386865615845,0.9989845331555406,0.025968286504295224,0.6801260029319808,1.0,0.0
1779632418.7112136,10.95744276046753,0.9988222901538653,0.026106476750849872,0.6148367806572654,1.0,0.0
1779632418.8386548,11.08488392829895,0.9991477173581569,0.026195806240464158,0.5536412217652334,1.0,0.0
1779632418.8472788,11.093508005142212,0.9989814574573662,0.026311704589484716,0.5006850196003041,1.0,0.0
1779632418.884041,11.13027024269104,0.9988654986268054,0.026412768901951898,0.45798878867927256,1.0,0.0
1779632418.899025,11.145254135131836,0.9988220262725309,0.02650653204579811,0.4183179919982062,1.0,0.0
1779632418.9867926,11.23302173614502,0.9986357792008868,0.02658906755762069,0.37994784364102185,1.0,0.0
1779632418.996166,11.242395162582397,0.9984956234686513,0.026664496166573032,0.3448201757210266,1.0,0.0
1779632419.0321114,11.278340578079224,0.99885833709577,0.026698316618527857,0.3105722340204398,1.0,0.0
1779632419.1752443,11.421473503112793,1.0002202126697994,0.02686628423661569,0.27970483684204345,1.0,0.0
1779632419.1899168,11.436146020889282,0.9999305692246911,0.026914323535875865,0.254364086238582,1.0,0.0
1779632419.2685964,11.514825582504272,0.9994693433831212,0.028907779168234317,-0.8894289501646736,1.0,0.0
1779632419.2790859,11.525315046310425,0.9997338645271514,0.028717619472636374,-0.8001612493162557,1.0,0.0
1779632419.2942543,11.540483474731445,0.9997945169734075,0.026516119004987456,0.41056182488646303,1.0,0.0
1779632419.3305213,11.57675051689148,0.9995470502885694,0.02659921788244504,0.3722007113961247,1.0,0.0
1779632419.4598331,11.706062316894531,0.9996583306946681,0.024609731860163353,1.4659795035192076,1.0,0.0
1779632419.4747994,11.721028566360474,0.9994350445429103,0.024884459198135152,1.3223317844205589,1.0,0.0
1779632419.4927783,11.739007472991943,0.999252670670144,0.02513245864734935,1.1926326755804888,1.0,0.0
1779632419.520687,11.766916275024414,0.9995217903277419,0.02531827718939206,1.0737191612842956,1.0,0.0
1779632419.6498158,11.896044969558716,0.9997697323816055,0.025485886213072337,0.9666609397631493,1.0,0.0
1779632419.6757479,11.921977043151855,0.9999975274994103,0.02563702723437307,0.8702700128901968,1.0,0.0
1779632419.6900754,11.936304569244385,1.0001018913689073,0.023850762515521644,1.9162356635088644,1.0,0.0
1779632419.7466912,11.992920398712158,1.000299075582147,0.024165664127496496,1.7245877479762588,1.0,0.0
1779632419.7607696,12.006998777389526,1.0000042763463313,0.024483960218469734,1.5556805878143043,1.0,0.0
1779632419.840531,12.08676028251648,1.0002079049551047,0.02473535066743586,1.4001611665091043,1.0,0.0
1779632419.853854,12.100083112716675,1.0002832747520067,0.022932812786705004,2.3908748702193656,1.0,0.0
1779632419.8991816,12.145410776138306,1.0004604322298933,0.023339262917199483,2.1517778348098515,1.0,0.0
1779632420.0282404,12.27446961402893,1.000144853119478,0.023740410516065385,1.9402725997486014,1.0,0.0
1779632420.040981,12.28721022605896,0.9999277563247212,0.024097164649189744,1.7529064542602042,1.0,0.0
1779632420.0566924,12.302921533584595,1.0011831278045464,0.024525235203403304,1.5776462520447851,1.0,0.0
1779632420.1754415,12.42167067527771,1.0012816838862753,0.02477319093976788,1.419911893190594,1.0,0.0
1779632420.1869323,12.433161497116089,1.0013718537376646,0.024996433368089044,1.277948221577092,1.0,0.0
1779632420.2123194,12.458548545837402,1.0009400182575567,0.025230416998668345,1.15383375674226,1.0,0.0
1779632420.464871,12.711100101470947,1.000355527641591,0.02739302002125919,-0.07978810937351473,1.0,0.0
1779632420.4766567,12.722885847091675,1.0001717426439292,0.027390288726688465,-0.06621676013275563,1.0,0.0
1779632420.4916232,12.737852334976196,1.0014113260247217,0.027489511819579603,-0.05960519748905024,1.0,0.0
1779632420.5525374,12.798766613006592,1.0011724202465038,0.02747902960236715,-0.04918193173984314,1.0,0.0
1779632420.5664217,12.812650918960571,1.0012794805083574,0.027431960258563343,-0.04427245048188363,1.0,0.0
1779632420.6129985,12.859227657318115,0.998321466262482,0.029410095891182843,-1.15788392905262,1.0,0.0
1779632420.696698,12.942927122116089,0.9987032310586162,0.02916953570314925,-1.0416757075597394,1.0,0.0
1779632420.7151706,12.961399793624878,0.9988215056031843,0.028994933720273015,-0.9359700413047597,1.0,0.0
1779632420.759561,13.00579023361206,0.9978433259598831,0.030768269268838692,-1.9314862127710515,1.0,0.0
1779632420.7928538,13.039083003997803,0.9982741690628563,0.030392139965663614,-1.73804753578999,1.0,0.0
1779632420.837277,13.083506107330322,0.9984148545690821,0.030095128317096046,-1.5628437670778927,1.0,0.0
1779632420.8856788,13.131907939910889,0.9987855560568095,0.029786102218795688,-1.4060666761280414,1.0,0.0
1779632421.0273585,13.273587703704834,0.999121545605207,0.029508031206846738,-1.265079525921802,1.0,0.0
1779632421.0392218,13.28545093536377,0.9988022182849366,0.029286495016146302,-1.1323698376348459,1.0,0.0
1779632421.0566988,13.30292797088623,0.9991440780621624,0.02905865521643293,-1.0190990503414754,1.0,0.0
1779632421.0924757,13.338704824447632,0.999452231232097,0.02885360537175517,-0.9171666477819573,1.0,0.0
1779632421.1315866,13.37781572341919,0.9985715452057606,0.02665179720645875,0.2820622650763525,1.0,0.0
1779632421.2192657,13.465494871139526,0.9972154466530662,0.02467175166663367,1.3817984718940564,1.0,0.0
1779632421.2338874,13.480116605758667,0.9977153277177826,0.024905421988642006,1.243565186226832,1.0,0.0
1779632421.317991,13.564220190048218,0.9965071852845394,0.023102209856199506,2.2470464520523286,1.0,0.0
1779632421.3317564,13.577985525131226,0.9965680093832087,0.023424215842029507,2.0227348468919613,1.0,0.0
1779632421.3751595,13.621388673782349,0.9971208599541359,0.023782408082366667,1.8201468125872586,1.0,0.0
1779632421.4164793,13.662708520889282,0.9971354482901192,0.024137114490385827,1.6427553181315613,1.0,0.0
1779632421.456972,13.703201055526733,0.9976283784467068,0.024423819474700022,1.4782203096108526,1.0,0.0
1779632421.5547023,13.800931453704834,0.9976862156740356,0.02471655345833766,1.3354768996951587,1.0,0.0
1779632421.5664477,13.812676906585693,0.9976242590437505,0.024977129699142144,1.2064526220220193,1.0,0.0
1779632421.608905,13.85513424873352,0.9980760556968927,0.02518005738773749,1.085701294172446,1.0,0.0
1779632421.8421044,14.08833360671997,0.9981169757116639,0.025398359949685097,0.9821935319572581,1.0,0.0
1779632421.854119,14.100348234176636,0.9978292035841319,0.023606660673031667,1.9922256247323025,1.0,0.0
1779632421.8743658,14.12059497833252,0.9982603467277422,0.023946459632428203,1.7929433389638678,1.0,0.0
1779632421.8983512,14.144580364227295,0.9986503775572506,0.02425237152742992,1.6136070799628779,1.0,0.0
1779632421.9139564,14.16018557548523,0.9990030272194923,0.024527762333455917,1.452216029440694,1.0,0.0
1779632421.9829931,14.229222297668457,1.0003548178581674,0.024913081467795153,1.3069714007425117,1.0,0.0
1779632421.9954593,14.24168848991394,0.9998296194169857,0.02710850614510428,0.0580922046508747,1.0,0.0
1779632422.1872501,14.433479309082031,1.000368870371779,0.02925866733715078,-1.0887061095510764,1.0,0.0
1779632422.2103472,14.456576347351074,1.0000260917034833,0.02906497908487704,-0.9764342367445411,1.0,0.0
1779632422.2279248,14.474153995513916,1.0002410429478865,0.028859385299347118,-0.8787256219199927,1.0,0.0
1779632422.2435827,14.489811897277832,0.9999338810686574,0.028706645839813257,-0.7880978792937652,1.0,0.0
1779632422.2629757,14.509204864501953,1.000153607643067,0.02853673226144034,-0.7090859774633169,1.0,0.0
1779632422.3043466,14.550575733184814,1.0003535436745596,0.02838382162771684,-0.6380263338861993,1.0,0.0
1779632422.4619868,14.708215951919556,1.0005352539667314,0.028246213640107147,-0.5741116624142828,1.0,0.0
1779632422.4709792,14.71720838546753,1.000700225429732,0.028122377435035373,-0.5166183390838632,1.0,0.0
1779632422.5094738,14.75570297241211,1.0008498599796052,0.028010934914882987,-0.4648973032430687,1.0,0.0
1779632422.5215094,14.767738580703735,1.0004774940484777,0.027943196065476704,-0.41548186573653106,1.0,0.0
1779632422.6988392,14.945068359375,1.0006447761803834,0.027849510269999694,-0.3737537070129215,1.0,0.0
1779632422.7078886,14.954117774963379,1.0004254640999823,0.02780133243532926,-0.3307118405194014,1.0,0.0
1779632422.7240143,14.970243453979492,1.001639150955546,0.027859454568411567,-0.29764533252078146,1.0,0.0
1779632422.8478796,15.094108819961548,1.0016986551957778,0.027774352301208824,-0.26788903165579203,1.0,0.0
1779632422.8521898,15.098418951034546,1.001752434252198,0.027697762123088276,-0.24111112055824097,1.0,0.0
1779632422.8687608,15.114989995956421,1.0018010178512806,0.027628832556878848,-0.21701314776516334,1.0,0.0
1779632422.9822333,15.22846245765686,1.0013058817674443,0.027598401797964533,-0.19168434704585527,1.0,0.0
1779632422.995675,15.241904258728027,1.0010441749848256,0.027575810314044477,-0.1672842973168374,1.0,0.0
1779632423.0113723,15.257601499557495,1.0021971954050057,0.02765649720883558,-0.1505755600081863,1.0,0.0
1779632423.0538182,15.300047397613525,1.0032349629824175,0.02772911557844996,-0.13553799142962492,1.0,0.0
1779632423.1747978,15.421026945114136,1.0041689936536582,0.027794472254685874,-0.12200440840392424,1.0,0.0
1779632423.1877701,15.433999300003052,1.003976561540578,0.027715879046010656,-0.1098243614486456,1.0,0.0
1779632423.235639,15.481868267059326,1.0038033987855925,0.027645145264185704,-0.09886245773171105,1.0,0.0
1779632423.2527583,15.498987436294556,1.00334169572657,0.02761963732410907,-0.0848345956920662,1.0,0.0
1779632423.2874784,15.533707618713379,1.0032309550346183,0.027558473347855245,-0.07633884139412843,1.0,0.0
1779632423.3268359,15.573065042495728,1.003131511838684,0.027503436110306017,-0.06869909944117505,1.0,0.0
1779632423.4640832,15.710312366485596,1.0030421939417526,0.02745391099705829,-0.06182851777935847,1.0,0.0
1779632423.489765,15.735994100570679,1.0029619544302524,0.02740934521726022,-0.05564917478988258,1.0,0.0
1779632423.5277781,15.774007320404053,1.002312238384595,0.02739943834634055,-0.04556724460502752,1.0,0.0
1779632423.5648468,15.811075925827026,1.0033382397727617,0.027497748106449144,-0.041022336403843965,1.0,0.0
1779632423.7497306,15.995959758758545,1.0032286386345612,0.02744881545613131,-0.03693369457986589,1.0,0.0
1779632423.7590995,16.00532865524292,1.0031300701944956,0.027404778430579542,-0.03325534918618443,1.0,0.0
1779632423.7736156,16.01984477043152,1.0030414173921196,0.027365147022760227,-0.02994599411696765,1.0,0.0
1779632423.8494203,16.095649480819702,1.0029616774931185,0.027329480309780243,-0.026968507582668774,1.0,0.0
1779632423.892361,16.138590097427368,1.003923042156011,0.02743479587014174,-0.02428952315416797,1.0,0.0
1779632423.9328637,16.17909288406372,1.0037552096013147,0.027392166555940855,-0.021879045789201076,1.0,0.0
1779632423.9830637,16.22929286956787,1.0036041856112456,0.027353801002630344,-0.019710107922652126,1.0,0.0
1779632424.1895518,16.435781002044678,1.0034682845206486,0.027319272677301585,-0.017758461280435612,1.0,0.0
1779632424.2047813,16.45101046562195,1.0027941310239163,0.027319461100597575,-0.01209257906535539,1.0,0.0
1779632424.2411919,16.4874210357666,1.00239688099138,0.027324906875722095,-0.0058033813556315535,1.0,0.0
1779632424.2594779,16.505707025527954,1.0023817920268,0.027293270715610628,-0.005244016255431699,1.0,0.0
1779632424.3676875,16.613916635513306,1.0023682130479783,0.02726479819544503,-0.0047406015450332855,1.0,0.0
1779632424.3780065,16.6242356300354,1.0020558783925146,0.027277405889853487,-0.0001610952653388933,1.0,0.0
1779632424.3954086,16.641637802124023,1.002073270864698,0.02725045318922646,-0.00012777050532436423,1.0,0.0
1779632424.4719148,16.718143939971924,1.0018212441874674,0.027265734744215925,0.003282430985478878,1.0,0.0
1779632424.5141098,16.76033902168274,0.9985925166596421,0.031079249443013858,-2.1638496311448847,1.0,0.0
1779632424.5557609,16.801990032196045,0.998730916799956,0.03071384101150306,-1.9468915785616903,1.0,0.0
1779632424.647867,16.89409613609314,0.9983839381250817,0.03037137776718811,-1.744027094296944,1.0,0.0
1779632424.6625745,16.908803701400757,0.998759230296404,0.030034990760476755,-1.56931588390416,1.0,0.0
1779632424.8413334,17.087562561035156,0.9990990669155385,0.029732245123877225,-1.412150519483076,1.0,0.0
1779632424.8592248,17.105453968048096,0.9994065998587467,0.029459780839259812,-1.2707589327494597,1.0,0.0
1779632424.8798935,17.12612271308899,0.9990542375281137,0.031201284011798055,-2.2626880935435314,1.0,0.0
1779632424.8894317,17.135660886764526,0.9987591093611851,0.03081210930932879,-2.0311061927739975,1.0,0.0
1779632424.9392831,17.18551230430603,0.9988091951267847,0.03047179503065439,-1.8253141672130384,1.0,0.0
1779632424.9513812,17.19761037826538,0.9985465669489068,0.030155473805195947,-1.637690629732551,1.0,0.0
1779632424.9885743,17.234803438186646,0.9989128377417827,0.029840845580290938,-1.47394136802906,1.0,0.0
1779632425.1791372,17.425366401672363,0.9992431800530166,0.029557662528547773,-1.3265672716553882,1.0,0.0
1779632425.1898992,17.43612837791443,0.9995410540331707,0.02930278494763572,-1.1939307779305284,1.0,0.0
1779632425.203853,17.450082063674927,0.9995119602138118,0.029112575027845134,-1.0711997459719689,1.0,0.0
1779632425.3144174,17.560646533966064,0.9985418290255593,0.030874971605224052,-2.053905118099198,1.0,0.0
1779632425.3291996,17.57542872428894,0.9983489591597573,0.030519467762802375,-1.8448615055338236,1.0,0.0
1779632425.346323,17.592552185058594,0.9982094323596463,0.030200502131236102,-1.657780068539611,1.0,0.0
1779632425.4100113,17.656240463256836,0.998396296866648,0.027850893875606995,-0.3614892594893855,1.0,0.0
1779632425.4229949,17.66922402381897,0.9984160617752982,0.02780263220433799,-0.3197677306627841,1.0,0.0
1779632425.5034833,17.749712467193604,0.9987983702043561,0.027723206413920832,-0.2877985098558515,1.0,0.0
1779632425.5165694,17.76279854774475,0.9979313236528311,0.029624879491860087,-1.3494979367615811,1.0,0.0
1779632425.5582032,17.80443239212036,0.9973391963899997,0.031420242576460006,-2.348194697589531,1.0,0.0
1779632425.6023486,17.848577737808228,0.9975943800455158,0.028948170216758374,-0.983093692874115,1.0,0.0
1779632425.6966054,17.942834615707397,0.9975085093632264,0.02878550685575814,-0.8811556714588863,1.0,0.0
1779632425.71319,17.95941925048828,0.9979785042369018,0.028607787825221335,-0.7929969036764091,1.0,0.0
1779632425.7509649,17.997194051742554,0.9978823323201286,0.028480181486824414,-0.7107871580154617,1.0,0.0
1779632425.8855798,18.13180899620056,0.9981338384932846,0.02630217961817188,0.49080110763231166,1.0,0.0
1779632425.8992229,18.14545202255249,0.9985390456312924,0.026372500217598023,0.4418270808212826,1.0,0.0
1779632425.9138525,18.16008162498474,0.9999379656132279,0.02646443237657013,0.3977291448999116,1.0,0.0
1779632425.9568489,18.203078031539917,0.9998150432872718,0.026554301269536205,0.3635098727788699,1.0,0.0
1779632425.9930515,18.239280700683594,0.9997484973253025,0.026637157094607518,0.33175137375938335,1.0,0.0
1779632426.175385,18.421614170074463,0.9998525646844919,0.024642058320419703,1.4292915670406696,1.0,0.0
1779632426.192053,18.438282251358032,1.0000883553660358,0.024878670761376655,1.2863162867719669,1.0,0.0
1779632426.2065682,18.452797412872314,1.000188963769554,0.023060768768909258,2.2879937167000644,1.0,0.0
1779632426.2476096,18.493838787078857,0.9990635340397891,0.0254270662595995,0.9697201001579158,1.0,0.0
1779632426.262513,18.508742094039917,0.9958942827277273,0.021663267121082932,3.035764862521168,1.0,0.0
1779632426.292341,18.538570165634155,0.9965132196040213,0.022197105754260267,2.732110639494305,1.0,0.0
1779632426.328577,18.574806213378906,0.996729755250886,0.022712238022543373,2.46447645916662,1.0,0.0
1779632426.3648572,18.61108636856079,0.9965278542875126,0.025127560705945316,1.0997081570263405,1.0,0.0
1779632426.4115314,18.657760620117188,0.9970979812309768,0.025315645579356054,0.989711887674478,1.0,0.0
1779632426.5030787,18.749307870864868,0.9976114170321027,0.025484926238405627,0.8907161203900055,1.0,0.0
1779632426.5194204,18.765649557113647,0.9977714045263167,0.025675492450869235,0.8058866135534118,1.0,0.0
1779632426.5573256,18.80355477333069,0.9982165505619504,0.025808680799523774,0.7253175612551848,1.0,0.0
1779632426.6014874,18.847716569900513,0.9986176224444785,0.02592857423200291,0.6527988679546123,1.0,0.0
1779632426.6488352,18.89506435394287,0.9989789439179437,0.02603649724097495,0.5875264221987504,1.0,0.0
1779632426.692912,18.939141273498535,0.998722595791198,0.026163064968543367,0.533725622384895,1.0,0.0
1779632426.743667,18.989896059036255,0.9990742600774424,0.02624760882202756,0.4803302167813527,1.0,0.0
1779632426.8447914,19.091020584106445,0.9988448988770078,0.02635480906818112,0.4364167968572303,1.0,0.0
1779632426.8635373,19.109766483306885,0.9975382879116134,0.028340014954642938,-0.7036960485710789,1.0,0.0
1779632426.9399621,19.18619132041931,0.997665131497203,0.028243718892439693,-0.6282496333619495,1.0,0.0
1779632427.0401049,19.28633403778076,0.9969069178172181,0.030093481304759227,-1.6559054872443217,1.0,0.0
1779632427.0561776,19.302406787872314,0.9978870532187357,0.029844613085566782,-1.4876907803902395,1.0,0.0
1779632427.094271,19.340500116348267,0.9966209960340291,0.02755050624009805,-0.2133498588124543,1.0,0.0
1779632427.1311288,19.377357959747314,0.9971701030785384,0.027496005369975013,-0.19180682350322223,1.0,0.0
1779632427.2680392,19.514268398284912,0.9986999356887419,0.027584424294126643,-0.1724646210777146,1.0,0.0
1779632427.2779264,19.524155616760254,0.9990457543795563,0.027526632528472948,-0.1550935047490326,1.0,0.0
1779632427.2936,19.53982925415039,0.9993586611989809,0.02747465733752494,-0.1394887649438835,1.0,0.0
1779632427.3670928,19.613322019577026,0.9996416302401802,0.027427910327709297,-0.12546777106984952,1.0,0.0
1779632427.4111488,19.65737795829773,0.9993955460638726,0.027418740930028124,-0.10996237104359877,1.0,0.0
1779632427.4209602,19.667189359664917,0.999197321561853,0.027411485119958258,-0.09658436649346189,1.0,0.0
1779632427.5527167,19.798945903778076,0.9990377374783523,0.027405766633646213,-0.0850074980731432,1.0,0.0
1779632427.5675225,19.813751697540283,0.9993320072660329,0.027365117734138786,-0.07595249374159353,1.0,0.0
1779632427.5834398,19.82966899871826,0.9989341966202455,0.029312830477204156,-1.1869404304636535,1.0,0.0
1779632427.6145484,19.860777616500854,0.9988364910740496,0.029118218137809255,-1.0613691952640283,1.0,0.0
1779632427.652885,19.89911413192749,0.9988068856274925,0.028944561484024137,-0.9500397452138608,1.0,0.0
1779632427.6948023,19.941031455993652,0.9986124445287424,0.02878247774534868,-0.8516261173529377,1.0,0.0
1779632427.7465503,19.99277949333191,0.9989704407765622,0.028605054343641533,-0.7663910943615454,1.0,0.0
1779632427.79661,20.042839288711548,0.9992936563689561,0.028445374945651657,-0.6897011588335457,1.0,0.0
1779632427.885518,20.131747245788574,0.9995853758437633,0.028301665943346894,-0.6206966620887694,1.0,0.0
1779632427.8983366,20.14456582069397,0.9993299592849479,0.02820460479179069,-0.5556024362828047,1.0,0.0
1779632427.9396453,20.185874462127686,0.9985506802077836,0.03014088395822603,-1.6329856091787047,1.0,0.0
1779632428.1768067,20.423035860061646,0.9983859975739546,0.029859361618821127,-1.4666942483405145,1.0,0.0
1779632428.197702,20.443931102752686,0.998763609033853,0.0295743473666858,-1.3199051584942572,1.0,0.0
1779632428.2096698,20.455899000167847,0.998366036732633,0.02736750874818616,-0.0818666524425865,1.0,0.0
1779632428.4152544,20.66148352622986,0.9980761773672867,0.02931624772781957,-1.191892362644231,1.0,0.0
1779632428.4283128,20.67454195022583,0.9984827637478725,0.02908542089188614,-1.0724853286870975,1.0,0.0
1779632428.4441624,20.690391540527344,0.9988506667964736,0.02887767641701296,-0.9650747679867414,1.0,0.0
1779632428.5131044,20.759333610534668,0.9988221116476788,0.028727808682074352,-0.8632974079671796,1.0,0.0
1779632428.551457,20.797686100006104,0.9988432212165625,0.02859430401416505,-0.7729430147246141,1.0,0.0
1779632428.565909,20.812138080596924,0.9991823049672484,0.028435702618710076,-0.6956454670253057,1.0,0.0
1779632428.6094213,20.855650424957275,0.9994877081408466,0.02829296540389874,-0.6260825896838014,1.0,0.0
1779632428.8427172,21.08894634246826,1.0007958475143663,0.02830191975057606,-0.5634799004256578,1.0,0.0
1779632428.854797,21.10102605819702,1.0002879478908882,0.030159257073112858,-1.625621202851327,1.0,0.0
1779632428.8740308,21.120260000228882,1.0004799705385876,0.02984422054924423,-1.463057483415118,1.0,0.0
1779632428.8881097,21.134338855743408,1.0003646540817481,0.029600648352998027,-1.3140106154421192,1.0,0.0
1779632428.9413524,21.187581539154053,0.9993772183549678,0.027324434037522393,-0.0749162829505613,1.0,0.0
1779632428.964059,21.210288286209106,0.9996618642586088,0.027292648249327464,-0.06732960932769204,1.0,0.0
1779632428.9952357,21.241464853286743,0.9987858595216137,0.025247050943450065,1.0469947826207235,1.0,0.0
1779632429.1814492,21.42767834663391,0.9991289148557856,0.02542300553783321,0.942346928738219,1.0,0.0
1779632429.1902845,21.436513662338257,0.9994382276687495,0.025581404510058803,0.8481516142347033,1.0,0.0
1779632429.2065804,21.45280957221985,0.9997170652637788,0.02572399509642889,0.76336548855579,1.0,0.0
1779632429.2478585,21.49408769607544,0.9976791021835584,0.025867837530631346,0.7022837692213846,1.0,0.0
1779632429.2626383,21.508867502212524,0.9967784110921984,0.0279526469320277,-0.45738712839812334,1.0,0.0
1779632429.2869947,21.533223867416382,0.9973217913565785,0.027857964718389562,-0.4114857258379078,1.0,0.0
1779632429.3607507,21.606979846954346,0.9976439436695576,0.02574014984057955,0.7608081482998965,1.0,0.0
1779632429.375985,21.6222140789032,0.9981013114426717,0.02586683828558826,0.6847594828146801,1.0,0.0
1779632429.5046651,21.75089430809021,0.9985134824941216,0.02598088856006927,0.6163071725931951,1.0,0.0
1779632429.5188007,21.765029907226562,0.9988848739070302,0.026083558127170187,0.5546927668208609,1.0,0.0
1779632429.5336382,21.77986741065979,0.9992194805407227,0.0261759800533839,0.49923355185736945,1.0,0.0
1779632429.6011012,21.847330331802368,0.9995209135535951,0.02625917515321451,0.4493149662597793,1.0,0.0
1779632429.6151245,21.861353635787964,0.9997924357757257,0.026334062985866283,0.4043837850531428,1.0,0.0
1779632429.7462,21.99242925643921,0.9997587775110032,0.026440679787122813,0.3676567047251353,1.0,0.0
1779632429.7572293,22.003458499908447,1.000003262388768,0.02649725554150085,0.3309620847976896,1.0,0.0
1779632429.7737343,22.01996350288391,1.0002241046647733,0.02654821519353805,0.29792094888367543,1.0,0.0
1779632429.8098783,22.05610752105713,1.0004235155287768,0.026594112095175593,0.26817057320521065,1.0,0.0
1779632429.847665,22.093894243240356,1.0006035141184593,0.026635445934605956,0.24138411885805658,1.0,0.0
1779632429.8899672,22.13619637489319,1.0005026156659167,0.02671245713678148,0.2206232221525679,1.0,0.0
1779632429.931696,22.17792510986328,0.9993620509783108,0.028714486367306526,-0.8911330056258749,1.0,0.0
1779632430.2193406,22.465569734573364,0.999375873524875,0.028584051192715884,-0.7993599656925086,1.0,0.0
1779632430.2321293,22.478358507156372,0.9996571294589901,0.02842625266832697,-0.7192241484961219,1.0,0.0
1779632430.24944,22.49566912651062,0.9999113542427348,0.028284276990015428,-0.6471479027679763,1.0,0.0
1779632430.283656,22.529885053634644,0.9995347100103232,0.028185591541979804,-0.5769751825788132,1.0,0.0
1779632430.3656979,22.611927032470703,0.9998053038992634,0.028067877410390636,-0.519290604262568,1.0,0.0
1779632430.4112852,22.657514333724976,0.9994831025380769,0.027992492680506246,-0.46311594498363234,1.0,0.0
1779632430.423283,22.669512271881104,0.9997579210818736,0.027894087244036803,-0.4168079330319342,1.0,0.0
1779632430.5518403,22.7980694770813,0.9998375614201473,0.025773955159421505,0.7551036258264612,1.0,0.0
1779632430.5635095,22.809738636016846,1.0000768589000466,0.025897350508154993,0.679593990247199,1.0,0.0
1779632430.5829659,22.829195022583008,1.0002925213500384,0.02600841949301863,0.6116317765058895,1.0,0.0
1779632430.6160393,22.862268447875977,1.0001695615969033,0.02614533780308605,0.5553313652237956,1.0,0.0
1779632430.8462543,23.092483520507812,0.9993666267197423,0.028290018644078572,-0.6348313765762001,1.0,0.0
1779632430.8543816,23.100610733032227,0.9987096020591356,0.030221496746431056,-1.708141768391982,1.0,0.0
1779632430.869717,23.115946054458618,0.9990500899042665,0.02989986087118928,-1.5368123290612836,1.0,0.0
1779632430.9081025,23.15433168411255,0.9991328785781692,0.029652399786522465,-1.3820179223376485,1.0,0.0
1779632430.9203522,23.166581392288208,0.9994272896535499,0.02938747354511793,-1.2431281412262232,1.0,0.0
1779632430.95344,23.199669122695923,1.000728561529491,0.02928653606820588,-1.1182825433654995,1.0,0.0
1779632431.0303545,23.276583671569824,1.0008692150108294,0.029058349944198744,-1.00604163941016,1.0,0.0
1779632431.0404418,23.286670923233032,1.0009979102840971,0.02885304485510524,-0.9051180764245563,1.0,0.0
1779632431.0826046,23.32883381843567,1.0014452315971591,0.03082955305518464,-1.9566827194093817,1.0,0.0
1779632431.173757,23.419986248016357,0.9986033894849309,0.030445305714111266,-1.7431252946547444,1.0,0.0
1779632431.2210925,23.467321634292603,0.9984187027562037,0.030132946254939397,-1.5654258799140577,1.0,0.0
1779632431.2564914,23.502720594406128,0.9998278677073899,0.02995801712421111,-1.4088280235086947,1.0,0.0
1779632431.315871,23.562100172042847,0.9994406279917176,0.03164940683997289,-2.386730986020461,1.0,0.0
1779632431.3314366,23.57766580581665,0.9991910943774426,0.031218127032540864,-2.1460839585254625,1.0,0.0
1779632431.4589982,23.705227375030518,1.0005163652806883,0.030934676562044214,-1.9311782378167501,1.0,0.0
1779632431.4716296,23.71785879135132,1.0006785458642575,0.03054211349210809,-1.737839044402208,1.0,0.0
1779632431.4865627,23.732791900634766,1.0004707824473005,0.030226383279679706,-1.558817632250569,1.0,0.0
1779632431.5626953,23.808924436569214,1.000329921875026,0.029943326900441637,-1.3991192803105612,1.0,0.0
1779632431.5760462,23.822275400161743,1.0008633638113829,0.03181005237611821,-2.4006004649207298,1.0,0.0
1779632431.6462896,23.892518758773804,1.0009932323813213,0.03133006324404182,-2.160510869974124,1.0,0.0
1779632431.6617188,23.90794801712036,1.000830048494625,0.030938334267082312,-1.9422146174393933,1.0,0.0
1779632431.7023299,23.948559045791626,1.0009628556181034,0.030545308612193886,-1.7477898954714306,1.0,0.0
1779632431.7433813,23.98961043357849,1.0010840520805344,0.03019157911529674,-1.5728574738731607,1.0,0.0
1779632431.837838,24.08406710624695,1.0005945793252549,0.02990313906997604,-1.410468335015213,1.0,0.0
1779632431.8520517,24.098280906677246,1.0007569958432856,0.02961371991952905,-1.269441048487524,1.0,0.0
1779632431.8916693,24.137898445129395,1.000107990683655,0.027399034080986796,-0.03471348381964505,1.0,0.0
1779632431.932779,24.17900824546814,1.000163987055111,0.025328557368413922,1.0990097400974537,1.0,0.0
1779632432.2227457,24.468974828720093,1.0003691978821247,0.025496396484194443,0.9891397827597486,1.0,0.0
1779632432.236271,24.482500076293945,1.0005544566705704,0.025647485008661753,0.8902484351788198,1.0,0.0
1779632432.256741,24.502970218658447,1.0003983700916765,0.025819604793123,0.8065380282948966,1.0,0.0
1779632432.2860994,24.532328605651855,1.0005820092985498,0.025938500635470846,0.7258540403179683,1.0,0.0
1779632432.4122262,24.65845537185669,1.0007474990187117,0.02604550739233195,0.653240383013937,1.0,0.0
1779632432.4265842,24.672813415527344,1.0008966134617632,0.026141813656442407,0.5878896033217724,1.0,0.0
1779632432.4407506,24.6869797706604,1.0010309571556042,0.02622848928117347,0.529075087623797,1.0,0.0
1779632432.5039146,24.7501437664032,0.9976145291328673,0.02238211719984971,2.639248822215423,1.0,0.0
1779632432.519254,24.765483140945435,0.9991001773679989,0.02298177611045875,2.3753187891123066,1.0,0.0
1779632432.8484097,25.09463882446289,0.9988720172775882,0.023416108147309524,2.1422426605061458,1.0,0.0
1779632432.8629901,25.109219312667847,0.9991984969790966,0.023774826417397234,1.9280243303998694,1.0,0.0
1779632432.8819919,25.128221035003662,0.9974971686023788,0.026018783726521492,0.6630940554768902,1.0,0.0
1779632432.9364738,25.182703018188477,0.9979712306007541,0.026117719985211812,0.5967811944444228,1.0,0.0
1779632432.9493394,25.195568561553955,0.9983980433357222,0.026206770715824546,0.5370964275485525,1.0,0.0
1779632432.9688458,25.21507501602173,0.9982336040242302,0.02631871380152249,0.4871321941040101,1.0,0.0
1779632433.0318608,25.278090000152588,0.998289008708234,0.026423134447270052,0.44399144701547283,1.0,0.0
1779632433.0448222,25.291051387786865,0.9983814583949633,0.026519106012249428,0.4042178484457322,1.0,0.0
1779632433.0864277,25.332656860351562,0.9981763709270491,0.026597928714838202,0.36842767876390226,1.0,0.0
1779632433.124185,25.37041425704956,0.9982776331888245,0.026676430865943963,0.3361861384183843,1.0,0.0
1779632433.1737292,25.419958353042603,0.9986731261811868,0.02670961724730548,0.30255295186748943,1.0,0.0
1779632433.2674243,25.51365351676941,0.9987570169313713,0.02677845058434214,0.27611877067549767,1.0,0.0
1779632433.2808268,25.527055978775024,0.9988613258805268,0.026841673662907028,0.251650679066762,1.0,0.0
1779632433.3687713,25.6150004863739,0.9991886756592444,0.026857946810980606,0.22664909247085063,1.0,0.0
1779632433.459893,25.706122159957886,0.9993378112981589,0.024839739049203537,1.336051044426153,1.0,0.0
1779632433.4771576,25.723386764526367,0.9993922829983366,0.025096823340390553,1.206322633110012,1.0,0.0
1779632433.488246,25.734475135803223,0.9988419845253318,0.023325617491747698,2.1978599398639873,1.0,0.0
1779632433.5298395,25.776068687438965,0.9991716241179457,0.02369367112533605,1.977924476131616,1.0,0.0
1779632433.5645998,25.810828924179077,0.999376789424868,0.021993883860148368,2.911177634990501,1.0,0.0
1779632433.6017528,25.847981929779053,0.9993953231871494,0.02253310958589435,2.625750526028046,1.0,0.0
1779632433.6509593,25.897188425064087,0.9996630157183668,0.02298013254352943,2.362899211946733,1.0,0.0
1779632433.6991682,25.94539737701416,0.9998256608096192,0.02135178750475918,3.258010139715906,1.0,0.0
1779632433.7405715,25.98680067062378,1.0010810346929675,0.0220542566194996,2.9319203097985507,1.0,0.0
1779632433.843395,26.089624166488647,1.0011815299823006,0.02254924011309919,2.6385078002661335,1.0,0.0
1779632433.8560019,26.1022310256958,1.0006674978923862,0.02302334421547636,2.3792894604630686,1.0,0.0
1779632433.9362516,26.182480812072754,1.0008174761463124,0.023421685582663332,2.141319666493939,1.0,0.0
1779632433.9467971,26.193026304244995,1.0006640527314268,0.023816947430463527,1.9326963581920065,1.0,0.0
1779632433.9881618,26.2343909740448,1.0008145437756726,0.024135963761458983,1.739330123562599,1.0,0.0
1779632434.177433,26.423662185668945,1.0009514498808336,0.02442311907778187,1.5653200058220846,1.0,0.0
1779632434.194505,26.440734148025513,1.0003584016006346,0.026668736235064574,0.2899028487275348,1.0,0.0
1779632434.2059393,26.452168464660645,1.0002785452020866,0.026741988043645318,0.26455088706956986,1.0,0.0
1779632434.2213316,26.46756076812744,1.00023457118729,0.026809122163461027,0.24108802032430512,1.0,0.0
1779632434.2597332,26.505962371826172,0.9997468349059215,0.028816596203418657,-0.9030898671421762,1.0,0.0
1779632434.2690275,26.515256643295288,0.9990849380430782,0.030695822586173482,-1.9511952076168966,1.0,0.0
1779632434.3085785,26.554807662963867,1.0004119736466326,0.030463988186517563,-1.7551034550596547,1.0,0.0
1779632434.408544,26.654773235321045,0.9999617873242314,0.03210473370985219,-2.699315226411994,1.0,0.0
1779632434.425912,26.672141075134277,0.9995214715582422,0.03162367023488405,-2.4215167603552175,1.0,0.0
1779632434.5514898,26.79771900177002,1.0008161506717843,0.031299588645424314,-2.179141687557937,1.0,0.0
1779632434.5828216,26.82905077934265,1.0009503343741706,0.0308704741260726,-1.9610575644571122,1.0,0.0
1779632434.616497,26.86272621154785,1.0010727722640436,0.03048425579499285,-1.7648232497344092,1.0,0.0
1779632434.658343,26.904572248458862,1.0005926818471926,0.03016652595663855,-1.5833256627484016,1.0,0.0
1779632434.7002482,26.94647741317749,1.0007545375659361,0.029850800428263848,-1.4250197959154782,1.0,0.0
1779632434.7449112,26.991140365600586,1.0009008690023087,0.029566628756160684,-1.282543514763198,1.0,0.0
1779632434.8406167,27.086845874786377,1.0010331029717652,0.029310860445084776,-1.1543140310049422,1.0,0.0
1779632434.8872502,27.133479356765747,1.0008497785769968,0.02911988377522758,-1.035508481162526,1.0,0.0
1779632434.9023123,27.14854145050049,1.0007195345194047,0.02894898706674029,-0.9294384843370369,1.0,0.0
1779632434.9411337,27.187362909317017,1.0006817882189125,0.026721779065518533,0.29524192425050444,1.0,0.0
1779632435.029019,27.275248289108276,1.000592512541597,0.026790724070745973,0.2688394327147371,1.0,0.0
1779632435.039537,27.285766124725342,1.0007470239650438,0.026812074470972728,0.24212697892282284,1.0,0.0
1779632435.1982894,27.444518566131592,1.001921235349306,0.026968788827631714,0.21805209906321893,1.0,0.0
1779632435.2153587,27.46158790588379,1.0019466017869116,0.026972485274964805,0.19635664958001967,1.0,0.0
1779632435.2553432,27.501572370529175,1.0019707830190578,0.026975866536790034,0.17680744545675883,1.0,0.0
1779632435.3189032,27.56513237953186,1.0013779065493102,0.027007598776567728,0.16454737359922503,1.0,0.0
1779632435.3614237,27.60765290260315,1.0014643073134089,0.027007681453498005,0.14807730646636316,1.0,0.0
1779632435.4104621,27.656691312789917,1.0015421465550267,0.0270077582225744,0.13325322350174537,1.0,0.0
1779632435.4285452,27.674774408340454,1.001040269874132,0.027038295744742955,0.12428806829981696,1.0,0.0
1779632435.51143,27.757659196853638,1.000838311589586,0.027072493124334938,0.11656667282828917,1.0,0.0
1779632435.5210583,27.767287492752075,1.0003056531890167,0.029053092259101125,-1.0136171179111428,1.0,0.0
1779632435.5657737,27.812002897262573,0.9999260383130838,0.028879071102681893,-0.9079319092785727,1.0,0.0
1779632435.6032095,27.849438667297363,0.9998341535270006,0.028730369943094206,-0.8130501456519769,1.0,0.0
1779632435.6447668,27.890995979309082,1.0000741483567017,0.028558169300153476,-0.7317465600106279,1.0,0.0
1779632435.6923804,27.93860960006714,1.000004670866531,0.02844261940497025,-0.6553483340889814,1.0,0.0
1779632435.741167,27.987396240234375,1.0002251063035483,0.028299067092312502,-0.5897102021307558,1.0,0.0
1779632435.8422198,28.088449001312256,1.0004242015360358,0.02816989538777558,-0.5306616080443992,1.0,0.0
1779632435.8946128,28.140841960906982,1.0006039569865222,0.028053661999491147,-0.4775381404731236,1.0,0.0
1779632435.9344604,28.180689573287964,1.0017992904034165,0.028086483849784547,-0.42974302093572525,1.0,0.0
1779632436.1800876,28.426316738128662,1.001574628222664,0.02801846720686686,-0.38372946792902096,1.0,0.0
1779632436.192819,28.439048290252686,1.001014292433305,0.02794580826609772,-0.33959421336849116,1.0,0.0
1779632436.2141082,28.4603374004364,0.9998888418563187,0.029825084405385144,-1.3955523673207848,1.0,0.0
1779632436.2684383,28.514667510986328,1.0001215848774712,0.029543495015038144,-1.256023285954543,1.0,0.0
1779632436.2872365,28.53346562385559,0.9997858317975987,0.02932132254828169,-1.1269067425314865,1.0,0.0
1779632436.300533,28.546762228012085,1.0004896247558184,0.02914973795518059,-1.011485989941235,1.0,0.0
1779632436.3436477,28.589876890182495,1.0006552038287928,0.02893550190371371,-0.9101158209402636,1.0,0.0
1779632436.5031083,28.749337434768677,1.0003172235790045,0.028775994536097027,-0.8169163888012146,1.0,0.0
1779632436.516026,28.76225519180298,1.0015285546424568,0.02873636407474133,-0.7348555889975014,1.0,0.0
1779632436.5368035,28.783032655715942,1.0005140972841957,0.03061882331692597,-1.7939401114161715,1.0,0.0
1779632436.5653586,28.811587810516357,1.0006799838508709,0.030257945934029928,-1.6145042857222838,1.0,0.0
1779632436.8457384,29.091967582702637,1.0008306699768745,0.029933115998555894,-1.4530293287969183,1.0,0.0
1779632436.86054,29.10676908493042,1.0009674120871894,0.02964073960048115,-1.30771442125823,1.0,0.0
1779632436.8789089,29.1251380443573,0.9999253720533539,0.031349565210303715,-2.26789453601868,1.0,0.0
1779632436.9350698,29.181298971176147,1.0001446212457838,0.03091576865244568,-2.040950848045706,1.0,0.0
1779632436.9514291,29.19765830039978,1.0003443797578715,0.030525267727272754,-1.836748295537088,1.0,0.0
1779632436.9668918,29.213120937347412,1.0001756487004465,0.030212314485317478,-1.6485272828023434,1.0,0.0
1779632437.0321257,29.27835488319397,1.0003787852298311,0.02989202953712254,-1.4837037052408133,1.0,0.0
1779632437.0470598,29.293288946151733,1.0000133918895802,0.02963487894676132,-1.331763125283697,1.0,0.0
1779632437.2218337,29.46806287765503,1.000231455864355,0.029372299063802027,-1.1985477824902044,1.0,0.0
1779632437.2501698,29.49639892578125,1.0000902154399598,0.029174084414250245,-1.0742613305790776,1.0,0.0
1779632437.2633889,29.509618043899536,1.0003042171858902,0.028957550254823813,-0.9668567221240354,1.0,0.0
1779632437.283616,29.529845237731934,1.0004971192376595,0.028762664259297903,-0.8701924830340128,1.0,0.0
1779632437.3259187,29.572147846221924,1.000028056470933,0.0305735561878134,-1.9015403037645198,1.0,0.0
1779632437.3618526,29.608081817626953,1.000244901362728,0.030217160238116797,-1.7114078075276704,1.0,0.0
1779632437.4568248,29.703053951263428,1.00014208781541,0.029936259213576125,-1.5374044854252553,1.0,0.0
1779632437.4697118,29.715940952301025,1.0003475040042207,0.029643421746269584,-1.3835647291980657,1.0,0.0
1779632437.5090947,29.755323886871338,1.0002663031080523,0.029420441993932865,-1.2429818365551466,1.0,0.0
1779632437.5528052,29.799034357070923,1.0014895037337201,0.029316424202993872,-1.118413106599917,1.0,0.0
1779632437.598967,29.84519624710083,1.0015587863465583,0.02908543116340044,-1.0063640050212634,1.0,0.0
1779632437.6941674,29.940396547317505,1.0016223510409437,0.028877570031548536,-0.9055686491901999,1.0,0.0
1779632437.7084744,29.95470356941223,1.0027136309523152,0.028719104073033134,-0.8148909318776523,1.0,0.0
1779632437.7481263,29.99435544013977,1.0020628689054363,0.02857737179432964,-0.7281921639476905,1.0,0.0
1779632475.8334286,0.008501291275024414,1.2327310799941675,0.051570007328375814,-0.9390668307383465,1.25,0.0
1779632475.8904345,0.06550717353820801,1.2327859832259036,0.05140173184454335,-0.8302292645538631,1.25,0.0
1779632475.9346228,0.1096954345703125,1.2315417997411637,0.051213707338560635,-0.7471120750525989,1.25,0.0
1779632476.0274136,0.20248627662658691,1.234302068109429,0.05113636757123324,-0.6724292077534566,1.25,0.0
1779632476.0392432,0.21431589126586914,1.2384417763370248,0.051272324919339335,-0.605213306341206,1.25,0.0
1779632476.1253078,0.3003804683685303,1.237749934889567,0.054311198709616475,-2.287911642424771,1.25,0.0
1779632476.1415331,0.316605806350708,1.2365297680518141,0.05396965015149044,-2.0511521495168332,1.25,0.0
1779632476.2637877,0.4388604164123535,1.2333289568864805,0.05033736789347345,-0.09100483584686081,1.25,0.0
1779632476.2954297,0.4705023765563965,1.235911194145896,0.050347652431910035,-0.08193173342403606,1.25,0.0
1779632476.519969,0.6950416564941406,1.234026019839931,0.05321608195013396,-1.7748874317567553,1.25,0.0
1779632476.5367868,0.7118594646453857,1.2381896014390092,0.05314413665043474,-1.597416610493006,1.25,0.0
1779632476.57575,0.7508227825164795,1.2402823594977757,0.05287379490490578,-1.437693654345716,1.25,0.0
1779632476.616753,0.7918257713317871,1.2402627999819544,0.052601950296408025,-1.2846992125853958,1.25,0.0
1779632476.6551452,0.8302178382873535,1.2396865380015458,0.05233444677708885,-1.144644547184599,1.25,0.0
1779632476.8414576,1.0165302753448486,1.2432865304573337,0.05235059992834434,-1.0301962228651502,1.25,0.0
1779632476.85065,1.0257227420806885,1.2432803604145402,0.05209447801637655,-0.9271938555790394,1.25,0.0
1779632476.8674173,1.042490005493164,1.2424971782133711,0.05188051614135678,-0.8254269734610034,1.25,0.0
1779632476.9026735,1.0777461528778076,1.2421845672927887,0.051856822618750006,-0.7418416535439003,1.25,0.0
1779632476.9864275,1.1615002155303955,1.2419863728479061,0.05168433950887339,-0.6569453477509258,1.25,0.0
1779632477.0152202,1.1902928352355957,1.2371042835508839,0.0543785792285198,-2.2882062792367264,1.25,0.0
1779632477.0429757,1.218048334121704,1.236366448512236,0.05076204279535676,-0.3172828407632029,1.25,0.0
1779632477.1775024,1.3525750637054443,1.2403002638134355,0.050935411344640205,-0.28557259853051986,1.25,0.0
1779632477.1869478,1.362020492553711,1.240309655493741,0.05100603525792079,-0.2564451320403614,1.25,0.0
1779632477.3679762,1.5430488586425781,1.2397233502628326,0.05089944853400991,-0.22031229046100573,1.25,0.0
1779632477.3745344,1.5496070384979248,1.239763369494635,0.05082090275809519,-0.1863048247964641,1.25,0.0
1779632477.4232016,1.5982742309570312,1.2392390272446892,0.05073241089025089,-0.1569880402061859,1.25,0.0
1779632477.548483,1.723555564880371,1.2384464142859555,0.053825714484486975,-1.8845172054714794,1.25,0.0
1779632477.5602188,1.7352914810180664,1.2386042236973085,0.0534564297840648,-1.6855988967625533,1.25,0.0
1779632477.5777118,1.7527844905853271,1.2341170646391793,0.05597421961183372,-3.2150908453504403,1.25,0.0
1779632477.5961044,1.771177053451538,1.236584728838697,0.0555561023806077,-2.8934054695348133,1.25,0.0
1779632477.6951303,1.8702030181884766,1.2373148435969075,0.05193905550353098,-0.8189969871271198,1.25,0.0
1779632477.7063563,1.8814289569854736,1.2357136698762832,0.051701647200391686,-0.7402363074099787,1.25,0.0
1779632477.7245233,1.8995959758758545,1.236460115057403,0.05151005894140107,-0.6659537270480188,1.25,0.0
1779632477.836552,2.011624574661255,1.236743461922963,0.051369013773960186,-0.5861894069023453,1.25,0.0
1779632477.8488297,2.023902416229248,1.240639213924773,0.0514817027521603,-0.527596723815913,1.25,0.0
1779632477.867444,2.0425167083740234,1.24110119536335,0.04813425019951446,1.311413352264117,1.25,0.0
1779632477.9314919,2.106564521789551,1.24290399125713,0.04836481629893996,1.1802414525297291,1.25,0.0
1779632477.9459877,2.121060371398926,1.2445053005729503,0.04870732756401668,1.062262556412761,1.25,0.0
1779632477.9858162,2.160888910293579,1.2459685055425511,0.04888060795541481,0.9560025909638545,1.25,0.0
1779632478.174692,2.349764585494995,1.2472640273410684,0.04917178613831584,0.8603135126711347,1.25,0.0
1779632478.1952326,2.370305299758911,1.244649015352981,0.04920676700348912,0.7743789737854937,1.25,0.0
1779632478.2330818,2.4081544876098633,1.2460948795687474,0.04932997906499892,0.6969307396730529,1.25,0.0
1779632478.2520854,2.4271581172943115,1.2413824778296367,0.05217503001961772,-1.006946759364808,1.25,0.0
1779632478.2822397,2.4573123455047607,1.2407593414211235,0.05195198874043036,-0.8963939741186978,1.25,0.0
1779632478.365689,2.540761709213257,1.2402834080338196,0.051754196242122755,-0.7992042474575034,1.25,0.0
1779632478.4586968,2.6337695121765137,1.2385041562587225,0.051533268031709795,-0.722020091461083,1.25,0.0
1779632478.4766126,2.6516852378845215,1.2405404614930737,0.05142349530534305,-0.6491907703563775,1.25,0.0
1779632478.4893723,2.664444923400879,1.2401927068213225,0.051281263083947023,-0.5785033130198246,1.25,0.0
1779632478.5512192,2.7262918949127197,1.2399473905074168,0.051300090108526715,-0.5232295281761907,1.25,0.0
1779632478.566044,2.741116762161255,1.241785467223011,0.051341318037439625,-0.4657720964074572,1.25,0.0
1779632478.6464438,2.821516513824463,1.2413800906668626,0.051208182993641355,-0.4137464475021916,1.25,0.0
1779632478.6587884,2.8338611125946045,1.2430871823572955,0.05113046465866494,-0.3713136363249869,1.25,0.0
1779632478.74078,2.9158527851104736,1.2425659949526924,0.05101971048745639,-0.32929659903411257,1.25,0.0
1779632478.7568212,2.931893825531006,1.242129678587625,0.05092184844650202,-0.2924565098772898,1.25,0.0
1779632478.79692,2.9719927310943604,1.2437315136718416,0.050871273986694776,-0.2612807385420877,1.25,0.0
1779632478.8362782,3.0113508701324463,1.238937243490745,0.05355988275589792,-1.8738976328027173,1.25,0.0
1779632478.8840966,3.059169292449951,1.2388087591019468,0.053350168940086144,-1.6912423842234583,1.25,0.0
1779632478.9313912,3.10646390914917,1.238714156282748,0.05301716112910369,-1.5199077592207688,1.25,0.0
1779632479.175385,3.3504576683044434,1.2355807820638622,0.049606928312320386,0.34272819552741035,1.25,0.0
1779632479.1865985,3.361671209335327,1.2357678109530739,0.04964692563025174,0.31573961167684805,1.25,0.0
1779632479.2044308,3.3795034885406494,1.2344413870924964,0.049626546153230415,0.3001234200874441,1.25,0.0
1779632479.2443998,3.4194724559783936,1.2368904744614966,0.04970755280493137,0.27016438973475715,1.25,0.0
1779632479.2630167,3.438089370727539,1.2370303317701352,0.04974534465749236,0.2564311748474769,1.25,0.0
1779632479.4110866,3.5861592292785645,1.239239591282899,0.04981487826759397,0.23071924846291636,1.25,0.0
1779632479.4240398,3.5991125106811523,1.2428838010503087,0.05008301586629695,0.2075883611332451,1.25,0.0
1779632479.4393406,3.614413261413574,1.2394746273712351,0.04698890083290429,1.935691104997276,1.25,0.0
1779632479.4717903,3.6468629837036133,1.2391782110096619,0.04728534521937708,1.7544966325520306,1.25,0.0
1779632479.599399,3.7744717597961426,1.2390479505287892,0.04756112687337212,1.5917917987581756,1.25,0.0
1779632479.6186578,3.7937304973602295,1.2410493446724244,0.047849004629012884,1.432397037672462,1.25,0.0
1779632479.6290033,3.8040759563446045,1.2328911329948846,0.04777836530880797,1.3126400970392869,1.25,0.0
1779632479.6569953,3.8320679664611816,1.2354827433161988,0.048043862959481015,1.1809171516503947,1.25,0.0
1779632479.7901156,3.9651882648468018,1.2180566684478686,0.052653048379297525,-1.8019264924154872,1.25,0.0
1779632479.8006022,3.975674867630005,1.2170626346368183,0.049169993666224196,0.14668815093637988,1.25,0.0
1779632479.8205853,3.9956579208374023,1.2190783987344254,0.04925356144892751,0.13895848311318343,1.25,0.0
1779632479.9321766,4.1072492599487305,1.2194394206170343,0.04929422575923132,0.1277447761751127,1.25,0.0
1779632479.9450936,4.120166301727295,1.225049547939939,0.049613647630083524,0.11532970515807496,1.25,0.0
1779632479.9701643,4.145236968994141,1.2211015810059556,0.05244081646027139,-1.4932936150181597,1.25,0.0
1779632479.9971886,4.1722612380981445,1.222950622112292,0.052209969226419434,-1.3327498405389024,1.25,0.0
1779632480.1709669,4.346039533615112,1.2265677311689245,0.05203302176672822,-1.1994805061287461,1.25,0.0
1779632480.187933,4.363005638122559,1.2274098847974217,0.051824564494759626,-1.0697699527954667,1.25,0.0
1779632480.2032,4.378272771835327,1.2305806793517693,0.051686047727081415,-0.962723612293488,1.25,0.0
1779632480.240759,4.415831565856934,1.228230492804468,0.054504668169767234,-2.534538986211379,1.25,0.0
1779632480.2776988,4.452771425247192,1.2260333437568072,0.05082944696310563,-0.5313159444404622,1.25,0.0
1779632480.3165524,4.491625070571899,1.2272225408023787,0.05075629697929448,-0.4642123550040129,1.25,0.0
1779632480.3573987,4.532471418380737,1.226688172375961,0.0506177236591409,-0.40929492489502856,1.25,0.0
1779632480.3698764,4.544949054718018,1.231572696366695,0.0508053798149526,-0.36816771589994635,1.25,0.0
1779632480.4121659,4.587238550186157,1.23147349292118,0.04754489916078353,1.4133461215667826,1.25,0.0
1779632480.4568794,4.6319520473480225,1.2305642595105573,0.04774239881052261,1.2738716777540995,1.25,0.0
1779632480.5075958,4.682668447494507,1.231293239996217,0.047974131134629706,1.159163689951832,1.25,0.0
1779632480.5504928,4.725565433502197,1.2320772777218574,0.0481884581091097,1.0543963396613862,1.25,0.0
1779632480.601774,4.776846647262573,1.2288159092757227,0.05115041602554307,-0.6868438992125961,1.25,0.0
1779632480.6953113,4.870383977890015,1.2318455683427516,0.05107905237295047,-0.6179431406526126,1.25,0.0
1779632480.708146,4.883218765258789,1.2321215892370194,0.050960824554200375,-0.54312523030048,1.25,0.0
1779632480.747659,4.922731637954712,1.2348239926018298,0.050908798457222036,-0.4888556128872623,1.25,0.0
1779632480.7892988,4.9643714427948,1.2353420926514733,0.05083366120820204,-0.43052328881972163,1.25,0.0
1779632480.882186,5.057258605957031,1.2377202991502143,0.05079408214391525,-0.38734215487168744,1.25,0.0
1779632480.898967,5.074039697647095,1.2374182067858162,0.05070520318305246,-0.33616359719356753,1.25,0.0
1779632480.936676,5.111748695373535,1.2412462611693422,0.05088428730514773,-0.30257971017802365,1.25,0.0
1779632481.1240575,5.299130201339722,1.243014683679862,0.05097441083278281,-0.2720063496498679,1.25,0.0
1779632481.1379373,5.313009977340698,1.246283341037782,0.05112661900346375,-0.24486573763096994,1.25,0.0
1779632481.154107,5.329179763793945,1.244038275295312,0.04775980586585579,1.5857123504439092,1.25,0.0
1779632481.190387,5.365459680557251,1.247198961299648,0.04823309681719458,1.4271810567927439,1.25,0.0
1779632481.229683,5.404755592346191,1.2294255009348551,0.05273176129112953,-1.491305461322097,1.25,0.0
1779632481.3142018,5.489274501800537,1.2297914632558558,0.0524497131327524,-1.3274306502544686,1.25,0.0
1779632481.3304482,5.505520820617676,1.2269505368768774,0.054980608027061915,-2.8326265627751703,1.25,0.0
1779632481.4077315,5.582804203033447,1.2260627228831331,0.05737967685655166,-4.251131739390749,1.25,0.0
1779632481.420335,5.595407724380493,1.2237046481299279,0.0534149967753085,-2.06888592800657,1.25,0.0
1779632481.5033202,5.6783928871154785,1.2225372519377729,0.049989032274247655,-0.17833856907310544,1.25,0.0
1779632481.5182152,5.6932878494262695,1.2216519823359544,0.04691126426370687,1.5238018835857072,1.25,0.0
1779632481.6028879,5.777960538864136,1.214889092883784,0.046916326829345024,1.3976706691357592,1.25,0.0
1779632481.621366,5.796438694000244,1.2169050960096768,0.0472145522985878,1.2709234739394313,1.25,0.0
1779632481.6611295,5.836202144622803,1.2191881371681694,0.04735827663421374,1.238787149932043,1.25,0.0
1779632481.6980233,5.873095989227295,1.2248372980996507,0.04787199233264422,1.1148780849686177,1.25,0.0
1779632481.7405903,5.915663003921509,1.2189110452550294,0.04782877076431021,1.025098493299351,1.25,0.0
1779632481.836663,6.011735677719116,1.2203502726607602,0.048031764856316723,0.9360203477811264,1.25,0.0
1779632481.8489165,6.023989200592041,1.2209982654516562,0.048185835924902255,0.8529793164863684,1.25,0.0
1779632481.88777,6.062842607498169,1.2230626483968305,0.04838582814857324,0.7769863621866834,1.25,0.0
1779632481.9285626,6.103635311126709,1.2162781329200179,0.042455062233625634,3.9482667599175514,1.25,0.0
1779632482.032242,6.207314729690552,1.2188939139301864,0.04323315560840988,3.566484671641659,1.25,0.0
1779632482.043706,6.218778610229492,1.2198728042090703,0.04706363137269453,1.4568137595783737,1.25,0.0
1779632482.0859976,6.261070251464844,1.2210691494684491,0.0474902539862489,1.3127405543488564,1.25,0.0
1779632482.2650962,6.440168857574463,1.2231560705402014,0.0477625445240409,1.190183159718214,1.25,0.0
1779632482.2939367,6.4690093994140625,1.224072111972665,0.04796433604751293,1.0875397655146657,1.25,0.0
1779632482.3152773,6.490350008010864,1.227565725753282,0.04821123267934698,0.9788773055261445,1.25,0.0
1779632482.3315113,6.50658392906189,1.2307127265721807,0.04843358285043772,0.881074026960406,1.25,0.0
1779632482.3733668,6.5484395027160645,1.2335255944418602,0.04877150729825248,0.7915665259002405,1.25,0.0
1779632482.5073972,6.682469844818115,1.2332921721880388,0.04571647168080159,2.455209015457217,1.25,0.0
1779632482.5188396,6.6939122676849365,1.2334039855094971,0.046280046589056774,2.2135369432190424,1.25,0.0
1779632482.537239,6.712311744689941,1.2340823821257456,0.0466676566866711,2.002737665539129,1.25,0.0
1779632482.5729933,6.748065948486328,1.2353597277748962,0.04394289611935194,3.5903182268395466,1.25,0.0
1779632482.644666,6.8197386264801025,1.2377177283485405,0.04459128573425911,3.2313747969304094,1.25,0.0
1779632482.658704,6.8337767124176025,1.233850679148091,0.047909622512255966,1.2740161696913461,1.25,0.0
1779632482.701552,6.876624584197998,1.233839536666653,0.048100692459827406,1.162439653591507,1.25,0.0
1779632482.8402739,7.015346527099609,1.2311192324547455,0.051149747870790574,-0.6151889690924718,1.25,0.0
1779632482.8509479,7.026020526885986,1.2319867182080444,0.051051310139867995,-0.5445884442942254,1.25,0.0
1779632482.873004,7.048076629638672,1.221957508348244,0.04764751461761532,1.1600492253197519,1.25,0.0
1779632482.908675,7.083747625350952,1.2273238392935046,0.048132549340610946,1.0437427986762735,1.25,0.0
1779632483.029077,7.2041497230529785,1.2304998506951705,0.0483634820839038,0.9391282862052117,1.25,0.0
1779632483.0441537,7.219226360321045,1.233359572259255,0.048571294220023375,0.8450226862552688,1.25,0.0
1779632483.0629501,7.238022804260254,1.2336492073933223,0.048856361042652695,0.7627556983478883,1.25,0.0
1779632483.0922253,7.267297983169556,1.2361629428058734,0.04914669331080584,0.6880654703776092,1.25,0.0
1779632483.1317601,7.306832790374756,1.2318660666387895,0.05221715817869787,-1.0823615193138798,1.25,0.0
1779632483.169097,7.344169616699219,1.2362008334314527,0.05237828152511678,-0.9715085357568918,1.25,0.0
1779632483.2717912,7.446863889694214,1.2363906598692123,0.052158022156841816,-0.8642049142014682,1.25,0.0
1779632483.4591694,7.634242057800293,1.2403170953386073,0.05219237015038369,-0.7780610798260589,1.25,0.0
1779632483.473783,7.648855686187744,1.2398891243316323,0.051964886486772735,-0.6893640946741989,1.25,0.0
1779632483.4867103,7.66178297996521,1.230941897376129,0.04564370587770926,2.6278551843349582,1.25,0.0
1779632483.550238,7.725310564041138,1.2318039796703424,0.04609216294122111,2.3758791207493664,1.25,0.0
1779632483.5653312,7.740403890609741,1.2318175003840153,0.04330749349384642,3.880438198048614,1.25,0.0
1779632483.6018043,7.776876926422119,1.2306997832524336,0.04391823924676559,3.4982148181759722,1.25,0.0
1779632483.6933324,7.868405103683472,1.232334237326008,0.04133528232736361,4.934138038408364,1.25,0.0
1779632483.7050679,7.880140542984009,1.2305045025689538,0.0391169941972859,6.1302893261686,1.25,0.0
1779632483.7433608,7.918433427810669,1.227166523421181,0.04297072499083201,3.8859602734372882,1.25,0.0
1779632483.7888992,7.963971853256226,1.2278373301004553,0.04365068072251554,3.5139254485232643,1.25,0.0
1779632483.891364,8.066436767578125,1.224898050007948,0.047061296671160005,1.529084577050288,1.25,0.0
1779632483.9040473,8.07911992073059,1.2265227354997184,0.04737455677424314,1.3855138116507664,1.25,0.0
1779632483.9417326,8.1168053150177,1.228050329961084,0.047659438610881545,1.255093696064083,1.25,0.0
1779632483.9841495,8.15922212600708,1.2327788608080041,0.04814061218231999,1.1301246250264998,1.25,0.0
1779632484.1697147,8.344787359237671,1.233716102931705,0.04835019037525233,1.0243164584240514,1.25,0.0
1779632484.182857,8.357929706573486,1.2335444797229376,0.04849004888028716,0.9401571882156096,1.25,0.0
1779632484.201097,8.376169681549072,1.2302893552863556,0.05141971217038106,-0.7925728836718838,1.25,0.0
1779632484.2669683,8.442040920257568,1.2314861576357101,0.051300808520393114,-0.7094742695104567,1.25,0.0
1779632484.277344,8.45241665840149,1.2315210913873937,0.05115202251410505,-0.618522000308803,1.25,0.0
1779632484.3181727,8.493245363235474,1.2342645344550156,0.05108005282673228,-0.5560163649421099,1.25,0.0
1779632484.3623497,8.53742241859436,1.2300655039293515,0.053830824580938005,-2.1951240711367355,1.25,0.0
1779632484.4070578,8.582130432128906,1.2329650142583737,0.05349189032792305,-1.9755101571676403,1.25,0.0
1779632484.4514675,8.626540184020996,1.2314552004108565,0.056042669144549175,-3.478984251846569,1.25,0.0
1779632484.501826,8.676898717880249,1.232660067039783,0.052375811146874576,-1.3442298897360738,1.25,0.0
1779632484.6482024,8.823275089263916,1.2325785132360443,0.05530303577168073,-2.953028052078198,1.25,0.0
1779632484.661283,8.836355686187744,1.2368783523825588,0.05502288117025942,-2.6577957006461035,1.25,0.0
1779632484.680318,8.855390787124634,1.237647279723681,0.05146088414661254,-0.6047064277669619,1.25,0.0
1779632484.7434587,8.91853141784668,1.23795694509827,0.05147852801311901,-0.5437353402463748,1.25,0.0
1779632484.7553453,8.930418014526367,1.238292714910331,0.051345997188844666,-0.4802679699151493,1.25,0.0
1779632485.0331366,9.20820927619934,1.2420125005702043,0.05146103931191133,-0.43210402658312386,1.25,0.0
1779632485.0452485,9.22032117843628,1.2332746190333164,0.05103125838895207,-0.3698777242305452,1.25,0.0
1779632485.063295,9.238367557525635,1.2334806568605345,0.050924136914551756,-0.3238011375440958,1.25,0.0
1779632485.0992,9.274272680282593,1.236043374139431,0.05087543623873682,-0.291244768117129,1.25,0.0
1779632485.1672523,9.34232497215271,1.2345389419454362,0.04768599010630693,1.4508790608999471,1.25,0.0
1779632485.1855094,9.360582113265991,1.2341227680446902,0.05108345888392206,-0.4395944373086396,1.25,0.0
1779632485.2674675,9.442540168762207,1.2343726767821759,0.050976995325917276,-0.3903913527857569,1.25,0.0
1779632485.4539392,9.629011869430542,1.2368240798352408,0.050921726987976056,-0.3502696726877494,1.25,0.0
1779632485.4679084,9.642981052398682,1.2254104242924504,0.05323252660708318,-1.9069872805240649,1.25,0.0
1779632485.4833674,9.658440113067627,1.2225871911028694,0.05568514923527695,-3.3484958528551396,1.25,0.0
1779632485.5189707,9.694043397903442,1.226203082268793,0.055160732295496666,-3.011773893880516,1.25,0.0
1779632485.557039,9.732111692428589,1.2206227815422954,0.04860202543871141,0.5808858543417412,1.25,0.0
1779632485.598783,9.773855686187744,1.2261152697273723,0.048990672772319,0.5230219987778784,1.25,0.0
1779632485.7875245,9.962597131729126,1.224563137963792,0.04601605371691526,2.143918281772771,1.25,0.0
1779632485.8007517,9.975824356079102,1.2258202194592518,0.0464161676442606,1.939416209177396,1.25,0.0
1779632485.8183534,9.993426084518433,1.2194835260503791,0.04650473977747737,1.7658046740652582,1.25,0.0
1779632485.931947,10.107019662857056,1.2250063143634515,0.04709887307523608,1.5887986577742563,1.25,0.0
1779632485.9448752,10.119947910308838,1.2260813645808613,0.047380282250348606,1.4466230349677174,1.25,0.0
1779632485.9630616,10.138134241104126,1.2272162702813516,0.047642555287150154,1.3168847550149723,1.25,0.0
1779632486.22461,10.399682760238647,1.2303975819060453,0.047921936435644755,1.185119234269948,1.25,0.0
1779632486.2362268,10.411299467086792,1.2224269277620026,0.053458465591859315,-2.077797998228727,1.25,0.0
1779632486.2518685,10.426941156387329,1.2238161648579209,0.05310874011107166,-1.8634508356842037,1.25,0.0
1779632486.292924,10.467996597290039,1.2273036083837563,0.05284540962187621,-1.6788656957700911,1.25,0.0
1779632486.3648329,10.539905548095703,1.2304464617703355,0.052736329741134354,-1.5083226421038542,1.25,0.0
1779632486.505381,10.680453777313232,1.2310695232242315,0.052460477510302965,-1.3515329046765294,1.25,0.0
1779632486.5203216,10.695394277572632,1.2302648275690522,0.0521676047998493,-1.2196228420742774,1.25,0.0
1779632486.534466,10.709538698196411,1.219676686027231,0.05434229584047923,-2.6941305232260704,1.25,0.0
1779632486.570923,10.74599575996399,1.221539760604569,0.05391131293938007,-2.4255181746568355,1.25,0.0
1779632486.6112974,10.786370038986206,1.223240968222836,0.05352481047452452,-2.183952465054152,1.25,0.0
1779632486.6932597,10.868332386016846,1.2242998174441067,0.05317872249990508,-1.935765874662496,1.25,0.0
1779632486.705575,10.880647659301758,1.229362107542856,0.05311041936100054,-1.7394278368574345,1.25,0.0
1779632486.7479079,10.922980546951294,1.232277698920302,0.05284324510586303,-1.5634038727661852,1.25,0.0
1779632486.7877436,10.96281623840332,1.2328181687205781,0.05256075951205181,-1.4043843959343036,1.25,0.0
1779632486.8843734,11.059446096420288,1.233341041754177,0.05230821228831135,-1.2620701106019752,1.25,0.0
1779632486.8955064,11.070579051971436,1.2308824611159543,0.04886943274309883,0.6218774947470307,1.25,0.0
1779632486.9411538,11.116226434707642,1.2335958018340694,0.04902233010032384,0.560725959501473,1.25,0.0
1779632487.0769575,11.25203013420105,1.230050539846325,0.04593858906962441,2.2226049090047746,1.25,0.0
1779632487.0875447,11.262617349624634,1.2344984131079373,0.046589033603437226,1.9985353276172533,1.25,0.0
1779632487.106121,11.281193733215332,1.2334527625937997,0.04688535388560013,1.80095086997558,1.25,0.0
1779632487.1683624,11.343435049057007,1.2335744744483474,0.047186620196036796,1.6351406859872748,1.25,0.0
1779632487.182253,11.357325553894043,1.2317412275407729,0.050504003885782175,-0.24127648584655698,1.25,0.0
1779632487.2752633,11.45033597946167,1.232329455175166,0.050456042390969076,-0.2120503481725089,1.25,0.0
1779632487.3138747,11.48894739151001,1.2299870708001448,0.047199068497808964,1.5658787548753377,1.25,0.0
1779632487.3261383,11.501210927963257,1.2203270191374629,0.05008409254378308,-0.21309053409220471,1.25,0.0
1779632487.409546,11.58461856842041,1.2240659043292934,0.05011550207511474,-0.18877917348246598,1.25,0.0
1779632487.4219537,11.597026348114014,1.2240950322526112,0.05005891661305296,-0.1721575584870039,1.25,0.0
1779632487.5504637,11.725536346435547,1.2255656580162109,0.050060015524177645,-0.15231861071226283,1.25,0.0
1779632487.564968,11.74004077911377,1.2269041924343924,0.0500619766785916,-0.1349688721426601,1.25,0.0
1779632487.5835872,11.758659839630127,1.2281209713039425,0.050064532920397004,-0.11976202306222183,1.25,0.0
1779632487.6478493,11.822921991348267,1.2310248049534462,0.0500958754397684,-0.10371786352774344,1.25,0.0
1779632487.65791,11.832982778549194,1.2353311279586727,0.05033080842832629,-0.0901024852452309,1.25,0.0
1779632487.740512,11.915584564208984,1.2392373556815874,0.05054319239620732,-0.07850092441477927,1.25,0.0
1779632487.7531927,11.92826533317566,1.242777766056448,0.05073510778142737,-0.06857754469975404,1.25,0.0
1779632487.850119,12.02519178390503,1.2443289689398964,0.050702890895295685,-0.06005917491860596,1.25,0.0
1779632487.891683,12.066755771636963,1.2429146731845813,0.047451811411124645,1.7001491572176064,1.25,0.0
1779632487.975688,12.150760650634766,1.242426512648131,0.047854560076547766,1.5318250122213295,1.25,0.0
1779632488.0268815,12.201954126358032,1.2320995413871156,0.044815321435637934,3.0368961091632602,1.25,0.0
1779632488.076996,12.252068758010864,1.2319782219527526,0.042155208668109234,4.491676228372035,1.25,0.0
1779632488.0877566,12.262829303741455,1.2300836698747313,0.039882279303270554,5.812654894291955,1.25,0.0
1779632488.1288831,12.303955793380737,1.2251032737787793,0.04361762747928822,3.5590710590625143,1.25,0.0
1779632488.1703162,12.345388889312744,1.2283424798345508,0.044291770990955576,3.1972332800091303,1.25,0.0
1779632488.3112056,12.486278295516968,1.2329443507074116,0.04510612906032041,2.8732753940932194,1.25,0.0
1779632488.3247173,12.499789953231812,1.235456140336452,0.045635012631621855,2.5829272840176665,1.25,0.0
1779632488.3434741,12.51854681968689,1.2377373823881905,0.04611214361147079,2.3224826616826726,1.25,0.0
1779632488.408625,12.58369755744934,1.239807243513211,0.04654240635878097,2.0887036439794624,1.25,0.0
1779632488.423416,12.598488569259644,1.2353216650742984,0.04974869894354235,0.17447388043333062,1.25,0.0
1779632488.4664268,12.641499519348145,1.2376336266996673,0.04981612974421144,0.15775323426753712,1.25,0.0
1779632488.5056026,12.680675268173218,1.2300782716017573,0.05532035255998518,-3.0823168857971717,1.25,0.0
1779632488.5976138,12.77268648147583,1.2307469104703774,0.05480420068600358,-2.7549848173161564,1.25,0.0
1779632488.6112063,12.78627896308899,1.2247421173531,0.04816495378273625,0.8040814302848759,1.25,0.0
1779632488.6949577,12.870030403137207,1.2298241397269727,0.04859772486987309,0.7236198363798236,1.25,0.0
1779632488.7072263,12.882298946380615,1.2327453834373092,0.048781720551441025,0.6512217106888577,1.25,0.0
1779632488.791345,12.96641755104065,1.2331176915775424,0.04890083333904566,0.5955252905530221,1.25,0.0
1779632488.8036275,12.978700160980225,1.2320918699994832,0.04909611484422458,0.5359622676296489,1.25,0.0
1779632488.8854003,13.060472965240479,1.2326029598437167,0.049190444801913605,0.4972687457731226,1.25,0.0
1779632488.899351,13.074423551559448,1.221982359066465,0.05150662330846265,-1.0140547666598514,1.25,0.0
1779632488.935279,13.1103515625,1.223316218929537,0.05150069318241078,-0.9130197836789792,1.25,0.0
1779632489.0757508,13.250823497772217,1.224933392049355,0.05136544504148774,-0.8113990587677398,1.25,0.0
1779632489.089445,13.264517784118652,1.228332450956652,0.05140849698210074,-0.7305350837096747,1.25,0.0
1779632489.1082962,13.283368825912476,1.2295428159382575,0.05128685131738996,-0.6503563373203736,1.25,0.0
1779632489.1681292,13.343201875686646,1.230007974063486,0.051145243067493816,-0.5705342406829285,1.25,0.0
1779632489.1855288,13.360601425170898,1.234577280568892,0.05128026540179287,-0.5134819682325839,1.25,0.0
1779632489.2680655,13.443138122558594,1.2386897514323347,0.051401791104392684,-0.462138728147399,1.25,0.0
1779632489.3113053,13.486377954483032,1.2407357470646192,0.05130560111446209,-0.41593288741973194,1.25,0.0
1779632489.324911,13.499983787536621,1.2401876054852592,0.05116725946550501,-0.36307129907083546,1.25,0.0
1779632489.4053109,13.580383539199829,1.242080283565131,0.051094577711934486,-0.32677913121306934,1.25,0.0
1779632489.422602,13.59767460823059,1.2324181485907373,0.04793555478320965,1.2446332691967794,1.25,0.0
1779632489.501724,13.676796674728394,1.2367168954587302,0.04839045649282642,1.1201132018282303,1.25,0.0
1779632489.558355,13.73342776298523,1.236845421921365,0.04855544120476844,1.0223712506501417,1.25,0.0
1779632489.7931612,13.968233823776245,1.239069934922201,0.04874378884517812,0.9200779469198554,1.25,0.0
1779632489.8013105,13.976383209228516,1.2345614663202573,0.051731542951752765,-0.8700122880907165,1.25,0.0
1779632489.8150182,13.99009084701538,1.2347767267872025,0.051558162710945404,-0.7772480815762186,1.25,0.0
1779632489.8472638,14.022336483001709,1.2308835213042428,0.05426454488404785,-2.406632011232229,1.25,0.0
1779632489.864131,14.039203643798828,1.2336348726738364,0.05401059287209688,-2.1599405206085427,1.25,0.0
1779632490.1224074,14.29748010635376,1.2339943833081266,0.05362039581493421,-1.9259181948173474,1.25,0.0
1779632490.134153,14.30922555923462,1.231261860301084,0.05003443125163626,0.016717447299285336,1.25,0.0
1779632490.1523685,14.327441215515137,1.2304332825227062,0.04998483397178955,0.01388747911234267,1.25,0.0
1779632490.18665,14.361722707748413,1.233261229918529,0.05002961838549665,0.012892749401140447,1.25,0.0
1779632490.2283375,14.403410196304321,1.2374700370635787,0.05027563355471339,0.011918769803760994,1.25,0.0
1779632490.3100848,14.485157489776611,1.2360658579405535,0.05021743448661166,0.011873017029759812,1.25,0.0
1779632490.3269656,14.50203824043274,1.2383667095171393,0.05023947058047791,0.010794897353401651,1.25,0.0
1779632490.36591,14.540982723236084,1.240438969142024,0.0502593468940965,0.009799915933654741,1.25,0.0
1779632490.596988,14.772060632705688,1.2423052124656173,0.05027727105691081,0.008884430959105934,1.25,0.0
1779632490.621814,14.796886682510376,1.2439858113902702,0.05029343152700214,0.008044280464747575,1.25,0.0
1779632490.6415017,14.816574335098267,1.243192927132744,0.050260856861368865,0.016069625212132087,1.25,0.0
1779632490.664793,14.839865684509277,1.2419832991962858,0.053401364214751196,-1.7308837819193812,1.25,0.0
1779632490.7403057,14.915378332138062,1.2416516044547141,0.05307257521301037,-1.5438670348694326,1.25,0.0
1779632490.753922,14.92899465560913,1.2322624787433716,0.052445580423089486,-1.3793583013590358,1.25,0.0
1779632490.7734377,14.94851040840149,1.231172772917253,0.04893805397255445,0.5722294851772629,1.25,0.0
1779632490.835444,15.01051664352417,1.2302466540756374,0.04899744017973635,0.5147951848446852,1.25,0.0
1779632490.8542879,15.02936053276062,1.229476517277942,0.04905079921052113,0.4633352834474582,1.25,0.0
1779632491.0781672,15.253239870071411,1.2302960302083081,0.04915221604442739,0.4308691110877494,1.25,0.0
1779632491.0893607,15.26443338394165,1.2309258652656352,0.04938065700381152,0.3888503875802689,1.25,0.0
1779632491.106403,15.28147578239441,1.2250142463492677,0.049193936834024406,0.391529601540829,1.25,0.0
1779632491.1416981,15.316770792007446,1.224579090041277,0.04616117249227238,2.0710335290385693,1.25,0.0
1779632491.1857758,15.360848426818848,1.224319589329534,0.046495748661121356,1.8668515775697607,1.25,0.0
1779632491.2685237,15.443596363067627,1.2294367719919284,0.047095389075364445,1.6797035062123675,1.25,0.0
1779632491.312169,15.487241744995117,1.2340463106752755,0.047635170109400396,1.5113863981016218,1.25,0.0
1779632491.3276477,15.502720355987549,1.2342981011548344,0.04786806299683426,1.3714658480017974,1.25,0.0
1779632491.4074042,15.58247685432434,1.2346526053354383,0.0480854304725048,1.247824304456407,1.25,0.0
1779632491.4595945,15.634667158126831,1.2370944712951373,0.0483208387779863,1.1228941938938442,1.25,0.0
1779632491.5009863,15.676059007644653,1.2392937028933964,0.04853272648580601,1.0104889082864748,1.25,0.0
1779632491.550523,15.725595712661743,1.2392990403298176,0.048690685774301155,0.9211837796851063,1.25,0.0
1779632491.787878,15.962950706481934,1.2429384879635086,0.049071151358989706,0.82906085823095,1.25,0.0
1779632491.801681,15.97675371170044,1.243281765243505,0.04610386554801384,2.533525395821734,1.25,0.0
1779632491.8209107,15.995983362197876,1.24651533957489,0.04674278181395061,2.280165277787632,1.25,0.0
1779632492.080419,16.255491733551025,1.24322922921266,0.04398352509586487,3.739833545641225,1.25,0.0
1779632492.094459,16.269531726837158,1.2423231398501557,0.044565629007898136,3.3816732764178563,1.25,0.0
1779632492.1112885,16.28636121749878,1.2428039584455726,0.04192098032036944,4.829481522141823,1.25,0.0
1779632492.1400237,16.315096378326416,1.2393572363384624,0.03949733548710995,6.107417195687125,1.25,0.0
1779632492.4094212,16.58449387550354,1.2393086433371723,0.040549898420269556,5.509658037812473,1.25,0.0
1779632492.4243684,16.599441051483154,1.2412514618143877,0.04153631848727459,4.9587005342848745,1.25,0.0
1779632492.4413152,16.616387844085693,1.24112840656906,0.042394515753257846,4.476279042016972,1.25,0.0
1779632492.5065057,16.681578397750854,1.242898026721548,0.04319685389158458,4.028661667299306,1.25,0.0
1779632492.6459212,16.820993900299072,1.2426934115246142,0.04389464256822239,3.638441995496418,1.25,0.0
1779632492.6670198,16.842092514038086,1.241142962332526,0.04448065528649661,3.2775790885682916,1.25,0.0
1779632492.6825833,16.857656002044678,1.2412407166797916,0.0450558970388417,2.961204221291857,1.25,0.0
1779632492.7951224,16.970195055007935,1.2413753630000988,0.04557607332870884,2.675133792382259,1.25,0.0
1779632492.8024664,16.9775390625,1.2375732207034684,0.042753812366540835,4.1764710838523404,1.25,0.0
1779632492.8391957,17.014268398284912,1.2343678414316595,0.040224577564134896,5.520980540343503,1.25,0.0
1779632492.8522582,17.02733087539673,1.2318440700199313,0.03811096036180251,6.721393694563808,1.25,0.0
1779632492.937947,17.113019704818726,1.2326546748086733,0.039309204610175355,6.064734039834942,1.25,0.0
1779632492.9567099,17.13178253173828,1.2335016015314757,0.04024600655936667,5.558829727190021,1.25,0.0
1779632492.9917796,17.166852235794067,1.2334338072554598,0.04118881106374023,5.017809101926644,1.25,0.0
1779632493.0758483,17.25092101097107,1.2341624736602208,0.042084267729926024,4.531038636193578,1.25,0.0
1779632493.087601,17.2626736164093,1.2340743412952548,0.04284973198438624,4.093033342366757,1.25,0.0
1779632493.126986,17.302058696746826,1.2314139824321597,0.040329123268220544,5.442327098963202,1.25,0.0
1779632493.1687105,17.343783140182495,1.2307936266342305,0.04125991921923967,4.901890414511745,1.25,0.0
1779632493.2177398,17.392812490463257,1.230348612703992,0.04208748111074069,4.42679716287618,1.25,0.0
1779632493.2621264,17.437199115753174,1.2331914403503377,0.04292051617723741,3.9837088041106212,1.25,0.0
1779632493.313382,17.488454580307007,1.2297788856941547,0.0464013527893921,1.953026158239873,1.25,0.0
1779632493.460245,17.63531756401062,1.2314675821175216,0.04370398067987768,3.5471674295980287,1.25,0.0
1779632493.4698637,17.644936323165894,1.2324839432782324,0.044353413040120165,3.2052754929408405,1.25,0.0
1779632493.5090804,17.684153079986572,1.232158513238608,0.04807708562511603,1.1373575436802148,1.25,0.0
1779632493.6991732,17.8742458820343,1.230503830248447,0.05130450845197481,-0.6836172902373081,1.25,0.0
1779632493.7182486,17.89332127571106,1.2333467114995793,0.05121718584215801,-0.6144892764887202,1.25,0.0
1779632493.726391,17.901463747024536,1.2216633631810248,0.053494556428757584,-2.1296245833463145,1.25,0.0
1779632493.7657657,17.94083833694458,1.2227164422372905,0.056308551956024834,-3.6598031080860522,1.25,0.0
1779632494.0433896,18.218462228775024,1.2263417385797082,0.05572244456991107,-3.293840140227909,1.25,0.0
1779632494.068979,18.244051694869995,1.229586331255068,0.055329981624373095,-2.964536910321166,1.25,0.0
1779632494.12145,18.296522617340088,1.2223993652663452,0.05452044575946421,-2.6576167609749315,1.25,0.0
1779632494.1340163,18.309088945388794,1.2240056839849724,0.054086259368250025,-2.380162463609422,1.25,0.0
1779632494.2209651,18.396037817001343,1.2255677973954788,0.05369678286507771,-2.1343077278742912,1.25,0.0
1779632494.2665172,18.441589832305908,1.2160310629011166,0.05581105284102372,-3.5242359851689398,1.25,0.0
1779632494.2787259,18.453798532485962,1.2202973285326713,0.05540756446473873,-3.1700982489426215,1.25,0.0
1779632494.3643463,18.539418935775757,1.2258185381715978,0.05511722761091218,-2.852959566180652,1.25,0.0
1779632494.455438,18.630510568618774,1.2307913595358555,0.05485570867115997,-2.5675824848763193,1.25,0.0
1779632494.470672,18.645744562149048,1.2352699232704378,0.05462018195662107,-2.3107765562661857,1.25,0.0
1779632494.4856493,18.660722017288208,1.2347113706191355,0.05097933194998305,-0.33686356138711054,1.25,0.0
1779632494.5194786,18.69455122947693,1.2388081194059857,0.051131097352185795,-0.3032509036218303,1.25,0.0
1779632494.6002903,18.775362968444824,1.2308098933497327,0.05047318579891531,-0.10752975778617543,1.25,0.0
1779632494.6107197,18.785792350769043,1.2336186695752427,0.050470255013018606,-0.09696266876363493,1.25,0.0
1779632494.6510406,18.82611322402954,1.231902914204708,0.05345353720448102,-1.7904891676946577,1.25,0.0
1779632494.6920614,18.86713409423828,1.2309766932735127,0.05305841790134103,-1.6133732100896434,1.25,0.0
1779632494.885885,19.060957670211792,1.231614023924033,0.052749900695871835,-1.4466181688461532,1.25,0.0
1779632494.8985364,19.073609113693237,1.2359674333523425,0.05272544130590394,-1.3010364757274198,1.25,0.0
1779632494.9505105,19.125583171844482,1.233136415754399,0.04921483760109591,0.6031782135771842,1.25,0.0
1779632495.0900857,19.2651584148407,1.2334993352605663,0.04929025620409857,0.5525748755875227,1.25,0.0
1779632495.106072,19.281144618988037,1.2376891450421248,0.04961029989629569,0.49726614563390203,1.25,0.0
1779632495.1332066,19.308279275894165,1.2334341537751705,0.05251083128229275,-1.2555097768223795,1.25,0.0
1779632495.148547,19.323619604110718,1.232422842144859,0.052213572972616105,-1.1335927047061867,1.25,0.0
1779632495.1855617,19.360634326934814,1.2366889823892908,0.052241437176693224,-1.0187269040487388,1.25,0.0
1779632495.2720678,19.44714045524597,1.2360118943979308,0.0488375266486947,0.834096769621351,1.25,0.0
1779632495.4521534,19.62722611427307,1.2320866773400336,0.051730696612477416,-0.8873284429569777,1.25,0.0
1779632495.4644983,19.639570951461792,1.2284185624469686,0.05441828268097651,-2.501386791526173,1.25,0.0
1779632495.481436,19.656508684158325,1.231455452455543,0.05402075312273516,-2.2499643232713895,1.25,0.0
1779632495.4977238,19.672796487808228,1.2320099745614645,0.05361896353728964,-2.022046880147386,1.25,0.0
1779632495.5585334,19.733606100082397,1.230973763738175,0.05016969505259311,-0.10993486017216803,1.25,0.0
1779632495.576079,19.75115156173706,1.2316097752239918,0.05030793766088029,-0.1823782908475375,1.25,0.0
1779632495.7429504,19.918023109436035,1.220518156321652,0.05517570930892067,-3.2131965271374523,1.25,0.0
1779632495.7555137,19.930586338043213,1.2219531144466407,0.054667983955118585,-2.861563043818014,1.25,0.0
1779632495.7749724,19.950045108795166,1.2220784034438725,0.054145288260292586,-2.5759993037240685,1.25,0.0
1779632495.835874,20.01094675064087,1.221862169283159,0.05060477556312157,-0.5657641519241456,1.25,0.0
1779632495.8501463,20.025218963623047,1.225561975502298,0.05058760038991458,-0.508489966202844,1.25,0.0
1779632496.0793746,20.25444722175598,1.2288973568449038,0.05057226228456773,-0.45709709506102386,1.25,0.0
1779632496.0912056,20.26627826690674,1.2290564742373096,0.04733473830451934,1.334371701051604,1.25,0.0
1779632496.1072218,20.282294511795044,1.2337035904817266,0.04785021453470115,1.200861627465398,1.25,0.0
1779632496.1398625,20.314935207366943,1.233998314899061,0.0480636501868574,1.090444268021461,1.25,0.0
1779632496.264602,20.439674615859985,1.2328979722301978,0.048211832113353253,0.9817615024844104,1.25,0.0
1779632496.2787054,20.45377802848816,1.2354767208619082,0.04843317767664794,0.8835562811164956,1.25,0.0
1779632496.2978883,20.472960948944092,1.2377848016018826,0.048773215813311364,0.7921264176352335,1.25,0.0
1779632496.358087,20.533159732818604,1.2377705588188235,0.04889761545676759,0.7287851982887948,1.25,0.0
1779632496.371768,20.54684066772461,1.2364243247986697,0.049069610041787545,0.6805045038145289,1.25,0.0
1779632496.5096378,20.68471050262451,1.2403516036113686,0.049412262334315,0.612406447318126,1.25,0.0
1779632496.5185914,20.693664073944092,1.2394340324909265,0.0462923944985872,2.293333147018484,1.25,0.0
1779632496.5332677,20.708340406417847,1.2430538538393636,0.04691258513948353,2.0639511011543163,1.25,0.0
1779632496.6473966,20.822469234466553,1.234175821029639,0.041111044917817974,5.103041819458599,1.25,0.0
1779632496.6620502,20.837122917175293,1.2366351714046733,0.042041559606510535,4.592667103794427,1.25,0.0
1779632496.6782491,20.85332179069519,1.2370274834827095,0.04285100556264667,4.147789801109841,1.25,0.0
1779632496.7098882,20.884960889816284,1.2392047405319926,0.04360762198712133,3.7327556215781916,1.25,0.0
1779632496.7558622,20.93093490600586,1.2428262730793413,0.04449471117246757,3.3593196541688655,1.25,0.0
1779632496.790452,20.965524673461914,1.246091079534023,0.04529351498060741,3.02329041101021,1.25,0.0
1779632496.832215,21.007287740707397,1.2490338035235788,0.0460127556052373,2.720905278356202,1.25,0.0
1779632496.884401,21.059473752975464,1.2482330824830359,0.04642856967723002,2.4606904725382397,1.25,0.0
1779632497.0826228,21.25769543647766,1.2461636127258513,0.0467486752761797,2.224788069662592,1.25,0.0
1779632497.09228,21.26735258102417,1.2474228395138756,0.04711530198120268,2.002239479129008,1.25,0.0
1779632497.1105368,21.285609483718872,1.2502189815375002,0.047651390625461386,1.8020305291803955,1.25,0.0
1779632497.1685822,21.34365487098694,1.2494950809390304,0.047997925096597796,1.621890604256919,1.25,0.0
1779632497.1825228,21.357595443725586,1.2504397479521685,0.04824094595935759,1.4597887166391466,1.25,0.0
1779632497.1974945,21.372567176818848,1.2529492634219324,0.04866549044440915,1.3139056219472272,1.25,0.0
1779632497.3112862,21.486358880996704,1.251805386133867,0.048818602494475866,1.1917994312004037,1.25,0.0
1779632497.3250318,21.500104427337646,1.2482428752593744,0.05183619300798476,-0.6308209206214916,1.25,0.0
1779632497.3418112,21.516883850097656,1.247612442808064,0.05167371609747832,-0.5623633408973727,1.25,0.0
1779632497.413843,21.588915586471558,1.2445396507972024,0.05440444271105237,-2.2101527809608865,1.25,0.0
1779632497.4580896,21.633162260055542,1.247618074513126,0.05421341184919885,-1.9876414927351644,1.25,0.0
1779632497.470209,21.645281553268433,1.2503959054138982,0.054041439669654495,-1.7877423669726444,1.25,0.0
1779632497.5135603,21.68863296508789,1.2529018292592338,0.05388664922653189,-1.6081057015500546,1.25,0.0
1779632497.5502756,21.725348234176636,1.2521102667176849,0.05043827888266159,0.3424118833292599,1.25,0.0
1779632497.64405,21.819122552871704,1.2544560664213533,0.05064339908093489,0.30842162948853064,1.25,0.0
1779632497.659969,21.835041761398315,1.2506868929731592,0.05348053798737974,-1.4241823020009547,1.25,0.0
1779632497.698549,21.873621702194214,1.2490152184176444,0.053124486239621425,-1.268981011770682,1.25,0.0
1779632497.7399883,21.915060997009277,1.2500264083278194,0.05285608191684963,-1.1420968078500577,1.25,0.0
1779632497.884352,22.05942463874817,1.2490674543234543,0.052586243255226504,-1.0190532673032413,1.25,0.0
1779632497.8992674,22.074340105056763,1.2500678904049207,0.05237149001633885,-0.9169505598332626,1.25,0.0
1779632497.9178393,22.092911958694458,1.2470770259975774,0.052086103856308186,-0.8247404157600239,1.25,0.0
1779632497.951217,22.12628960609436,1.2463942183268866,0.05189412961809659,-0.7335931445647439,1.25,0.0
1779632498.0744348,22.249507427215576,1.2451926971388825,0.05169472640844212,-0.64720949937348,1.25,0.0
1779632498.2159374,22.39101004600525,1.2446901181314434,0.051541115405311234,-0.5732422207338123,1.25,0.0
1779632498.2336545,22.408727169036865,1.246132070422377,0.051430779927088645,-0.515761122586338,1.25,0.0
1779632498.2483604,22.42343306541443,1.247430650943006,0.051331520171001746,-0.4640642355891391,1.25,0.0
1779632498.313181,22.488253593444824,1.244736851460422,0.0511487250889407,-0.4167375517758423,1.25,0.0
1779632498.3236063,22.4986789226532,1.2442609846273944,0.05105015166456354,-0.36590881717932805,1.25,0.0
1779632498.362926,22.53799867630005,1.240463344378014,0.05083501818406693,-0.3275360166287579,1.25,0.0
1779632498.406246,22.581318616867065,1.239489967626151,0.04757212576468745,1.4473893256496984,1.25,0.0
1779632498.5003934,22.675466060638428,1.2395398262480835,0.04783060686623259,1.3125626495945362,1.25,0.0
1779632498.5141985,22.689271211624146,1.2414961249441214,0.048091091394423476,1.181465623736832,1.25,0.0
1779632498.5580196,22.733092308044434,1.2339639200668249,0.04803491595256217,1.080643415228518,1.25,0.0
1779632498.5985892,22.773661851882935,1.2347768639056582,0.048254573512551815,0.9799344826906228,1.25,0.0
1779632498.6438692,22.818941831588745,1.2388235921599777,0.04867595433955408,0.88264780449795,1.25,0.0
1779632498.7463334,22.921406030654907,1.2408191018780728,0.04885019010641213,0.7949958945335781,1.25,0.0
1779632498.7591398,22.93421244621277,1.2413436400164188,0.04590595942805095,2.506598421156475,1.25,0.0
1779632498.8040287,22.979101419448853,1.2326043215046063,0.04600216503780646,2.2851227265251497,1.25,0.0
1779632498.8835433,23.058615922927856,1.235251617089482,0.046445659907507285,2.0566387439443776,1.25,0.0
1779632498.8951497,23.0702223777771,1.2376356211859516,0.04684487753575378,1.8509947387102474,1.25,0.0
1779632499.0786955,23.2537682056427,1.2373791108746028,0.047149019186859834,1.679746606924472,1.25,0.0
1779632499.094009,23.269081592559814,1.2343908060311557,0.04732562985634794,1.5140304237681144,1.25,0.0
1779632499.1081529,23.283225536346436,1.2385075349811316,0.04784250771366246,1.3623188728151814,1.25,0.0
1779632499.1264644,23.301537036895752,1.2377991802724646,0.04488024859072123,2.969717333699511,1.25,0.0
1779632499.1501985,23.325271129608154,1.2399148195468812,0.04543573597280134,2.672349431672474,1.25,0.0
1779632499.2193615,23.394434213638306,1.240635926395303,0.042835049740240085,4.1934846901300915,1.25,0.0
1779632499.2306936,23.405766248703003,1.2424585236320238,0.043594367336059404,3.773753672333168,1.25,0.0
1779632499.2697163,23.444788932800293,1.242128849168486,0.04424194092582932,3.408979275093134,1.25,0.0
1779632499.4066832,23.581755876541138,1.2454705766321315,0.04506668215925038,3.0680796716906458,1.25,0.0
1779632499.4196687,23.594741344451904,1.2449446125845873,0.04557381021181894,2.7733318908937337,1.25,0.0
1779632499.4359872,23.61105990409851,1.2438727646104304,0.04599884585089456,2.5113816023066295,1.25,0.0
1779632499.470915,23.64598774909973,1.24023292724254,0.043165437843654904,4.017591942824351,1.25,0.0
1779632499.5519743,23.727046966552734,1.2325400318169963,0.04357660586367931,3.6441035683239575,1.25,0.0
1779632499.5622141,23.737286806106567,1.235179267073533,0.04426184822542743,3.279617463512102,1.25,0.0
1779632499.6446629,23.819735527038574,1.2357416098827345,0.04485100043126691,2.9646015420380096,1.25,0.0
1779632499.6592717,23.834344387054443,1.2363196120874358,0.045385594787672214,2.6798986602550765,1.25,0.0
1779632499.700998,23.876070737838745,1.236897962503859,0.04586996389276816,2.4223756326390657,1.25,0.0
1779632499.7391303,23.91420292854309,1.2374654880374336,0.04630829895851559,2.1893165413208955,1.25,0.0
1779632499.8342795,24.009352207183838,1.2351789058136193,0.04970860416587095,0.2561116821308945,1.25,0.0
1779632499.8477297,24.022802352905273,1.2359383318898784,0.04976378159099436,0.23475338562332687,1.25,0.0
1779632499.9308116,24.105884313583374,1.2326151471471807,0.04966720563130678,0.2178013278053354,1.25,0.0
1779632499.943007,24.118079662322998,1.235233854543224,0.049742082023000615,0.1972413777929029,1.25,0.0
1779632500.1222525,24.297325134277344,1.2375973462108019,0.04980993590673999,0.17850824035220614,1.25,0.0
1779632500.1375365,24.31260919570923,1.236912502452899,0.04665066821478303,1.9058729593625,1.25,0.0
1779632500.1561925,24.331265211105347,1.2374013176427154,0.047008685488634315,1.7238656884128787,1.25,0.0
1779632500.2181826,24.39325523376465,1.2379252319544571,0.04742242564591959,1.5489429681848548,1.25,0.0
1779632500.2317283,24.406800985336304,1.2400158205671061,0.047721378085015025,1.3947583605529676,1.25,0.0
1779632500.269794,24.44486665725708,1.2375670466910076,0.05098311083874318,-0.45070127918920455,1.25,0.0
1779632500.3113606,24.486433267593384,1.2379925996448917,0.05090942326740424,-0.401908573063489,1.25,0.0
1779632500.3584924,24.533565044403076,1.2374454820479777,0.050796753136484574,-0.3413049542570599,1.25,0.0
1779632500.4127877,24.587860345840454,1.239605449270964,0.05076009582286273,-0.30655740898040157,1.25,0.0
1779632500.4516056,24.626678228378296,1.2397815358401856,0.05070607712499928,-0.2703310099314554,1.25,0.0
1779632500.510213,24.685285568237305,1.2383882172928147,0.04739521171762407,1.5620311517544097,1.25,0.0
1779632500.5473974,24.72247004508972,1.2420759611982066,0.04790234225494375,1.4062423843617196,1.25,0.0
1779632500.595002,24.770074605941772,1.242095686879199,0.04813624792357937,1.2731542347891904,1.25,0.0
1779632500.646937,24.822009563446045,1.243746598479479,0.04836323733794936,1.1464743171751945,1.25,0.0
1779632500.7403169,24.91538953781128,1.2409084323375974,0.045462793815613814,2.7184732092086152,1.25,0.0
1779632500.7542799,24.929352521896362,1.2385813799012984,0.04276753670006066,4.1815848736595065,1.25,0.0
1779632500.7944539,24.969526529312134,1.2353036975703933,0.04024057555781512,5.524265302483563,1.25,0.0
1779632500.8374531,25.01252579689026,1.2376405816027252,0.041257230236362484,4.971579655468851,1.25,0.0
1779632500.8829563,25.05802893638611,1.233495490089169,0.038931315465029995,6.184025910129089,1.25,0.0
1779632500.9314432,25.106515884399414,1.2349934527475268,0.036992930218863684,7.353005420877337,1.25,0.0
1779632501.0263715,25.201444149017334,1.2267047669116489,0.035223802819789804,8.204011967035374,1.25,0.0
1779632501.0421255,25.217198133468628,1.2266795096193808,0.036669680711478934,7.393563130489566,1.25,0.0
1779632501.1259174,25.300990104675293,1.2267471651237851,0.03796401160943229,6.67204140242971,1.25,0.0
1779632501.1348069,25.309879541397095,1.2272056160324003,0.03911804604907945,6.016664365323621,1.25,0.0
1779632501.2656374,25.440710067749023,1.2263612627470386,0.04013543549344288,5.417019463666421,1.25,0.0
1779632501.281776,25.456848621368408,1.231252198435407,0.0413684705262829,4.875283862174893,1.25,0.0
1779632501.2982924,25.47336506843567,1.2232203454117698,0.03613754413113767,7.6205208939868605,1.25,0.0
1779632501.3286924,25.503765106201172,1.2243743040509858,0.037504007164870144,6.877612146692929,1.25,0.0
1779632501.3721418,25.54721450805664,1.2277814320329512,0.03879214400939664,6.189340244769835,1.25,0.0
1779632501.4585357,25.63360834121704,1.2212907115221547,0.03962500833780521,5.6052680940763775,1.25,0.0
1779632501.4795876,25.65466022491455,1.2250307588937104,0.04070355933574987,5.044544443348426,1.25,0.0
1779632501.5137024,25.688775062561035,1.2245421017805704,0.04157514208104688,4.543470522476882,1.25,0.0
1779632501.5578566,25.732929229736328,1.226060412780701,0.04242555084970395,4.103380972776677,1.25,0.0
1779632501.5976608,25.772733449935913,1.2249396466316846,0.04608092579082179,1.9918779559071944,1.25,0.0
1779632501.6462183,25.821290969848633,1.2300088338397395,0.04672212555796233,1.7926875895689247,1.25,0.0
1779632501.6933043,25.868376970291138,1.2316871829412805,0.0439916159375362,3.400844605655567,1.25,0.0
1779632501.7395203,25.9145929813385,1.2344166066395896,0.044635706944931415,3.0607464123327515,1.25,0.0
1779632501.8485396,26.02361226081848,1.2385316505985895,0.04542115271125613,2.754661249736445,1.25,0.0
1779632501.8871646,26.06223726272583,1.2422378295426455,0.04612819860954553,2.479185955854631,1.25,0.0
1779632501.9319596,26.107032299041748,1.2455755290047867,0.046764646809874584,2.2312583770371086,1.25,0.0
1779632502.074524,26.24959659576416,1.2442060784537867,0.04391253210221047,3.750186118818523,1.25,0.0
1779632502.0905058,26.265578508377075,1.2432722447985352,0.04450778170692603,3.390063665322523,1.25,0.0
1779632502.134801,26.309873580932617,1.2404714793676195,0.047957932044484564,1.3493902095101216,1.25,0.0
1779632502.1531148,26.328187465667725,1.2400083182086419,0.048157236269633794,1.2254119499144682,1.25,0.0
1779632502.1869397,26.36201238632202,1.2435653753606821,0.04859053037745334,1.1029062767098665,1.25,0.0
1779632502.2723289,26.447401523590088,1.2390342308599689,0.051507616061952796,-0.6412429749279625,1.25,0.0
1779632502.312619,26.487691640853882,1.2391232346832637,0.051370423358268504,-0.5664148735323316,1.25,0.0
1779632502.3267028,26.50177550315857,1.2352898554191247,0.05401144401921537,-2.146574516567628,1.25,0.0
1779632502.3673913,26.542464017868042,1.2376592680358258,0.053654367367867904,-1.931452917396564,1.25,0.0
1779632502.4551835,26.630256175994873,1.2380244789800463,0.05330809384236911,-1.7332846398191402,1.25,0.0
1779632502.4687464,26.643819093704224,1.2375321583025194,0.05296746490505438,-1.5442713982438832,1.25,0.0
1779632502.5032108,26.67828345298767,1.2378845993834828,0.052688894391822436,-1.383434729447661,1.25,0.0
1779632502.7066808,26.88175344467163,1.2374416245199886,0.052410193872503785,-1.230555651670756,1.25,0.0
1779632502.7237737,26.89884638786316,1.2377813537648397,0.052186453993213054,-1.100002440015075,1.25,0.0
1779632502.7582498,26.933322429656982,1.2371654398815581,0.05513141437916544,-2.7338243845147856,1.25,0.0
1779632502.7982464,26.973319053649902,1.2409993428819184,0.05486818155703407,-2.459959170611117,1.25,0.0
1779632502.8366838,27.011756420135498,1.2444536822635126,0.054631159785022254,-2.2136041276970517,1.25,0.0
1779632502.8841941,27.059266805648804,1.2418002315873296,0.057067059622692644,-3.6934737659549133,1.25,0.0
1779632502.9328778,27.107950448989868,1.2434899169701905,0.056542422558974,-3.3250208346673484,1.25,0.0
1779632502.9745948,27.149667501449585,1.242051832987883,0.052711986564207745,-1.2498698503617292,1.25,0.0
1779632503.0815656,27.256638288497925,1.2404005546707357,0.04934045192257561,0.5978508544254248,1.25,0.0
1779632503.1772814,27.352354049682617,1.2405268557802982,0.049428028885786464,0.5452266896372318,1.25,0.0
1779632503.1876101,27.362682819366455,1.2397489685198084,0.04946500175049293,0.5080664639761304,1.25,0.0
1779632503.2645566,27.439629316329956,1.2416807439231807,0.04956191896368943,0.457497344995639,1.25,0.0
1779632503.2757225,27.45079517364502,1.2406165572146703,0.046427521610045264,2.154528450859513,1.25,0.0
1779632503.2931771,27.468249797821045,1.240663966222073,0.04680332975689208,1.949565211058903,1.25,0.0
1779632503.5560846,27.731157302856445,1.2412235684518922,0.04392387867078619,3.5447673963640365,1.25,0.0
1779632503.5668612,27.741933822631836,1.2446403697178945,0.04477920526112165,3.1899887683964177,1.25,0.0
1779632503.582743,27.75781559944153,1.243544171842112,0.045281780783317294,2.8854811696846663,1.25,0.0
1779632503.6169388,27.792011499404907,1.2399111907011362,0.0425188424161244,4.354017498156845,1.25,0.0
1779632503.6939254,27.868998050689697,1.2398690647795396,0.043272832076951845,3.933042174273988,1.25,0.0
1779632503.707904,27.882976770401,1.2356000935896145,0.04684493115747982,1.9052962497955657,1.25,0.0
1779632503.8866055,28.061678171157837,1.23617404690177,0.04717739509641629,1.7262460263483608,1.25,0.0
1779632503.8997133,28.074785947799683,1.2367522530158097,0.047480104784917876,1.5635880408514073,1.25,0.0
1779632503.9132738,28.088346481323242,1.2376635539698821,0.044531373278774405,3.2010741180238007,1.25,0.0
1779632503.9480815,28.123154163360596,1.2371460674187043,0.04505422136247503,2.8939242732707915,1.25,0.0
1779632503.9888704,28.16394305229187,1.2393256594466844,0.0455920629377011,2.604197548507382,1.25,0.0
1779632504.0755355,28.250608205795288,1.228412147685122,0.04825495495621726,0.8913990442760503,1.25,0.0
1779632504.088159,28.26323175430298,1.2270860785092954,0.0453601023428746,2.490220769813623,1.25,0.0
1779632504.1274302,28.302502870559692,1.227528926117562,0.04579716231685659,2.254730552262224,1.25,0.0
1779632504.2162504,28.39132308959961,1.228969964858017,0.0462369524357391,2.0406833165190887,1.25,0.0
1779632504.2317631,28.406835794448853,1.219963167351254,0.049162856729517715,0.20634546221447575,1.25,0.0
1779632504.2711103,28.4461829662323,1.223792184387713,0.04928786100439262,0.18690480560502992,1.25,0.0
1779632504.363026,28.538098573684692,1.221635874407713,0.04610431300366095,1.9391892669785273,1.25,0.0
1779632504.3728776,28.547950267791748,1.223694589697265,0.04651578907877993,1.7550822036786518,1.25,0.0
1779632504.41196,28.587032556533813,1.21652463304299,0.04655248833245943,1.606144643447065,1.25,0.0
1779632504.454449,28.62952160835266,1.218997626559579,0.04691555721456829,1.4557142877970635,1.25,0.0
1779632504.5972893,28.772361993789673,1.2185865679779542,0.04415266486881597,2.9965713043374476,1.25,0.0
1779632504.611235,28.78630757331848,1.2209577929576283,0.04476180768918374,2.7074263487572225,1.25,0.0
1779632504.6273768,28.802449464797974,1.2204907306935537,0.04222867033144356,4.127495062879769,1.25,0.0
1779632504.6619046,28.836977243423462,1.2215054470915343,0.04296050415050613,3.7289762048322364,1.25,0.0
1779632504.8044808,28.97955346107483,1.225215872039273,0.043704427148466986,3.3554096516987753,1.25,0.0
1779632504.8329606,29.008033275604248,1.2268977255823337,0.04435711209767673,3.031336651103956,1.25,0.0
1779632504.9313173,29.10638999938965,1.2273959017209557,0.04488955798884516,2.7439524431666213,1.25,0.0
1779632504.948423,29.12349557876587,1.2288257305326624,0.04542156638257942,2.4805764036385574,1.25,0.0
1779632504.9644573,29.139529943466187,1.2291937227751308,0.045853503426987276,2.2482968033845014,1.25,0.0
1779632505.0253448,29.200417518615723,1.2338280012775658,0.04651679218762707,2.023456214419036,1.25,0.0
1779632505.0421274,29.21720004081726,1.2345740771010214,0.04688372860479445,1.831722273953348,1.25,0.0
1779632505.1211498,29.296222448349,1.238661028705563,0.04744338304331655,1.6486097234894885,1.25,0.0
1779632505.1355324,29.3106050491333,1.2363987934388418,0.05059928505781984,-0.21884928644115828,1.25,0.0
1779632505.2625227,29.43759536743164,1.236924814344938,0.05055945546682323,-0.1902258744901352,1.25,0.0
1779632505.2769048,29.451977491378784,1.2391175911558836,0.050546369918011445,-0.1704550129987779,1.25,0.0
1779632505.2950258,29.4700984954834,1.2410967910047757,0.050534806204229676,-0.15281389275377422,1.25,0.0
1779632505.330027,29.505099773406982,1.2324265634179608,0.05018873244541239,-0.11385245279933258,1.25,0.0
1779632505.4065945,29.581667184829712,1.2332166941517195,0.050186096077826335,-0.09324658703905636,1.25,0.0
1779632505.419599,29.594671726226807,1.2304263134494056,0.046926457436569965,1.673583279207608,1.25,0.0
1779632505.5162542,29.69132685661316,1.2260219339002407,0.05002428786486222,-0.09158463747001756,1.25,0.0
1779632505.6480167,29.823089361190796,1.2293313317611885,0.05006561138111186,-0.08229320445427088,1.25,0.0
1779632505.6627686,29.837841272354126,1.2304903585557563,0.05007716924182522,-0.06594006203780146,1.25,0.0
1779632505.6805568,29.855629444122314,1.2333433281317527,0.05011275452916447,-0.05894455203697131,1.25,0.0
1779632505.8207486,29.995821237564087,1.2341581312970475,0.05012169481219246,-0.04612164446655438,1.25,0.0
1779632578.2621384,0.08407783508300781,1.470881321820517,0.03150412224578192,1.04637058351507,1.5,0.0
1779632578.276313,0.09825253486633301,1.4723846544982697,0.03638172654210982,-1.6702124355248789,1.5,0.0
1779632578.3132575,0.13519692420959473,1.4866053940568824,0.03661270103174598,-1.5027878254617415,1.5,0.0
1779632578.3592443,0.1811838150024414,1.4801935095921108,0.04079334270300679,-3.915475593567648,1.5,0.0
1779632578.4525533,0.2744927406311035,1.4883880486223082,0.04028735753554641,-3.5217743155927415,1.5,0.0
1779632578.5422916,0.3642311096191406,1.489293685937725,0.03495974715045728,-0.5002844967705843,1.5,0.0
1779632578.5977254,0.4196648597717285,1.4966069014230108,0.03486661884664788,-0.4497250308559695,1.5,0.0
1779632578.7398126,0.5617520809173584,1.4969366718170598,0.03007889031487007,2.261668441602894,1.5,0.0
1779632578.7546356,0.5765750408172607,1.4957549741017149,0.0350958486046921,-0.5756279912200029,1.5,0.0
1779632578.7709723,0.5929117202758789,1.494887209579614,0.03961248879697081,-3.130201106216442,1.5,0.0
1779632578.979419,0.8013584613800049,1.5041771571611542,0.039283733994883746,-2.816725858396174,1.5,0.0
1779632578.9909298,0.8128693103790283,1.4943337959255578,0.0342369217246193,-0.13705339901162877,1.5,0.0
1779632579.004955,0.8268945217132568,1.5036991871557894,0.03444528226747438,-0.12333811489595875,1.5,0.0
1779632579.0440543,0.8659937381744385,1.512128151725244,0.03463281646323334,-0.11100032693511522,1.5,0.0
1779632579.0951433,0.9170827865600586,1.510941377215467,0.029871885133106867,2.5615545474318386,1.5,0.0
1779632579.2139475,1.0358870029449463,1.5100592393506989,0.02559495257681079,4.966884315357777,1.5,0.0
1779632579.2285228,1.050462245941162,1.5094335248374129,0.02175839923023952,7.1319884466549235,1.5,0.0
1779632579.2656772,1.0876166820526123,1.5003709381659416,0.018222299583685028,8.984865500622531,1.5,0.0
1779632579.3108714,1.1328108310699463,1.5090165665853281,0.02002089040973864,8.08540229458557,1.5,0.0
1779632579.4071047,1.2290441989898682,1.5086590740345054,0.016764969483348838,9.938563595927643,1.5,0.0
1779632579.41793,1.2398693561553955,1.5164537551361361,0.01870543827021238,8.94403922618675,1.5,0.0
1779632579.456012,1.2779514789581299,1.5127331130294985,0.024820509845077936,5.438482145712588,1.5,0.0
1779632579.5476232,1.3695626258850098,1.511308266159361,0.02580327114796808,4.925222279678765,1.5,0.0
1779632579.641278,1.4632174968719482,1.5085432690598513,0.026640591037949028,4.455453509878518,1.5,0.0
1779632579.6496692,1.4716086387634277,1.489357407115244,0.03472939893886445,-0.35341479055257274,1.5,0.0
1779632579.6908994,1.5128388404846191,1.4904470476009872,0.02995862719529687,2.343705024415451,1.5,0.0
1779632579.8308606,1.6528000831604004,1.4976532970209828,0.030535524462691328,2.1093236324159177,1.5,0.0
1779632579.8448966,1.6668360233306885,1.5066805119045388,0.03111386547552621,1.89838059054056,1.5,0.0
1779632579.8624067,1.6843461990356445,1.5045461029460447,0.03602963993532515,-0.9010676010077355,1.5,0.0
1779632579.926278,1.7482175827026367,1.4949083815893367,0.031307513794971084,1.5859957570373844,1.5,0.0
1779632579.939486,1.761425495147705,1.5042081368890503,0.03180859276266578,1.4273369519936399,1.5,0.0
1779632580.0227287,1.8446681499481201,1.5054051664772052,0.03213876042710471,1.3061355474717227,1.5,0.0
1779632580.0356648,1.8576042652130127,1.5067061905388357,0.03244460802123332,1.194802744575408,1.5,0.0
1779632580.077269,1.8992085456848145,1.514813288889545,0.03283136797150353,1.0753455578887372,1.5,0.0
1779632580.2131233,2.035062789916992,1.5154414539224677,0.028160631495898154,3.710533369943799,1.5,0.0
1779632580.2292025,2.0511419773101807,1.5141722207228543,0.02405714020241361,6.005056994861762,1.5,0.0
1779632580.242469,2.064408540725708,1.5214945403621054,0.02527942217084937,5.403799089901034,1.5,0.0
1779632580.2748623,2.0968017578125,1.5230572755976108,0.0260966621373514,4.862871117976484,1.5,0.0
1779632580.4038801,2.2258195877075195,1.514636117437546,0.022460596711497867,6.87166493549121,1.5,0.0
1779632580.415671,2.2376105785369873,1.5193380724318486,0.023779687833955364,6.182324880752539,1.5,0.0
1779632580.4323924,2.2543318271636963,1.5178298823874572,0.020133221768282722,8.228494362186131,1.5,0.0
1779632580.464455,2.2863943576812744,1.5140255795890236,0.026112650258766607,4.788982133506169,1.5,0.0
1779632580.596595,2.418534517288208,1.5129767627002948,0.02222364939296137,6.973984568730735,1.5,0.0
1779632580.611048,2.4329874515533447,1.5178591692389076,0.02356746859378319,6.275836234739254,1.5,0.0
1779632580.6308603,2.4527997970581055,1.5081425952865342,0.019922757846138964,8.251200020901171,1.5,0.0
1779632580.6917036,2.5136430263519287,1.5078694135675434,0.016677024239635126,10.087669064670582,1.5,0.0
1779632580.705502,2.5274415016174316,1.505662070586506,0.01826046272674585,9.117417831437807,1.5,0.0
1779632580.8768327,2.6987721920013428,1.4969007328233892,0.015068051342651167,10.768252819160356,1.5,0.0
1779632580.8892043,2.711143732070923,1.4968511366884596,0.016830118809676213,9.73340975959759,1.5,0.0
1779632580.9072988,2.729238271713257,1.4974774906046768,0.018585678826548695,8.790499121453957,1.5,0.0
1779632580.9300017,2.751941204071045,1.4982971235214542,0.015478106965905177,10.572995794151348,1.5,0.0
1779632580.953842,2.7757813930511475,1.4980066883690328,0.017631767069430697,9.399780586752536,1.5,0.0
1779632581.0227497,2.844689130783081,1.4903848159218993,0.014550559187419342,11.03563259814338,1.5,0.0
1779632581.0339332,2.855872631072998,1.4999493246483389,0.016703031689923608,9.927899281197982,1.5,0.0
1779632581.079197,2.9011363983154297,1.5060543988719117,0.018587798072438582,8.932084274546167,1.5,0.0
1779632581.1187162,2.9406557083129883,1.5053028903134156,0.025047109396882275,5.348478386151717,1.5,0.0
1779632581.166298,2.9882373809814453,1.5030114670623904,0.030559456504115512,2.198192243482305,1.5,0.0
1779632581.2590475,3.080986976623535,1.49501218874116,0.026391260530502794,4.403804701400464,1.5,0.0
1779632581.27507,3.0970094203948975,1.4936342827866147,0.027030589049080754,3.9885675748195064,1.5,0.0
1779632581.5489888,3.3709282875061035,1.4925688161270252,0.03234621228081007,0.9586532709395039,1.5,0.0
1779632581.5708213,3.392760753631592,1.5020473190174946,0.03274033478013826,0.8635449933197626,1.5,0.0
1779632581.5891023,3.411041736602783,1.5019077846798854,0.02817283308748218,3.4490445207992715,1.5,0.0
1779632581.6460447,3.467984199523926,1.5038326601473986,0.028887701525256382,3.1275362207612423,1.5,0.0
1779632581.6623578,3.484297275543213,1.5121546215925241,0.02962455643565397,2.813384748399538,1.5,0.0
1779632581.7049947,3.5269341468811035,1.517122211777897,0.03023015632371258,2.5311744444786113,1.5,0.0
1779632581.7413616,3.5633010864257812,1.5241474899209808,0.03083539698187962,2.2775387262702704,1.5,0.0
1779632581.7872233,3.6091628074645996,1.5126546870757613,0.035311939616970274,-0.3581904471960678,1.5,0.0
1779632581.8315392,3.6534786224365234,1.5133350366651213,0.03530980062168282,-0.31170073894393224,1.5,0.0
1779632581.927667,3.7496063709259033,1.5182250021757335,0.03535026891643358,-0.27942284526534594,1.5,0.0
1779632581.9423327,3.7642722129821777,1.5251727742317995,0.03544604526033817,-0.250599773537164,1.5,0.0
1779632582.1246452,3.946584701538086,1.5213411459261452,0.03992360153190709,-2.838106114429888,1.5,0.0
1779632582.2130306,4.034970045089722,1.5180558633951686,0.04395010807411147,-5.168101994581563,1.5,0.0
1779632582.2258377,4.04777717590332,1.5095257445516241,0.038541078576400295,-2.1906809671307617,1.5,0.0
1779632582.3167427,4.138682126998901,1.5147819395988824,0.03825902230811244,-1.9691308780404329,1.5,0.0
1779632582.3261182,4.148057699203491,1.5120942622677698,0.04244954610785394,-4.385905603509427,1.5,0.0
1779632582.4040358,4.225975275039673,1.517045824591702,0.04177203694427612,-3.9415648732688253,1.5,0.0
1779632582.41844,4.240379571914673,1.5173651371487602,0.041125124584431225,-3.5493953812153736,1.5,0.0
1779632582.4992096,4.321149110794067,1.5153510971732571,0.03572297565324077,-0.5185936506388699,1.5,0.0
1779632582.5119977,4.333937168121338,1.513770735252478,0.030848700874633025,2.2086254868693027,1.5,0.0
1779632582.690432,4.51237154006958,1.5125477375055547,0.026468462008040962,4.659319330911856,1.5,0.0
1779632582.706186,4.528125524520874,1.5200315694302016,0.027450542098289732,4.191545942239357,1.5,0.0
1779632582.7211015,4.543040990829468,1.5267785333549644,0.02833527079452891,3.7710462269153693,1.5,0.0
1779632582.7559142,4.577853679656982,1.5152013756312817,0.03283684585600931,1.0298426196065469,1.5,0.0
1779632583.0300775,4.852016925811768,1.5037775105544016,0.02817783494594469,3.463495257393472,1.5,0.0
1779632583.0462992,4.868238687515259,1.5013754932606345,0.028627658891987467,3.1414539688113865,1.5,0.0
1779632583.061803,4.883742570877075,1.501469932262985,0.024479683957866386,5.4943941843567545,1.5,0.0
1779632583.1237538,4.945693254470825,1.4995384823973108,0.030047151829082307,2.3258398991326077,1.5,0.0
1779632583.1345215,4.956460952758789,1.5083527141974804,0.03067293390583802,2.0929893526496555,1.5,0.0
1779632583.2144141,5.036353588104248,1.507547840225849,0.031085888506531288,1.9028253466900575,1.5,0.0
1779632583.2294176,5.05135703086853,1.508952364507282,0.031508983859646865,1.730707230626554,1.5,0.0
1779632583.2682302,5.090169668197632,1.499043455080411,0.035898464961921984,-0.9545290928167209,1.5,0.0
1779632583.3574789,5.179418325424194,1.4994989062344,0.03563853212158251,-0.8579687059428535,1.5,0.0
1779632583.368854,5.190793514251709,1.4999822841834118,0.03540616987094211,-0.7716483442490361,1.5,0.0
1779632583.4076245,5.22956395149231,1.4736107619402032,0.03862004223772787,-2.9014437219645157,1.5,0.0
1779632583.7233572,5.545296669006348,1.482419207397634,0.038331554872824566,-2.6070229846290474,1.5,0.0
1779632583.7561598,5.578099250793457,1.483970141331514,0.033206267636142546,0.3306017932857902,1.5,0.0
1779632583.797501,5.61944055557251,1.4917805309796888,0.0334567520375292,0.2983042852130532,1.5,0.0
1779632583.9310107,5.752950191497803,1.498819733225513,0.033682570013859055,0.2691041626104294,1.5,0.0
1779632583.9450915,5.767030954360962,1.4954000110850185,0.03374146418570848,0.2430498774996126,1.5,0.0
1779632583.9583514,5.780290842056274,1.5046541949738148,0.03399897629149272,0.2189556211786427,1.5,0.0
1779632584.0787413,5.900680780410767,1.5129839440369104,0.034230822994033884,0.1972279892386097,1.5,0.0
1779632584.213718,6.0356574058532715,1.510343344761227,0.03883466109761365,-2.4330004366080495,1.5,0.0
1779632584.2297432,6.051682710647583,1.5091796473115089,0.03827561078197023,-2.1851713678809346,1.5,0.0
1779632584.2424326,6.0643720626831055,1.483896249993929,0.03366013878496039,0.09830479526034733,1.5,0.0
1779632584.3081143,6.130053758621216,1.485224804741783,0.033606301174215744,0.10445588263232475,1.5,0.0
1779632584.3211553,6.143094778060913,1.4853651720891607,0.03827270561228719,-2.517077384879948,1.5,0.0
1779632584.3601794,6.182118892669678,1.495615066572928,0.03807752447870642,-2.2650393536037683,1.5,0.0
1779632584.500256,6.322195529937744,1.495913553041885,0.03296971018916264,0.6248928973156477,1.5,0.0
1779632584.5113242,6.333263635635376,1.494965569357159,0.03769898410662295,-2.047098626287421,1.5,0.0
1779632584.5280724,6.350011825561523,1.4863440791256723,0.041475677662112936,-4.339655474105769,1.5,0.0
1779632584.6910706,6.513010025024414,1.487706475904021,0.040815434756365704,-3.9094201756795828,1.5,0.0
1779632584.7063265,6.528265953063965,1.4886381238156918,0.035444050963569895,-0.8446109592864889,1.5,0.0
1779632584.7220047,6.5439441204071045,1.4879130358021178,0.03518023574793718,-0.7547413926550006,1.5,0.0
1779632584.7845566,6.606496095657349,1.497846023371398,0.0352921485309648,-0.6769603409431176,1.5,0.0
1779632584.7997131,6.621652603149414,1.4962727852851392,0.03504481158114822,-0.6042779300687948,1.5,0.0
1779632584.8393695,6.661309003829956,1.4965575367309647,0.030247812810744155,2.1399764135947255,1.5,0.0
1779632584.9315057,6.753445148468018,1.5056134089594877,0.03085002370563719,1.925477936612548,1.5,0.0
1779632584.9435422,6.76548171043396,1.5112403110095685,0.031164581118494187,1.7327017877652557,1.5,0.0
1779632585.0812917,6.903231143951416,1.5086134958647648,0.036074290058036626,-1.0638728735510214,1.5,0.0
1779632585.0898762,6.911815643310547,1.4984229765878965,0.040241466753529076,-3.4842188851830276,1.5,0.0
1779632585.1450815,6.9670209884643555,1.5073536751098477,0.03984991190519323,-3.1350840014386505,1.5,0.0
1779632585.2626197,7.084559202194214,1.5064210524434045,0.034569119530906814,-0.15811029578681762,1.5,0.0
1779632585.274252,7.09619140625,1.5057092923681368,0.03443155457429556,-0.13080165385417794,1.5,0.0
1779632585.2911184,7.113057851791382,1.5139084368877136,0.034619297160626096,-0.11697671004001131,1.5,0.0
1779632585.3597715,7.181710958480835,1.5162545345457348,0.034504575491289484,-0.1046843048478382,1.5,0.0
1779632585.451779,7.273718357086182,1.5234092175748095,0.03468542541768353,-0.09374137969399808,1.5,0.0
1779632585.4834886,7.3054280281066895,1.529852082425566,0.03484833989643549,-0.0839892195451468,1.5,0.0
1779632585.5628083,7.384747743606567,1.5356536183772187,0.034995084563570256,-0.07528976150460975,1.5,0.0
1779632585.6902332,7.512172698974609,1.5383374052639034,0.035068191428594055,-0.06752254413379784,1.5,0.0
1779632585.7869127,7.60885214805603,1.5331916262648977,0.03958592058809713,-2.6710372609303312,1.5,0.0
1779632585.797264,7.619203567504883,1.5303393765245485,0.03912544325968825,-2.3879424983361774,1.5,0.0
1779632585.8391259,7.661065340042114,1.5271753140177966,0.033914636486520044,0.5127808966104872,1.5,0.0
1779632585.9810257,7.80296516418457,1.5230945701873224,0.038548939895397365,-2.147444479884425,1.5,0.0
1779632586.1240008,7.945940256118774,1.512065288863455,0.033327488759295365,0.6111682240638009,1.5,0.0
1779632586.1393595,7.961298942565918,1.5196518473884668,0.03362658260393524,0.5501112715603428,1.5,0.0
1779632586.1522415,7.9741809368133545,1.5264809420693868,0.033895820178806185,0.4951482436073922,1.5,0.0
1779632586.1930351,8.014974594116211,1.5224848021164739,0.03853222023246421,-2.1640006231419675,1.5,0.0
1779632586.2706401,8.09257960319519,1.52648622976656,0.03825218907575632,-1.9474935621705778,1.5,0.0
1779632586.3156018,8.1375412940979,1.5151722525957314,0.041772842098402665,-4.129292124069196,1.5,0.0
1779632586.3251705,8.147109985351562,1.5047894734114204,0.045129289539289526,-6.2262796589312375,1.5,0.0
1779632586.365575,8.187514543533325,1.5038165503804644,0.03933952711178278,-2.9296024588406153,1.5,0.0
1779632586.411086,8.233025550842285,1.5071484019654338,0.03875383342199532,-2.6345047637229575,1.5,0.0
1779632586.450766,8.272705554962158,1.4984977959386614,0.033773235270143184,0.03843162586118565,1.5,0.0
1779632586.4995646,8.32150411605835,1.504846023686241,0.03396645777583361,0.035960219166339055,1.5,0.0
1779632586.5488389,8.370778322219849,1.504368596475179,0.029275065234714372,2.7044350581756813,1.5,0.0
1779632586.5923228,8.414262294769287,1.4960808665858798,0.03418595157193023,-0.127076215913255,1.5,0.0
1779632586.694724,8.516663551330566,1.5051979120815542,0.03439586277647996,-0.11213385454272619,1.5,0.0
1779632586.7036495,8.525588989257812,1.5108773221579923,0.03452639525951368,-0.09912861904257754,1.5,0.0
1779632586.7434263,8.5653657913208,1.5099553077493102,0.03440069333301368,-0.08206744341155918,1.5,0.0
1779632586.7859094,8.607848882675171,1.5075689413235354,0.038975534945528495,-2.6974883256662463,1.5,0.0
1779632586.8286355,8.650574922561646,1.509032070682483,0.03861242781088913,-2.43146296353823,1.5,0.0
1779632586.9808204,8.802759885787964,1.5068558180102267,0.042769871146197895,-4.8201067887594435,1.5,0.0
1779632586.9930255,8.814965009689331,1.5064312625088507,0.0418212643141488,-4.353157838415138,1.5,0.0
1779632587.0333927,8.855332136154175,1.4969043721329571,0.03641354981261369,-1.3892254911458557,1.5,0.0
1779632587.0513902,8.873329639434814,1.5059507243389452,0.036403342810763836,-1.248157571229852,1.5,0.0
1779632587.084503,8.906442403793335,1.505518390700009,0.03608681108431489,-1.1189739463898114,1.5,0.0
1779632587.1232233,8.945162773132324,1.4957230513714732,0.04014375018511396,-3.524697321332246,1.5,0.0
1779632587.309027,9.130966424942017,1.4874487835806454,0.03507208301906612,-0.6600014335045028,1.5,0.0
1779632587.3285265,9.150465965270996,1.4974496614214714,0.03519647414925425,-0.593060765490862,1.5,0.0
1779632587.3393664,9.161305904388428,1.489491682064056,0.030330751377415803,2.0182104187361327,1.5,0.0
1779632587.374026,9.19596552848816,1.4890074024662638,0.03531514928537182,-0.8091541368093003,1.5,0.0
1779632587.4156554,9.237594842910767,1.4887781887078364,0.03980977860165808,-3.353003698948617,1.5,0.0
1779632587.452855,9.274794578552246,1.4986319905074832,0.03946234050795852,-3.0148638527405023,1.5,0.0
1779632587.494164,9.316103458404541,1.4988989555249175,0.03883797746684291,-2.714337551157026,1.5,0.0
1779632587.5456233,9.367562770843506,1.5012793454638769,0.038344109569815515,-2.4599463597753606,1.5,0.0
1779632587.596391,9.418330430984497,1.4988983947510401,0.03313754957750687,0.40696838140650765,1.5,0.0
1779632587.6888714,9.510810852050781,1.4969794807517127,0.03309722154715245,0.3878433745812613,1.5,0.0
1779632587.7013566,9.523296117782593,1.4753245067193093,0.02903216168246609,2.4356551327435425,1.5,0.0
1779632587.7880852,9.610024690628052,1.4864683688926381,0.029755977785702607,2.189488038401435,1.5,0.0
1779632587.8003335,9.622272968292236,1.4965211061886396,0.030408641475664584,1.968726184380435,1.5,0.0
1779632587.8420668,9.664006233215332,1.496971473451633,0.02607067126601217,4.451819546074901,1.5,0.0
1779632588.0383108,9.860250234603882,1.5034451337976718,0.027031971135091416,4.003293667025316,1.5,0.0
1779632588.0508847,9.87282419204712,1.5032530829828852,0.027809532457423014,3.6311368746093846,1.5,0.0
1779632588.1261826,9.948122024536133,1.5090793927864514,0.02859614037475894,3.2644874791948135,1.5,0.0
1779632588.1325333,9.954472780227661,1.5083608806410844,0.024444260264606978,5.616123863855307,1.5,0.0
1779632588.2164714,10.038410902023315,1.5078684203802657,0.020720782933423738,7.727764460107375,1.5,0.0
1779632588.2615614,10.083500862121582,1.499379885352886,0.017339676157229172,9.540563777695615,1.5,0.0
1779632588.3107753,10.132714748382568,1.4976044001791184,0.018875679070949607,8.636240214917184,1.5,0.0
1779632588.3577082,10.17964768409729,1.506415524679962,0.020598002527931238,7.758612475603815,1.5,0.0
1779632588.4039037,10.22584319114685,1.5037224502542426,0.026528710531714187,4.337916803093597,1.5,0.0
1779632588.501678,10.323617458343506,1.5120385656912763,0.027501557948239344,3.8999656354805667,1.5,0.0
1779632588.5132756,10.335215091705322,1.509147328507951,0.03277248265276933,0.8801272812128875,1.5,0.0
1779632588.6087513,10.43069076538086,1.51697407918205,0.033125471923136925,0.7922063375214751,1.5,0.0
1779632588.7371666,10.55910611152649,1.524029125831361,0.0334435622180842,0.7131074298697908,1.5,0.0
1779632588.7502267,10.572166204452515,1.5217485215647197,0.033420356860933115,0.6553379785725911,1.5,0.0
1779632588.842329,10.664268493652344,1.5196011195702643,0.028786404634293033,3.2660721936793315,1.5,0.0
1779632588.930387,10.752326488494873,1.5096096629450353,0.024659249362353104,5.421455697420035,1.5,0.0
1779632588.9445145,10.766453981399536,1.5106115932142519,0.025709768308063742,4.9135469491719075,1.5,0.0
1779632588.958136,10.780075550079346,1.5077999864171874,0.031156536646740653,1.7981789980666063,1.5,0.0
1779632589.0257025,10.847641944885254,1.513236938169275,0.03161204383516468,1.6180667838992562,1.5,0.0
1779632589.0817413,10.903680801391602,1.5181382417043143,0.03202242577008216,1.4560883572032732,1.5,0.0
1779632589.1196253,10.941564798355103,1.5164401858683434,0.027522601238919843,3.9794101372587796,1.5,0.0
1779632589.1337936,10.955733060836792,1.5210135007114034,0.02834133530432668,3.5805295506095116,1.5,0.0
1779632589.1771464,10.999085903167725,1.5209002136031629,0.029027861293660365,3.2496794119683576,1.5,0.0
1779632589.2146752,11.036614656448364,1.5108630448586369,0.024792021230838165,5.4913018960845745,1.5,0.0
1779632589.3103676,11.132307052612305,1.5101028666577676,0.0210403093300184,7.614743334423473,1.5,0.0
1779632589.3221502,11.144089698791504,1.5177454939119295,0.02255494621741201,6.847248431218601,1.5,0.0
1779632589.4012644,11.223203897476196,1.514044434697878,0.028302786602910003,3.5346458921853334,1.5,0.0
1779632589.4476397,11.2695791721344,1.5020981809286411,0.03274825284526433,0.8253415991666124,1.5,0.0
1779632589.5054362,11.327375650405884,1.4940289126375423,0.0373154531997324,-1.8156140918487171,1.5,0.0
1779632589.5146673,11.336606740951538,1.4933934569826404,0.04160610757156709,-4.2509092079674815,1.5,0.0
1779632589.6884403,11.510379791259766,1.502800871436407,0.04107809982558924,-3.8231967367306723,1.5,0.0
1779632589.7186198,11.5405592918396,1.492581079384877,0.044259921200193605,-5.7877142663391785,1.5,0.0
1779632589.732849,11.55478835105896,1.4923789423464084,0.04783403382234102,-7.817960279890086,1.5,0.0
1779632589.769297,11.591236352920532,1.499315157536035,0.046630723094147716,-7.0358100099838765,1.5,0.0
1779632589.8367896,11.658729076385498,1.4960026957666361,0.04522924086259141,-6.324759579952636,1.5,0.0
1779632589.8786335,11.700572967529297,1.494030626563922,0.04399971440295204,-5.687937988478255,1.5,0.0
1779632589.9912472,11.813186645507812,1.4846482666817298,0.03826698231007143,-2.599767064304962,1.5,0.0
1779632590.054982,11.87692141532898,1.4860156257679729,0.0331439266410038,0.32166307370546743,1.5,0.0
1779632590.1664364,11.988375902175903,1.487092893738664,0.033140162881189955,0.30633869369406824,1.5,0.0
1779632590.1809533,12.00289273262024,1.4946398340278857,0.03339899539831848,0.27577668147986806,1.5,0.0
1779632590.1950526,12.016992092132568,1.4937422952991,0.033775834225879264,0.11163965537869232,1.5,0.0
1779632590.2242482,12.04618763923645,1.4857499165098735,0.02901748233360708,2.6531054100272247,1.5,0.0
1779632590.3081586,12.130098104476929,1.4837693558995706,0.033970640574223124,-0.15112248104206646,1.5,0.0
1779632590.3221028,12.144042253494263,1.4941898924006296,0.03420569535202373,-0.1360343032791036,1.5,0.0
1779632590.4072607,12.2292001247406,1.4915211802795534,0.034031836010432935,-0.10731673817064445,1.5,0.0
1779632590.4207745,12.242713928222656,1.4940013965687589,0.03414352094092433,-0.07686571236941979,1.5,0.0
1779632590.4620485,12.283987998962402,1.4783486428294548,0.025798774547640162,4.424365063931827,1.5,0.0
1779632590.5476224,12.369561910629272,1.4892844176990352,0.026849651260883876,3.9817672803202417,1.5,0.0
1779632590.5597286,12.381668090820312,1.4965920744161867,0.02773674835072918,3.5834646393646725,1.5,0.0
1779632590.6382627,12.46020221710205,1.496765068385788,0.028268196391402548,3.2504790904186196,1.5,0.0
1779632590.6788905,12.500829935073853,1.4973303303114172,0.024151568824167274,5.591894069497518,1.5,0.0
1779632590.6983316,12.520271062850952,1.4915815114441588,0.02071888839005647,7.532753420141739,1.5,0.0
1779632590.789185,12.611124515533447,1.4906841346924669,0.02204206760016593,6.79801126332175,1.5,0.0
1779632590.800686,12.622625350952148,1.483746900903037,0.01856163524878366,8.718387457119501,1.5,0.0
1779632590.8394215,12.6613609790802,1.4915276138285405,0.020268425209439438,7.846513841611586,1.5,0.0
1779632591.076256,12.898195505142212,1.4928951930190455,0.016985171439435485,9.72331379520033,1.5,0.0
1779632591.0904198,12.912359237670898,1.4825358606911876,0.022709384444538946,6.301139782240537,1.5,0.0
1779632591.1052055,12.927145004272461,1.485072584243987,0.023931199584998786,5.702981045421055,1.5,0.0
1779632591.1279893,12.949928760528564,1.4952840496140685,0.025163307380658258,5.131044951765779,1.5,0.0
1779632591.173835,12.995774507522583,1.5044896392450087,0.02627392158457887,4.6168248896535475,1.5,0.0
1779632591.1861455,13.008085012435913,1.502358606294369,0.0222945679817411,6.742054653428962,1.5,0.0
1779632591.269001,13.090940475463867,1.5010224740428832,0.023517284219671256,6.099991280503497,1.5,0.0
1779632591.313119,13.135058403015137,1.5070797193608192,0.02455985897177256,5.48755921316554,1.5,0.0
1779632591.323308,13.145247459411621,1.5150901320204848,0.02572904389433266,4.9371420639262675,1.5,0.0
1779632591.3659842,13.187923669815063,1.5139081446616875,0.021881691056735438,7.108021992063211,1.5,0.0
1779632591.404738,13.226677417755127,1.504544948928317,0.018526321819483774,8.836117820085917,1.5,0.0
1779632591.5981681,13.42010760307312,1.5127807511164626,0.020294799537020312,7.952362809330795,1.5,0.0
1779632591.610816,13.432755470275879,1.5095204684775863,0.02625910558204888,4.548114734452696,1.5,0.0
1779632591.6313796,13.453319072723389,1.5082385116488566,0.026927623141236548,4.119645076306663,1.5,0.0
1779632591.7569997,13.578939199447632,1.5073117399549387,0.02773288049125885,3.7165824715147213,1.5,0.0
1779632591.7724078,13.59434723854065,1.4985828900374347,0.03279072408812035,0.79442312172264,1.5,0.0
1779632591.8002746,13.622214078903198,1.5074697440900788,0.03314195648029529,0.7151811354198864,1.5,0.0
1779632592.0786238,13.90056324005127,1.5154781916587439,0.033458445808846854,0.6438646492285542,1.5,0.0
1779632592.0886402,13.910579681396484,1.5226941282411355,0.033743583826147595,0.5796690871278646,1.5,0.0
1779632592.1045246,13.926464080810547,1.5204911966234549,0.029074940618494187,3.1886781585695276,1.5,0.0
1779632592.1417253,13.963664770126343,1.5011004387646045,0.02907034499357452,2.937850673002235,1.5,0.0
1779632592.1581295,13.980068922042847,1.501244409384852,0.02487509361653669,5.30599637287593,1.5,0.0
1779632592.191376,14.013315439224243,1.5098800976281577,0.026017387320481207,4.775326043934342,1.5,0.0
1779632592.226861,14.048800468444824,1.4995921385360758,0.031173990996844085,1.779100804749748,1.5,0.0
1779632592.2632983,14.085237741470337,1.4981625764326685,0.03607915543977236,-1.0089373968101305,1.5,0.0
1779632592.4058206,14.227760076522827,1.4983145460076719,0.031172523444422104,1.7562514084668455,1.5,0.0
1779632592.4186783,14.240617752075195,1.497019033523424,0.036079128547697986,-1.0290760871499764,1.5,0.0
1779632592.4331388,14.255078315734863,1.4972869630954726,0.031172640227173025,1.7371377073499974,1.5,0.0
1779632592.5009964,14.322935819625854,1.5038081406336905,0.03162844166303715,1.563166835962131,1.5,0.0
1779632592.5153263,14.337265729904175,1.5035863348099565,0.02717193103903998,4.069480802827791,1.5,0.0
1779632592.5538993,14.37583875656128,1.5001423139499557,0.027694345046797977,3.6887815017152064,1.5,0.0
1779632592.5940526,14.415992021560669,1.5015457169252346,0.028421959047825834,3.341675313773676,1.5,0.0
1779632592.8299348,14.651874303817749,1.4940259197882015,0.02455728960803441,5.471375565059462,1.5,0.0
1779632592.8427632,14.664702653884888,1.4960770475958662,0.02558872454752392,4.950152869724502,1.5,0.0
1779632592.8599436,14.681883096694946,1.4968486289237077,0.021752808956084044,7.116839435636336,1.5,0.0
1779632592.9352956,14.757235050201416,1.4895035054867152,0.018457508287438397,8.840290081831693,1.5,0.0
1779632592.976328,14.798267364501953,1.488484345111347,0.024598173736648653,5.343810586982199,1.5,0.0
1779632593.0305927,14.852532148361206,1.4983900362744034,0.0257672442550261,4.8092974050919475,1.5,0.0
1779632593.0706391,14.892578601837158,1.4989002826507853,0.021910244474564702,6.9919859941551055,1.5,0.0
1779632593.1672697,14.989209175109863,1.5077387284136605,0.02334563694216326,6.292512302029794,1.5,0.0
1779632593.1807406,15.00268006324768,1.4989326433650536,0.019666873390572093,8.22767872329533,1.5,0.0
1779632593.22015,15.042089462280273,1.507725277306522,0.021321537619199284,7.402885579205165,1.5,0.0
1779632593.2611706,15.083110094070435,1.504920942667373,0.022453266696953834,6.698729760438416,1.5,0.0
1779632593.3575168,15.179456233978271,1.506521675372186,0.02373349700712845,6.067837129272151,1.5,0.0
1779632593.369658,15.19159746170044,1.4965124419455864,0.028888435981054544,2.9659834488282004,1.5,0.0
1779632593.4990942,15.321033716201782,1.4952065866319888,0.03400683034276931,0.03360351448797169,1.5,0.0
1779632593.5152957,15.33723521232605,1.4956292769250943,0.029303901929781453,2.7194210179328633,1.5,0.0
1779632593.530327,15.352266550064087,1.496224261185308,0.025087466985735118,5.123376900287934,1.5,0.0
1779632593.6898324,15.51177191734314,1.4965003416613247,0.026292399360291964,4.474429062357254,1.5,0.0
1779632593.7020004,15.523939847946167,1.5056042031063053,0.027293103588565792,4.02588337311158,1.5,0.0
1779632593.7209682,15.54290771484375,1.5050496442179548,0.027901169819120244,3.6345587835837896,1.5,0.0
1779632593.9775875,15.799526929855347,1.5132828596458712,0.02874091659625755,3.268956988846432,1.5,0.0
1779632593.9940026,15.81594204902649,1.5207043492255663,0.029497312829332635,2.94048284742269,1.5,0.0
1779632594.0085232,15.83046269416809,1.5188595900574564,0.02526188229091338,5.311976156170283,1.5,0.0
1779632594.073823,15.89576244354248,1.5257115574576996,0.026364180304076987,4.779212133327119,1.5,0.0
1779632594.0863774,15.908316850662231,1.515028840319828,0.03155459469481295,1.7551453757470206,1.5,0.0
1779632594.1755254,15.997464895248413,1.515671278596097,0.03192938892451477,1.5978381981951433,1.5,0.0
1779632594.2142699,16.03620934486389,1.5102811689016575,0.03195465315599287,1.4603197360418758,1.5,0.0
1779632594.2277446,16.049684047698975,1.5019712689884743,0.036382656845610435,-1.1168248388309705,1.5,0.0
1779632594.30812,16.130059480667114,1.5016856346176306,0.03145042801640952,1.6696277646913742,1.5,0.0
1779632594.3560305,16.177969932556152,1.499691176618731,0.031585159393610125,1.5180048691469894,1.5,0.0
1779632594.405188,16.22712755203247,1.4977627811734533,0.0316855697240973,1.3898445538625497,1.5,0.0
1779632594.503519,16.325458526611328,1.4876920531548956,0.03580571923623679,-1.0999845653801372,1.5,0.0
1779632594.513555,16.33549451828003,1.4888453330776024,0.03573539610730314,-0.9980592997189053,1.5,0.0
1779632594.5522728,16.37421226501465,1.4899858348426411,0.03592599662890982,-1.05163311540251,1.5,0.0
1779632594.5946887,16.416628122329712,1.489681266523761,0.04035749853025169,-3.5685729172745657,1.5,0.0
1779632594.6420105,16.46394991874695,1.499448469953946,0.03995397621082298,-3.2082327395124772,1.5,0.0
1779632594.7383285,16.56026792526245,1.5082510873524166,0.039590578172419615,-2.8847671057566022,1.5,0.0
1779632594.7874851,16.609424591064453,1.4985487480470268,0.04317127141606445,-5.109123465982868,1.5,0.0
1779632594.8301044,16.65204381942749,1.4976515932562862,0.046854332713998484,-7.212784455628484,1.5,0.0
1779632594.9843035,16.80624294281006,1.5065664486943768,0.045808032099781563,-6.4856092016188,1.5,0.0
1779632594.9973526,16.819292068481445,1.4816191944395745,0.0404251361703896,-3.7275855282211743,1.5,0.0
1779632595.119854,16.94179344177246,1.4922373790787264,0.040015501249689035,-3.3548258619695472,1.5,0.0
1779632595.1320732,16.954012632369995,1.4917399343233493,0.03947148534771725,-3.009441415538432,1.5,0.0
1779632595.1491125,16.971051931381226,1.501345682321223,0.03915694237752072,-2.708155752467847,1.5,0.0
1779632595.4109545,17.23289394378662,1.5010507483396198,0.03394348964175678,0.22608455429077134,1.5,0.0
1779632595.4254375,17.247376918792725,1.5009913780917274,0.029253553494994606,2.8651153193694263,1.5,0.0
1779632595.443586,17.265525579452515,1.4997041133911033,0.02961696567399866,2.5995162599475767,1.5,0.0
1779632595.4685316,17.290471076965332,1.4991778527136441,0.029944735388473365,2.362674051667574,1.5,0.0
1779632595.5139794,17.33591890335083,1.4989536683565812,0.030252279303917058,2.148681023801177,1.5,0.0
1779632595.5493338,17.371273279190063,1.4901506208122655,0.034571209848279015,-0.43318984158314994,1.5,0.0
1779632595.6470003,17.468939781188965,1.4895968521927185,0.03455940187205064,-0.3700676533995953,1.5,0.0
1779632595.6625473,17.4844868183136,1.4994351342674568,0.0347355932234931,-0.3330886705465517,1.5,0.0
1779632595.7009578,17.522897243499756,1.4975129267215863,0.029888440974564476,2.2859254120362813,1.5,0.0
1779632595.7412188,17.5631582736969,1.4979726540587468,0.025609036016819305,4.7189629563655915,1.5,0.0
1779632595.783767,17.605706453323364,1.4959982192034722,0.026305574003016054,4.274320102522646,1.5,0.0
1779632595.982051,17.803990364074707,1.502618593661757,0.02724609545126521,3.8461596935285227,1.5,0.0
1779632595.9926517,17.8145911693573,1.502657391914446,0.02323892715230945,6.124605232093172,1.5,0.0
1779632596.0320861,17.8540256023407,1.5085904961202725,0.024483831699336316,5.511481032604426,1.5,0.0
1779632596.051232,17.87317156791687,1.508135700661085,0.02076256039954357,7.622712230947548,1.5,0.0
1779632596.1679087,17.989848136901855,1.507177093495089,0.02214766725495254,6.897608570355364,1.5,0.0
1779632596.1822495,18.004189014434814,1.5151654113977338,0.023557109710697886,6.205756184913199,1.5,0.0
1779632596.1940813,18.01602077484131,1.522372563447636,0.024827682930370208,5.5836861856777675,1.5,0.0
1779632596.310335,18.132274389266968,1.5288733330043582,0.025972724221567156,5.024251629372622,1.5,0.0
1779632596.3205132,18.142452716827393,1.5259620454431815,0.026688214429046488,4.551066837372727,1.5,0.0
1779632596.3391132,18.161052703857422,1.532092955194528,0.027646658554353394,4.094074093005602,1.5,0.0
1779632596.3734868,18.19542622566223,1.5209073029461169,0.03271456115944215,1.13077027354902,1.5,0.0
1779632596.4982638,18.32020330429077,1.5250056026642171,0.033012568973114526,1.0182372270212758,1.5,0.0
1779632596.5125046,18.334444046020508,1.5246858574160038,0.03324510254146605,0.9297872939319364,1.5,0.0
1779632596.527383,18.34932255744934,1.5207316892944693,0.037944462877455086,-1.79595188281391,1.5,0.0
1779632596.5646987,18.386638164520264,1.5273733398175273,0.03778021888645908,-1.6124713022298687,1.5,0.0
1779632596.6427078,18.46464729309082,1.5228578718024903,0.03728539019151325,-1.4508854234074458,1.5,0.0
1779632596.6564648,18.47840428352356,1.5292629208439175,0.03718647321675094,-1.3014095967198034,1.5,0.0
1779632596.7366858,18.55862522125244,1.517514779711098,0.04100467788231984,-3.69347698545463,1.5,0.0
1779632596.7551653,18.577104806900024,1.5160937864408863,0.040233388148380796,-3.3357358223039526,1.5,0.0
1779632596.8357089,18.65764832496643,1.5205570227269312,0.0397829131681699,-2.9906651392518193,1.5,0.0
1779632596.8563232,18.67826271057129,1.5271491368802645,0.0394360281440641,-2.6829374132895185,1.5,0.0
1779632596.889112,18.71105146408081,1.5231807103014146,0.043510087052067874,-5.04515731791573,1.5,0.0
1779632596.929043,18.750982522964478,1.5211139260337483,0.04248830275944207,-4.556956377157325,1.5,0.0
1779632596.9780703,18.800009727478027,1.516814801439492,0.04153638501475353,-4.052002408800871,1.5,0.0
1779632597.0721884,18.89412784576416,1.5238538201918068,0.04101558654965752,-3.6422919534758074,1.5,0.0
1779632597.117067,18.939006567001343,1.5222935768837917,0.045266477015222045,-5.9717758399451775,1.5,0.0
1779632597.2265294,19.048468828201294,1.509685586880345,0.039401176536746504,-2.8314918935805666,1.5,0.0
1779632597.305524,19.127463579177856,1.4992809395339683,0.03433674787347189,-0.146744565547138,1.5,0.0
1779632597.3599904,19.18192982673645,1.499091902126531,0.034217880610337266,-0.11772872531386847,1.5,0.0
1779632597.4058244,19.227763891220093,1.4992035861141173,0.029496036991164508,2.558424008271515,1.5,0.0
1779632597.503092,19.325031518936157,1.4991947798113794,0.02985904807902244,2.323809399196145,1.5,0.0
1779632597.6580117,19.47995114326477,1.508039904549264,0.030503580782946505,2.091042616130116,1.5,0.0
1779632597.7373753,19.559314727783203,1.5057500855059684,0.03547664983097213,-0.7313350261922091,1.5,0.0
1779632597.7828848,19.60482430458069,1.5036642361595052,0.03537513929393381,-0.6384845039539617,1.5,0.0
1779632597.831488,19.653427362442017,1.512096075712578,0.03546973818857562,-0.5746532205791417,1.5,0.0
1779632597.9759676,19.79790711402893,1.50298268841371,0.03976412345377152,-3.0726270355004797,1.5,0.0
1779632597.9920201,19.81395959854126,1.5114587736926295,0.039420049333436125,-2.7645610062969257,1.5,0.0
1779632598.0288546,19.850794076919556,1.5190919972353372,0.03911026931461463,-2.4874964113574634,1.5,0.0
1779632598.1182132,19.940152645111084,1.5234257519900567,0.038602823783572514,-2.2382857300705457,1.5,0.0
1779632598.1316829,19.953622341156006,1.5298692410841153,0.03837464755597086,-2.0141080060575325,1.5,0.0
1779632598.1475086,19.96944808959961,1.5103836977898635,0.029601345726190578,2.6823084809444095,1.5,0.0
1779632598.31154,20.133479356765747,1.5095622262325876,0.02535009885900507,5.077469674950664,1.5,0.0
1779632598.32613,20.148069381713867,1.5104512034467115,0.02632528374807184,4.601662380626401,1.5,0.0
1779632598.338701,20.160640478134155,1.500265090292617,0.031242662825075266,1.7352184371254347,1.5,0.0
1779632598.406307,20.228246450424194,1.509031265755449,0.031750305759580086,1.5616577237975526,1.5,0.0
1779632598.4196162,20.24155569076538,1.5048628123880075,0.0318157589373089,1.4243043147403178,1.5,0.0
1779632598.458216,20.280155420303345,1.5060198700915566,0.03214568864996679,1.303482127342123,1.5,0.0
1779632598.5480928,20.37003231048584,1.505543208106373,0.0276351193520945,3.8361065099253633,1.5,0.0
1779632598.5615542,20.383493661880493,1.5052981377530283,0.023588555566766062,6.114284092694723,1.5,0.0
1779632598.6006637,20.422603130340576,1.5045845804848166,0.024529032462345515,5.5348969657792075,1.5,0.0
1779632598.6444633,20.466402769088745,1.5041207092935163,0.02538830167595356,5.013198316732642,1.5,0.0
1779632598.6887612,20.510700702667236,1.503848746859019,0.026332317664853826,4.542407556317462,1.5,0.0
1779632598.735494,20.557433366775513,1.5037188121446052,0.027026678346080905,4.115838107018841,1.5,0.0
1779632598.826062,20.648001432418823,1.5015803174151185,0.03233730998027834,1.0570733382649127,1.5,0.0
1779632598.838054,20.659993410110474,1.5014302165144118,0.027802283722830654,3.6412881901610343,1.5,0.0
1779632598.9910092,20.81294870376587,1.5099782612818502,0.028647617029012504,3.2741836662388732,1.5,0.0
1779632599.0131881,20.835127592086792,1.5091705140322254,0.024489846602580204,5.625377941070828,1.5,0.0
1779632599.0231159,20.84505534172058,1.5169502170804359,0.025665757094272164,5.059006173933217,1.5,0.0
1779632599.0788808,20.90082025527954,1.5134513170724468,0.026347741495638732,4.571137380962583,1.5,0.0
1779632599.122587,20.944526433944702,1.520866814061824,0.02734311097390879,4.113413829999686,1.5,0.0
1779632599.1316466,20.953586101531982,1.5171308144163957,0.03263199212878153,1.0895665217041,1.5,0.0
1779632599.3727014,21.19464087486267,1.5133698217088316,0.03264070588887178,0.9964311753775547,1.5,0.0
1779632599.3876169,21.209556341171265,1.5106230039874653,0.037399711881673646,-1.7174286247006183,1.5,0.0
1779632599.451925,21.27386450767517,1.515792531863497,0.037232726542982375,-1.5448615126842444,1.5,0.0
1779632599.4708505,21.292789936065674,1.512992723975257,0.04152954215315723,-4.002185502496849,1.5,0.0
1779632599.5105698,21.3325092792511,1.5101824028889106,0.04083790203270997,-3.5855438015490457,1.5,0.0
1779632599.5515068,21.373446226119995,1.5097647213677763,0.040258072503796406,-3.2183522767511867,1.5,0.0
1779632599.640467,21.462406396865845,1.5076699670462488,0.04424484261918406,-5.505475348218441,1.5,0.0
1779632599.6532512,21.47519063949585,1.5156548398090934,0.043455303427039925,-4.95449496033345,1.5,0.0
1779632599.7374716,21.55941104888916,1.5062884610828715,0.04694875594736187,-7.0176782943412235,1.5,0.0
1779632599.7493017,21.5712411403656,1.5074047356168545,0.04579888166943408,-6.321173579155211,1.5,0.0
1779632599.7912197,21.6131591796875,1.5153932026831274,0.044855079792590645,-5.6872587336918805,1.5,0.0
1779632599.8319435,21.65388298034668,1.5134195024014407,0.039081353347739094,-2.451335629081391,1.5,0.0
1779632599.97852,21.800459384918213,1.5208579689022899,0.03880546879767504,-2.2056793419100544,1.5,0.0
1779632599.993099,21.815038442611694,1.5186322998812913,0.03362440060811803,0.6800174771020873,1.5,0.0
1779632600.0376265,21.85956597328186,1.5094048743382884,0.03788892899092676,-1.8156205039774984,1.5,0.0
1779632600.0492454,21.871184825897217,1.4990236994507518,0.03276119901302319,0.894472465925825,1.5,0.0
1779632600.164669,21.986608505249023,1.5079156962641724,0.0331168559843091,0.8051192345926386,1.5,0.0
1779632600.1789384,22.000877857208252,1.513379450679004,0.03337795123698816,0.724683028988232,1.5,0.0
1779632600.1952744,22.017213821411133,1.5121435515745185,0.028744435105444107,3.3142647268082843,1.5,0.0
1779632600.4045084,22.226447820663452,1.510782155537184,0.029181144904793843,3.0049194755989763,1.5,0.0
1779632600.4170816,22.239021062850952,1.4861362049913938,0.03673644050802178,-1.5492385174421963,1.5,0.0
1779632600.437186,22.259125471115112,1.4857865395784646,0.036341611380459785,-1.3678754248510723,1.5,0.0
1779632600.552612,22.37455153465271,1.4871510171515974,0.031409287075368816,1.4321618890019456,1.5,0.0
1779632600.5657136,22.3876531124115,1.4792979970242717,0.027135914836308974,3.69409640798582,1.5,0.0
1779632600.5775802,22.399519681930542,1.4875663016424177,0.027994429789899765,3.324166236968495,1.5,0.0
1779632600.613262,22.435201406478882,1.4975934424186057,0.02882646051361619,2.9917422167610646,1.5,0.0
1779632600.7844636,22.6064031124115,1.5066208296791634,0.02957545438154153,2.6925595582011574,1.5,0.0
1779632600.7973237,22.619263172149658,1.5044303968332966,0.03464312354300442,-0.1856579752729242,1.5,0.0
1779632600.8137257,22.63566517829895,1.4950443982154127,0.03895175778208039,-2.6958354635528723,1.5,0.0
1779632600.846196,22.668135404586792,1.4943854443661537,0.04307096049337312,-5.035511995260127,1.5,0.0
1779632600.8873863,22.709325790405273,1.5037030923497108,0.042398316477333414,-4.531405078968539,1.5,0.0
1779632600.9744523,22.79639172554016,1.5009618909622366,0.04163251843590257,-4.086505856267899,1.5,0.0
1779632600.989363,22.811302423477173,1.5026421783755857,0.04099817823754012,-3.671367370654352,1.5,0.0
1779632601.0713387,22.893278121948242,1.5008129533060135,0.040196761888151,-3.288562084373489,1.5,0.0
1779632601.0838296,22.905769109725952,1.5095160773481633,0.03980974411190176,-2.959727566490351,1.5,0.0
1779632601.122532,22.94447135925293,1.5148117347387378,0.03940221658952551,-2.663776824236245,1.5,0.0
1779632601.3552852,23.17722463607788,1.5150964965216545,0.03898736681031972,-2.386738037828283,1.5,0.0
1779632601.3711886,23.19312810897827,1.5115791249242108,0.03836456347153593,-2.1430630129875423,1.5,0.0
1779632601.3878863,23.20982575416565,1.5191762751516202,0.0381603449614409,-1.9272142100737657,1.5,0.0
1779632601.5482306,23.37017011642456,1.5260221121408573,0.037976438047525624,-1.7333326800433981,1.5,0.0
1779632601.5608838,23.38282322883606,1.5254697030416153,0.037707153473952336,-1.5539305106563006,1.5,0.0
1779632601.579944,23.401883363723755,1.531659366759573,0.03756808166507542,-1.3964945159132744,1.5,0.0
1779632601.6117322,23.433671712875366,1.528395128222496,0.03251660959836675,1.4153704331955865,1.5,0.0
1779632601.652077,23.474016427993774,1.5025660789224569,0.024356129636823425,5.636919583262456,1.5,0.0
1779632601.6966841,23.51862359046936,1.4932039146057423,0.029251903668903796,2.7127886376751027,1.5,0.0
1779632601.783266,23.605205535888672,1.4940907677626087,0.02503884651943531,5.108795719419174,1.5,0.0
1779632601.8328116,23.65475106239319,1.4947267877677626,0.026015099046576194,4.627070965586729,1.5,0.0
1779632601.9821765,23.804116010665894,1.4932756900479276,0.026910181378991385,4.038600376184963,1.5,0.0
1779632601.991554,23.813493490219116,1.500169618914117,0.027790299215196934,3.634042919419665,1.5,0.0
1779632602.034801,23.856740474700928,1.4940185010619378,0.023985695651095318,5.7629226266196,1.5,0.0
1779632602.0517368,23.873676300048828,1.500791607471791,0.02515382567060078,5.1842792752868405,1.5,0.0
1779632602.1195724,23.941511869430542,1.4989662849212047,0.030650093159114954,2.049329944203764,1.5,0.0
1779632602.1352174,23.957156896591187,1.4912093023167117,0.03542219223447698,-0.7131884428673,1.5,0.0
1779632602.177102,23.99904155731201,1.4902756054823814,0.03515585621757872,-0.6159873864862441,1.5,0.0
1779632602.2609544,24.08289384841919,1.4912419084698643,0.035122247516539494,-0.5444121351826381,1.5,0.0
1779632602.273767,24.095706462860107,1.4923176623186565,0.035092078795542506,-0.4646643927924666,1.5,0.0
1779632602.4049284,24.22686791419983,1.501878169592445,0.035214704514533686,-0.4180029840866973,1.5,0.0
1779632602.4175594,24.23949885368347,1.5017066665871794,0.03039571519525923,2.286443713237669,1.5,0.0
1779632602.435274,24.257213354110718,1.5000523501328507,0.03538178795617144,-0.5519959202829089,1.5,0.0
1779632602.5096924,24.331631898880005,1.5088424608250546,0.03547557822820218,-0.4967007049004411,1.5,0.0
1779632602.5520144,24.373953819274902,1.5142143317995742,0.035500950931808425,-0.4469592249374478,1.5,0.0
1779632602.5945106,24.416450023651123,1.509629973682766,0.0396499575560677,-2.940156232947843,1.5,0.0
1779632602.7385807,24.56052017211914,1.5149126080313915,0.03925839599643183,-2.646059625634462,1.5,0.0
1779632602.7484295,24.570369005203247,1.5139788843879018,0.03883200958239196,-2.3685329616545046,1.5,0.0
1779632602.765094,24.58703351020813,1.505635224872972,0.033725430613154105,0.35467587899779107,1.5,0.0
1779632602.8408344,24.662773847579956,1.5113293927213922,0.03392582691438023,0.31923548248451683,1.5,0.0
1779632602.9279122,24.7498517036438,1.5011278837472186,0.03830687892209651,-2.2391049491486936,1.5,0.0
1779632602.9425626,24.76450204849243,1.49275157966112,0.042035246600211684,-4.424882166807975,1.5,0.0
1779632603.028187,24.85012650489807,1.4952113143500352,0.03661314805288778,-1.2337392385485015,1.5,0.0
1779632603.034734,24.8566734790802,1.4944332592882055,0.04097064268268343,-3.720660946657744,1.5,0.0
1779632603.0759504,24.897889852523804,1.4938857607538432,0.0401683395738508,-3.346233464148785,1.5,0.0
1779632603.215863,25.03780245780945,1.4933531037306025,0.04415995431977754,-5.624126010462083,1.5,0.0
1779632603.2457783,25.067717790603638,1.5027415744688963,0.043380952053198946,-5.059514171704838,1.5,0.0
1779632603.4095414,25.231480836868286,1.511205514252209,0.042678541594468655,-4.551974688359835,1.5,0.0
1779632603.4193456,25.2412850856781,1.500744761683418,0.04596706887800078,-6.589812169230897,1.5,0.0
1779632603.4349072,25.25684666633606,1.4908147121753927,0.04882890005809001,-8.409437287381074,1.5,0.0
1779632603.4992738,25.321213245391846,1.4822295472482816,0.042889331575847615,-5.199972387385369,1.5,0.0
1779632603.5127723,25.33471179008484,1.492726511435366,0.04223632222130486,-4.676740252793472,1.5,0.0
1779632603.557115,25.3790545463562,1.4858015849691173,0.03702280511365708,-1.7725719101284012,1.5,0.0
1779632603.641841,25.463780403137207,1.4959471034366039,0.03695195118028539,-1.592541883890123,1.5,0.0
1779632603.658202,25.480141401290894,1.4936367850379388,0.03651956311603237,-1.4078599415653852,1.5,0.0
1779632603.6965916,25.51853108406067,1.494187974927354,0.03157200458435786,1.3962179881492174,1.5,0.0
1779632603.7385168,25.56045627593994,1.4861304325651306,0.02702501596428064,3.8139553306043124,1.5,0.0
1779632603.831521,25.65346050262451,1.4962968298059527,0.02795377511455943,3.432540495094674,1.5,0.0
1779632603.845574,25.667513370513916,1.502910377714748,0.028730824493232072,3.089266764958636,1.5,0.0
1779632603.9278808,25.749820232391357,1.4947069675219458,0.02442854697660956,5.374705261030641,1.5,0.0
1779632603.9768298,25.798769235610962,1.4853093251016773,0.029506455688085277,2.3550995107236665,1.5,0.0
1779632604.0215013,25.843440771102905,1.48527703356903,0.03458209682853454,-0.4896147927926119,1.5,0.0
1779632604.166906,25.988845586776733,1.4955483536455298,0.0347559858590449,-0.44067010030080583,1.5,0.0
1779632604.1795754,26.00151491165161,1.4977569780598619,0.034802971635364936,-0.38178548503217424,1.5,0.0
1779632604.2343283,26.056267738342285,1.4979548918588588,0.03464242922711108,-0.33297931845316064,1.5,0.0
1779632604.3254097,26.1473491191864,1.500179367267144,0.02980416829692951,2.443225479452646,1.5,0.0
1779632604.3634264,26.185365915298462,1.4982684686989924,0.03010516570124805,2.2151708283501446,1.5,0.0
1779632604.4014852,26.223424673080444,1.5071679536422895,0.0307217701465102,1.9935961202652683,1.5,0.0
1779632604.497348,26.319287538528442,1.5065769089718484,0.026351374055011586,4.4703594541080465,1.5,0.0
1779632604.51216,26.334099531173706,1.5062261206552734,0.022436833142683216,6.691550501424741,1.5,0.0
1779632604.5512698,26.373209238052368,1.5117664156619242,0.023757628616207678,6.020154042888704,1.5,0.0
1779632604.5957355,26.417675018310547,1.519310928599233,0.0250076100172179,5.416565894067984,1.5,0.0
1779632604.735878,26.557817459106445,1.5235758104806953,0.026075160022727684,4.873811106345707,1.5,0.0
1779632604.7478447,26.56978416442871,1.5120937782926311,0.03101186801659275,1.9844017461785788,1.5,0.0
1779632604.7705662,26.59250569343567,1.5196772065810948,0.03154249265904364,1.7859966400006113,1.5,0.0
1779632604.8328915,26.654830932617188,1.5239635457056964,0.031961059914574,1.6074237365234856,1.5,0.0
1779632604.8457093,26.667648792266846,1.5303622515880966,0.03239688402143545,1.446700754782833,1.5,0.0
1779632604.9758627,26.797802209854126,1.5258940023278416,0.03718451189939419,-1.3075749376159442,1.5,0.0
1779632604.9935799,26.815519332885742,1.529561107101497,0.03686951381427884,-1.1767598815464841,1.5,0.0
1779632605.0749052,26.896844625473022,1.518741200892119,0.04102778171035814,-3.6182653639324722,1.5,0.0
1779632605.0866816,26.908621072769165,1.517740050262638,0.045273982347558056,-5.941791495171864,1.5,0.0
1779632605.105384,26.927323579788208,1.5155119694858787,0.039459985408765275,-2.6814872983037876,1.5,0.0
1779632605.1684673,26.99040675163269,1.5227422590386195,0.03914617688543997,-2.4128318611308988,1.5,0.0
1779632605.1799212,27.00186061859131,1.5184093303041362,0.03850953642227243,-2.1668202332974316,1.5,0.0
1779632605.2604592,27.082398653030396,1.5186339002612177,0.03818979016451951,-1.9474528536977371,1.5,0.0
1779632605.2735097,27.095449209213257,1.5229605824033097,0.03794307383861608,-1.7498260911386074,1.5,0.0
1779632605.3596766,27.181616067886353,1.520535667018102,0.032854164123149045,1.0987604097133876,1.5,0.0
1779632605.3681822,27.1901216506958,1.5246974998407343,0.03313961682170333,0.9892136461641738,1.5,0.0
1779632605.4082434,27.230182886123657,1.5186057385023126,0.03305347728601297,0.912576835041712,1.5,0.0
1779632605.546233,27.36817240715027,1.508416249639907,0.02838815467584473,3.371462243714113,1.5,0.0
1779632605.5592933,27.381232738494873,1.507629538991238,0.028867172244256337,3.058116442654445,1.5,0.0
1779632605.5749347,27.39687418937683,1.4989437308045108,0.024651715557864405,5.3197562063191,1.5,0.0
1779632605.642267,27.46420645713806,1.5013105310767627,0.02572128450654238,4.821535067073602,1.5,0.0
1779632605.6582093,27.480148792266846,1.4993449062220328,0.03115791710929354,1.6876430957970117,1.5,0.0
1779632605.7384098,27.560349225997925,1.4997489303501612,0.03137205380416557,1.5330524344170278,1.5,0.0
1779632605.749761,27.57170057296753,1.4981778654214173,0.03625387043852118,-1.2702323489495388,1.5,0.0
1779632605.788669,27.61060857772827,1.4888238235173148,0.031328062711450645,1.2991746336361307,1.5,0.0
1779632605.9797003,27.801639795303345,1.4900135583389613,0.0268951819254177,3.8472256082582668,1.5,0.0
1779632605.99559,27.817529439926147,1.4997420537652206,0.027833400399613784,3.4608711064663447,1.5,0.0
1779632606.0103216,27.832261085510254,1.4998871094880306,0.02837167839986119,3.1382631816085764,1.5,0.0
1779632606.073768,27.895707368850708,1.5000757794346895,0.024240476998019664,5.504273249328946,1.5,0.0
1779632606.0903375,27.91227698326111,1.5087632001695488,0.025441025303502018,4.950039192168147,1.5,0.0
1779632606.1072016,27.9291410446167,1.506041809109039,0.026174261344215966,4.4837415685719435,1.5,0.0
1779632606.1670845,27.9890239238739,1.5036956473040726,0.03156379968276891,1.4051541158525933,1.5,0.0
1779632606.1803246,28.00226402282715,1.5033929130993342,0.02710858785523792,3.9447163113887935,1.5,0.0
1779632606.2271485,28.04908800125122,1.4956472089098656,0.023312942474406628,5.989625990645254,1.5,0.0
1779632606.2671309,28.089070320129395,1.5021949756164885,0.0245432321127877,5.384069718223593,1.5,0.0
1779632606.356909,28.17884850502014,1.5041931182811372,0.02562119694044235,4.879915787599715,1.5,0.0
1779632606.3718867,28.19382619857788,1.5040100774752132,0.02177135360913002,7.078619491040563,1.5,0.0
1779632606.4095142,28.23145365715027,1.5122380597634617,0.023211679371252833,6.362132257228691,1.5,0.0
1779632606.4501271,28.272066593170166,1.5109493574406305,0.024321971573984885,5.739303876485522,1.5,0.0
1779632606.4963896,28.318329095840454,1.518583139112798,0.025517314680685063,5.163517411545134,1.5,0.0
1779632606.5464773,28.368416786193848,1.525466926464192,0.02659435284454914,4.645810806972287,1.5,0.0
1779632606.5972743,28.41921377182007,1.52291265341134,0.027246361528527864,4.210764972014255,1.5,0.0
1779632606.6414654,28.463404893875122,1.5227507252305272,0.02804903891399694,3.8192588201202167,1.5,0.0
1779632606.6894202,28.511359691619873,1.5187396164750677,0.02852669156998896,3.4611957788786194,1.5,0.0
1779632606.9765255,28.79846501350403,1.506768160533597,0.024266203144610546,5.665287066785156,1.5,0.0
1779632606.9914792,28.81341862678528,1.506238622588792,0.025322578162070668,5.131955771566298,1.5,0.0
1779632607.0061955,28.828135013580322,1.478988746669648,0.02960057702360976,2.405526552572519,1.5,0.0
1779632607.219484,29.041423559188843,1.4898663368332927,0.030271587563948182,2.1647401798976187,1.5,0.0
1779632607.2316685,29.053607940673828,1.489417478398855,0.03067987174040359,1.970133836917796,1.5,0.0
1779632607.2447672,29.066706657409668,1.499269770311683,0.031243872808681853,1.7730993488522637,1.5,0.0
1779632607.3116527,29.133592128753662,1.5081378441826174,0.03175150519073464,1.5957683261575135,1.5,0.0
1779632607.3270717,29.14901113510132,1.5074894054523127,0.02728290696433191,4.097838740766935,1.5,0.0
1779632607.4050288,29.22696828842163,1.5050991007191246,0.0325765317829326,1.078880765235108,1.5,0.0
1779632607.417826,29.239765405654907,1.4951384540083876,0.027968668612778125,3.4973256333952443,1.5,0.0
1779632607.5597215,29.38166093826294,1.4951983947222127,0.028469231725858357,3.168792795876107,1.5,0.0
1779632607.5765843,29.398523807525635,1.4954231646106586,0.02937101630792563,2.715041527792576,1.5,0.0
1779632607.642799,29.464738368988037,1.4943397611821676,0.03446014457509688,-0.16966310690452463,1.5,0.0
1779632607.6563375,29.47827696800232,1.5036944893052115,0.034645099045861286,-0.15203246842510984,1.5,0.0
1779632607.6954775,29.517416954040527,1.495495248483285,0.030128322762620254,2.3293271645177223,1.5,0.0
1779632607.784264,29.60620355606079,1.489505228371571,0.02606744835397054,4.581558051933621,1.5,0.0
1779632607.7960663,29.618005752563477,1.488488819854616,0.026731510904776892,4.147143818454506,1.5,0.0
1779632607.834181,29.656120538711548,1.4899409656973415,0.02277678145199807,6.398887140506645,1.5,0.0
1779632608.0010862,29.823025703430176,1.4850351076352104,0.019502060510839303,8.259619316996039,1.5,0.0
1779632608.0197444,29.841683864593506,1.4870198023002008,0.016288447920009542,10.106004613687961,1.5,0.0
1779632608.0707586,29.892698049545288,1.4969332285035968,0.018269407521330647,9.090424705550587,1.5,0.0
1779632608.0844052,29.906344652175903,1.4954922267221233,0.019821366805996166,8.203539292752167,1.5,0.0
1779632699.1350274,0.06949090957641602,1.7431709880192503,0.035572765069825346,0.8116129240529151,1.75,0.0
1779632699.2618842,0.19634771347045898,1.7514238634464403,0.03580182920256375,0.7303647893838454,1.75,0.0
1779632699.2759597,0.21042323112487793,1.7428817850806615,0.0297315827990359,4.0762071291851205,1.75,0.0
1779632699.3569205,0.2913839817047119,1.7352418173470456,0.036408311466136,0.21012767014841388,1.75,0.0
1779632699.4150681,0.3495316505432129,1.7305973564157378,0.03011575847607874,3.703845090472929,1.75,0.0
1779632699.643164,0.577627420425415,1.7401724256551168,0.03109908032009088,3.322731620326487,1.75,0.0
1779632699.6575627,0.5920262336730957,1.74888171064214,0.03177412851301082,2.9892575014762164,1.75,0.0
1779632699.7538726,0.6883361339569092,1.7261758969301662,0.036992629128175074,-0.2566655642568272,1.75,0.0
1779632699.9283757,0.8628392219543457,1.7211722722745204,0.03680414871535158,-0.18656142093100125,1.75,0.0
1779632699.9411383,0.8756017684936523,1.7354190242945229,0.03719333559406687,-0.16692717626177578,1.75,0.0
1779632699.9562852,0.8907487392425537,1.7446785430574325,0.03726600906114178,-0.14945390923765758,1.75,0.0
1779632699.99352,0.9279835224151611,1.7530175402596142,0.037331645908799935,-0.13388578987984742,1.75,0.0
1779632700.180786,1.1152493953704834,1.7605270384807632,0.03739090715828519,-0.12000075350528962,1.75,0.0
1779632700.307519,1.2419824600219727,1.7498626597399698,0.037167914609356076,-0.11523204624908205,1.75,0.0
1779632700.4485867,1.3830502033233643,1.7612210722202444,0.03752124912635879,-0.10303637408589761,1.75,0.0
1779632700.5456836,1.480147123336792,1.750671764611847,0.03728267749337834,-0.09859969815656258,1.75,0.0
1779632700.9268515,1.8613150119781494,1.7435245610210017,0.03707969691969305,-0.07289670558913422,1.75,0.0
1779632700.9782596,1.9127230644226074,1.7366023347833484,0.036889701496523854,-0.02669675493054995,1.75,0.0
1779632701.1777961,2.11225962638855,1.7457156657698831,0.036993457161378154,-0.02372085432557016,1.75,0.0
1779632701.2754421,2.2099056243896484,1.753928368359322,0.03708693436794186,-0.021106772246550932,1.75,0.0
1779632701.3729007,2.3073642253875732,1.7452036823626345,0.031067350273015062,3.3486248065861273,1.75,0.0
1779632702.0714319,3.0058953762054443,1.8283003522539254,0.03793244250286771,-0.00021045914971705714,1.75,0.0
1779632702.1176476,3.0521111488342285,1.8283003522539254,0.03793244250286771,-0.00021045914971705714,1.75,0.0
1779632702.1609385,3.0954020023345947,1.8283003522539254,0.03793244250286771,-0.00021045914971705714,1.75,0.0
1779632702.2604418,3.1949052810668945,1.8126999415350415,0.037651115594179364,0.02373897438396825,1.75,0.0
1779632702.2727857,3.207249164581299,1.7987325087908133,0.043537794032885026,-3.3782367496813706,1.75,0.0
1779632702.3543282,3.2887916564941406,1.8016608416423554,0.04297832335214771,-3.0398843441751,1.75,0.0
1779632702.4489102,3.383373737335205,1.7738476581113705,0.03624714390003151,0.4730980674388513,1.75,0.0
1779632702.54605,3.480513572692871,1.779291851295463,0.03641567517144596,0.42575856828723607,1.75,0.0
1779632702.56273,3.4971935749053955,1.7877610876762593,0.036845231030604025,0.3831550355478294,1.75,0.0
1779632702.6398525,3.5743160247802734,1.7953835660466282,0.03723183133250942,0.34481338816443763,1.75,0.0
1779632702.6907759,3.625239372253418,1.78302330650045,0.037018714836323706,0.3357035237642539,1.75,0.0
1779632703.0046391,3.9391026496887207,1.7466546020917733,0.036345001179667075,0.3274982949468011,1.75,0.0
1779632703.1312559,4.065719366073608,1.7398725845349947,0.03623729199005221,0.3125856287148508,1.75,0.0
1779632703.320605,4.25506854057312,1.7329229422770973,0.042276019103568145,-3.162067252716621,1.75,0.0
1779632703.3392277,4.273691177368164,1.7275943021393496,0.04158095350866318,-2.85636680292563,1.75,0.0
1779632703.5335968,4.468060255050659,1.7410350879018412,0.04149404117870232,-2.560165026799273,1.75,0.0
1779632703.6068969,4.541360378265381,1.7496000503422993,0.041137426436815616,-2.2962073608983777,1.75,0.0
1779632703.7401853,4.674648761749268,1.7422425342974384,0.040560305101992475,-2.0186784208114226,1.75,0.0
1779632703.841748,4.776211500167847,1.7543764329234843,0.04057497587570522,-1.815148963593081,1.75,0.0
1779632704.0062914,4.9407548904418945,1.7653047453851913,0.04058818512140869,-1.632367457694319,1.75,0.0
1779632704.06805,5.002513408660889,1.7715772940706174,0.040322220565884255,-1.4681634425194916,1.75,0.0
1779632704.1636777,5.098141193389893,1.7807969725537904,0.04036076465148732,-1.3206073479293647,1.75,0.0
1779632704.2202485,5.154711961746216,1.7561676811648832,0.03420335806842257,1.8535916352307789,1.75,0.0
1779632704.4196758,5.35413932800293,1.7455354868069017,0.04004364272310014,-1.6296626207528697,1.75,0.0
1779632704.5560198,5.490483283996582,1.757377524869758,0.04011044746859257,-1.4667048138839698,1.75,0.0
1779632704.5907264,5.5251898765563965,1.7680360632592185,0.040170557347957304,-1.320045287009588,1.75,0.0
1779632704.7338312,5.668294668197632,1.7584418765501044,0.039667905479641614,-1.167437059597988,1.75,0.0
1779632704.8962395,5.830703020095825,1.765411311185799,0.03949439609893289,-1.0503986126919174,1.75,0.0
1779632704.911573,5.846036434173584,1.7716869187320317,0.03933821350095491,-0.9451415677557022,1.75,0.0
1779632705.050648,5.985111474990845,1.7809067485434298,0.03947551176858387,-0.8504682727723586,1.75,0.0
1779632705.1700766,6.104540109634399,1.785637383036808,0.03932119398278758,-0.7653058495190035,1.75,0.0
1779632705.2111707,6.145634174346924,1.7934658694494192,0.039460180924447315,-0.6886924090676781,1.75,0.0
1779632705.3720968,6.306560277938843,1.8005128498590255,0.03958526726354549,-0.6197649915575624,1.75,0.0
1779632705.4984498,6.432913303375244,1.806856219897446,0.03969784473501363,-0.5577489652358166,1.75,0.0
1779632705.5109541,6.445417642593384,1.8125661340316668,0.03979916522653093,-0.5019486713195914,1.75,0.0
1779632705.538662,6.473125457763672,1.7979448886587732,0.03349303361844781,2.9127825110390044,1.75,0.0
1779632705.5577922,6.492255687713623,1.8045351193749029,0.03421395768279205,2.621617517716907,1.75,0.0
1779632705.5979166,6.532380104064941,1.7914252640663622,0.034306695687427155,2.389047722408724,1.75,0.0
1779632705.638367,6.572830438613892,1.777765232335133,0.03439295035724038,2.154167423938019,1.75,0.0
1779632705.864027,6.798490524291992,1.7827362293378228,0.034742688145397764,1.9379264274173909,1.75,0.0
1779632705.9386506,6.873114109039307,1.7907950095508087,0.03533628780677313,1.7436333534010928,1.75,0.0
1779632706.0869086,7.021372079849243,1.7944913280551802,0.035593383455421054,1.5689849736167794,1.75,0.0
1779632706.2183077,7.152771234512329,1.7827384735557998,0.03555770147693187,1.437997636997625,1.75,0.0
1779632706.264872,7.19933557510376,1.7907665734331515,0.03606888029746659,1.2939523186302249,1.75,0.0
1779632706.3565404,7.291003942489624,1.7980102852504283,0.03652985805788905,1.1644953393725233,1.75,0.0
1779632706.8842382,7.81870174407959,1.8283003522539254,0.03793244250286771,-0.00021045914971705714,1.75,0.0
1779632707.0399082,7.974371671676636,1.831869610294256,0.03821032002976971,-0.00021045914971705714,1.75,0.0
1779632707.4074662,8.34192967414856,1.8010135103744809,0.042872530781917696,-2.97013535053124,1.75,0.0
1779632707.4539962,8.3884596824646,1.787814933103338,0.042114631222673414,-2.65495217723676,1.75,0.0
1779632707.5585253,8.49298882484436,1.7918534103615726,0.04169659990721998,-2.3894024770363544,1.75,0.0
1779632707.6461334,8.580596923828125,1.7551789384480374,0.04054324341726811,-2.1166682407802893,1.75,0.0
1779632707.7344663,8.668929815292358,1.7473823184530455,0.04001932396257017,-1.9035092302449526,1.75,0.0
1779632707.7501357,8.684599161148071,1.7251785812236804,0.04454736286797657,-4.696089649226896,1.75,0.0
1779632707.936027,8.870490550994873,1.7389988052124372,0.044165548458024624,-4.223850383198482,1.75,0.0
1779632708.1154485,9.049911975860596,1.7514486078116953,0.04382131634971244,-3.7994901532816714,1.75,0.0
1779632708.2602954,9.194758892059326,1.7626628369750315,0.04351109175723541,-3.4180554483968026,1.75,0.0
1779632708.3667684,9.301231861114502,1.7691940112764692,0.042953726160806276,-3.075130772275647,1.75,0.0
1779632708.4538407,9.388304233551025,1.7597704426283238,0.04218640422685902,-2.764966649264401,1.75,0.0
1779632708.4986115,9.433074951171875,1.7664921787221355,0.041949018133747455,-2.480138511630474,1.75,0.0
1779632708.643303,9.577766418457031,1.7761906602761741,0.04182604518072432,-2.2304320122254038,1.75,0.0
1779632708.7508705,9.685333967208862,1.751770771036086,0.035522218345778456,1.040879985326272,1.75,0.0
1779632708.926806,9.861269474029541,1.759419848875067,0.03576326016980042,0.9367026536303761,1.75,0.0
1779632708.961473,9.895936489105225,1.7663047560675358,0.03598019774222134,0.8429585899605124,1.75,0.0
1779632709.0033522,9.93781566619873,1.772501769662053,0.03617544052073392,0.7586008217682401,1.75,0.0
1779632709.0811863,10.015649795532227,1.7816488236319503,0.036629034993733864,0.6826879546745502,1.75,0.0
1779632709.5675025,10.501965999603271,1.7863123059742971,0.03675939071220577,0.6143733962242044,1.75,0.0
1779632709.6287003,10.563163757324219,1.7940790154999544,0.03715458656377046,0.552895712620784,1.75,0.0
1779632709.6911988,10.625662326812744,1.7836755128625346,0.030785148178224073,3.9718369374625655,1.75,0.0
1779632709.897065,10.831528425216675,1.7725765725836953,0.031208012542063637,3.6125818463027524,1.75,0.0
1779632709.9149282,10.84939169883728,1.7781095248663406,0.03187809380628161,3.250762301014182,1.75,0.0
1779632709.9727437,10.907207250595093,1.7830966607496308,0.032481743007482265,2.9253079431819824,1.75,0.0
1779632710.010964,10.945427417755127,1.787591145039258,0.03302545944789658,2.6325255383568855,1.75,0.0
1779632710.067586,11.002049446105957,1.7952103518748637,0.03379300668309734,2.369107913645133,1.75,0.0
1779632710.0825236,11.016987085342407,1.798502361247787,0.034206166508407486,2.1320905446672285,1.75,0.0
1779632710.2107258,11.14518928527832,1.8050376537160755,0.034856072822393606,1.918813842390798,1.75,0.0
1779632710.4483333,11.38279676437378,1.7919517632319746,0.03488347937404947,1.7565455238243004,1.75,0.0
1779632710.5565782,11.491041660308838,1.7991129061162716,0.03546428633864304,1.5806542863927413,1.75,0.0
1779632710.571724,11.506187438964844,1.8019968274200149,0.03570957612658107,1.4224634790307515,1.75,0.0
1779632710.8839135,11.818377017974854,1.7894031989317072,0.03565907113312249,1.3061682662534149,1.75,0.0
1779632710.8937545,11.82821798324585,1.7967180715962077,0.03594569923597034,1.1819801460581791,1.75,0.0
1779632711.0072706,11.941734075546265,1.7997477700483915,0.03635026328848115,1.057478642444825,1.75,0.0
1779632711.0819707,12.01643419265747,1.8025536462466178,0.03650652129122456,0.9518605923087587,1.75,0.0
1779632711.1637344,12.098197937011719,1.7913009613088993,0.03021010478059827,4.338342692034776,1.75,0.0
1779632711.2122488,12.146712303161621,1.7797949759588267,0.030709964751760698,3.9448744390985793,1.75,0.0
1779632711.266218,12.200681447982788,1.7845429509192785,0.031424730069933376,3.547987149449108,1.75,0.0
1779632711.555734,12.49019742012024,1.7888355332867367,0.03206980019541121,3.1915779668799407,1.75,0.0
1779632711.6044486,12.538912057876587,1.7962838616093482,0.03292958670588751,2.871356468525277,1.75,0.0
1779632711.6877255,12.622189044952393,1.7843596565981017,0.0331613183380122,2.616833479683391,1.75,0.0
1779632711.7033877,12.637851238250732,1.7886460754616391,0.033632143866632935,2.3536621675096283,1.75,0.0
1779632711.9008055,12.8352689743042,1.777639341521204,0.03379941959222847,2.147244817083174,1.75,0.0
1779632711.9134274,12.847890853881836,1.7861240583514795,0.03448269269004763,1.9310161897976845,1.75,0.0
1779632711.9346132,12.8690767288208,1.75998541863959,0.02872484841770174,4.938859339719978,1.75,0.0
1779632712.0747051,13.00916862487793,1.7666043176321466,0.029629343180770155,4.436145007492502,1.75,0.0
1779632712.1326017,13.067065238952637,1.732786205118583,0.02970944375146004,4.072607519250718,1.75,0.0
1779632712.4032805,13.337743997573853,1.7455968020147157,0.030789751126328525,3.653403502431353,1.75,0.0
1779632712.418172,13.352635383605957,1.7571844916724761,0.03176690418646319,3.279712615755185,1.75,0.0
1779632712.4354942,13.369957685470581,1.7676607772820185,0.03264999717737485,2.945921624608989,1.75,0.0
1779632712.6488223,13.583285808563232,1.7735587136833257,0.033169647815687986,2.647291549485673,1.75,0.0
1779632712.70325,13.637713432312012,1.7788981846084304,0.03363939786784923,2.379777061411545,1.75,0.0
1779632712.7426002,13.677063703536987,1.7554196649519427,0.028184927379816024,5.237138316013928,1.75,0.0
1779632712.753609,13.688072443008423,1.7625059842328497,0.02914299785143059,4.705128109270082,1.75,0.0
1779632712.7943697,13.728833198547363,1.7554888382313294,0.02361134879185995,7.733279974614638,1.75,0.0
1779632712.8836644,13.818127870559692,1.7661505003093134,0.025300891070146818,6.951630892082572,1.75,0.0
1779632713.2571468,14.191610336303711,1.7757815785351418,0.02682665832373305,6.250613234064938,1.75,0.0
1779632713.3051271,14.239590644836426,1.780909208641422,0.027925817953693612,5.621450473781073,1.75,0.0
1779632713.318392,14.2528555393219,1.7705611728480242,0.028658856993371444,5.1082471317560545,1.75,0.0
1779632713.5550234,14.489486932754517,1.7614523578274397,0.029329346090593636,4.6438532269254,1.75,0.0
1779632713.5642507,14.498714208602905,1.7679201376709475,0.030172553778421516,4.171583588423817,1.75,0.0
1779632713.5811737,14.515637159347534,1.7737820027076994,0.030935576927720743,3.748986092972685,1.75,0.0
1779632713.6294956,14.563959121704102,1.764383014152176,0.03137840700023618,3.411569194075674,1.75,0.0
1779632713.65575,14.590213537216187,1.7705634486516237,0.03201999040652376,3.065139857758934,1.75,0.0
1779632713.8894393,14.82390284538269,1.7761656354819952,0.032600674648932806,2.755075765931817,1.75,0.0
1779632713.985748,14.920211553573608,1.7848092168023182,0.033403638034976625,2.477210255029615,1.75,0.0
1779632714.0034606,14.937924146652222,1.7926147268297128,0.03412818129685866,2.2279518771472824,1.75,0.0
1779632714.1640618,15.098525285720825,1.7996610301922458,0.03478169878155965,2.0041798596566442,1.75,0.0
1779632714.182193,15.11665654182434,1.7875145223875113,0.034831804288253485,1.831173324740869,1.75,0.0
1779632714.30821,15.242673397064209,1.7914576130081037,0.035135417446942055,1.6470989898397426,1.75,0.0
1779632714.324828,15.259291410446167,1.7802560131276952,0.03515423677153871,1.506525895244302,1.75,0.0
1779632714.4497826,15.384246110916138,1.7567428091705937,0.029575305701531697,4.457524569150501,1.75,0.0
1779632714.4654682,15.39993166923523,1.7635582305417117,0.030607096753653366,3.9902882242115907,1.75,0.0
1779632714.503776,15.438239574432373,1.7733802000083005,0.0315991308420637,3.5858822332699125,1.75,0.0
1779632714.546033,15.480496406555176,1.7822616712131494,0.032496229420511946,3.2237978995598406,1.75,0.0
1779632714.5941975,15.528661012649536,1.7720386457171635,0.0327873290762571,2.9329676307730255,1.75,0.0
1779632714.7298596,15.664323091506958,1.7638526852791963,0.02688277096133971,6.15889555311272,1.75,0.0
1779632714.894853,15.82931661605835,1.7736500421423664,0.028243303075088003,5.534141184116662,1.75,0.0
1779632714.9756033,15.910066843032837,1.7788716014463,0.029407760115522,4.965910707079304,1.75,0.0
1779632715.0695112,16.003974676132202,1.7689110258814522,0.03000947429660689,4.510562219977864,1.75,0.0
1779632715.2174504,16.15191388130188,1.7590040684898862,0.02451250390182164,7.4736836480459985,1.75,0.0
1779632715.450516,16.384979486465454,1.7259038773638211,0.02511088322936289,6.845239220588515,1.75,0.0
1779632715.4793153,16.41377878189087,1.7357942993546338,0.026356924124195262,6.140507943077276,1.75,0.0
1779632715.511698,16.44616150856018,1.7447610617546598,0.027487308067727742,5.512310997107899,1.75,0.0
1779632715.7391627,16.6736261844635,1.71327879034006,0.02779334999911071,5.056112940443455,1.75,0.0
1779632715.747756,16.68221950531006,1.7279750923071322,0.029055212941515602,4.532949268157494,1.75,0.0
1779632715.9866703,16.921133756637573,1.7412719139072337,0.030198220353432094,4.067421373651167,1.75,0.0
1779632716.0625474,16.997010946273804,1.7353286788265352,0.030722592173486548,3.6998249655655853,1.75,0.0
1779632716.1098313,17.044294834136963,1.7478718018778958,0.03170025466663186,3.3196735959050874,1.75,0.0
1779632716.1624913,17.096954822540283,1.7413101797058002,0.03207476534715726,3.021018828892787,1.75,0.0
1779632716.264747,17.19921040534973,1.753238105090599,0.03291850057608634,2.710868204159845,1.75,0.0
1779632716.400331,17.334794521331787,1.7326603691311424,0.027600024740490687,5.567389513133483,1.75,0.0
1779632716.4516535,17.386116981506348,1.7277182809011378,0.028394883091299575,5.057270370724056,1.75,0.0
1779632716.644241,17.578704595565796,1.7408908973019244,0.029588345194584417,4.5306490913071045,1.75,0.0
1779632716.734389,17.66885256767273,1.7528310127884215,0.030671692116821383,4.063168231616333,1.75,0.0
1779632716.8926046,17.827068090438843,1.7600770839747768,0.03137577837255935,3.6469490167850487,1.75,0.0
1779632716.9061055,17.840569019317627,1.7666549948309649,0.032014699514944234,3.2754957731958334,1.75,0.0
1779632717.0317254,17.96618890762329,1.7726210825694302,0.032593690983312044,2.943374322797571,1.75,0.0
1779632717.3519208,18.286384344100952,1.7815972153339548,0.033395661253946926,2.645980810729466,1.75,0.0
1779632717.41465,18.34911346435547,1.7714177591528546,0.03359124698422532,2.411559909793192,1.75,0.0
1779632717.554732,18.489195585250854,1.7804748807911652,0.034292318462842614,2.1676169379976775,1.75,0.0
1779632717.743205,18.677668571472168,1.7850947919127653,0.03464790526523019,1.9490925969652164,1.75,0.0
1779632717.8943367,18.828800201416016,1.7928526636480815,0.035247722271259135,1.7531111935004782,1.75,0.0
1779632718.1699758,19.10443925857544,1.7815013979746532,0.03525520632565342,1.6026404274138981,1.75,0.0
1779632718.550258,19.484721422195435,1.7895754552377297,0.03579291596235906,1.441586387233508,1.75,0.0
1779632718.6561263,19.59058976173401,1.7933058766604302,0.036000722822065484,1.297073651891406,1.75,0.0
1779632718.694394,19.628857612609863,1.7819394392343546,0.03593331750295414,1.1889972142688734,1.75,0.0
1779632718.7383263,19.672789812088013,1.7899596420711712,0.03640369087900422,1.0701593187248422,1.75,0.0
1779632718.8952491,19.829712629318237,1.797212733510453,0.03682862859823264,0.9634158710391291,1.75,0.0
1779632718.9383342,19.87279772758484,1.7854769259211551,0.03667862630337007,0.8863084408477414,1.75,0.0
1779632719.212596,20.147059440612793,1.7895662820315275,0.03679699081808045,0.7984414480857267,1.75,0.0
1779632719.3544831,20.288946628570557,1.778679378300401,0.03665242948892631,0.7356901329602312,1.75,0.0
1779632719.499741,20.434204578399658,1.783409890812343,0.036772442825154725,0.6634616044371429,1.75,0.0
1779632719.742231,20.67669439315796,1.7877109308162273,0.03688211952352247,0.5983659403598673,1.75,0.0
1779632719.7569406,20.691404104232788,1.7951865686502664,0.03726001572641164,0.5396611165664157,1.75,0.0
1779632719.7800682,20.714531660079956,1.80194344742804,0.037601154483105255,0.4866973909083173,1.75,0.0
1779632719.9269094,20.86137294769287,1.804478774677104,0.03763111677231463,0.4389010862387066,1.75,0.0
1779632719.9393473,20.87381076812744,1.7918991202546732,0.037396771855751965,0.4123964064202103,1.75,0.0
1779632720.169531,21.103994607925415,1.7953929796666668,0.037445872464564586,0.3725657163016665,1.75,0.0
1779632720.3190503,21.2535138130188,1.8021343339941696,0.03776884147644415,0.33650314092563977,1.75,0.0
1779632720.4020207,21.33648419380188,1.7898375359163357,0.037521979396713354,0.3189565611940243,1.75,0.0
1779632721.1195157,22.05397915840149,1.6878280267395769,0.03553636749140258,-0.00021046787908124783,1.75,0.0
1779632721.1311173,22.06558084487915,1.6636994325226075,0.03488887963493657,0.009513890697717528,1.75,0.0
1779632721.260832,22.195295572280884,1.6638870881743917,0.0349002006064252,0.011478464163757024,1.75,0.0
1779632721.2737474,22.208210945129395,1.6822929988569553,0.03544025192923105,0.03767960774949674,1.75,0.0
1779632721.3554404,22.28990387916565,1.6991402020633422,0.03593396589795958,0.05464553544330928,1.75,0.0
1779632721.3685648,22.303028345108032,1.6979768505044304,0.035892698458947554,0.05040565802742006,1.75,0.0
1779632721.6139061,22.548369646072388,1.7098854539389807,0.03606823765328544,0.06232864958219005,1.75,0.0
1779632721.6481833,22.58264684677124,1.720805949276285,0.03623160412468861,0.06930865154663149,1.75,0.0
1779632721.9694688,22.903932332992554,1.7173791575059707,0.03615751169979239,0.06575759769006978,1.75,0.0
1779632722.083197,23.01766061782837,1.7276547098630668,0.036314412707625955,0.07080461398995007,1.75,0.0
1779632722.123524,23.057987451553345,1.737052332235021,0.03645954644441174,0.07291124906839345,1.75,0.0
1779632722.2252398,23.159703254699707,1.7318867279140315,0.036359423584600176,0.0710274526187238,1.75,0.0
1779632722.5642715,23.498734951019287,1.7409086676839427,0.03650108507950136,0.07250950830480829,1.75,0.0
1779632722.6029608,23.537424325942993,1.7491429810672376,0.036631569945940745,0.07210094966886381,1.75,0.0
1779632722.6459913,23.58045482635498,1.7602169897317914,0.037029306185499954,0.07036898250600027,1.75,0.0
1779632722.8962584,23.830721855163574,1.752547091423285,0.03686709770645354,0.07169122254625294,1.75,0.0
1779632722.9779372,23.912400722503662,1.7457289326877972,0.036723580157777394,0.07146966947628385,1.75,0.0
1779632723.011489,23.94595241546631,1.739580569963353,0.030388919545643454,3.708548179514571,1.75,0.0
1779632723.0503895,23.9848530292511,1.7480393896154893,0.03111999433750175,3.3219607696845843,1.75,0.0
1779632723.1776915,24.112154960632324,1.74156068963776,0.031552437564629984,3.023964018660623,1.75,0.0
1779632723.371611,24.306074619293213,1.7497523239794306,0.03239295411333655,2.6940279195590473,1.75,0.0
1779632723.4527996,24.38726305961609,1.760839071633662,0.0332064288945167,2.4178741049590418,1.75,0.0
1779632723.4691193,24.40358281135559,1.767243474470151,0.03388356759423384,2.1591128415995495,1.75,0.0
1779632723.649924,24.58438754081726,1.7731265252956876,0.03427572474835845,1.9414402552659953,1.75,0.0
1779632723.6995873,24.634050846099854,1.763921750929544,0.034388795548750316,1.7704290159417435,1.75,0.0
1779632723.8851323,24.81959581375122,1.7736723092584992,0.03500790828378404,1.5922865018847514,1.75,0.0
1779632723.9380665,24.872529983520508,1.782496038484628,0.03556799899678517,1.4326385692707597,1.75,0.0
1779632724.116429,25.05089259147644,1.7869073787622372,0.03579643844207501,1.2893737014631517,1.75,0.0
1779632724.128151,25.06261444091797,1.794478746268066,0.0362816448351954,1.1606791859835752,1.75,0.0
1779632724.1475675,25.08203101158142,1.7977496375570798,0.0364418003102384,1.0449834573702015,1.75,0.0
1779632724.1824417,25.116905212402344,1.800714484307023,0.036586989827504905,0.940912888167703,1.75,0.0
1779632724.6208878,25.55535125732422,1.7884780158722087,0.03645764177404428,0.8669816239974022,1.75,0.0
1779632724.7077942,25.642257690429688,1.792324324660457,0.03659980931616052,0.7810828315025256,1.75,0.0
1779632724.7412107,25.675674200057983,1.7993809419379636,0.0370067504007178,0.7037362819513471,1.75,0.0
1779632724.9794226,25.913886070251465,1.7851845973629756,0.03682346802471384,0.6303559683038673,1.75,0.0
1779632725.067373,26.00183653831482,1.759512228609406,0.030962937675070103,3.654452031541416,1.75,0.0
1779632725.16287,26.097333431243896,1.7491615028585954,0.03137716232351438,3.3058459282208856,1.75,0.0
1779632725.2149208,26.149384260177612,1.7605197278604903,0.03230525055064797,2.9710006076653794,1.75,0.0
1779632725.2605307,26.1949942111969,1.76719648499381,0.0328640290638891,2.6708346920793615,1.75,0.0
1779632725.4179194,26.35238289833069,1.7732247345074688,0.03336794592521829,2.4015454103009533,1.75,0.0
1779632725.6119552,26.5464186668396,1.7822349707282548,0.03410009950681138,2.15980405692729,1.75,0.0
1779632725.6456518,26.58011531829834,1.754473713703238,0.03932359967042029,-1.1549910936452739,1.75,0.0
1779632725.8976722,26.832135677337646,1.7653265026387925,0.03946337839601784,-1.0379293918983084,1.75,0.0
1779632725.9415386,26.876002073287964,1.7751127714343937,0.039588884276105,-0.9329951369471639,1.75,0.0
1779632725.9763877,26.91085124015808,1.7400429732164155,0.0386614143220196,-0.8294158679945364,1.75,0.0
1779632726.0277846,26.96224808692932,1.7486900108680403,0.03858898000397257,-0.743904322946266,1.75,0.0
1779632726.3405252,27.274988651275635,1.756506047558042,0.038523569942057974,-0.6676022868335323,1.75,0.0
1779632726.417506,27.351969480514526,1.7635002698205406,0.038647834358807524,-0.5912827255688969,1.75,0.0
1779632726.4345498,27.36901330947876,1.741304500914964,0.03267028457612011,2.5483141296723852,1.75,0.0
1779632726.513283,27.447746515274048,1.7352420743333319,0.032935267063550995,2.326026083381123,1.75,0.0
1779632726.6473124,27.581775903701782,1.7443076344601494,0.033425338556212617,2.0883720202170335,1.75,0.0
1779632726.9215486,27.856012105941772,1.7380107596147956,0.033617694452660225,1.907489375293954,1.75,0.0
1779632727.037204,27.971667528152466,1.7503372696519885,0.03431665754221111,1.7127992767084435,1.75,0.0
1779632727.0572267,27.991690158843994,1.7442055635818847,0.02847864474858252,5.047027318290444,1.75,0.0
1779632727.346825,28.281288385391235,1.749028655251294,0.02952973666803335,4.534013012321465,1.75,0.0
1779632727.3819811,28.316444635391235,1.7567794348043166,0.030356000976788044,4.074880275438931,1.75,0.0
1779632727.4569607,28.39142417907715,1.763788406523464,0.0311030064490259,3.6634697210043927,1.75,0.0
1779632727.4692795,28.403743028640747,1.7701235136736018,0.03177784917155144,3.294464281152298,1.75,0.0
1779632727.5955715,28.5300350189209,1.7758470615525608,0.032387124189723566,2.963238751254878,1.75,0.0
1779632727.6480174,28.582480907440186,1.7660594936927652,0.03267690064605474,2.699817554489408,1.75,0.0
1779632727.8857062,28.820169687271118,1.7721481857717851,0.033194474495174355,2.4277371644617682,1.75,0.0
1779632727.9018524,28.836315870285034,1.7776535901938824,0.03366213047299975,2.183618166838199,1.75,0.0
1779632728.0004735,28.934937000274658,1.78619848249078,0.03436230142507179,1.9644222034961107,1.75,0.0
1779632728.07257,29.007033586502075,1.7939057417986342,0.03499352811213179,1.7674884578088652,1.75,0.0
1779632728.1790912,29.11355471611023,1.782276479801452,0.035020606051398374,1.616986320582873,1.75,0.0
1779632728.2200234,29.154486894607544,1.790331896747296,0.03558431019892108,1.4548254144664965,1.75,0.0
1779632728.4650865,29.399549961090088,1.7770463960658354,0.03554350330537636,1.311135877044415,1.75,0.0
1779632728.543481,29.47794461250305,1.7820141583607134,0.03577717199951701,1.1790827015360683,1.75,0.0
1779632728.557271,29.491734504699707,1.7900841583549818,0.036266526059936154,1.0606248430605598,1.75,0.0
1779632728.9128299,29.847293376922607,1.797371327410796,0.03670784741440704,0.9542689950234257,1.75,0.0
1779632728.9685695,29.903033018112183,1.8003801423183063,0.03682785452700055,0.8587133502938308,1.75,0.0
1779632728.9997888,29.93425226211548,1.8030363989729972,0.037123086055072425,0.7789453833479968,1.75,0.0
1779632990.6111708,0.010642051696777344,0.24920490457668656,0.011284883821952515,-0.9559565035369052,0.25,0.0
1779632990.648812,0.04828333854675293,0.24918868935557076,0.011323188749716325,-0.9780302692587904,0.25,0.0
1779632990.7798615,0.17933273315429688,0.2491557287100099,0.011344241290413414,-0.9976172011596168,0.25,0.0
1779632990.793335,0.19280624389648438,0.24911242424052582,0.01148910379303484,-1.073838554294507,0.25,0.0
1779632990.8799977,0.27946901321411133,0.2490872362396233,0.01149359918938769,-1.0838658330422413,0.25,0.0
1779632990.8944948,0.29396605491638184,0.24906465821284568,0.01149766968242331,-1.0929054999679755,0.25,0.0
1779632990.9712517,0.37072300910949707,0.2493641838546264,0.010704254421152694,-0.6865311211060627,0.25,0.0
1779632991.0698228,0.46929407119750977,0.24936905046367427,0.010916971541310463,-0.7944186508630362,0.25,0.0
1779632991.0790827,0.47855401039123535,0.24933609543200608,0.010992086251843532,-0.83265475973843,0.25,0.0
1779632991.120602,0.5200731754302979,0.24934163052795877,0.011074132517643552,-0.8674197176350015,0.25,0.0
1779632991.2753253,0.6747965812683105,0.24931773854026357,0.011478775084248606,-1.0749424257281361,0.25,0.0
1779632991.2951956,0.694666862487793,0.2493063580822734,0.011498691805771205,-1.0852002817653963,0.25,0.0
1779632991.355203,0.7546741962432861,0.24931751347655248,0.011645818887980296,-1.1539397102572462,0.25,0.0
1779632991.3747284,0.7741997241973877,0.2492581845359426,0.011760497343053719,-1.2145160638072454,0.25,0.0
1779632991.4126112,0.8120825290679932,0.2492370309531712,0.011750945011827938,-1.2106867309774962,0.25,0.0
1779632991.4525135,0.8519847393035889,0.2492249774330188,0.012111853688163771,-1.3838742752508095,0.25,0.0
1779632991.5927055,0.9921767711639404,0.24923054211084947,0.012310190624412439,-1.4807061939572688,0.25,0.0
1779632991.611952,1.0114233493804932,0.24924239889109429,0.0121326002523162,-1.3916165655238177,0.25,0.0
1779632991.644024,1.0434951782226562,0.24925732013050006,0.012100563327335122,-1.3704681837465607,0.25,0.0
1779632991.8778043,1.277275562286377,0.24916504310876642,0.012039713403024673,-1.3498182698761536,0.25,0.0
1779632991.8940308,1.2935020923614502,0.24916951588317945,0.012015783620475784,-1.332661054315859,0.25,0.0
1779632991.9080184,1.3074896335601807,0.2491253130542784,0.012093478776409834,-1.375376289941919,0.25,0.0
1779632991.9910214,1.3904926776885986,0.24915555005743084,0.012181218785956441,-1.4151601754529433,0.25,0.0
1779632992.129066,1.5285372734069824,0.2491909067645192,0.01201649506679284,-1.33221294852184,0.25,0.0
1779632992.148995,1.5484662055969238,0.24917042814773283,0.011853748508156363,-1.2576358829707026,0.25,0.0
1779632992.2539053,1.653376579284668,0.24942754768027386,0.010908620484327527,-0.7759949535698205,0.25,0.0
1779632992.2699924,1.6694636344909668,0.24940938229774567,0.011100977612435435,-0.8752011724608914,0.25,0.0
1779632992.287215,1.6866862773895264,0.2493575184073426,0.011259723667285183,-0.9641267393018901,0.25,0.0
1779632992.4027188,1.8021900653839111,0.24930421871052638,0.011184505962647553,-0.9264434235111506,0.25,0.0
1779632992.4154193,1.8148906230926514,0.24927797488798137,0.011232843194283927,-0.9514655979441958,0.25,0.0
1779632992.4370456,1.8365168571472168,0.24921853205425773,0.011287098531376522,-0.9740719630911602,0.25,0.0
1779632992.493024,1.8924953937530518,0.2492362756187863,0.01131501822457157,-0.9947205758583896,0.25,0.0
1779632992.6459053,2.0453765392303467,0.24919931739712098,0.011335855006677774,-1.0122379676811246,0.25,0.0
1779632992.6612322,2.0607035160064697,0.24916179153448026,0.011253040179934294,-0.9697522371645433,0.25,0.0
1779632992.6769483,2.0764195919036865,0.24918777221560473,0.01142486274325177,-1.0501145621491808,0.25,0.0
1779632992.7129323,2.112403631210327,0.24915835652278626,0.011575519887540898,-1.1216066545474936,0.25,0.0
1779632992.7458906,2.14536190032959,0.24914686429496014,0.011584773299099526,-1.1271230126859006,0.25,0.0
1779632992.7852032,2.1846745014190674,0.24916015087263693,0.01181127242568782,-1.2496692840804897,0.25,0.0
1779632992.8293853,2.2288565635681152,0.24911871733676516,0.012036000162610149,-1.3592689603394188,0.25,0.0
1779632992.8743436,2.2738149166107178,0.24911706906301645,0.012242338538077132,-1.4592358578701827,0.25,0.0
1779632993.0653937,2.46486496925354,0.2491515662415646,0.012442247495443981,-1.5494629468516616,0.25,0.0
1779632993.0999877,2.4994590282440186,0.24912699231084154,0.012466956236635495,-1.5710294811668657,0.25,0.0
1779632993.1406157,2.5400869846343994,0.2491184277760209,0.012387067436394911,-1.531601377190618,0.25,0.0
1779632993.1804338,2.5799050331115723,0.24916780387667914,0.012445521606381177,-1.5555551715387461,0.25,0.0
1779632993.2172954,2.6167666912078857,0.24914159419099408,0.012469492252760152,-1.5764454503488694,0.25,0.0
1779632993.260496,2.6599671840667725,0.24920945235165148,0.012636168690749742,-1.6551630500065737,0.25,0.0
1779632993.3515277,2.7509989738464355,0.24916155336538065,0.012651823981641403,-1.665631388789198,0.25,0.0
1779632993.3665497,2.7660210132598877,0.24914941652059067,0.012553458368245153,-1.616746940574793,0.25,0.0
1779632993.456939,2.856410264968872,0.2491385559867606,0.012464926589199544,-1.5727503913999215,0.25,0.0
1779632993.6080244,3.007495641708374,0.24916793889209843,0.012515561694767198,-1.592826321072106,0.25,0.0
1779632993.628597,3.0280683040618896,0.2491241706926543,0.012543273674644735,-1.6095257043466462,0.25,0.0
1779632993.6648765,3.064347743988037,0.24921705340576406,0.011530595644725122,-1.097125158817874,0.25,0.0
1779632993.6809103,3.0803816318511963,0.24923447613784433,0.011534040553033625,-1.1053918046111941,0.25,0.0
1779632993.7511077,3.1505789756774902,0.24921576618239427,0.011547254728071527,-1.1125450766409846,0.25,0.0
1779632993.8306062,3.2300775051116943,0.24919851552199762,0.011559308089781267,-1.1189521913790008,0.25,0.0
1779632993.8421152,3.241586446762085,0.24920036713644933,0.011558924397937483,-1.1250009438864985,0.25,0.0
1779632993.976875,3.3763463497161865,0.24918464453975267,0.011569809439016388,-1.1301615660180167,0.25,0.0
1779632993.9853084,3.384779691696167,0.24948358040271557,0.010668890348816535,-0.6556828224610075,0.25,0.0
1779632994.0677018,3.4671730995178223,0.24953408364454271,0.012552106693191002,-1.5918902959068262,0.25,0.0
1779632994.120852,3.5203232765197754,0.24949641633175246,0.012336901968490327,-1.4914650516102739,0.25,0.0
1779632994.2095635,3.609034776687622,0.249472701206995,0.012386448791856042,-1.5191476121737955,0.25,0.0
1779632994.2235973,3.6230685710906982,0.2494188302749782,0.012567334073767374,-1.6022479740591116,0.25,0.0
1779632994.263528,3.662999391555786,0.2493655639935497,0.012565608252461212,-1.6177507426382973,0.25,0.0
1779632994.3049903,3.7044615745544434,0.2493330472499472,0.01247587497311373,-1.5736622305338468,0.25,0.0
1779632994.3544967,3.7539680004119873,0.24931298911023952,0.012764274929288041,-1.7105662313814585,0.25,0.0
1779632994.5969784,3.9964497089385986,0.24927193440719175,0.012780944700562704,-1.715998504948498,0.25,0.0
1779632994.6129446,4.012415885925293,0.24923882979684783,0.012898273042947264,-1.7794202085940238,0.25,0.0
1779632994.6269946,4.026465892791748,0.24927225155856542,0.012778446133397197,-1.7197252862435186,0.25,0.0
1779632994.6915298,4.091001033782959,0.2492710977193497,0.012783821546966306,-1.7245741977242162,0.25,0.0
1779632994.7022943,4.1017656326293945,0.24931315898776085,0.012572685015197722,-1.6111002596089197,0.25,0.0
1779632994.7194002,4.118871450424194,0.24930788800788106,0.01259863657956858,-1.6268112564332158,0.25,0.0
1779632994.761753,4.161224365234375,0.24929332500800871,0.012378643261613361,-1.522824602241719,0.25,0.0
1779632994.7932525,4.192723751068115,0.24928059169311984,0.012180625167401383,-1.4292283299175972,0.25,0.0
1779632994.9258103,4.325281620025635,0.24925832427454636,0.012269432901695396,-1.4632445133745176,0.25,0.0
1779632994.9372437,4.33671498298645,0.24928971958456125,0.012237097878077618,-1.4351549043591494,0.25,0.0
1779632994.9791737,4.378644943237305,0.24928629400068114,0.01232083715930584,-1.4684440619697607,0.25,0.0
1779632995.0201187,4.419589996337891,0.24923929622213514,0.01213954945566796,-1.3803427443970775,0.25,0.0
1779632995.0729554,4.472426652908325,0.24926598011046963,0.011978979404223287,-1.300865775750822,0.25,0.0
1779632995.262914,4.6623852252960205,0.24924946352543645,0.012191029893622685,-1.4066768394944655,0.25,0.0
1779632995.280864,4.680335283279419,0.24923169021162017,0.012266262843700868,-1.4427057754684338,0.25,0.0
1779632995.2970142,4.69648551940918,0.24930134263447945,0.012224093880056469,-1.4170533135137973,0.25,0.0
1779632995.329744,4.729215383529663,0.24936652120382347,0.012288698857921262,-1.4526975738356152,0.25,0.0
1779632995.3453183,4.7447896003723145,0.24933837939008152,0.012328755530581069,-1.483706644611332,0.25,0.0
1779632995.6123462,5.011817455291748,0.2493147319116804,0.012505784323022871,-1.5712099797263073,0.25,0.0
1779632995.6264906,5.025961875915527,0.2493043063682018,0.012435286909517843,-1.531936332672064,0.25,0.0
1779632995.6914465,5.0909178256988525,0.24927803167811596,0.012358576504197888,-1.4964243884936026,0.25,0.0
1779632995.7037106,5.103181838989258,0.24923675768833342,0.012275057270785808,-1.4637701602075779,0.25,0.0
1779632995.720939,5.120410203933716,0.24921728393118286,0.012214373223059353,-1.435077452706115,0.25,0.0
1779632995.7812176,5.180688858032227,0.24920594825458806,0.012402876674626757,-1.5274672158385778,0.25,0.0
1779632995.7984247,5.1978960037231445,0.24924298812538506,0.012332562454655874,-1.4929576264324051,0.25,0.0
1779632995.8428452,5.242316484451294,0.2492450359877269,0.012382186517585487,-1.5204787547224918,0.25,0.0
1779632995.9242709,5.323742151260376,0.24922513727507073,0.012286187219415153,-1.4861046497205048,0.25,0.0
1779632995.9339404,5.333411693572998,0.2492631407846559,0.012354966063821315,-1.5145300035950902,0.25,0.0
1779632996.1647236,5.564194917678833,0.24920520160717055,0.012297093106265911,-1.4808769638510455,0.25,0.0
1779632996.176037,5.57550835609436,0.2491576372821842,0.01234665845622183,-1.5087739335765582,0.25,0.0
1779632996.193104,5.592575311660767,0.2491987782493441,0.012628929655545892,-1.5969085298621473,0.25,0.0
1779632996.2324128,5.6318840980529785,0.24933845701587964,0.011964021639064449,-1.2601142632491686,0.25,0.0
1779632996.453824,5.85329532623291,0.24929485859389344,0.012060799185754941,-1.3106388974117382,0.25,0.0
1779632996.4673717,5.866842985153198,0.24928731728760056,0.012010181436779052,-1.2974735877091728,0.25,0.0
1779632996.4805498,5.880021095275879,0.24921305996403995,0.012087973433609253,-1.3439158770833926,0.25,0.0
1779632996.5953078,5.994779109954834,0.24917795846052043,0.012044741627172744,-1.3269907939670038,0.25,0.0
1779632996.6074166,6.006887912750244,0.24918560011142438,0.012123446741426574,-1.371082585488811,0.25,0.0
1779632996.6526527,6.0521240234375,0.24918907811019603,0.012091192780707917,-1.351840907808812,0.25,0.0
1779632996.6676896,6.0671608448028564,0.2491424222108102,0.012186036493270318,-1.3927131380239073,0.25,0.0
1779632996.7387726,6.138243913650513,0.24921713093583264,0.011831085842145699,-1.2521165671008208,0.25,0.0
1779632996.7492228,6.148694038391113,0.2491997255750587,0.01181474555232896,-1.2445602037414794,0.25,0.0
1779632996.7932475,6.192718744277954,0.24915393226420812,0.012029116585071121,-1.3557864991763469,0.25,0.0
1779632996.9684484,6.367919683456421,0.24912383637587981,0.01200381096261383,-1.3375328617647444,0.25,0.0
1779632997.0687537,6.468225002288818,0.24911573059327088,0.011970204339201053,-1.3214379611463192,0.25,0.0
1779632997.0841877,6.483659029006958,0.24907693283082322,0.012052444273116194,-1.3652682457918888,0.25,0.0
1779632997.0976732,6.497144460678101,0.2492167097649652,0.011838043797121193,-1.285408490999197,0.25,0.0
1779632997.2247486,6.62421989440918,0.2492025213124176,0.011947655456791672,-1.333063254273603,0.25,0.0
1779632997.2400267,6.639497995376587,0.24920801573498258,0.012036149540734668,-1.376596581159351,0.25,0.0
1779632997.2752068,6.674678087234497,0.24917394572548734,0.011984808142341626,-1.3558905142916875,0.25,0.0
1779632997.3552644,6.754735708236694,0.24921427416609837,0.011931692823298744,-1.3385692221767682,0.25,0.0
1779632997.3677182,6.7671895027160645,0.2491982700049843,0.012047328718231538,-1.382686102617187,0.25,0.0
1779632997.4552698,6.854741096496582,0.24919988335123916,0.012022753273162204,-1.362314811106352,0.25,0.0
1779632997.493883,6.893354177474976,0.2492187843000991,0.01200158667292836,-1.3440274998836141,0.25,0.0
1779632997.5422597,6.941730976104736,0.24923650380067314,0.011958001097396424,-1.3276486094542685,0.25,0.0
1779632997.5605006,6.959971904754639,0.24922292983420563,0.012170894993107731,-1.4304004218393833,0.25,0.0
1779632997.6014824,7.000953674316406,0.24935523503305573,0.011842334949312592,-1.2848022036056823,0.25,0.0
1779632997.75428,7.153751373291016,0.24927474861478527,0.011923447387771555,-1.3317325355816299,0.25,0.0
1779632997.8466327,7.246104001998901,0.24925130138616158,0.011897905165505282,-1.3162313829315448,0.25,0.0
1779632997.9201543,7.319625616073608,0.2492517661463396,0.011991377191835921,-1.3614480871337007,0.25,0.0
1779632997.9729319,7.372403144836426,0.24933784489591357,0.011266535078341331,-0.992747938756864,0.25,0.0
1779632998.128129,7.527600288391113,0.24932967076424373,0.011422785263614718,-1.0702945514599704,0.25,0.0
1779632998.209825,7.6092963218688965,0.24926519319597124,0.011458211259288918,-1.0811136058871076,0.25,0.0
1779632998.2275047,7.626976013183594,0.24924300649703923,0.011479206159210227,-1.0906852387880728,0.25,0.0
1779632998.2675076,7.66697883605957,0.24921869851601736,0.011510008420474886,-1.0991766546591528,0.25,0.0
1779632998.3697217,7.769192934036255,0.24922226997868097,0.011642217508310869,-1.1660664429139753,0.25,0.0
1779632998.4124577,7.811928987503052,0.24921705181191917,0.011517744722852163,-1.1080958228850484,0.25,0.0
1779632998.4531448,7.85261607170105,0.2493874611397639,0.013067278554190653,-1.8886404209981238,0.25,0.0
1779632998.5982902,7.997761487960815,0.24936747458278002,0.012926269729337237,-1.8165517009609575,0.25,0.0
1779632998.6079366,8.007407903671265,0.24933450628933873,0.012800453419514125,-1.7525675436920936,0.25,0.0
1779632998.6506088,8.050080060958862,0.24930494291842484,0.012687216995199233,-1.694982719056639,0.25,0.0
1779632998.6641388,8.063610076904297,0.2492157378872618,0.012809418322521105,-1.7593949952550811,0.25,0.0
1779632998.7361789,8.135650157928467,0.24927700599232833,0.01306944657792527,-1.8789167870065013,0.25,0.0
1779632998.7478762,8.147347450256348,0.24925297193353077,0.012929328511498247,-1.8087032315752738,0.25,0.0
1779632998.7914617,8.190932989120483,0.24925736418771327,0.013021344129871933,-1.8631013438140926,0.25,0.0
1779632998.8293679,8.22883915901184,0.24924726532717556,0.013181133111445557,-1.9142045492970812,0.25,0.0
1779632998.8779247,8.277395963668823,0.24920793392803112,0.013015398364377082,-1.839775626104996,0.25,0.0
1779632999.0197127,8.41918396949768,0.24921319698676236,0.012997069350874094,-1.8326139359125877,0.25,0.0
1779632999.0356593,8.435130596160889,0.24923064072710188,0.012853961161766415,-1.767377710687317,0.25,0.0
1779632999.0506248,8.450096130371094,0.24926807466871448,0.012865957294777158,-1.767672453171456,0.25,0.0
1779632999.1320324,8.531503677368164,0.24943517393434433,0.012829756709310788,-1.767075850803868,0.25,0.0
1779632999.2575252,8.656996488571167,0.24944218009182664,0.012600108831063283,-1.6488914396957475,0.25,0.0
1779632999.447596,8.84706735610962,0.24940176571460787,0.012506978808756631,-1.6017131818308297,0.25,0.0
1779632999.4613872,8.86085844039917,0.24936527041498852,0.012398609657238081,-1.559289654469791,0.25,0.0
1779632999.4808266,8.880297899246216,0.24930146523575294,0.01243798869602132,-1.5793266644282717,0.25,0.0
1779632999.5440347,8.943506002426147,0.24929218731121489,0.012359826806974004,-1.538157311576106,0.25,0.0
1779632999.5580523,8.957523584365845,0.24928410563673578,0.012267003804642193,-1.5021367241501025,0.25,0.0
1779632999.6002026,8.999673843383789,0.2492953919106476,0.012195901336757865,-1.4694278696718406,0.25,0.0
1779632999.6368334,9.036304712295532,0.24927372922086544,0.012269813404074301,-1.4987369005917275,0.25,0.0
1779632999.7311428,9.130614042282104,0.2492189864648605,0.012322130036076536,-1.5248570920479936,0.25,0.0
1779632999.7476804,9.147151708602905,0.24927355546746763,0.012452474146823789,-1.5506868014132629,0.25,0.0
1779632999.7879791,9.187450408935547,0.2492350832584167,0.012461997780167534,-1.571214529518435,0.25,0.0
1779632999.8766005,9.276071786880493,0.2492157063811322,0.012382614652043124,-1.5317734944008794,0.25,0.0
1779632999.8921516,9.291622877120972,0.24922013458721365,0.012427578514560354,-1.5554194588088797,0.25,0.0
1779632999.9717355,9.371206760406494,0.2492375201298593,0.012341414619673193,-1.5179106866395145,0.25,0.0
1779632999.9896579,9.389129161834717,0.24934558114893823,0.012669053637019513,-1.5995553897090569,0.25,0.0
1779633000.2094746,9.608945846557617,0.24938125760740004,0.01257271105491731,-1.5576823435222502,0.25,0.0
1779633000.2266464,9.626117706298828,0.24934694546643343,0.012482140431029267,-1.519521844777062,0.25,0.0
1779633000.241966,9.641437292098999,0.24931873549967826,0.01252720344886869,-1.5436710323053944,0.25,0.0
1779633000.3511994,9.750670671463013,0.24927202352183447,0.012427768427130637,-1.506632290953066,0.25,0.0
1779633000.3672574,9.766728639602661,0.2492525570656265,0.01245389136544058,-1.5322208375408695,0.25,0.0
1779633000.3799698,9.779441118240356,0.24920088331013113,0.012463259414735387,-1.554995151855419,0.25,0.0
1779633000.4531512,9.852622509002686,0.24924178623473703,0.012489745678437908,-1.5765844166326848,0.25,0.0
1779633000.5035825,9.903053760528564,0.24919062002335762,0.012520034265386627,-1.5949049318993729,0.25,0.0
1779633000.5898793,9.98935055732727,0.249186886251657,0.012321438027283475,-1.4949057268831734,0.25,0.0
1779633000.6039,10.003371238708496,0.2491585570250226,0.012382463087508977,-1.521946672154232,0.25,0.0
1779633000.6854234,10.08489465713501,0.24916445903298523,0.012324322555871351,-1.4876241920560846,0.25,0.0
1779633000.6985683,10.098039627075195,0.24912126383540112,0.012371558472033847,-1.5148596012252296,0.25,0.0
1779633000.7888172,10.188288450241089,0.24909956569141,0.012427574625806265,-1.539908135942855,0.25,0.0
1779633000.8353653,10.23483657836914,0.24908408900252108,0.012555783019933877,-1.6209843460777917,0.25,0.0
1779633000.8439028,10.243374109268188,0.24907967986249185,0.012466974653253,-1.5765371303280686,0.25,0.0
1779633000.8857474,10.285218715667725,0.24907577782182874,0.012387053299435012,-1.5365393413927069,0.25,0.0
1779633000.9263327,10.325803995132446,0.24913763629088806,0.012215529021381706,-1.441836120502396,0.25,0.0
1779633000.971983,10.371454238891602,0.2491501601082347,0.012276877432079928,-1.4744806166832594,0.25,0.0
1779633001.0192847,10.418756008148193,0.2491424014192978,0.012342576792280452,-1.5032083125466331,0.25,0.0
1779633001.064906,10.464377164840698,0.2491352971114671,0.01240260570578078,-1.529555304524448,0.25,0.0
1779633001.3109283,10.710399627685547,0.24913829119478736,0.012202184831979549,-1.4352811736080062,0.25,0.0
1779633001.321489,10.72096037864685,0.24916403160763195,0.01213857117617965,-1.4097948133439249,0.25,0.0
1779633001.338094,10.737565279006958,0.24917566313113748,0.01233420347319739,-1.5040150459001498,0.25,0.0
1779633001.373303,10.77277421951294,0.24916579352560364,0.012394246032168765,-1.5298394463582694,0.25,0.0
1779633001.4498212,10.849292516708374,0.2492230466102876,0.01232576848637899,-1.4952161315350136,0.25,0.0
1779633001.5054426,10.904913902282715,0.2491688502526629,0.012245539905891027,-1.4629742216644028,0.25,0.0
1779633001.5905235,10.989994764328003,0.24919473983690538,0.012318085393417411,-1.4940047914097592,0.25,0.0
1779633001.619171,11.01864218711853,0.24916511554987253,0.012379397697932292,-1.5211005081828683,0.25,0.0
1779633001.7322476,11.131718873977661,0.24917532853588165,0.012565773480902744,-1.6056862432637053,0.25,0.0
1779633001.7467654,11.146236658096313,0.24916502406167557,0.012601214669668069,-1.6204135963668074,0.25,0.0
1779633001.7650726,11.164543867111206,0.24913868967165204,0.012634264836454905,-1.6349023865875725,0.25,0.0
1779633001.989398,11.388869285583496,0.24912887790072538,0.012537641344612384,-1.5890835532788843,0.25,0.0
1779633002.001884,11.401355266571045,0.24908901285768953,0.012563143452462124,-1.6061560770773464,0.25,0.0
1779633002.0374396,11.43691086769104,0.24905314229797076,0.01258609571747489,-1.621521685622221,0.25,0.0
1779633002.1206782,11.52014946937561,0.24912050767075136,0.012496499045521038,-1.5766813585866706,0.25,0.0
1779633002.1604688,11.559940099716187,0.2490898023577513,0.012297652301605292,-1.4777561063002074,0.25,0.0
1779633002.2140355,11.61350679397583,0.24914212947597636,0.012340338340802302,-1.507035959129708,0.25,0.0
1779633002.2591448,11.658616065979004,0.2491320926660198,0.012273126108978018,-1.4740162546999882,0.25,0.0
1779633002.3538024,11.753273725509644,0.2491924695722921,0.012216730852900403,-1.444954455415275,0.25,0.0
1779633002.4107115,11.810182809829712,0.2492344289948052,0.012293156251866545,-1.4780883374330123,0.25,0.0
1779633002.5961003,11.995571613311768,0.24919770488837076,0.012216150292846383,-1.4472537392291063,0.25,0.0
1779633002.6062171,12.005688428878784,0.24921290223676854,0.012023447741091823,-1.3615133719353087,0.25,0.0
1779633002.686465,12.085936307907104,0.2492374611406526,0.012245252705582122,-1.4615123785986561,0.25,0.0
1779633002.7021832,12.101654529571533,0.24924198608326378,0.01243021814759338,-1.5505657013212861,0.25,0.0
1779633002.7192264,12.11869764328003,0.24924369616564063,0.012470430509749579,-1.5723362924147775,0.25,0.0
1779633002.750792,12.15026330947876,0.24927688099042614,0.012368734072325707,-1.5333568200675607,0.25,0.0
1779633002.8791764,12.278647661209106,0.24929550495358202,0.012555993979700683,-1.6161684524445699,0.25,0.0
1779633002.8936512,12.29312252998352,0.2492699853461715,0.012467223852588768,-1.5722374721137888,0.25,0.0
1779633003.065401,12.464872360229492,0.2493539184378143,0.012418352418939767,-1.5338084934631717,0.25,0.0
1779633003.0820556,12.481526851654053,0.2493574956336851,0.01235771643272414,-1.498424903437606,0.25,0.0
1779633003.097513,12.496984243392944,0.2492946574808052,0.012401218864382113,-1.524566193410396,0.25,0.0
1779633003.1239266,12.52339792251587,0.24956630820878756,0.01092373632938689,-0.7650707977671737,0.25,0.0
1779633003.1415813,12.54105257987976,0.2495515452276425,0.011128192498878118,-0.8658885592661358,0.25,0.0
1779633003.277708,12.677179336547852,0.2495559677878446,0.011312751813365014,-0.9563131188758764,0.25,0.0
1779633003.2868512,12.686322450637817,0.249505045455082,0.011348053075653664,-0.9783497483736968,0.25,0.0
1779633003.3266,12.72607135772705,0.2495144226927178,0.011510638269366843,-1.0575382551904802,0.25,0.0
1779633003.3366358,12.736107110977173,0.24946726460752763,0.011526416214371272,-1.069481700130181,0.25,0.0
1779633003.3733425,12.77281379699707,0.24942566441987118,0.011680776196346313,-1.139540291704907,0.25,0.0
1779633003.4131312,12.812602519989014,0.24940042108818117,0.011552463859244824,-1.0842352449507704,0.25,0.0
1779633003.4608548,12.860326051712036,0.2493873630599558,0.011806681275458353,-1.2109824626053831,0.25,0.0
1779633003.5964782,12.995949506759644,0.24933817853392887,0.011919209722088653,-1.2664202652245007,0.25,0.0
1779633003.6498141,13.049285411834717,0.24930372977875942,0.011791696563260262,-1.1988727357671174,0.25,0.0
1779633003.6652548,13.064726114273071,0.24933345447368888,0.011909902785677298,-1.256002982807036,0.25,0.0
1779633003.7325857,13.132056951522827,0.2493205167160447,0.011884516118666153,-1.247139022871709,0.25,0.0
1779633003.7452955,13.144766807556152,0.24931451212471695,0.011978944498971817,-1.2992379074062728,0.25,0.0
1779633003.8744433,13.273914575576782,0.24930880414607468,0.012064294161632325,-1.3461447155304826,0.25,0.0
1779633004.0306127,13.430083990097046,0.24929933882111888,0.01203890800025555,-1.3298989844354032,0.25,0.0
1779633004.0464613,13.445932626724243,0.24924220972160105,0.012114299797848572,-1.3728961762094618,0.25,0.0
1779633004.068356,13.467827320098877,0.24919983504510346,0.011953661913661717,-1.2943503492225725,0.25,0.0
1779633004.1000597,13.499531030654907,0.24920561830307542,0.01204152827608808,-1.3417394911076534,0.25,0.0
1779633004.2564723,13.655943632125854,0.24930686333935997,0.011546998721337394,-1.0886133412558074,0.25,0.0
1779633004.2708035,13.67027473449707,0.24926489505788058,0.011647163233185504,-1.1553994542441868,0.25,0.0
1779633004.2868466,13.686317920684814,0.24926431492746604,0.01176532218901618,-1.2166679327763763,0.25,0.0
1779633004.352803,13.75227427482605,0.24919490070922334,0.011993320287347285,-1.3293081328144125,0.25,0.0
1779633004.3660815,13.765552759170532,0.249215015015043,0.01195059208498922,-1.3144188515822268,0.25,0.0
1779633004.4087884,13.808259725570679,0.24921384902438817,0.011896802599954848,-1.299752735186428,0.25,0.0
1779633004.4474473,13.84691858291626,0.2491819405351699,0.012000263053619188,-1.346280465521271,0.25,0.0
1779633004.5993364,13.998807668685913,0.24915701365838205,0.012195718347149434,-1.4466929690816066,0.25,0.0
1779633004.6073134,14.006784677505493,0.24914600542854032,0.012118369202292575,-1.419698916412645,0.25,0.0
1779633004.650979,14.050450325012207,0.24917458993028427,0.012204171951623112,-1.455498826652918,0.25,0.0
1779633004.7013419,14.100813150405884,0.24916319280939953,0.012290728208680535,-1.4869509930371647,0.25,0.0
1779633004.7439742,14.143445491790771,0.2493020272634952,0.011527846115908902,-1.1004045546383743,0.25,0.0
1779633004.9287555,14.328226804733276,0.24931326396782172,0.01165805940997207,-1.1668238238412831,0.25,0.0
1779633004.9377933,14.33726453781128,0.24929934568848217,0.011532055513410373,-1.1088123523591744,0.25,0.0
1779633004.9547763,14.354247570037842,0.2493640146475119,0.011667253934485535,-1.1761470191621233,0.25,0.0
1779633004.9925323,14.392003536224365,0.2493531105042066,0.011783765072884592,-1.2353559243077716,0.25,0.0
1779633005.0323043,14.431775569915771,0.24932970454861159,0.011518087560355382,-1.1117938169538355,0.25,0.0
1779633005.2699387,14.669409990310669,0.24926915600932112,0.011645572689611448,-1.1766036506555095,0.25,0.0
1779633005.2876964,14.687167644500732,0.2492482916382209,0.01203277507487271,-1.3551919586174936,0.25,0.0
1779633005.3211935,14.720664739608765,0.24926294578645875,0.012010484148301628,-1.3376981942508825,0.25,0.0
1779633005.3617287,14.761199951171875,0.24927562409513698,0.01199058685580839,-1.3218979195097778,0.25,0.0
1779633005.4049776,14.80444884300232,0.24928757280591263,0.011947178301543914,-1.307240659394892,0.25,0.0
1779633005.6080837,15.00755500793457,0.24923156185336554,0.01203174790497748,-1.3525057900339998,0.25,0.0
1779633005.6222467,15.02171802520752,0.24922550668018895,0.011868377552586778,-1.2759239846913708,0.25,0.0
1779633005.6895502,15.089021444320679,0.24919600170805017,0.012077029267514023,-1.3833738613882982,0.25,0.0
1779633005.7052245,15.104695796966553,0.24919346760918148,0.011909127134360674,-1.3037026677851655,0.25,0.0
1779633005.7526047,15.152076005935669,0.24917838513522775,0.011885048460119924,-1.2910247371936934,0.25,0.0
1779633005.828038,15.227509260177612,0.2491778279547638,0.01173634123230757,-1.2205891468829277,0.25,0.0
1779633005.84291,15.24238133430481,0.24917749935544592,0.011602495702801365,-1.1571937279879017,0.25,0.0
1779633005.922879,15.322350263595581,0.24916399792962252,0.011609087995567693,-1.1591711831838805,0.25,0.0
1779633005.9385026,15.337973833084106,0.2492053258268804,0.011618139755079523,-1.161485331131414,0.25,0.0
1779633006.0180924,15.417563676834106,0.24925769523842714,0.011805266981090846,-1.2235075329950653,0.25,0.0
1779633006.0639334,15.463404655456543,0.24948954070049056,0.010492313483070536,-0.5553413718677521,0.25,0.0
1779633006.1163888,15.515860080718994,0.249444403054833,0.010609889171751126,-0.6174811117754343,0.25,0.0
1779633006.126976,15.526447296142578,0.24937111304914045,0.01082822253766806,-0.7317307765939682,0.25,0.0
1779633006.1675906,15.56706190109253,0.24936975959419289,0.010798982671387975,-0.7175812787752267,0.25,0.0
1779633006.2608075,15.660278797149658,0.24935722200614507,0.011026943300960195,-0.8226397648879102,0.25,0.0
1779633006.275855,15.675326347351074,0.2493608073173222,0.011080851594589413,-0.8584134051204667,0.25,0.0
1779633006.4462469,15.845718145370483,0.24934557864401408,0.011241563569650283,-0.9483412655808674,0.25,0.0
1779633006.4644454,15.863916635513306,0.24939907399539965,0.010938725591466459,-0.7990090579963556,0.25,0.0
1779633006.4773586,15.876829862594604,0.24939836332173845,0.011000480414559791,-0.8366240215230598,0.25,0.0
1779633006.5131507,15.912621974945068,0.24955256226011965,0.010627467504554945,-0.635203854127826,0.25,0.0
1779633006.5595455,15.959016799926758,0.24950125214110788,0.0107315312195484,-0.6893600954512167,0.25,0.0
1779633006.6374736,16.03694486618042,0.249439721878633,0.010952567294779024,-0.797487531379744,0.25,0.0
1779633006.6536548,16.053126096725464,0.24938477624041133,0.011126034201772345,-0.8943674666748592,0.25,0.0
1779633006.6947615,16.09423279762268,0.24933563650211205,0.011306657650588064,-0.9814819762839602,0.25,0.0
1779633006.8329623,16.232433557510376,0.24926588594369647,0.01122668170275443,-0.9424726570243482,0.25,0.0
1779633006.8751116,16.274582862854004,0.24921135729087937,0.011383257690441718,-1.024182830464161,0.25,0.0
1779633006.968891,16.368362188339233,0.24924990146087853,0.011738312770814767,-1.1611363773480503,0.25,0.0
1779633007.0185905,16.41806173324585,0.24929320205314648,0.01160610093411715,-1.1034309698476172,0.25,0.0
1779633007.0693274,16.468798637390137,0.24930190266695124,0.011601834458971092,-1.1109629076850327,0.25,0.0
1779633007.112633,16.512104272842407,0.24929688349244683,0.011724775521704013,-1.176623946231095,0.25,0.0
1779633007.257363,16.656834363937378,0.24923941565194138,0.011831586337815666,-1.2349503904443055,0.25,0.0
1779633007.2703493,16.669820547103882,0.24952167366077888,0.010517101090513962,-0.5715284513654083,0.25,0.0
1779633007.352367,16.751838207244873,0.24947328009284023,0.010632163136839682,-0.6320296706985455,0.25,0.0
1779633007.3670945,16.766565799713135,0.2494640664607117,0.010750032119597429,-0.686751810798596,0.25,0.0
1779633007.4096873,16.80915856361389,0.24948781697806421,0.010743100328873306,-0.6774379763096151,0.25,0.0
1779633007.5944378,16.993909120559692,0.2494435008005506,0.010811029973581555,-0.7273778832983742,0.25,0.0
1779633007.6272566,17.02672791481018,0.2494420687275835,0.011371449535402488,-1.00786230949014,0.25,0.0
1779633007.6660986,17.06556987762451,0.24942350591880086,0.011517231704192327,-1.0839112422132458,0.25,0.0
1779633007.684459,17.083930253982544,0.24938547962695795,0.011532306797828924,-1.0931928574959708,0.25,0.0
1779633007.8825166,17.28198790550232,0.24943953635214114,0.01156354545292842,-1.102495863164828,0.25,0.0
1779633007.8923013,17.291772603988647,0.24938522025704996,0.011700315161754961,-1.1687419253728577,0.25,0.0
1779633007.9106407,17.31011199951172,0.2493860986580091,0.01168691348723297,-1.1699216152424199,0.25,0.0
1779633007.943039,17.342510223388672,0.24955053830007895,0.010877692795211103,-0.7531711595884398,0.25,0.0
1779633008.066167,17.465638399124146,0.24957351896713817,0.01107679800627043,-0.855520071894095,0.25,0.0
1779633008.0973487,17.496819972991943,0.24959447436474258,0.011255987822477964,-0.9476336246096508,0.25,0.0
1779633008.134179,17.533650398254395,0.24957743988282616,0.011427542220132201,-1.0302254608520278,0.25,0.0
1779633008.1739542,17.57342553138733,0.24955909018482467,0.011441384198860144,-1.0452375727178336,0.25,0.0
1779633008.2141876,17.613658905029297,0.24951057523033293,0.01156524940337245,-1.1164900552842507,0.25,0.0
1779633008.3040965,17.70356774330139,0.24947693072805,0.011448522252548552,-1.0635095867040427,0.25,0.0
1779633008.3292656,17.728736877441406,0.24953138915365114,0.010760357876357303,-0.7222630069269846,0.25,0.0
1779633008.591563,17.991034269332886,0.24948231505712504,0.010851127551519147,-0.767711303133655,0.25,0.0
1779633008.6119041,18.011375427246094,0.24950731848377472,0.011063361941749724,-0.8676203171549963,0.25,0.0
1779633008.6900194,18.08949065208435,0.24944538154534132,0.01125024474722586,-0.957399943738303,0.25,0.0
1779633008.706985,18.10645627975464,0.24942600776745633,0.011408472045096048,-1.0384883354164574,0.25,0.0
1779633008.7458475,18.145318746566772,0.24938771918898645,0.0114344437963211,-1.0523239670696478,0.25,0.0
1779633008.8763452,18.275816440582275,0.2493559156316298,0.01158443068301557,-1.1232891214972427,0.25,0.0
1779633008.8900306,18.289501905441284,0.2495765131588635,0.010784381831660576,-0.7095882597972011,0.25,0.0
1779633008.90741,18.306881189346313,0.24952583595416788,0.010974835569782161,-0.8148701528130206,0.25,0.0
1779633008.9768052,18.37627649307251,0.24944505277857387,0.011156670153387779,-0.9093801686175856,0.25,0.0
1779633008.9931269,18.392598152160645,0.24944171956232705,0.011322066259899203,-0.9938676861233525,0.25,0.0
1779633009.06747,18.466941356658936,0.24936971699603483,0.011469180574645651,-1.0704832074187294,0.25,0.0
1779633009.0842855,18.48375678062439,0.24935392350848304,0.011502414004729924,-1.0813263545918579,0.25,0.0
1779633009.1595814,18.55905270576477,0.24932564408397467,0.011645610067223169,-1.1493966219411713,0.25,0.0
1779633009.1740696,18.573540925979614,0.24962746037181321,0.009999157033312934,-0.30826846206876274,0.25,0.0
1779633009.260952,18.660423278808594,0.2496028926460489,0.010180470874985137,-0.3954502790123883,0.25,0.0
1779633009.276525,18.67599630355835,0.24956036593760922,0.010458439951173388,-0.5333530309299395,0.25,0.0
1779633009.3187463,18.718217611312866,0.24947501883852782,0.010808291192702432,-0.7155781369660084,0.25,0.0
1779633009.3994484,18.798919677734375,0.24941018422263478,0.010778238313757042,-0.7027640763882782,0.25,0.0
1779633009.4188476,18.818318843841553,0.24937730874971215,0.011110434091746425,-0.8684058764779088,0.25,0.0
1779633009.6081843,19.00765562057495,0.2493612353672715,0.011179482124064496,-0.8994272481450544,0.25,0.0
1779633009.6330473,19.0325186252594,0.24927875330115573,0.01132682035966409,-0.9848441626429048,0.25,0.0
1779633009.6911514,19.090622663497925,0.2492902079325468,0.011350747924741042,-1.004401473027869,0.25,0.0
1779633009.701438,19.10090923309326,0.24926549425376596,0.01138247579185248,-1.02163639642312,0.25,0.0
1779633009.7208896,19.120360851287842,0.24929948126213625,0.011517100157548624,-1.0965906425379224,0.25,0.0
1779633009.7550611,19.154532432556152,0.24927386931292445,0.011532197950130649,-1.104609902497268,0.25,0.0
1779633009.7923408,19.19181203842163,0.24927169520239847,0.011686466004173264,-1.170966409273025,0.25,0.0
1779633009.876066,19.275537252426147,0.2493018594866649,0.011712429208705842,-1.1721069399671535,0.25,0.0
1779633009.891977,19.29144835472107,0.24922311309106687,0.011704631835198383,-1.1720207308938824,0.25,0.0
1779633009.9773564,19.376827716827393,0.24920514857832793,0.011700974487329858,-1.172495968814258,0.25,0.0
1779633009.987465,19.38693618774414,0.2492240528883359,0.011686564544130734,-1.1727990114307887,0.25,0.0
1779633010.026309,19.425780296325684,0.24924069228021078,0.01169908939398586,-1.1735066446040265,0.25,0.0
1779633010.1145256,19.513996839523315,0.24925573414387164,0.011710380697557607,-1.1741551448623504,0.25,0.0
1779633010.262766,19.6622371673584,0.24922960807129393,0.011578970662584764,-1.115692851864336,0.25,0.0
1779633010.2726457,19.672116994857788,0.2492641750984656,0.011591273578233587,-1.1223639760402695,0.25,0.0
1779633010.3139348,19.713406085968018,0.2492425118248383,0.011598719975469279,-1.1277947243795898,0.25,0.0
1779633010.333078,19.73254919052124,0.24927605100768513,0.011608817811857314,-1.133252549113596,0.25,0.0
1779633010.3656473,19.76511859893799,0.24922096304426422,0.01172722313474107,-1.1959133993089643,0.25,0.0
1779633010.4632063,19.862677574157715,0.2491917144800811,0.011949993898297102,-1.3113634767632032,0.25,0.0
1779633010.506378,19.90584921836853,0.24919807041894626,0.012062479015501577,-1.3570465780133094,0.25,0.0
1779633010.591557,19.991028308868408,0.2491681381372054,0.012150310446744696,-1.3983554657378103,0.25,0.0
1779633010.6086483,20.008119583129883,0.24915944497545872,0.012204182039865698,-1.4347790336542265,0.25,0.0
1779633010.6467566,20.04622793197632,0.24918240674755776,0.012164914104573009,-1.409269371390737,0.25,0.0
1779633010.6852698,20.08474111557007,0.24918551530477123,0.012242117991597993,-1.4441087852887622,0.25,0.0
1779633010.7320776,20.13154888153076,0.24934385216106214,0.01363624884210776,-2.13743509653772,0.25,0.0
1779633010.7828596,20.1823308467865,0.24929932276671818,0.01352760471057548,-2.099427545133495,0.25,0.0
1779633010.830139,20.229610204696655,0.24928901104220177,0.013354861633271233,-2.007265613045871,0.25,0.0
1779633010.875206,20.274677276611328,0.24920169267961062,0.013410312103133062,-2.040462935608925,0.25,0.0
1779633010.9227815,20.32225275039673,0.24915437956042247,0.01334853541759318,-2.012387135715755,0.25,0.0
1779633010.9715517,20.371022939682007,0.24916524193969908,0.013296513639265987,-1.9879360439829212,0.25,0.0
1779633011.0199773,20.419448614120483,0.2491915881794376,0.013263921865309317,-1.9664469397850954,0.25,0.0
1779633011.1125944,20.512065649032593,0.24922173459993813,0.012991005734900873,-1.8283916054030942,0.25,0.0
1779633011.160624,20.56009531021118,0.24924640923522956,0.013116009925915995,-1.8816922181697415,0.25,0.0
1779633011.2638695,20.66334080696106,0.24926468581390407,0.0131014892090905,-1.8708406360938672,0.25,0.0
1779633011.303422,20.702893257141113,0.24944575942506952,0.01284008729470815,-1.801796414352041,0.25,0.0
1779633011.319068,20.718539237976074,0.24944470149849074,0.012839089088026641,-1.7981192291006725,0.25,0.0
1779633011.3609648,20.760436058044434,0.24961605055358843,0.011795947729518324,-1.2572153993131707,0.25,0.0
1779633011.5943892,20.993860483169556,0.2496158283930736,0.012055160732012557,-1.3685663638780525,0.25,0.0
1779633011.6082041,21.007675409317017,0.24963330118823812,0.012136492631387694,-1.4093670305242902,0.25,0.0
1779633011.6239865,21.023457765579224,0.2495376412423836,0.01210052489630948,-1.3862532883978802,0.25,0.0
1779633011.7502973,21.149768590927124,0.24947047203004333,0.01253592711567612,-1.5897363262271524,0.25,0.0
1779633011.7690008,21.168472051620483,0.2494631313192895,0.012438922107244012,-1.5487964247770205,0.25,0.0
1779633011.8042471,21.203718423843384,0.2494559629286363,0.012376249589959797,-1.5119278651943606,0.25,0.0
1779633011.840067,21.239538192749023,0.24936143084684648,0.012302074918539308,-1.4778561699847075,0.25,0.0
1779633011.9224489,21.321920156478882,0.2493823286922426,0.012266541603112581,-1.4483399524434524,0.25,0.0
1779633011.9343772,21.333848476409912,0.2494048756643153,0.012337334339139803,-1.4805743033496754,0.25,0.0
1779633012.1191041,21.518575429916382,0.24936844384485374,0.012270456517112189,-1.4502180984320474,0.25,0.0
1779633012.131001,21.53047227859497,0.24937124990586096,0.012199029592211101,-1.4227127531754051,0.25,0.0
1779633012.1474292,21.546900510787964,0.24935081565194356,0.012043527167464799,-1.3390740909002126,0.25,0.0
1779633012.273076,21.672547340393066,0.2493522922306718,0.01200797606411861,-1.3232828003712191,0.25,0.0
1779633012.4549568,21.85442805290222,0.24934589543079538,0.01219210813826009,-1.426198344784679,0.25,0.0
1779633012.4688475,21.868318796157837,0.24930936803153786,0.01199895286284387,-1.3418422760726525,0.25,0.0
1779633012.484602,21.88407325744629,0.2492832677175315,0.012105941591236217,-1.384592425759444,0.25,0.0
1779633012.5440817,21.94355297088623,0.24931217062162006,0.012089982410075487,-1.36438328823003,0.25,0.0
1779633012.5616632,21.961134433746338,0.24925376053915366,0.012160269293167427,-1.4039336365251867,0.25,0.0
1779633012.5800607,21.97953200340271,0.2492011202049927,0.012223527305360634,-1.4395329514511999,0.25,0.0
1779633012.6401036,22.03957486152649,0.2491852353555818,0.012167993280744388,-1.4132626529555923,0.25,0.0
1779633012.682859,22.082330226898193,0.24921277931262992,0.012375336543859519,-1.508085056415119,0.25,0.0
1779633012.737374,22.136845350265503,0.2493235673082035,0.01267172840304237,-1.5970483828719717,0.25,0.0
1779633012.750099,22.14957022666931,0.2492902405872075,0.012468995848940175,-1.4964512722398726,0.25,0.0
1779633012.8411086,22.240579843521118,0.24942776559526603,0.014148781466348676,-2.3605413198495215,0.25,0.0
1779633012.8764143,22.275885581970215,0.24937186457497218,0.014013327630852127,-2.300054372758794,0.25,0.0
1779633012.8901212,22.289592504501343,0.24933727977393005,0.013778858320832293,-2.187725992460546,0.25,0.0
1779633012.975253,22.37472438812256,0.24932122853595973,0.013862733694765431,-2.206319614751518,0.25,0.0
1779633012.9888046,22.388275861740112,0.24930237186165685,0.013516484980134164,-2.0444104463106076,0.25,0.0
1779633013.030018,22.429489374160767,0.24927533904835625,0.013331654879289478,-1.9576328752124508,0.25,0.0
1779633013.0666475,22.466118812561035,0.24925122680089284,0.01316530401356842,-1.8795355061785097,0.25,0.0
1779633013.1124592,22.511930465698242,0.24942385208191858,0.01284273864919221,-1.7487680218848531,0.25,0.0
1779633013.2741272,22.673598527908325,0.24942907267123068,0.012957973390877718,-1.8100362373632695,0.25,0.0
1779633013.2903602,22.689831495285034,0.2494724245158107,0.013296599876519452,-1.984364097380495,0.25,0.0
1779633013.3519166,22.75138783454895,0.2497911855644027,0.013032936755859936,-1.9110083234242397,0.25,0.0
1779633013.3652432,22.76471447944641,0.24973075707339132,0.01290985263260886,-1.8377785440117906,0.25,0.0
1779633013.4050066,22.80447793006897,0.24969931816886198,0.012916036984260222,-1.8313458554475281,0.25,0.0
1779633013.5889316,22.988402843475342,0.24957982358334807,0.012787887976846159,-1.765321763902647,0.25,0.0
1779633013.604324,23.003795385360718,0.24954758430838242,0.012792369816076715,-1.7656342203585174,0.25,0.0
1779633013.6199343,23.019405603408813,0.24954986409198024,0.012683024064556672,-1.7072512182372301,0.25,0.0
1779633013.7492003,23.148671627044678,0.24952072963593905,0.01269798733263467,-1.7133700432972452,0.25,0.0
1779633013.8273897,23.226861000061035,0.24945811676710294,0.012721366238691927,-1.7185545803570497,0.25,0.0
1779633013.9247465,23.324217796325684,0.24947317527771337,0.012746659480468148,-1.723759645839718,0.25,0.0
1779633013.939696,23.33916735649109,0.2494296776654618,0.012638850646378078,-1.6690815565146562,0.25,0.0
1779633013.975716,23.375187397003174,0.24939210482037433,0.012681863797541569,-1.679121260235427,0.25,0.0
1779633014.1624775,23.561948776245117,0.24957458403267568,0.014149029864250135,-2.407378989861415,0.25,0.0
1779633014.1750805,23.574551820755005,0.24948386248390442,0.01388648498593529,-2.2838963638675214,0.25,0.0
1779633014.192451,23.591922283172607,0.24943814454062113,0.013664695077665297,-2.1731827095183585,0.25,0.0
1779633014.226007,23.625478267669678,0.2493889702637363,0.013693669238739421,-2.190906236247983,0.25,0.0
1779633014.2696538,23.669125080108643,0.24932924517893174,0.013375177835994305,-2.03055993150218,0.25,0.0
1779633014.367918,23.76738929748535,0.24936448840464542,0.013104956025590257,-1.8864979424164245,0.25,0.0
1779633014.4134727,23.812943935394287,0.24934883218021817,0.012949958782629847,-1.8157504350404525,0.25,0.0
1779633014.4539585,23.853429794311523,0.24929457631624202,0.012705788672273453,-1.6929194618085994,0.25,0.0
1779633014.5971029,23.99657416343689,0.24925534923107193,0.01272830752544022,-1.7001164241220088,0.25,0.0
1779633014.6069536,24.00642490386963,0.24923723301460765,0.01274893966584314,-1.7063262243893251,0.25,0.0
1779633014.6494315,24.04890275001526,0.24925203575251903,0.012655254772595062,-1.6536897681930431,0.25,0.0
1779633014.668633,24.06810426712036,0.24928744387744506,0.012687192975724126,-1.6653961232981624,0.25,0.0
1779633014.7978804,24.197351694107056,0.2492937847116959,0.0129992368595397,-1.7968377559363322,0.25,0.0
1779633014.8748813,24.274352550506592,0.24932163193859871,0.012869323435745561,-1.735405040111595,0.25,0.0
1779633014.8904812,24.289952516555786,0.2492703129685215,0.012633212415160178,-1.6206092861260795,0.25,0.0
1779633014.9334397,24.332911014556885,0.2493123891864682,0.012413437555788618,-1.5179985312440738,0.25,0.0
1779633015.0189223,24.41839361190796,0.24927140534991438,0.012465232329314702,-1.5427111729748118,0.25,0.0
1779633015.034811,24.434282302856445,0.24948022202069212,0.011823859337433882,-1.2068594475167198,0.25,0.0
1779633015.0714514,24.470922708511353,0.24949299394183566,0.011914293069813158,-1.2632643476106937,0.25,0.0
1779633015.1140676,24.51353883743286,0.2494480323222167,0.011889668741740078,-1.254614621274109,0.25,0.0
1779633015.261138,24.660609245300293,0.24940756883118886,0.011867506509582581,-1.2468296992598964,0.25,0.0
1779633015.2765691,24.676040410995483,0.24934891163893658,0.011731540413753868,-1.1808894570226,0.25,0.0
1779633015.3181021,24.717573404312134,0.24935687545951035,0.01185554133449962,-1.2401616994315128,0.25,0.0
1779633015.3361926,24.735663890838623,0.24934124556080556,0.01183562894938337,-1.2328993465761036,0.25,0.0
1779633015.4107664,24.810237646102905,0.2493535009373511,0.01205161127026195,-1.345756921681842,0.25,0.0
1779633015.4253752,24.824846506118774,0.24932529048072152,0.012140766660973532,-1.3878662151957726,0.25,0.0
1779633015.592362,24.991833209991455,0.249436285390021,0.012450191481025583,-1.4896977290827287,0.25,0.0
1779633015.6087408,25.008212089538574,0.2494145240164305,0.012385284711643164,-1.458605237754548,0.25,0.0
1779633015.6849842,25.084455490112305,0.2494110254923885,0.012326925391371701,-1.4301752796939753,0.25,0.0
1779633015.702212,25.101683378219604,0.24938615804115943,0.01213403659394365,-1.3458140693038223,0.25,0.0
1779633015.717111,25.11658239364624,0.2493518157856004,0.012087409186710576,-1.328892002877338,0.25,0.0
1779633015.828949,25.22842025756836,0.2493209219248537,0.012045449628834835,-1.3136652794775292,0.25,0.0
1779633015.8438718,25.243343114852905,0.24932748886292067,0.012022010621483838,-1.3002382887266533,0.25,0.0
1779633015.8582172,25.257688522338867,0.24932025569106758,0.01212728701847896,-1.3470297313237214,0.25,0.0
1779633015.9848824,25.384353637695312,0.249327473757804,0.01207023896981573,-1.3298732734755392,0.25,0.0
1779633016.0015068,25.400978088378906,0.24932054166989315,0.012146442194534528,-1.3737076478967458,0.25,0.0
1779633016.082346,25.4818172454834,0.24925731450407776,0.012084178174917993,-1.3536457142509306,0.25,0.0
1779633016.161301,25.56077218055725,0.24924209349624138,0.01228574696724592,-1.4542066121979151,0.25,0.0
1779633016.261878,25.661349296569824,0.24922211198613736,0.012223964635620279,-1.4264538751571099,0.25,0.0
1779633016.3074782,25.706949472427368,0.24920415148057512,0.012168362566077902,-1.4014779155822472,0.25,0.0
1779633016.3229625,25.7224338054657,0.2492221874283766,0.01214638548110717,-1.380205607418442,0.25,0.0
1779633016.3645928,25.764064073562622,0.2492042091341275,0.012098522259544279,-1.3598433499296878,0.25,0.0
1779633016.59344,25.992911338806152,0.2491831665920951,0.01192849296303893,-1.2830012268908773,0.25,0.0
1779633016.6057453,26.005216598510742,0.24916911908462114,0.011902419923353938,-1.2723604131025468,0.25,0.0
1779633016.6261044,26.025575637817383,0.24918755776660875,0.0117410287948968,-1.2041486726110666,0.25,0.0
1779633016.7785275,26.177998781204224,0.24915437849289637,0.011732444152246217,-1.201164398315051,0.25,0.0
1779633016.7954721,26.19494342803955,0.24914627849047974,0.011828125790164422,-1.25731108116707,0.25,0.0
1779633016.816522,26.21599316596985,0.24944984737646647,0.011488201579303171,-1.1290829391900514,0.25,0.0
1779633016.8926144,26.292085647583008,0.24948362557383685,0.011626231467011456,-1.1938304577064458,0.25,0.0
1779633016.9363647,26.335835933685303,0.24946040552755483,0.011771160100939444,-1.2513017288344297,0.25,0.0
1779633016.977217,26.376688241958618,0.24935441960125498,0.011985103154247957,-1.3601435652025942,0.25,0.0
1779633017.0200593,26.419530630111694,0.24929167611126662,0.012065907456914656,-1.4001336559334654,0.25,0.0
1779633017.0675485,26.46701979637146,0.24923527656480066,0.012138622633484553,-1.4361205376998267,0.25,0.0
1779633017.160748,26.560219287872314,0.2492013016776088,0.012217937883550016,-1.4690330866180972,0.25,0.0
1779633017.1746898,26.574161052703857,0.249174742503117,0.012391625710967734,-1.5571747756020569,0.25,0.0
1779633017.2169387,26.61641001701355,0.24911042847844017,0.012431235426185693,-1.5776062275284517,0.25,0.0
1779633017.302986,26.702457189559937,0.24910351282673537,0.012354924815912603,-1.5375238344153128,0.25,0.0
1779633017.316867,26.716338396072388,0.24909733071458484,0.012286243334080012,-1.501449220163562,0.25,0.0
1779633017.359248,26.758719205856323,0.24907768553085555,0.012350779389735882,-1.5278267016006364,0.25,0.0
1779633017.4046972,26.804168462753296,0.2490914460564401,0.012295811219063986,-1.4929153446878087,0.25,0.0
1779633017.5951915,26.994662761688232,0.2491086363298357,0.01234912959201105,-1.5204515469883877,0.25,0.0
1779633017.6316414,27.031112670898438,0.2491193722383216,0.012294328268006922,-1.486279784127198,0.25,0.0
1779633017.796241,27.195712327957153,0.2491337511597715,0.012347798582748587,-1.5144813887594215,0.25,0.0
1779633017.846863,27.246334314346313,0.24934317830944364,0.0114605494794165,-1.0693409842153507,0.25,0.0
1779633018.017163,27.41663432121277,0.24942854735570252,0.01338079872958361,-2.029594473331269,0.25,0.0
1779633018.0589974,27.458468675613403,0.24941863695886973,0.013120882046459536,-1.8856497830456214,0.25,0.0
1779633018.1168473,27.516318559646606,0.2494157097549148,0.012965534066962279,-1.8151941480280633,0.25,0.0
1779633018.1583683,27.5578396320343,0.24949454725295858,0.013296548643963223,-1.934441525655506,0.25,0.0
1779633018.1707287,27.570199966430664,0.24943906136364274,0.013386374678771476,-1.975994134622346,0.25,0.0
1779633018.2656875,27.66515874862671,0.2493680095184565,0.013327018251567423,-1.9543803361640257,0.25,0.0
1779633018.2775493,27.67702054977417,0.2493911102138688,0.0132917516376918,-1.9359876222270336,0.25,0.0
1779633018.3572814,27.756752729415894,0.24978060318404072,0.010254798242900565,-0.39034036700474267,0.25,0.0
1779633018.4490454,27.848516702651978,0.24970681894706692,0.010511504189607283,-0.5282471297663079,0.25,0.0
1779633018.5949173,27.994388580322266,0.2496787939010665,0.010884613541505394,-0.7116058416068985,0.25,0.0
1779633018.7013054,28.10077667236328,0.2496513292088387,0.011236840272520861,-0.8791082490353561,0.25,0.0
1779633018.7156358,28.11510705947876,0.24959024382570133,0.011279964282729184,-0.9088737500102182,0.25,0.0
1779633018.7495925,28.1490638256073,0.24953532409347856,0.011318775056225094,-0.9356625513316151,0.25,0.0
1779633018.8790698,28.278541088104248,0.24941893498343132,0.011451919836660442,-1.0177719986273415,0.25,0.0
1779633018.8902981,28.289769411087036,0.24938317364341678,0.01160021554995482,-1.0922166045281716,0.25,0.0
1779633018.9072134,28.306684732437134,0.24952690768402125,0.01131734874023701,-0.9805392890241886,0.25,0.0
1779633018.9763563,28.37582755088806,0.2494784495190599,0.011352433127205677,-1.0001693057711658,0.25,0.0
1779633018.9926124,28.392083644866943,0.2495876890070498,0.012360406954865328,-1.4950174439983719,0.25,0.0
1779633019.0308032,28.430274486541748,0.24955713074235034,0.012533913851645921,-1.5807514128636837,0.25,0.0
1779633019.1130557,28.512526988983154,0.24950550912553512,0.012447326974265871,-1.5403490113202962,0.25,0.0
1779633019.1262312,28.525702476501465,0.24940623055739392,0.012366032179040143,-1.5034303781311595,0.25,0.0
1779633019.2784998,28.677971124649048,0.24945842126576068,0.012313929285701151,-1.4717300483721671,0.25,0.0
1779633019.315259,28.714730262756348,0.2494756583136991,0.012481522819127643,-1.5600147950011887,0.25,0.0
1779633019.3565478,28.756019115447998,0.24942441075307756,0.01299842431541098,-1.8152673526610208,0.25,0.0
1779633019.4459121,28.845383405685425,0.2494386746833993,0.012893193531470837,-1.751968272231386,0.25,0.0
1779633019.6359286,29.035399913787842,0.2494214509537077,0.013027958065511937,-1.813332768193526,0.25,0.0
1779633019.652651,29.052122354507446,0.24936353720960142,0.012890528165784693,-1.7493244242654509,0.25,0.0
1779633019.703101,29.102572202682495,0.2493080256081206,0.012652297639761684,-1.6331377268878402,0.25,0.0
1779633019.7834344,29.182905673980713,0.2492674757755646,0.012680168001424273,-1.646314554409232,0.25,0.0
1779633019.840643,29.240114212036133,0.24928419530084805,0.012709256105062105,-1.6590247832650646,0.25,0.0
1779633019.9249563,29.324427604675293,0.24925977641467556,0.012605134287443625,-1.610793115619379,0.25,0.0
1779633019.9368443,29.336315631866455,0.24922878020900757,0.012866238474072412,-1.7431534331240388,0.25,0.0
1779633019.9821913,29.381662607192993,0.24918178762295867,0.012985107048415398,-1.802999454786144,0.25,0.0
1779633020.120447,29.519918203353882,0.24916741958667615,0.012853414545819203,-1.7403754648591268,0.25,0.0
1779633020.1606393,29.560110569000244,0.24929600755146586,0.012161726123170558,-1.3874141078432123,0.25,0.0
1779633020.2102127,29.609683990478516,0.24927069406668456,0.012112358174766335,-1.3663485553791934,0.25,0.0
1779633020.2553544,29.654825687408447,0.2492479234925915,0.012067926734880373,-1.3473895521669639,0.25,0.0
1779633020.3048666,29.70433783531189,0.249336774672412,0.01225010180681242,-1.3912844639641255,0.25,0.0
1779633020.4769554,29.876426696777344,0.24937812862507686,0.012210369259249615,-1.3716347836468958,0.25,0.0
1779633739.0484557,0.0491943359375,0.735634110450204,-0.004374443516362667,44.53157262008363,0.75,45.0
1779633739.0969517,0.09769034385681152,0.7345838862843395,-0.004702346844855099,44.390918621237645,0.75,45.0
1779633739.1424527,0.14319133758544922,0.737920825611738,-0.003554282444769283,44.944553595865315,0.75,45.0
1779633739.1879566,0.18869519233703613,0.7409306512093417,-0.0027342082073743418,45.12452945045201,0.75,45.0
1779633739.330423,0.3311617374420166,0.7426203454083649,-0.002115242566260514,45.41892176943619,0.75,45.0
1779633739.4791145,0.47985315322875977,0.7392068157631223,-0.003190294195019455,45.04383601637961,0.75,45.0
1779633739.5069232,0.5076618194580078,0.7370928465169317,-0.003876757656049043,44.747967627677326,0.75,45.0
1779633739.667871,0.668609619140625,0.7356041318636399,-0.004354782603560467,44.54294996733811,0.75,45.0
1779633739.6806114,0.6813499927520752,0.7342986395026986,-0.004755110706515728,44.42866731504314,0.75,45.0
1779633739.6956675,0.6964061260223389,0.7336502329596778,-0.004968955570012909,44.318538661903034,0.75,45.0
1779633739.7343674,0.7351059913635254,0.7323899077753085,-0.005247751851463367,44.21549014682756,0.75,45.0
1779633739.9073172,0.9080557823181152,0.7361173717212774,-0.0040276618314985385,44.70574817811329,0.75,45.0
1779633739.933692,0.9344305992126465,0.7396627071787772,-0.003065326974510174,44.95902758377816,0.75,45.0
1779633739.9683025,0.969041109085083,0.7353006496568606,-0.004017887944433862,44.686022790871824,0.75,45.0
1779633740.096827,1.0975656509399414,0.7391089979665344,-0.0030605132415298525,44.93998053582111,0.75,45.0
1779633740.1118972,1.112635850906372,0.7410769793083553,-0.0023981905414077326,45.33026521471908,0.75,45.0
1779633740.1266868,1.1274254322052002,0.7378229383638513,-0.003379925756199817,45.04755902556943,0.75,45.0
1779633740.2014644,1.2022030353546143,0.7358396259785823,-0.00407279804621101,44.7859212590111,0.75,45.0
1779633740.215127,1.2158656120300293,0.7348032355610468,-0.004501314977109247,44.476693574516034,0.75,45.0
1779633740.3337383,1.3344769477844238,0.7340197869845856,-0.004793486674075198,44.34750641698842,0.75,45.0
1779633740.3460982,1.346836805343628,0.7381369168257609,-0.0035825904325586244,44.80980667315707,0.75,45.0
1779633740.3668127,1.367551326751709,0.7364234177926718,-0.004160053957064855,44.49004228874679,0.75,45.0
1779633740.395098,1.395836591720581,0.7394651683775102,-0.003116940351132441,44.97592165712296,0.75,45.0
1779633740.4343843,1.4351229667663574,0.7369984418248255,-0.0038896080150897655,44.73303642013225,0.75,45.0
1779633740.4763787,1.4771173000335693,0.7389925482276309,-0.003211014636028728,45.13777867026709,0.75,45.0
1779633740.5262806,1.5270192623138428,0.7412561255327297,-0.002555728539429092,45.391075124286935,0.75,45.0
1779633740.6826625,1.683401107788086,0.7376490965503261,-0.003553752303614599,44.98614242229092,0.75,45.0
1779633740.7271683,1.7279069423675537,0.7403210245969785,-0.0027969793446945557,45.28361930949457,0.75,45.0
1779633740.9116879,1.912426471710205,0.7467485909693613,-0.0006960346900329872,46.167440108782536,0.75,45.0
1779633740.9229622,1.9237008094787598,0.7424512765453737,-0.0021507817243397453,45.444340345885614,0.75,45.0
1779633741.0489452,2.0496838092803955,0.7390770038766031,-0.003214357147361041,45.06515250037577,0.75,45.0
1779633741.0634398,2.064178466796875,0.7416144147536253,-0.0025100338148161955,45.28842643878349,0.75,45.0
1779633741.1444433,2.145181894302368,0.738428882480611,-0.003457883160386782,45.04281280224018,0.75,45.0
1779633741.1557798,2.1565184593200684,0.7365441180723247,-0.0040634246626855275,44.74840172017328,0.75,45.0
1779633741.2381184,2.2388570308685303,0.7395593850136067,-0.003156929618709184,45.11449330117194,0.75,45.0
1779633741.2922404,2.2929790019989014,0.73705817510747,-0.003917298887883086,44.83197458384182,0.75,45.0
1779633741.378788,2.3795266151428223,0.734906358314796,-0.004428513313481194,44.72727987529756,0.75,45.0
1779633741.393288,2.394026517868042,0.7374538067014015,-0.003565974183175391,45.148029720731316,0.75,45.0
1779633741.435935,2.436673641204834,0.7401809958165161,-0.0028045867905085176,45.39776314339654,0.75,45.0
1779633741.4754045,2.4761431217193604,0.7424574093098016,-0.0021864694946437946,45.54135323599969,0.75,45.0
1779633741.622609,2.623347520828247,0.7772001777095079,0.009667798421504115,50.27431924935592,0.75,45.0
1779633741.6325586,2.6332972049713135,0.773074242290126,0.008106343479993533,49.52355861238927,0.75,45.0
1779633741.648725,2.649463653564453,0.7606032374637236,0.00389225510079845,47.917128998509675,0.75,45.0
1779633741.6862211,2.686959743499756,0.7518243372988065,0.000981425088154908,46.79446779985477,0.75,45.0
1779633741.7220826,2.7228212356567383,0.7505126985269814,0.0004286937452874229,46.50666627752536,0.75,45.0
1779633741.8701856,2.870924234390259,0.7497475838160277,5.25215265781559e-05,46.21763085319918,0.75,45.0
1779633741.8922265,2.892965078353882,0.7447838795333097,-0.0016865763075127604,45.39881249934389,0.75,45.0
1779633741.9221501,2.92288875579834,0.7457276009614838,-0.0014248268724757485,45.44417398917557,0.75,45.0
1779633742.0046923,3.0054309368133545,0.7416719945148944,-0.002645397165616098,45.02496079629345,0.75,45.0
1779633742.0452864,3.046025037765503,0.7388166504930842,-0.0034950562215288195,44.73525737310089,0.75,45.0
1779633742.099953,3.100691556930542,0.741391152957622,-0.0027037800661871836,45.069833684322376,0.75,45.0
1779633742.1440353,3.1447739601135254,0.7382534742962005,-0.0035901388916535076,44.894894484546526,0.75,45.0
1779633742.2851772,3.2859158515930176,0.7364113501170746,-0.004153947003041947,44.6474428460794,0.75,45.0
1779633742.3013005,3.30203914642334,0.7351201685420898,-0.004547471373907999,44.47441135989926,0.75,45.0
1779633742.3198369,3.320575475692749,0.7342155137545792,-0.004822376626551675,44.35337969249086,0.75,45.0
1779633742.395533,3.3962717056274414,0.7335818507655644,-0.0050145341404715105,44.26870176831112,0.75,45.0
1779633742.4783883,3.4791269302368164,0.7331380887200076,-0.005148908780060996,44.20944888642528,0.75,45.0
1779633742.4880922,3.488830804824829,0.7325895636125072,-0.005312940698601554,44.19017656493847,0.75,45.0
1779633742.530325,3.5310635566711426,0.7321868476580043,-0.005425476418266961,44.1821301361942,0.75,45.0
1779633742.6186528,3.619391441345215,0.7321722571709488,-0.00543785380699896,44.145743344614765,0.75,45.0
1779633742.6308982,3.63163685798645,0.7318923846142663,-0.0055126468070040985,44.15171317704672,0.75,45.0
1779633742.8222384,3.822977066040039,0.7319674715580149,-0.005499013776055883,44.1240538899977,0.75,45.0
1779633742.82788,3.8286185264587402,0.7317479478967731,-0.005555337167628044,44.136849156707974,0.75,45.0
1779633742.8433974,3.8441359996795654,0.7315868445186363,-0.0055938417823047926,44.1479587261006,0.75,45.0
1779633742.8897429,3.890481472015381,0.7317606818683037,-0.005556723122166707,44.119370323535925,0.75,45.0
1779633742.9205983,3.9213368892669678,0.7319529645141645,-0.005538405817722095,44.00792407681278,0.75,45.0
1779633743.047841,4.048579692840576,0.7317282496686883,-0.005581808014698403,44.058346981497145,0.75,45.0
1779633743.0600352,4.060773849487305,0.7410681530199152,-0.0027183131543501438,45.22821580177994,0.75,45.0
1779633743.1970012,4.197739839553833,0.7420749130647998,-0.0022981710115022175,45.39376039988984,0.75,45.0
1779633743.2062662,4.20700478553772,0.7391440011791013,-0.0032584577479618376,44.98087148035379,0.75,45.0
1779633743.22306,4.223798513412476,0.7367598221220717,-0.003987172531586328,44.74054261605546,0.75,45.0
1779633743.2572384,4.25797700881958,0.7399780791856359,-0.003050487226158388,45.06559100589383,0.75,45.0
1779633743.3316672,4.3324058055877686,0.7459746917868475,-0.0009383882616815775,45.95681882677568,0.75,45.0
1779633743.3484082,4.349146842956543,0.7465595446531289,-0.0009010989035693334,45.835302798197525,0.75,45.0
1779633743.386359,4.387097597122192,0.7419555902280244,-0.0023427196223047425,45.33894248329193,0.75,45.0
1779633743.4277887,4.428527355194092,0.7427922464876313,-0.00198542791866102,45.49618017179184,0.75,45.0
1779633743.4757721,4.476510763168335,0.7396594742691373,-0.0030430820997107144,45.04943799134363,0.75,45.0
1779633743.5273485,4.528087139129639,0.7420091929415012,-0.002388926509495848,45.28120896512369,0.75,45.0
1779633743.6207306,4.621469259262085,0.7387714582354274,-0.0033803735866715645,44.949415428918634,0.75,45.0
1779633743.6322498,4.632988452911377,0.7411043613323347,-0.0026755478295071022,45.25869637095393,0.75,45.0
1779633743.7150211,4.715759754180908,0.7423778740992208,-0.002076002500063054,45.507560577844835,0.75,45.0
1779633743.760164,4.760902643203735,0.743875822320827,-0.0017070094365536082,45.61199936858884,0.75,45.0
1779633743.8161826,4.816921234130859,0.7906425764145294,0.015430565969316495,52.74607298287549,0.75,45.0
1779633743.9046905,4.905429124832153,0.7733140366404687,0.00896493381848365,50.14200353869284,0.75,45.0
1779633743.9201965,4.920935153961182,0.7610622726962999,0.004536905403752692,48.320078944825,0.75,45.0
1779633744.005432,5.0061705112457275,0.7569715620220967,0.0029062860392207873,47.58097699606977,0.75,45.0
1779633744.1910448,5.191783428192139,0.7538329285730826,0.001831900075460302,47.144152018111306,0.75,45.0
1779633744.2064738,5.207212448120117,0.7521008099692031,0.0010264552597966659,46.65746581775849,0.75,45.0
1779633744.2197092,5.220447778701782,0.7458614628672277,-0.0010048594940826605,45.90948941318263,0.75,45.0
1779633744.3345006,5.3352391719818115,0.7464879839898917,-0.0009490335010996637,45.80015829941631,0.75,45.0
1779633744.344875,5.345613718032837,0.7458837613309188,-0.001060027461136509,45.78949141416532,0.75,45.0
1779633744.363334,5.364072561264038,0.7455360145028156,-0.0010868110159231587,45.8132267517673,0.75,45.0
1779633744.3962786,5.397017240524292,0.7415881446732936,-0.002416821409285619,45.269795346093055,0.75,45.0
1779633744.524595,5.525333642959595,0.7433611059503996,-0.0019497128964225674,45.434636661819084,0.75,45.0
1779633744.5370784,5.537817001342773,0.7396477309271168,-0.003065751550017634,45.146444221718205,0.75,45.0
1779633744.55224,5.552978515625,0.7373956274456442,-0.003789219829002183,44.82159034238192,0.75,45.0
1779633744.8154721,5.816210746765137,0.7358132139900881,-0.004293324592833117,44.59536636683853,0.75,45.0
1779633744.8353355,5.836074113845825,0.7347026256648966,-0.004645048054272072,44.43758393048201,0.75,45.0
1779633744.8472226,5.847961187362671,0.7340309601734538,-0.00490319484158265,44.225476191100235,0.75,45.0
1779633744.8754396,5.87617826461792,0.733545863443624,-0.0050815828885467235,44.081181402856764,0.75,45.0
1779633744.9604914,5.961230039596558,0.7331262565345498,-0.005197405735767699,44.07427596134629,0.75,45.0
1779633745.0458512,6.0465898513793945,0.7375072824326435,-0.003866792527429899,44.620360493737444,0.75,45.0
1779633745.1021361,6.102874755859375,0.7451337383621743,-0.0013689995653527742,45.67722380832052,0.75,45.0
1779633745.141166,6.141904592514038,0.745112846881437,-0.0013166791962712365,45.70650924978983,0.75,45.0
1779633745.1922271,6.192965745925903,0.7413026987729915,-0.0025799372923751562,45.12100042984264,0.75,45.0
1779633745.3147337,6.315472364425659,0.7426024423498302,-0.0020598137693185886,45.459690661245,0.75,45.0
1779633745.4261413,6.4268798828125,0.7394868763681732,-0.003089931019030795,45.0350333361261,0.75,45.0
1779633745.4399064,6.440644979476929,0.7370052923636403,-0.0038699242542305223,44.77689513894097,0.75,45.0
1779633745.458387,6.459125518798828,0.7401385425124181,-0.002967371018670839,45.09439014360339,0.75,45.0
1779633745.4903762,6.491114854812622,0.7377398907550574,-0.003720241253357126,44.78488683083563,0.75,45.0
1779633745.6799505,6.680689096450806,0.7360545388255545,-0.004244984658650558,44.5695435555194,0.75,45.0
1779633745.6960254,6.69676399230957,0.7383594826512698,-0.0033937500963191897,45.060863093311916,0.75,45.0
1779633745.7306714,6.731410026550293,0.7365083094648756,-0.00402050821939369,44.757522927534275,0.75,45.0
1779633745.8569746,6.857713222503662,0.7609327911089161,0.0038329507753888242,47.84901152964162,0.75,45.0
1779633745.8712313,6.871969938278198,0.7523278892978511,0.0010036684821912722,46.715101672499664,0.75,45.0
1779633745.8847811,6.885519742965698,0.7460297867399616,-0.0010212258258596313,45.94693817700249,0.75,45.0
1779633745.9230714,6.923810005187988,0.7461760630725693,-0.0009126840657555785,45.997920525146775,0.75,45.0
1779633746.0086753,7.009413957595825,0.7458255430967174,-0.0009922633982215323,45.93486282432828,0.75,45.0
1779633746.0967555,7.097494125366211,0.7460532563875917,-0.0008947045320327474,45.98379463075457,0.75,45.0
1779633746.1079671,7.108705759048462,0.7462038302102693,-0.0009330346815339535,45.981227416147476,0.75,45.0
1779633746.1242507,7.12498927116394,0.7455337674063844,-0.0009441660011172831,46.01698889229612,0.75,45.0
1779633746.196608,7.1973466873168945,0.7458329548588685,-0.0009668188269555678,46.0064915553661,0.75,45.0
1779633746.211426,7.212164640426636,0.7418073508851368,-0.0023381891645725267,45.33190183891879,0.75,45.0
1779633746.2499912,7.25072979927063,0.7389425347232499,-0.0032858795621571735,44.941955305981836,0.75,45.0
1779633746.331951,7.332689523696899,0.735722666136569,-0.0041176719155303215,44.789010680859775,0.75,45.0
1779633746.3484356,7.34917426109314,0.7340331750347839,-0.00457649582002477,44.67955871336648,0.75,45.0
1779633746.5337007,7.534439325332642,0.7342882583665633,-0.002464281517182268,45.86659109089947,0.75,45.0
1779633746.5483232,7.5490617752075195,0.7338385502457263,-0.003395774107991481,45.2720343861624,0.75,45.0
1779633746.5588667,7.559605360031128,0.7334156845360793,-0.004032055463069215,44.81430385351771,0.75,45.0
1779633746.6657758,7.6665143966674805,0.7324704669406098,-0.004522826576088143,44.68228300945347,0.75,45.0
1779633746.678011,7.6787495613098145,0.7324456812525139,-0.004815944533460209,44.403736290802996,0.75,45.0
1779633746.7141929,7.714931488037109,0.7366796623684155,-0.0036844314611113316,44.87692235251134,0.75,45.0
1779633746.957267,7.958005666732788,0.7350342874517687,-0.00428477959898825,44.66775522456763,0.75,45.0
1779633746.967666,7.968404531478882,0.7341865591851944,-0.004643113456218886,44.48001495851312,0.75,45.0
1779633746.984733,7.985471725463867,0.7383157300349297,-0.0034981550073446693,44.800219773793025,0.75,45.0
1779633747.0505252,8.051263809204102,0.735614883807872,-0.004214138793432257,44.56485695607088,0.75,45.0
1779633747.0590758,8.059814453125,0.7388844423769368,-0.0032690718143470743,44.987094722942615,0.75,45.0
1779633747.1430402,8.143778800964355,0.7347641876737425,-0.004163291009369602,44.70384435486902,0.75,45.0
1779633747.1545172,8.155255794525146,0.7340738212190717,-0.004566368237501062,44.48299465686814,0.75,45.0
1779633747.1980007,8.198739290237427,0.7328525002991263,-0.00495783348580256,44.51711261234497,0.75,45.0
1779633747.2397885,8.240527153015137,0.732320317972459,-0.005172225165032476,44.494986975370594,0.75,45.0
1779633747.3336535,8.334392070770264,0.7362062323110752,-0.0038582274989724663,44.85067302079358,0.75,45.0
1779633747.3474176,8.348156213760376,0.7350290440016788,-0.0043477616225138654,44.60191514027589,0.75,45.0
1779633747.3861403,8.386878967285156,0.7389007936033556,-0.0032900850295617123,44.886626272917866,0.75,45.0
1779633747.4910865,8.491825103759766,0.7362208341555491,-0.003992804394353261,44.758604395408696,0.75,45.0
1779633747.529362,8.530100584030151,0.7349902012308128,-0.0044355399165591225,44.55139453012094,0.75,45.0
1779633747.6657963,8.666534900665283,0.7193287555562689,-0.006112613434826039,44.805562337676385,0.75,45.0
1779633747.6761856,8.676924228668213,0.7229712482766489,-0.005991431475061301,44.59301621240404,0.75,45.0
1779633747.70627,8.707008600234985,0.7193569909583857,-0.006381778541886013,44.50079127572737,0.75,45.0
1779633747.7603416,8.761080265045166,0.7278526144918127,-0.004707814044797531,44.88576586313799,0.75,45.0
1779633747.7793353,8.780073881149292,0.7288952783477007,-0.0050046564136096705,44.662103020101895,0.75,45.0
1779633747.8592978,8.860036373138428,0.7296035371429199,-0.005209952964618639,44.51175136171716,0.75,45.0
1779633747.8715377,8.872276306152344,0.7341210000761903,-0.003993423617816183,44.92541582232541,0.75,45.0
1779633748.0021975,9.002936124801636,0.7336151299712661,-0.00444809789344397,44.5703176676034,0.75,45.0
1779633748.0159087,9.016647338867188,0.7374888200085983,-0.0033909598195443064,44.912735655886124,0.75,45.0
1779633748.0258322,9.026570796966553,0.7350409801125577,-0.004140459150400261,44.64245005151256,0.75,45.0
1779633748.082935,9.08367371559143,0.7384931187243436,-0.003209228272249315,45.0442768449087,0.75,45.0
1779633748.1107526,9.111491203308105,0.7362648325449179,-0.003949071769132326,44.86567772523816,0.75,45.0
1779633748.2393956,9.240134239196777,0.7347455333805356,-0.004470188030133965,44.65939943618256,0.75,45.0
1779633748.2514412,9.252179861068726,0.7387019113404338,-0.0033754585242587315,44.92689721314059,0.75,45.0
1779633748.2693634,9.27010202407837,0.7364497336510514,-0.004068671454470374,44.70283670719302,0.75,45.0
1779633748.300898,9.301636695861816,0.7354401162466655,-0.004467509508631506,44.364233348361054,0.75,45.0
1779633748.3413801,9.342118740081787,0.7308746494899492,-0.0037556740783129122,45.234561641881776,0.75,45.0
1779633748.4313378,9.432076454162598,0.7311588294826084,-0.004353771581240909,44.862528017020985,0.75,45.0
1779633748.4874976,9.48823618888855,0.7358645101179845,-0.003368323062382564,45.17280582522946,0.75,45.0
1779633748.525148,9.525886535644531,0.73905311506613,-0.002557170800618666,45.45883772112511,0.75,45.0
1779633748.569299,9.570037603378296,0.7415451768760224,-0.0020436467048274842,45.578902301053525,0.75,45.0
1779633748.6177135,9.618452072143555,0.7388458775166469,-0.0030907369852702093,45.0190197041712,0.75,45.0
1779633748.6666167,9.667355298995972,0.741405475371936,-0.002418919229588562,45.26987120848033,0.75,45.0
1779633748.823209,9.823947668075562,0.7378502186504355,-0.003468680486974865,44.87322258882401,0.75,45.0
1779633748.8357382,9.836476802825928,0.736147397506251,-0.004071412871475902,44.62709578643866,0.75,45.0
1779633748.9513874,9.952126026153564,0.7346698374710199,-0.0045558242115396885,44.49025466490765,0.75,45.0
1779633749.0469441,10.047682762145996,0.7336301706770931,-0.004894096023608865,44.395968647155854,0.75,45.0
1779633749.0765524,10.077291011810303,0.7331943006782469,-0.005067702907959798,44.29217823465518,0.75,45.0
1779633749.1907825,10.191521167755127,0.7368386776003546,-0.0023639881238757543,45.810746527656995,0.75,45.0
1779633749.2022126,10.202951192855835,0.7395286597580364,-0.00204044787538539,45.7374086904938,0.75,45.0
1779633749.2446704,10.24540901184082,0.7362433556901342,-0.0032628171321814337,45.31566550679224,0.75,45.0
1779633749.3329835,10.333722114562988,0.7351013057598588,-0.0039335151552517406,44.84944441419789,0.75,45.0
1779633749.344563,10.345301628112793,0.7434625046288499,-0.001414133847369034,45.83295782524796,0.75,45.0
1779633749.3852448,10.38598346710205,0.7446411043444573,-0.0012438453156318335,45.8378971978627,0.75,45.0
1779633749.430657,10.431395530700684,0.7435883349894992,-0.0013254803428397743,45.81512424799446,0.75,45.0
1779633749.5233312,10.524069786071777,0.7402004640449749,-0.00258188942222419,45.27829569543028,0.75,45.0
1779633749.567352,10.568090677261353,0.7421022978645885,-0.002114852329032302,45.48909787746299,0.75,45.0
1779633749.6181076,10.61884617805481,0.7434504500848125,-0.0016815064261755247,45.6709079049051,0.75,45.0
1779633749.7648249,10.765563488006592,0.7446387703988281,-0.0014320226540746883,45.722832376558195,0.75,45.0
1779633749.7798617,10.780600309371948,0.7446243713149175,-0.0014005350574482905,45.724927117380744,0.75,45.0
1779633749.9088597,10.909598350524902,0.7451966123848413,-0.0012865692891790709,45.80207094106049,0.75,45.0
1779633750.145172,11.145910739898682,0.7460035896309066,-0.0011520188350317845,45.72383277229037,0.75,45.0
1779633750.1583602,11.159098863601685,0.7418760714646727,-0.002457013194424984,45.21809533659557,0.75,45.0
1779633750.1739464,11.174685001373291,0.7390337453132545,-0.0033736630061036305,44.77867418508916,0.75,45.0
1779633750.2426836,11.243422269821167,0.7407720904897155,-0.002712790260114048,45.09775019556388,0.75,45.0
1779633750.2577152,11.258453845977783,0.7428984982797595,-0.002127170666313835,45.32410672453061,0.75,45.0
1779633750.3379586,11.3386971950531,0.739688567460346,-0.003135014788507251,44.94123148708545,0.75,45.0
1779633750.4275947,11.428333282470703,0.7374267642550535,-0.0038367875444267757,44.67680461952607,0.75,45.0
1779633750.5196557,11.520394325256348,0.7358362596644777,-0.0043261727803513145,44.49345972704566,0.75,45.0
1779633750.5689914,11.569730043411255,0.7343306812119154,-0.004654319170137339,44.37967052939035,0.75,45.0
1779633750.617163,11.61790156364441,0.7379855864312663,-0.003463543035781849,44.90363094420965,0.75,45.0
1779633750.6651773,11.665915966033936,0.736350998152282,-0.004080383537543489,44.54588556844949,0.75,45.0
1779633750.8225412,11.823279857635498,0.7348254079116623,-0.004563527022662217,44.42958088705958,0.75,45.0
1779633750.9028766,11.903615236282349,0.7337454608449842,-0.004900189657093809,44.3516232587529,0.75,45.0
1779633750.917841,11.918579578399658,0.7332679035381181,-0.005070955976835628,44.26313846218334,0.75,45.0
1779633750.9380062,11.93874478340149,0.7329257118879069,-0.0051893673524134876,44.20343091309876,0.75,45.0
1779633750.999453,12.000191688537598,0.7373623891298701,-0.0038593755634267757,44.71167378771806,0.75,45.0
1779633751.0135672,12.014305830001831,0.7385441998494756,-0.003163470199659943,45.01994167005874,0.75,45.0
1779633751.1907957,12.191534280776978,0.7404020652642247,-0.002560912012364927,45.27389934051595,0.75,45.0
1779633751.20314,12.20387864112854,0.7370315766010955,-0.003555544972027827,44.909975890259425,0.75,45.0
1779633751.2191567,12.219895362854004,0.7403122627421153,-0.0027349833747201957,45.09890211392042,0.75,45.0
1779633751.292404,12.293142557144165,0.7337323272822363,-0.0049268919359418545,44.193727769059954,0.75,45.0
1779633751.33289,12.33362865447998,0.7358574777819369,-0.003892628920449892,44.69843889366978,0.75,45.0
1779633751.3481827,12.348921298980713,0.7348320285352808,-0.0043783552420480765,44.48200483158387,0.75,45.0
1779633751.3858402,12.386578798294067,0.7378026261596898,-0.0034133381949696118,44.8982831776427,0.75,45.0
1779633751.525244,12.52598261833191,0.7404187702434308,-0.002707678409291092,45.21925999373977,0.75,45.0
1779633751.5357263,12.536464929580688,0.7426640284164363,-0.0021247108852589097,45.40541891353777,0.75,45.0
1779633751.6171787,12.61791729927063,0.7395313018869435,-0.003134493995054194,44.99632876036011,0.75,45.0
1779633751.6328373,12.633575916290283,0.7411344414230912,-0.0025464545685989354,45.24595550524945,0.75,45.0
1779633751.6730983,12.673836946487427,0.7375635886781574,-0.0035477235641221405,44.8848111627799,0.75,45.0
1779633751.7628598,12.763598442077637,0.7359960934193495,-0.0041323897696885215,44.62094994426169,0.75,45.0
1779633751.7746818,12.775420427322388,0.734862566644297,-0.004536444581522289,44.446348141997014,0.75,45.0
1779633752.002832,13.003570556640625,0.7383738233296111,-0.0034888741559019193,44.906036833035905,0.75,45.0
1779633752.0139105,13.014649152755737,0.7365777768371267,-0.004093281097525409,44.5608068633026,0.75,45.0
1779633752.0309396,13.031678199768066,0.7390482427017597,-0.0032167382388657434,44.94680146306416,0.75,45.0
1779633752.1911433,13.191881895065308,0.74160485439373,-0.002513758159998422,45.20280025898716,0.75,45.0
1779633752.205077,13.205815553665161,0.7384381310764194,-0.0033982177199027713,44.857795810657734,0.75,45.0
1779633752.2196224,13.22036099433899,0.7365417770552343,-0.004019695473111096,44.621121112443156,0.75,45.0
1779633752.254563,13.255301713943481,0.7392975201202979,-0.0030749289760236276,45.103243872773334,0.75,45.0
1779633752.2968657,13.297604322433472,0.7371489358899566,-0.003795388561966137,44.79176546130105,0.75,45.0
1779633752.3360898,13.336828470230103,0.7349244808870192,-0.0043375625807627605,44.712140576488494,0.75,45.0
1779633752.4914467,13.492185354232788,0.7342063342183263,-0.00469111757606476,44.412089281574204,0.75,45.0
1779633752.505285,13.506023645401001,0.7333235483141314,-0.004990819209882147,44.33604225232545,0.75,45.0
1779633752.537959,13.538697719573975,0.7329658170793638,-0.005133531020939622,44.25417017241887,0.75,45.0
1779633752.5789998,13.57973837852478,0.7367899051966786,-0.0038574768584171137,44.84870591338091,0.75,45.0
1779633752.6272066,13.627945184707642,0.7353959855265949,-0.0043422431563007735,44.61250203030179,0.75,45.0
1779633752.7633011,13.764039754867554,0.7391616209877072,-0.0032941413613296194,44.88620589893554,0.75,45.0
1779633752.775166,13.775904655456543,0.7298386176932983,-0.003527687054347875,45.551612456614734,0.75,45.0
1779633752.7941911,13.79492974281311,0.7306945568289862,-0.004133246740784954,44.98740239023858,0.75,45.0
1779633752.9644203,13.965158939361572,0.73590933351042,-0.003142228303036926,45.1432967561545,0.75,45.0
1779633753.0472302,14.047968864440918,0.7394732696027703,-0.0024675177813129334,45.32113597541118,0.75,45.0
1779633753.0648742,14.06561279296875,0.7369925932037792,-0.003435346941025569,44.97861744273176,0.75,45.0
1779633753.1017332,14.102471828460693,0.7398576093993843,-0.002713453684368594,45.27941234140949,0.75,45.0
1779633753.1414332,14.142171859741211,0.7372601818969573,-0.0036071248213793983,44.94974585523158,0.75,45.0
1779633753.2510874,14.251826047897339,0.7400332405106457,-0.0028413809903132387,45.25657032408792,0.75,45.0
1779633753.2914634,14.29220199584961,0.7373827469290882,-0.0036964607400441357,44.93380385251586,0.75,45.0
1779633753.33191,14.332648515701294,0.7351847934152308,-0.00427942896095905,44.78369055937076,0.75,45.0
1779633753.4292736,14.430012226104736,0.7339994453081902,-0.004702507404239026,44.59909422423094,0.75,45.0
1779633753.439994,14.440732717514038,0.7334450971817124,-0.004932918577644177,44.436691313209764,0.75,45.0
1779633753.4802616,14.481000185012817,0.7377274273735265,-0.0036783043032270896,44.873979008742864,0.75,45.0
1779633753.5726845,14.573423147201538,0.7357868570979555,-0.0042832316987228974,44.660309974805166,0.75,45.0
1779633753.6223848,14.623123407363892,0.7394390539354324,-0.003246165062512199,44.92539816329022,0.75,45.0
1779633753.6649203,14.665658950805664,0.7865655867241118,0.0137963885321154,52.0026679691815,0.75,45.0
1779633753.8137598,14.81449842453003,0.7746662001279901,0.009258558722259225,50.19577909047749,0.75,45.0
1779633753.8289466,14.82968521118164,0.7659994057655828,0.006190387281825763,49.01189201876336,0.75,45.0
1779633753.9028215,14.903560161590576,0.7601859913028235,0.004002973228588794,48.102861153861404,0.75,45.0
1779633753.9198978,14.920636415481567,0.751530933286895,0.0010555366877445793,46.926199453641125,0.75,45.0
1779633753.9348373,14.93557596206665,0.7503308051745489,0.00047878598831369024,46.592099326112184,0.75,45.0
1779633753.9669843,14.96772289276123,0.7440451617039651,-0.0014482542423629313,45.818860582004696,0.75,45.0
1779633754.009197,15.0099356174469,0.740195679657182,-0.0027255559458330553,45.32733560503124,0.75,45.0
1779633754.0931933,15.093931913375854,0.7378168906853384,-0.003556376344101983,44.937724633062054,0.75,45.0
1779633754.1094115,15.11015009880066,0.7361265003541803,-0.004132996994116386,44.67152594719022,0.75,45.0
1779633754.150218,15.150956630706787,0.7389896003307044,-0.003151567842150274,45.14319977390285,0.75,45.0
1779633754.1902413,15.190979957580566,0.7369437335601354,-0.0038504818231082927,44.81684524742918,0.75,45.0
1779633754.2386851,15.239423751831055,0.7346841124839523,-0.0044645675165591175,44.56801403881112,0.75,45.0
1779633754.2837167,15.284455299377441,0.7339435173785845,-0.004768793933765933,44.409444657707134,0.75,45.0
1779633754.3343744,15.335113048553467,0.7334077155839059,-0.0049792310511767995,44.30331395974633,0.75,45.0
1779633754.3782933,15.379031896591187,0.7330241529093731,-0.0051252852208577004,44.231407141328624,0.75,45.0
1779633754.4750087,15.475747346878052,0.7324914015923287,-0.005294151856630944,44.21089113591252,0.75,45.0
1779633754.487087,15.487825632095337,0.7367102834766487,-0.0040283260771378365,44.736449662149525,0.75,45.0
1779633754.5708077,15.57154631614685,0.7400796971083576,-0.0030664543931336885,44.980140129223344,0.75,45.0
1779633754.584487,15.585225582122803,0.7465826689366996,-0.0008888743030480012,45.95510539416744,0.75,45.0
1779633754.6676137,15.668352365493774,0.7459337724458179,-0.0010167999731264532,45.9027983725764,0.75,45.0
1779633754.8578365,15.858575105667114,0.7418504150587332,-0.0023660211696836103,45.33713561222566,0.75,45.0
1779633754.8694227,15.870161294937134,0.7389581481987376,-0.003302660172737268,44.94944995080523,0.75,45.0
1779633754.886277,15.887015581130981,0.7369170515032138,-0.003954366065662421,44.682116158922966,0.75,45.0
1779633754.9222364,15.922975063323975,0.7398186648593177,-0.003080945676705013,45.06877563943238,0.75,45.0
1779633755.004457,16.00519561767578,0.7411467320294324,-0.0024761704205938095,45.5492119784911,0.75,45.0
1779633755.0602,16.060938596725464,0.7384589478046069,-0.0033811087315494676,45.100506954065494,0.75,45.0
1779633755.1030707,16.103809356689453,0.7366465190930479,-0.004020000986283745,44.694618141602454,0.75,45.0
1779633755.1436765,16.144415140151978,0.7353005828095341,-0.0044560013168176565,44.50300523045149,0.75,45.0
1779633755.2839236,16.2846622467041,0.734349528164024,-0.0047594848112073596,44.37122587718856,0.75,45.0
1779633755.2971704,16.297909021377563,0.7336794403252701,-0.004971071908715083,44.28013120858311,0.75,45.0
1779633755.3363216,16.33706021308899,0.7377931996853139,-0.0037398726557648088,44.75277913194744,0.75,45.0
1779633755.3777869,16.378525495529175,0.7453279199652341,-0.0012776375051178485,45.77103557403791,0.75,45.0
1779633755.4258711,16.426609754562378,0.7459377337023295,-0.0011475012062228812,45.79722193325644,0.75,45.0
1779633755.4770398,16.477778434753418,0.7414374515228632,-0.002504072876184524,45.40471896596313,0.75,45.0
1779633755.6681163,16.66885495185852,0.7387613738506906,-0.0034116422205585223,44.89960062494568,0.75,45.0
1779633755.6784322,16.679170846939087,0.7406330218852114,-0.002745183241518734,45.16767353336754,0.75,45.0
1779633755.69596,16.696698665618896,0.7381041837894843,-0.003567475852576038,44.83118811035835,0.75,45.0
1779633755.8147492,16.8154878616333,0.7360372072337112,-0.00420337644904499,44.63399999093699,0.75,45.0
1779633755.8255568,16.826295375823975,0.7345861620133415,-0.0046475345596339035,44.49702182431436,0.75,45.0
1779633755.8412788,16.84201741218567,0.7331903952939209,-0.004940803372547847,44.48831222952171,0.75,45.0
1779633755.8753507,16.876089334487915,0.7326112619963118,-0.005165639090202248,44.38978531741089,0.75,45.0
1779633755.9528656,16.953604221343994,0.7371464754413855,-0.003842020547459829,44.840515102151215,0.75,45.0
1779633755.9710174,16.971755981445312,0.7348430243452213,-0.004462026820381784,44.58011449136096,0.75,45.0
1779633756.0126982,17.013436794281006,0.7328425581760019,-0.004940277651875838,44.538888033561996,0.75,45.0
1779633756.0962644,17.09700298309326,0.7364057567894386,-0.003806701622782918,44.93947447969651,0.75,45.0
1779633756.1139195,17.11465811729431,0.7394419563349023,-0.0029827152287895398,45.24767083675143,0.75,45.0
1779633756.1931293,17.193867921829224,0.7363617245925057,-0.0038514064808229387,44.891075676388475,0.75,45.0
1779633756.2072036,17.207942247390747,0.7395005576117404,-0.0029062328835250256,45.233020541130124,0.75,45.0
1779633756.2854147,17.286153316497803,0.7370096966688596,-0.00374172947889842,44.91733259794785,0.75,45.0
1779633756.3322246,17.332963228225708,0.735264470563805,-0.004324978876690713,44.69635819215557,0.75,45.0
1779633756.5241787,17.524917364120483,0.7390639257662569,-0.003273347268696797,44.953005008746416,0.75,45.0
1779633756.5390694,17.53980803489685,0.7413392221690764,-0.002496181219075397,45.29172485223931,0.75,45.0
1779633756.5523992,17.55313777923584,0.7385909863468599,-0.003393027618779229,44.92043598929299,0.75,45.0
1779633756.6201942,17.620932817459106,0.7409760236363059,-0.002691805254445942,45.23257966024221,0.75,45.0
1779633756.6320171,17.632755756378174,0.738333871626709,-0.0035287697077663605,44.879576447042105,0.75,45.0
1779633756.9086776,17.90941619873047,0.7364741040099856,-0.004111667854305501,44.6348271279094,0.75,45.0
1779633756.9260173,17.926755905151367,0.734907074179668,-0.0045852530199016195,44.493267766288625,0.75,45.0
1779633756.9423058,17.943044424057007,0.7337213023630103,-0.004906953130446937,44.48903013871258,0.75,45.0
1779633756.9709108,17.971649408340454,0.7333321009827559,-0.00508542448409853,44.26507318022062,0.75,45.0
1779633757.0126607,18.013399362564087,0.7372968899224688,-0.003881615316202125,44.7747917219207,0.75,45.0
1779633757.052854,18.053592681884766,0.7354686311171574,-0.0044229819050153885,44.59556834304231,0.75,45.0
1779633757.099743,18.100481510162354,0.7336156815916561,-0.004861093023677918,44.42349437610355,0.75,45.0
1779633757.1428323,18.14357089996338,0.7378018642818217,-0.0036668688122274556,44.83706403045166,0.75,45.0
1779633757.1905627,18.191301345825195,0.7404396145869312,-0.0027703398953902725,45.21534426788515,0.75,45.0
1779633757.3297985,18.33053708076477,0.7426928592753441,-0.0021846422424045275,45.31412591108578,0.75,45.0
1779633757.3819952,18.382733821868896,0.7388502347826912,-0.0032174579142802834,45.06568930886921,0.75,45.0
1779633757.4741738,18.474912405014038,0.7365806002582167,-0.003961529966254693,44.79225660790822,0.75,45.0
1779633757.490733,18.491471529006958,0.7352454209220529,-0.004414224910789397,44.574032303750855,0.75,45.0
1779633757.6177752,18.618513822555542,0.7335155991977753,-0.0048609319899416,44.39189395840953,0.75,45.0
1779633757.63051,18.631248712539673,0.7375775206344991,-0.0035973683127950573,44.81988344975414,0.75,45.0
1779633757.683577,18.68431568145752,0.7356623611124288,-0.004223602151683228,44.6278935659546,0.75,45.0
1779633757.8106399,18.811378479003906,0.7342709419288046,-0.004656728588315062,44.57738033474772,0.75,45.0
1779633757.826241,18.826979637145996,0.7337067825114909,-0.0049093130921571415,44.329933085421054,0.75,45.0
1779633757.8440182,18.844756841659546,0.727371176525934,-0.004032326160171795,45.58430992687796,0.75,45.0
1779633757.8751209,18.87585949897766,0.7330059790582669,-0.0032221938902735198,45.54907328495836,0.75,45.0
1779633757.9501233,18.950861930847168,0.7325398741305053,-0.003973179313958117,45.11701104899579,0.75,45.0
1779633757.9658163,18.966554880142212,0.7324116463179313,-0.004422969767173726,44.80327897822935,0.75,45.0
1779633758.0035343,19.004272937774658,0.7366387485071849,-0.003297645124486631,45.20002537391412,0.75,45.0
1779633758.050536,19.05127453804016,0.7354022439935202,-0.003965448784015557,44.75574850263458,0.75,45.0
1779633758.098296,19.099034547805786,0.7344170716125203,-0.004416341229263598,44.54941771943912,0.75,45.0
1779633758.1468835,19.147622108459473,0.7383071575741847,-0.003349384458062016,44.94136138565794,0.75,45.0
1779633758.194606,19.19534468650818,0.740955464976292,-0.0025395034939001554,45.196921119424395,0.75,45.0
1779633758.2385774,19.2393159866333,0.7383088718593679,-0.0034209808716716417,44.85767290406972,0.75,45.0
1779633758.286735,19.287473678588867,0.736194636678337,-0.004102387731850579,44.648407317284644,0.75,45.0
1779633758.5120456,19.512784242630005,0.734703283280876,-0.004577617866302161,44.50508456499646,0.75,45.0
1779633758.6648664,19.665605068206787,0.7336537676406323,-0.004909406606071157,44.406306416527244,0.75,45.0
1779633758.6807868,19.681525468826294,0.7332106058244299,-0.0050783966449179235,44.29947803905164,0.75,45.0
1779633758.7299,19.73063850402832,0.7328889731324849,-0.005195065037100155,44.22791870530335,0.75,45.0
1779633758.768121,19.76885962486267,0.7370049197154801,-0.0039535963491793835,44.750253560481134,0.75,45.0
1779633758.8085787,19.809317350387573,0.7355473554583208,-0.004409258649930248,44.54321250421143,0.75,45.0
1779633758.903894,19.904632568359375,0.7706231150655791,0.007703925501351128,49.65370392088675,0.75,45.0
1779633758.9182272,19.918965816497803,0.7617468796129884,0.004958126495700502,48.52543653350744,0.75,45.0
1779633758.9565978,19.95733642578125,0.7913143814107539,0.015367338949665257,52.576728313840945,0.75,45.0
1779633759.001927,20.002665519714355,0.7734000946173926,0.008889281736962962,50.14884492746852,0.75,45.0
1779633759.052704,20.05344271659851,0.7599925336253837,0.004306457523495816,48.42155106548798,0.75,45.0
1779633759.0959556,20.096694231033325,0.7514048704561966,0.0012600226298153383,47.148998326572894,0.75,45.0
1779633759.2390192,20.239757776260376,0.7453656702031802,-0.0008471720288802803,46.25837014260528,0.75,45.0
1779633759.2538047,20.25454330444336,0.7411247954190837,-0.0023095882292882702,45.63501107245318,0.75,45.0
1779633759.2655532,20.266291856765747,0.7381496715285847,-0.0033270218829181963,45.19870019087694,0.75,45.0
1779633759.3391576,20.339896202087402,0.7360639189025951,-0.004036134087072707,44.89330271635199,0.75,45.0
1779633759.481532,20.48227071762085,0.7349138932692479,-0.004470025690229529,44.636095524297126,0.75,45.0
1779633759.4897118,20.490450382232666,0.7387657859999033,-0.0033543955086718924,45.0102931145562,0.75,45.0
1779633759.5839863,20.58472490310669,0.7365054661257789,-0.004056016134901905,44.75827636051431,0.75,45.0
1779633759.6020632,20.60280179977417,0.7397832032551012,-0.0030967168167942843,45.08282551147908,0.75,45.0
1779633759.6720536,20.672792196273804,0.7415502815230595,-0.002423646459143683,45.42998682555599,0.75,45.0
1779633759.817275,20.818013668060303,0.738734664815967,-0.0033424608813381468,45.01861586475835,0.75,45.0
1779633759.8240204,20.824759006500244,0.7461426720616495,-0.0010072788466410215,45.84772817797658,0.75,45.0
1779633759.8456018,20.84634041786194,0.7412580459417051,-0.002394605713477299,45.44211789713069,0.75,45.0
1779633759.874861,20.87559962272644,0.7428284821022243,-0.0018742028792415044,45.646937271325626,0.75,45.0
1779633759.892516,20.89325451850891,0.7397347736043721,-0.0029726042379367157,45.06989708480758,0.75,45.0
1779633759.953475,20.954213619232178,0.7417692467083481,-0.0022809097747631124,45.38479069655429,0.75,45.0
1779633759.9664848,20.967223405838013,0.7386225660177446,-0.003307344148256161,45.016539830266105,0.75,45.0
1779633760.0044267,21.005165338516235,0.7364055863779727,-0.0040225850328064056,44.7623629137034,0.75,45.0
1779633760.0941572,21.094895839691162,0.7398676467930727,-0.003062309996327367,44.99784183080493,0.75,45.0
1779633760.1089714,21.109709978103638,0.7375613171859106,-0.0037877232241418923,44.71403057434574,0.75,45.0
1779633760.1483586,21.149097204208374,0.7359349399098091,-0.004292736733049807,44.51834109067368,0.75,45.0
1779633760.238911,21.239649534225464,0.73452714978046,-0.004711277758408308,44.4123147945644,0.75,45.0
1779633760.249384,21.250122547149658,0.7375298799093246,-0.003700246787305378,44.81394634921365,0.75,45.0
1779633760.3324192,21.333157777786255,0.7350409298688687,-0.00435366977129871,44.58166683712174,0.75,45.0
1779633760.4882421,21.488980770111084,0.7338887004305059,-0.004752559679825408,44.4603745922212,0.75,45.0
1779633760.5044618,21.505200386047363,0.7376781494152472,-0.0036471049014427936,44.913647616552296,0.75,45.0
1779633760.5386894,21.539427995681763,0.7397898736212922,-0.002899688578639162,45.20148261784972,0.75,45.0
1779633760.5517118,21.55245041847229,0.7415493103512883,-0.002283313749872673,45.51398219064695,0.75,45.0
1779633760.5874972,21.58823585510254,0.7433637554447379,-0.0018591045529333383,45.59697513678401,0.75,45.0
1779633760.665086,21.66582465171814,0.73914005789104,-0.0030706068676614184,45.126639743583965,0.75,45.0
1779633760.8113961,21.812134742736816,0.7405463969747375,-0.0024385200675294677,45.43174394168604,0.75,45.0
1779633760.825846,21.826584577560425,0.7465989909083802,-0.0005493575274640727,46.15159890596834,0.75,45.0
1779633760.874122,21.874860525131226,0.7423685473521217,-0.002047932316049883,45.49754189780309,0.75,45.0
1779633760.89044,21.891178607940674,0.7393464057527408,-0.0030846354964566003,45.05500210507575,0.75,45.0
1779633761.1015093,22.102247953414917,0.7372013027538011,-0.0038040780251586553,44.7527058414194,0.75,45.0
1779633761.1168432,22.117581844329834,0.7356852994450268,-0.004304549952435649,44.544759540674065,0.75,45.0
1779633761.2391453,22.23988389968872,0.7379712742650661,-0.0034776613485536234,45.02867726862023,0.75,45.0
1779633761.2556434,22.25638198852539,0.7359385652149356,-0.004140734732942242,44.774161989120685,0.75,45.0
1779633761.2740376,22.274776220321655,0.7344854439821573,-0.004535244899387975,44.5524504188642,0.75,45.0
1779633761.3354106,22.336149215698242,0.7337756061476309,-0.004814557348410423,44.40680210781988,0.75,45.0
1779633761.3486881,22.349426746368408,0.7330220133343406,-0.005077353220063696,44.33239011607385,0.75,45.0
1779633761.387525,22.388263702392578,0.7327547444837647,-0.005194042427034071,44.25159304881586,0.75,45.0
1779633761.4756482,22.476386785507202,0.7366421745988526,-0.003899920642492158,44.84692191986898,0.75,45.0
1779633761.4864187,22.487157344818115,0.7352925704601562,-0.004371914429269777,44.611241810026335,0.75,45.0
1779633761.5316055,22.532344102859497,0.7340779634909544,-0.00476221603541771,44.48165430459121,0.75,45.0
1779633761.6195805,22.6203191280365,0.7334973456458536,-0.0049747489887806,44.35537387923129,0.75,45.0
1779633761.6311214,22.63186001777649,0.7326080658438165,-0.005198715856423855,44.114801918876445,0.75,45.0
1779633761.6714048,22.67214345932007,0.7370756775765915,-0.003904058091001611,44.62798564294849,0.75,45.0
1779633761.952911,22.953649520874023,0.7401814251274953,-0.002991693579761742,44.99235078757369,0.75,45.0
1779633761.9689603,22.969698905944824,0.7378556234553046,-0.0037469250567837564,44.61763931126797,0.75,45.0
1779633761.982758,22.98349666595459,0.7405774011347155,-0.003005196750305056,44.96688171753885,0.75,45.0
1779633762.0466316,23.047370195388794,0.7426414518050538,-0.002363197458849872,45.22699092432463,0.75,45.0
1779633762.0597527,23.06049132347107,0.7392171536682076,-0.003361780404525158,44.9102478734681,0.75,45.0
1779633762.1012666,23.10200524330139,0.736814004686278,-0.00405911332979092,44.68999931093164,0.75,45.0
1779633762.1427686,23.14350724220276,0.7354246276017757,-0.004484721108379677,44.49797849567418,0.75,45.0
1779633762.239672,23.240410566329956,0.7391849717922022,-0.003387381601408418,44.81199189464109,0.75,45.0
1779633762.2516932,23.252431869506836,0.7370793867992095,-0.004014171486552448,44.58488312873364,0.75,45.0
1779633762.4284246,23.429163217544556,0.7356784859885328,-0.004459999023602779,44.33342550218286,0.75,45.0
1779633762.44313,23.44386863708496,0.7337776439329095,-0.004887295783590276,44.23511469150324,0.75,45.0
1779633762.4573681,23.458106756210327,0.7376473687150903,-0.0036322899265546493,44.78831030334241,0.75,45.0
1779633762.4816577,23.482396364212036,0.735713668204711,-0.00424817152536755,44.60503695882399,0.75,45.0
1779633762.570477,23.571215629577637,0.7385612472463146,-0.0032447553971617638,45.1807098084427,0.75,45.0
1779633762.582753,23.583491563796997,0.7362815896155798,-0.003970461070270936,44.97010542318156,0.75,45.0
1779633762.62267,23.623408555984497,0.7350358038813102,-0.004421187280243294,44.6988630359245,0.75,45.0
1779633762.906588,23.907326698303223,0.7341596181445259,-0.004735043126918234,44.50980451143523,0.75,45.0
1779633762.9204392,23.921177864074707,0.7328534750050146,-0.005047638663789919,44.363546893649506,0.75,45.0
1779633762.938051,23.93878960609436,0.7373808585796193,-0.003781488689657858,44.71929585510866,0.75,45.0
1779633762.971498,23.97223663330078,0.7404995989387517,-0.002874032637746979,45.066816436133195,0.75,45.0
1779633763.0141394,24.014878034591675,0.7379950727246962,-0.00365496317673189,44.76480904436345,0.75,45.0
1779633763.1008337,24.101572275161743,0.7403025170525366,-0.002816926631966324,45.20692080408829,0.75,45.0
1779633763.1108234,24.1115620136261,0.73785854664404,-0.0036161000812886673,44.86278484061703,0.75,45.0
1779633763.1513577,24.152096271514893,0.7358728707780491,-0.004238346015980304,44.65392563857784,0.75,45.0
1779633763.1886694,24.18940806388855,0.738580207550576,-0.003320996317933131,45.004678330786675,0.75,45.0
1779633763.288481,24.289219617843628,0.7366793470228375,-0.003971330908507376,44.713374876414164,0.75,45.0
1779633763.3040764,24.30481505393982,0.7391301145588569,-0.003131640267471439,45.0502259546598,0.75,45.0
1779633763.4857068,24.486445426940918,0.7413931078350053,-0.0023976419094052653,45.357578477694105,0.75,45.0
1779633763.4968867,24.49762535095215,0.7383376485566209,-0.0033866306442303096,45.003763396727564,0.75,45.0
1779633763.5112522,24.511990785598755,0.7364963554309149,-0.004015601918205297,44.71648800069202,0.75,45.0
1779633763.5292137,24.52995228767395,0.7343569056402773,-0.004577953246176117,44.501642830023584,0.75,45.0
1779633763.5739243,24.574662923812866,0.7334062548705892,-0.004909085868385302,44.40538255435533,0.75,45.0
1779633763.590793,24.59153151512146,0.7324805302438698,-0.005146361458351623,44.16882664000575,0.75,45.0
1779633763.6659493,24.666687965393066,0.7320961306359173,-0.005307121283101818,44.171359771210895,0.75,45.0
1779633763.6777382,24.678476810455322,0.7312206969232002,-0.00547454350748558,44.13605704093068,0.75,45.0
1779633763.8177767,24.818515300750732,0.731567155100906,-0.005480899980242357,44.09282165688979,0.75,45.0
1779633763.8248255,24.82556414604187,0.7314531694770222,-0.005540876149131374,44.119205336893806,0.75,45.0
1779633763.8655143,24.866252899169922,0.7316877283721228,-0.005522163070888916,44.09325427487036,0.75,45.0
1779633763.9972205,24.99795913696289,0.7318315599169525,-0.005506547247047189,44.08098621142842,0.75,45.0
1779633764.0163476,25.017086267471313,0.7319222698847605,-0.005494379276195463,44.07528942184867,0.75,45.0
1779633764.0293863,25.03012490272522,0.7317185103276328,-0.005552401814317515,44.10208612586545,0.75,45.0
1779633764.0989895,25.099728107452393,0.7319214558610283,-0.005535112287506624,43.99639698502875,0.75,45.0
1779633764.1127331,25.113471746444702,0.7319937456895242,-0.0055154306325801705,44.0135884386381,0.75,45.0
1779633764.1561012,25.156839847564697,0.735947324546162,-0.004137329086447997,44.7716433046309,0.75,45.0
1779633764.2394803,25.24021887779236,0.7391437343614861,-0.0032087962122644836,45.130128882380134,0.75,45.0
1779633764.249331,25.250069618225098,0.7249467446754959,-0.00571757726417102,44.69169516282307,0.75,45.0
1779633764.2894924,25.290230989456177,0.7267865539580253,-0.00570171770620484,44.6161790289629,0.75,45.0
1779633764.3346415,25.33538007736206,0.7425355432541908,-0.0011050152621368131,46.32873427497455,0.75,45.0
1779633764.4839234,25.48466205596924,0.7392049226956479,-0.002495131286058855,45.666085159063556,0.75,45.0
1779633764.4981768,25.498915433883667,0.7414315587087097,-0.0020561905194228652,45.75287428769544,0.75,45.0
1779633764.5356903,25.536428928375244,0.7386466773412521,-0.0030872908023979045,45.24689583585753,0.75,45.0
1779633764.6159353,25.616673946380615,0.736690094743745,-0.0038043242482736633,44.89347393011905,0.75,45.0
1779633764.6330287,25.6337673664093,0.7164436471856028,-0.010213207016761927,42.193326289695825,0.75,45.0
1779633764.9189532,25.919691801071167,0.7252549769407614,-0.007447221306823071,43.40671085399696,0.75,45.0
1779633764.9320607,25.932799339294434,0.7270433268761313,-0.0069188272462920725,43.636568889417156,0.75,45.0
1779633765.0490224,26.049761056900024,0.7277254826835868,-0.006605718043744768,43.74886529511206,0.75,45.0
1779633765.0599947,26.060733318328857,0.7287647881308089,-0.00632894701397925,43.87839296827055,0.75,45.0
1779633765.0751853,26.075923919677734,0.7338372836504956,-0.0046962038952642615,44.59000992108752,0.75,45.0
1779633765.1129768,26.113715410232544,0.7379456292532485,-0.003550472618240444,44.95704673092391,0.75,45.0
1779633765.1537404,26.154479026794434,0.7359231359989185,-0.004191424449507347,44.72309587668764,0.75,45.0
1779633765.1863933,26.187131881713867,0.7344560983961383,-0.004569824277495929,44.52245488907834,0.75,45.0
1779633765.239352,26.2400906085968,0.7334976818786948,-0.004905693051634213,44.413461107411756,0.75,45.0
1779633765.2833123,26.284050941467285,0.7330882379920849,-0.0050742644660424635,44.308296371694276,0.75,45.0
1779633765.3347197,26.335458278656006,0.7327969006571887,-0.005191414764499275,44.235958541957785,0.75,45.0
1779633765.3813617,26.382100343704224,0.7581667012111818,0.0031151191364569286,47.73007797814138,0.75,45.0
1779633765.4281535,26.428892135620117,0.7505082059191821,0.00048810668242318944,46.53461710834057,0.75,45.0
1779633765.4733067,26.474045276641846,0.7442950449692008,-0.0013493208757640457,45.929725892050556,0.75,45.0
1779633765.6196873,26.620425939559937,0.7399025662246888,-0.0026258793099339095,45.51696840379127,0.75,45.0
1779633765.6307616,26.631500244140625,0.7372153775600626,-0.0035376007250938757,45.20728627009421,0.75,45.0
1779633765.7688177,26.769556283950806,0.7449140445418055,-0.0011282211336096082,46.08960692056545,0.75,45.0
1779633765.775144,26.775882720947266,0.7403272233649915,-0.002471681829829972,45.63189368386554,0.75,45.0
1779633765.794628,26.795366525650024,0.7371968652156539,-0.0035219385028756045,45.09905969142278,0.75,45.0
1779633765.866468,26.867206573486328,0.7392772908025588,-0.002767163210723095,45.38737072617484,0.75,45.0
1779633765.902879,26.90361762046814,0.7414447085376098,-0.0022511269203597667,45.5623478980209,0.75,45.0
1779633766.0464165,27.047155141830444,0.7386782992846428,-0.0032241814144295666,45.10642417600558,0.75,45.0
1779633766.0630968,27.063835382461548,0.7414575845716018,-0.002502445664306227,45.23867572495547,0.75,45.0
1779633766.0821233,27.08286190032959,0.7386754191210444,-0.003397000965422947,44.88265163400055,0.75,45.0
1779633766.1925929,27.193331480026245,0.7364399167079533,-0.004084630471859474,44.66928219998383,0.75,45.0
1779633766.2025323,27.20327091217041,0.7348004981440812,-0.004557472232291873,44.61053032469318,0.75,45.0
1779633766.2195816,27.220320224761963,0.7336445437551851,-0.0048873202084481066,44.571764383273944,0.75,45.0
1779633766.3330271,27.333765745162964,0.7323906422340078,-0.005191926217339243,44.39167755966236,0.75,45.0
1779633766.3447378,27.345476388931274,0.7366405328906547,-0.0039476326660422695,44.868674174375386,0.75,45.0
1779633766.3881822,27.388920783996582,0.7353108165187386,-0.004407801690069796,44.62094904509584,0.75,45.0
1779633766.479765,27.48050355911255,0.7333873111752724,-0.005041777801339173,44.43224512607397,0.75,45.0
1779633766.5357816,27.53652024269104,0.7330500865127378,-0.005176142875145118,44.31074437158452,0.75,45.0
1779633766.5743268,27.57506537437439,0.7371170719639898,-0.00383230894852081,44.847415731097676,0.75,45.0
1779633766.6672285,27.667967081069946,0.7394561021759806,-0.0030349175941063594,45.13795587402163,0.75,45.0
1779633766.6830912,27.68382978439331,0.7906360013954711,0.016646028568202048,53.66519571912535,0.75,45.0
1779633766.906097,27.906835556030273,0.7734378232830058,0.009773152420590875,50.763821454438556,0.75,45.0
1779633766.923283,27.92402172088623,0.7612614154889741,0.0050620981791991565,48.66207203919571,0.75,45.0
1779633766.9434953,27.944233894348145,0.751714473664943,0.0017206644326190346,47.27585478729841,0.75,45.0
1779633766.9779887,27.978727340698242,0.7459487108079127,-0.0004768046301033141,46.2194034251264,0.75,45.0
1779633767.0679991,28.068737745285034,0.7390439519360342,-0.0030539015848672635,44.96340665238358,0.75,45.0
1779633767.0708573,28.071595907211304,0.7418927565095818,-0.0019977904610473524,45.48042756827156,0.75,45.0
1779633767.1485202,28.149258852005005,0.7370114877731686,-0.003784026384191966,44.68191802795998,0.75,45.0
1779633767.1587937,28.15953230857849,0.7402886409975473,-0.002895259103033676,44.94251750161811,0.75,45.0
1779633767.239666,28.24040460586548,0.737916968104853,-0.0036778962003779364,44.58678513620653,0.75,45.0
1779633767.2547193,28.255457878112793,0.7273132262057992,-0.005039106352410866,44.516041066102986,0.75,45.0
1779633767.4781718,28.478910446166992,0.7337200642035857,-0.0036918580227066344,44.79892107489595,0.75,45.0
1779633767.4920974,28.492835998535156,0.7329784944944923,-0.00429104772961128,44.60834275698432,0.75,45.0
1779633767.50762,28.50835871696472,0.737208023413255,-0.0031849580332213856,45.052459092301035,0.75,45.0
1779633767.5300684,28.53080701828003,0.7401569570479491,-0.0024197466991379007,45.2825290843579,0.75,45.0
1779633767.5705934,28.57133197784424,0.7378262875922538,-0.003347510315506591,44.82512735170017,0.75,45.0
1779633767.5847385,28.585477113723755,0.7317068823740003,-0.005383877339792981,44.06542877402901,0.75,45.0
1779633767.665857,28.666595697402954,0.7356275985348061,-0.004122353064620873,44.604269276709644,0.75,45.0
1779633767.681584,28.68232250213623,0.7342996102869271,-0.004590985614066956,44.47623152096299,0.75,45.0
1779633767.762424,28.76316261291504,0.7330556615770936,-0.00491003780142342,44.45502212922655,0.75,45.0
1779633767.7725887,28.773327350616455,0.7325031729105714,-0.005142315455050742,44.370431766763076,0.75,45.0
1779633767.857724,28.85846257209778,0.7367281994852355,-0.0038065761421299665,44.89050410770829,0.75,45.0
1779633767.870037,28.87077569961548,0.739225995007808,-0.002949741862365504,45.094804929673,0.75,45.0
1779633768.144937,29.145675659179688,0.7364612071956598,-0.003755199123826311,44.90049935154807,0.75,45.0
1779633768.1543248,29.15506339073181,0.7399062224478518,-0.0028822704582701086,45.087845329459874,0.75,45.0
1779633768.1712039,29.171942472457886,0.7375801637724018,-0.003660457082350785,44.779297386850054,0.75,45.0
1779633768.2052705,29.20600914955139,0.7451854487376888,-0.001221884326039882,45.787398412212184,0.75,45.0
1779633768.334521,29.335259675979614,0.7370018741991806,-0.003811134560758503,44.68684345832725,0.75,45.0
1779633768.3448706,29.345609188079834,0.7355415950791224,-0.004308633464499223,44.499718876312876,0.75,45.0
1779633768.3818262,29.382564783096313,0.7345144536453144,-0.0046557513167341524,44.36998180285078,0.75,45.0
1779633768.4830184,29.48375701904297,0.7338944593118792,-0.004909992561471829,44.17950636136875,0.75,45.0
1779633768.4906094,29.491348028182983,0.7322169876187575,-0.005258249760349179,44.24724358057778,0.75,45.0
1779633768.5325108,29.533249378204346,0.7319083110102369,-0.005385042832422374,44.22722229613486,0.75,45.0
1779633768.582019,29.582757711410522,0.7366828235457019,-0.004001090019111822,44.7192028924448,0.75,45.0
1779633768.667046,29.667784690856934,0.7399089853851412,-0.0030586151226387054,45.055053286512454,0.75,45.0
1779633768.6782434,29.67898201942444,0.7376634781450112,-0.003794454020499091,44.66223119635481,0.75,45.0
1779633768.7222764,29.723015069961548,0.7995260746003119,0.0206981669726978,55.14983596607769,0.75,45.0
1779633768.8176014,29.818340063095093,0.7788059962241192,0.012417225244976099,51.818126268161045,0.75,45.0
1779633768.856865,29.857603549957275,0.7685571560513024,0.008208337250376743,50.01852319930827,0.75,45.0
1779633768.87216,29.8728985786438,0.757828724454922,0.003996587225775797,48.208100539894794,0.75,45.0
1779633768.911559,29.91229772567749,0.7502111172809611,0.0011030630224821009,46.9541702315348,0.75,45.0
1779633768.9513023,29.952040910720825,0.7492171819788053,0.00039301032304246697,46.60434806314818,0.75,45.0
1779633768.9988153,29.9995539188385,0.7441348035249854,-0.0013888703472158676,45.83606256415702,0.75,45.0
1779633881.7140713,0.0009071826934814453,0.751252769133207,0.0021036136841098064,91.75044667191224,0.75,90.0
1779633881.7273815,0.014217376708984375,0.7502945796007955,0.002929900017706447,92.11286244504511,0.75,90.0
1779633881.7428236,0.029659509658813477,0.7511175478489975,0.003436479380715251,92.37325484573272,0.75,90.0
1779633881.8084695,0.0953054428100586,0.7511246962964726,0.0020045926272616345,91.66476601401055,0.75,90.0
1779633881.8213816,0.10821747779846191,0.7516835927126497,0.002786845443544332,92.06022213523248,0.75,90.0
1779633881.9053044,0.1921403408050537,0.7510480737014225,0.0014689551657202096,91.44212878505051,0.75,90.0
1779633881.919468,0.20630383491516113,0.7508347039457647,0.002393455059089683,91.89493232729832,0.75,90.0
1779633881.9550707,0.24190664291381836,0.7507934579661277,-0.0006565478383997018,90.44060001634209,0.75,90.0
1779633881.998274,0.2851099967956543,0.7506725572435493,0.0009059552168024022,91.19385630860137,0.75,90.0
1779633882.0493524,0.33618831634521484,0.7507528929262997,0.00023390382840404365,90.83801303251828,0.75,90.0
1779633882.0917733,0.37860918045043945,0.7506399464228468,0.0015293659668248819,91.47195792620495,0.75,90.0
1779633882.189696,0.476531982421875,0.7497756516700752,0.004256224087626998,92.78673549707379,0.75,90.0
1779633882.1996386,0.48647451400756836,0.7497272969544264,0.002498243331373622,91.95061154151693,0.75,90.0
1779633882.2823212,0.5691571235656738,0.749536255591784,0.005039442341217546,93.13391160590905,0.75,90.0
1779633882.2955387,0.5823745727539062,0.7499703076308422,0.0030908793422575213,92.18031933519427,0.75,90.0
1779633882.3389184,0.6257543563842773,0.749679151046441,0.0034190866177015488,92.40189111793286,0.75,90.0
1779633882.381804,0.6686398983001709,0.7500347629462449,0.0017904452732953107,91.67314861675688,0.75,90.0
1779633882.428696,0.7155318260192871,0.7499057624061763,0.0007723089969674912,91.1710610639258,0.75,90.0
1779633882.5230966,0.8099324703216553,0.7494374614449346,0.0018336508794623062,91.70309162690069,0.75,90.0
1779633882.5356786,0.822514533996582,0.7505021784143943,0.0026669530635279417,92.0871515115443,0.75,90.0
1779633882.5750642,0.8619000911712646,0.7502930060841616,0.0015679263236098708,91.46321524666766,0.75,90.0
1779633882.7220767,1.0089125633239746,0.7511213260033142,0.0026473769740841466,91.91945276600144,0.75,90.0
1779633882.7312593,1.0180952548980713,0.750094374612387,0.003201608992621835,92.2198106177949,0.75,90.0
1779633882.7707963,1.0576322078704834,0.7506140577413243,0.0036826049100137093,92.43871567654003,0.75,90.0
1779633882.7863324,1.0731682777404785,0.75030663340444,0.0020965328820117127,91.70694000528627,0.75,90.0
1779633882.8630261,1.1498620510101318,0.7511105038685125,0.0028508347142303155,92.08990483593935,0.75,90.0
1779633882.8728566,1.1596925258636475,0.7505023354313146,0.0034182020182721637,92.3387487691988,0.75,90.0
1779633882.950512,1.2373478412628174,0.7506075755011072,0.003699339306632401,92.53085536213814,0.75,90.0
1779633882.962919,1.2497549057006836,0.7510876230758791,0.00030934652399454963,90.87556305589356,0.75,90.0
1779633883.0458863,1.3327221870422363,0.7500791465315307,0.001566900993582667,91.48831102882134,0.75,90.0
1779633883.0571916,1.3440275192260742,0.750329203416399,0.0006592998483807709,91.02839062719556,0.75,90.0
1779633883.1001372,1.3869731426239014,0.7460720254330835,0.014308189018213766,97.6460611677861,0.75,90.0
1779633883.139933,1.4267690181732178,0.7477587218943921,0.009600335749127557,95.33694052743012,0.75,90.0
1779633883.1904252,1.4772610664367676,0.7489575171122751,0.008162427121146043,94.62012890399151,0.75,90.0
1779633883.2356887,1.5225245952606201,0.7492142651962802,0.005234463083232339,93.23494916253453,0.75,90.0
1779633883.2833169,1.570152759552002,0.7488696319312794,0.0050626936242472225,93.1596626686631,0.75,90.0
1779633883.3774052,1.664241075515747,0.7501090166699319,0.005093594076534549,93.10685656370308,0.75,90.0
1779633883.392355,1.6791908740997314,0.7501702252607416,0.004930383377066048,93.06028370155555,0.75,90.0
1779633883.4797082,1.7665441036224365,0.7502120646899564,0.004816139269086992,93.02765561895306,0.75,90.0
1779633883.524914,1.8117499351501465,0.7508400060957648,0.0030534449688072074,92.11936744429404,0.75,90.0
1779633883.5368717,1.8237075805664062,0.7506829279134984,0.0035024297581281423,92.3689813129123,0.75,90.0
1779633883.5746994,1.8615353107452393,0.7511550570482785,0.0021333559849442624,91.65824930434214,0.75,90.0
1779633883.7182744,2.005110263824463,0.7509072122442007,0.00285850182620685,92.04619779298716,0.75,90.0
1779633883.7307863,2.017622232437134,0.750930703104747,0.0015652695652077682,91.41828443161855,0.75,90.0
1779633883.7731888,2.0600247383117676,0.7513125728209995,0.0006107680179160816,90.99294082291415,0.75,90.0
1779633883.7883983,2.0752341747283936,0.7516828778442086,-0.0017950314610449577,89.79366644322964,0.75,90.0
1779633883.9571831,2.244019031524658,0.7514760378115862,0.00016387596603913645,90.7569186002191,0.75,90.0
1779633883.9713085,2.2581443786621094,0.7507845944996024,0.0015373553506624728,91.40595345486616,0.75,90.0
1779633883.9881496,2.2749855518341064,0.7506528023981919,0.002441828186572316,91.869410150732,0.75,90.0
1779633884.0457187,2.332554578781128,0.7507008135676483,0.003186487735926511,92.20511410319729,0.75,90.0
1779633884.0593858,2.346221685409546,0.7510311815704989,0.003671714304553454,92.428423358358,0.75,90.0
1779633884.072906,2.3597419261932373,0.7509622866317229,0.003875812896726764,92.59377829395953,0.75,90.0
1779633884.241963,2.528798818588257,0.751790221055627,0.0022792421988842124,91.8047073078473,0.75,90.0
1779633884.2652905,2.552126407623291,0.7515313336341789,0.001155715653295717,91.25092784343863,0.75,90.0
1779633884.2870784,2.5739142894744873,0.7521374633203403,0.0004048369909963841,90.87868146933515,0.75,90.0
1779633884.318641,2.6054768562316895,0.7508260518320631,0.0016339147267835708,91.49046589254542,0.75,90.0
1779633884.34842,2.635255813598633,0.7508401965147669,0.0007043245246071241,91.03070622441153,0.75,90.0
1779633884.388771,2.6756069660186768,0.7504574557061559,1.3320767117074115e-05,90.72046997369868,0.75,90.0
1779633884.4811385,2.767974376678467,0.7504382632173582,0.0013754177911160428,91.38949301031953,0.75,90.0
1779633884.4912755,2.778111457824707,0.7497920427410099,0.004112590214392681,92.74832617726533,0.75,90.0
1779633884.7196789,3.00651478767395,0.7505393745153838,0.002394716541816763,91.92387735867567,0.75,90.0
1779633884.731935,3.018770933151245,0.7514727843801975,0.001241433316811999,91.33588908457236,0.75,90.0
1779633884.74949,3.0363259315490723,0.750632127952551,0.0003660478558339378,90.90750076466495,0.75,90.0
1779633884.7882745,3.07511043548584,0.7503394982533843,-0.0002194603851477146,90.63259691452917,0.75,90.0
1779633884.7971604,3.083996295928955,0.7497747176609576,0.001311694199612178,91.32813222278756,0.75,90.0
1779633884.8582706,3.145106554031372,0.7499466509966608,0.0022837738075918807,91.81498609640046,0.75,90.0
1779633884.8719327,3.158768653869629,0.7505808339495479,-0.0006821672002689634,90.37437299703751,0.75,90.0
1779633884.9164982,3.203334093093872,0.7505311312970881,0.0008887155031010523,91.14719049729285,0.75,90.0
1779633885.042291,3.3291268348693848,0.7502283569194285,0.00013972440925640018,90.80316326570818,0.75,90.0
1779633885.0551014,3.341937303543091,0.7502717002819564,0.001463556396068593,91.44750846421341,0.75,90.0
1779633885.0826623,3.3694982528686523,0.7506530168618165,0.0006354747589514221,90.98968451087059,0.75,90.0
1779633885.1024237,3.3892595767974854,0.7505169611051548,-8.290344842751805e-05,90.70604604618228,0.75,90.0
1779633885.1434352,3.4302711486816406,0.7501040772658291,0.0013634543986583562,91.37078106774499,0.75,90.0
1779633885.2342575,3.5210933685302734,0.7493894455161098,0.00230437011817765,91.83512164215792,0.75,90.0
1779633885.2485209,3.5353567600250244,0.7494418910089956,0.0011321977955814828,91.28411984202172,0.75,90.0
1779633885.384849,3.671684980392456,0.7494659013846121,0.00031024185622439797,90.8989767038373,0.75,90.0
1779633885.394934,3.681769847869873,0.7499030612353621,0.003538414189688294,92.41022126870851,0.75,90.0
1779633885.4380956,3.724931478500366,0.7506007734195662,0.00019904298570529058,90.79003970826024,0.75,90.0
1779633885.450156,3.7369918823242188,0.7509525548153564,0.001579617135234992,91.43800985752424,0.75,90.0
1779633885.570232,3.857067823410034,0.7507084799996495,0.0007122438843338128,91.00646279828584,0.75,90.0
1779633885.5835178,3.8703536987304688,0.7514078728462789,0.0020488027929157467,91.59950889931855,0.75,90.0
1779633885.6005762,3.8874120712280273,0.7512721113212283,0.0010347891371134438,91.1216207297327,0.75,90.0
1779633885.7160573,4.0028932094573975,0.7514095446812853,0.002164673880773767,91.66991815464965,0.75,90.0
1779633885.7297254,4.016561269760132,0.750855448966834,0.0010325802695195137,91.16938440091192,0.75,90.0
1779633885.7475972,4.034433126449585,0.7515052872946244,0.0021056532506640475,91.7139190603279,0.75,90.0
1779633885.8106382,4.097474098205566,0.7513063586940492,0.0027811473529497583,92.0930300887591,0.75,90.0
1779633885.8197033,4.106539249420166,0.7511353556056364,0.0034232404290873613,92.36158763916208,0.75,90.0
1779633885.8616686,4.1485044956207275,0.7514768285309731,0.0019114794242374139,91.65344807419294,0.75,90.0
1779633885.9013932,4.188229084014893,0.7513432773938895,0.0009027870712667902,91.14324667230858,0.75,90.0
1779633885.951909,4.2387449741363525,0.7515918085316902,0.00014683570858439222,90.80045872246303,0.75,90.0
1779633886.0007696,4.28760552406311,0.7512333513313274,0.0016356888345189862,91.44575620449893,0.75,90.0
1779633886.0461473,4.3329832553863525,0.7517692220175711,0.0026951645598353923,91.90696664597178,0.75,90.0
1779633886.0915704,4.378406286239624,0.7513348072064406,0.0032517250197908474,92.22028413754909,0.75,90.0
1779633886.2369645,4.523800373077393,0.7514585296550093,0.0037160917143965414,92.43931085009415,0.75,90.0
1779633886.2516408,4.5384767055511475,0.7503258147562334,0.003950141661389679,92.58345305932293,0.75,90.0
1779633886.2642562,4.551092147827148,0.7507381198059591,0.0042045577935995206,92.69342848203587,0.75,90.0
1779633886.2954922,4.5823280811309814,0.7504057520343516,0.002463127054091046,91.8849414474185,0.75,90.0
1779633886.3408527,4.627688646316528,0.7507929207890961,0.003163907981108586,92.204341293373,0.75,90.0
1779633886.3825166,4.6693525314331055,0.7506198915227633,0.0018221070561581217,91.54299464185047,0.75,90.0
1779633886.4882784,4.775114297866821,0.7497348685319948,0.0024591932053950804,91.95623466751319,0.75,90.0
1779633886.56848,4.855315923690796,0.7491246749423409,0.004906028341128814,93.12591447477298,0.75,90.0
1779633886.5838478,4.870683670043945,0.7497009290624359,0.0029988681747142023,92.17431957329997,0.75,90.0
1779633886.627651,4.914486885070801,0.7498888426052008,0.0034646565720450593,92.40730456445642,0.75,90.0
1779633886.6665425,4.953378438949585,0.7508143145318527,0.003807972574604223,92.58035104081098,0.75,90.0
1779633886.7131808,5.000016689300537,0.7502544763800474,0.0021142125744830734,91.78378920891413,0.75,90.0
1779633886.7573535,5.044189453125,0.7504350296279869,0.0010395860275766117,91.23649938341514,0.75,90.0
1779633886.80756,5.094395875930786,0.7505531020536726,0.0002870581589349676,90.85350265535668,0.75,90.0
1779633886.9014037,5.188239574432373,0.7513197500472827,0.00158479773720321,91.49247036800587,0.75,90.0
1779633886.917823,5.2046589851379395,0.7502453541425127,0.0024603876053275442,91.91986598654273,0.75,90.0
1779633886.9644582,5.251294136047363,0.7502743850575989,0.0030885158569109927,92.22888373501763,0.75,90.0
1779633887.0452728,5.332108736038208,0.7501605217170578,0.0017602967227810628,91.58971755780341,0.75,90.0
1779633887.0568118,5.343647718429565,0.7504400764648393,0.0008304528814651229,91.11614351115098,0.75,90.0
1779633887.1411273,5.4279632568359375,0.7501614430772968,9.926448573881934e-05,90.78124923788633,0.75,90.0
1779633887.1596603,5.446496248245239,0.749490926206921,-0.0022412947609314966,89.670376008985,0.75,90.0
1779633887.1957307,5.482566595077515,0.750583140340737,-0.003758683943284185,88.87395163392901,0.75,90.0
1779633887.2363572,5.523193120956421,0.7498773300024717,-0.004845051703652082,88.33753902666108,0.75,90.0
1779633887.4274573,5.7142932415008545,0.7502243273652937,-0.0038300412921412285,88.822883953162,0.75,90.0
1779633887.4387877,5.725623607635498,0.7495247093647615,-0.0013317111692019794,90.05198572966587,0.75,90.0
1779633887.4588761,5.745712041854858,0.7499388494130592,-0.001370862341849315,90.02344127375684,0.75,90.0
1779633887.7294793,6.016315221786499,0.7502045749459448,-0.0015615484471411933,90.00764643173083,0.75,90.0
1779633887.739638,6.0264739990234375,0.749875486401278,0.00032812986608301013,90.88174867590911,0.75,90.0
1779633887.7553682,6.042204141616821,0.7504771041935797,-0.0020530344470829874,89.72213632887134,0.75,90.0
1779633887.9032884,6.190124273300171,0.7500675884297098,-1.5297211220343786e-05,90.68146431046523,0.75,90.0
1779633887.9167418,6.203577756881714,0.7501852664020281,0.0013572969545562,91.36137589000282,0.75,90.0
1779633887.9328003,6.2196362018585205,0.7503834464564019,0.0005492041816420544,90.95545009971912,0.75,90.0
1779633887.9961696,6.283005475997925,0.7498800124506736,-9.476316982488775e-05,90.67739211182861,0.75,90.0
1779633888.0463917,6.333227634429932,0.7500713830534445,0.0013012950588512978,91.35874619792585,0.75,90.0
1779633888.0908043,6.377640247344971,0.7493808748944382,0.002260803845781214,91.82685175735314,0.75,90.0
1779633888.1435163,6.430352210998535,0.744622428752373,0.01526480542829656,98.1334508470042,0.75,90.0
1779633888.1881318,6.47496771812439,0.7460644219712873,0.012124950533929695,96.56651909841176,0.75,90.0
1779633888.3870661,6.6739020347595215,0.7478475445175369,0.008114924938689708,94.57009344078162,0.75,90.0
1779633888.3973203,6.684156179428101,0.7488176928540259,0.005283843306701088,93.20119339523377,0.75,90.0
1779633888.4121234,6.6989593505859375,0.7498879112368677,0.0032106597831778197,92.24376490304773,0.75,90.0
1779633888.432877,6.719712972640991,0.7500296303567004,0.0036138377498859666,92.45566346704602,0.75,90.0
1779633888.5168016,6.803637504577637,0.7502235909406363,0.0039467838615772684,92.62261270376413,0.75,90.0
1779633888.5354173,6.822253227233887,0.7502518940669333,0.004127443381731423,92.72141466191182,0.75,90.0
1779633888.5741773,6.861013174057007,0.7497113676480999,0.0024921042342140607,91.90740310711374,0.75,90.0
1779633888.7218833,7.008719205856323,0.7498951016408645,0.003109639393423053,92.22057449569779,0.75,90.0
1779633888.734318,7.021153926849365,0.749799244543383,0.001695264303833941,91.5542633535585,0.75,90.0
1779633888.7490153,7.035851240158081,0.7500989994941023,0.002491554166514325,91.98210003432231,0.75,90.0
1779633888.7649548,7.051790714263916,0.7503814479682012,0.0013084912635363507,91.37354978657845,0.75,90.0
1779633888.8146713,7.101507186889648,0.7503695043816216,0.002281397709682777,91.84682158204984,0.75,90.0
1779633888.90778,7.194615840911865,0.7501251281551138,0.001115345010336458,91.29261685972875,0.75,90.0
1779633888.9214253,7.208261251449585,0.7506180464071374,0.0022213012042904233,91.78970042480432,0.75,90.0
1779633889.0494049,7.336240768432617,0.7505342909580714,0.0029203666285872254,92.13811136435392,0.75,90.0
1779633889.0591965,7.346032381057739,0.7504000443525829,0.0015150814092870627,91.51062810256255,0.75,90.0
1779633889.0787218,7.365557670593262,0.7501381361426368,0.0005787117636616543,91.0573386262921,0.75,90.0
1779633889.2391937,7.526029586791992,0.7507559178533659,-7.981037129322949e-05,90.74020066171691,0.75,90.0
1779633889.2526064,7.539442300796509,0.7508123443698848,-0.0004932111861447703,90.50463969517637,0.75,90.0
1779633889.2687473,7.555583238601685,0.7504160685307691,-0.0009933246675601344,90.35367624077789,0.75,90.0
1779633889.3843653,7.671201229095459,0.7505564013651598,-0.0011353378732588773,90.23523755904792,0.75,90.0
1779633889.4045997,7.6914355754852295,0.7506820255145475,0.0005151256304122313,91.05685186801179,0.75,90.0
1779633889.4156106,7.702446460723877,0.7504708891524761,3.827967879559569e-06,90.75518054519308,0.75,90.0
1779633889.453157,7.73999285697937,0.7514319044035003,-0.0004327652260097928,90.51794246110872,0.75,90.0
1779633889.4734375,7.760273456573486,0.7504746807735686,0.0011601745523566313,91.24829064375866,0.75,90.0
1779633889.5299141,7.8167500495910645,0.7508864618986785,0.002251174295983542,91.75970555205257,0.75,90.0
1779633889.5361805,7.823016405105591,0.7495498432204288,0.0028152501889404345,92.09870961830934,0.75,90.0
1779633889.575054,7.861889839172363,0.749785322072108,0.0033365803345345455,92.35420291243393,0.75,90.0
1779633889.7152662,8.002102136611938,0.7497271252462447,0.0018548024685804867,91.64757832941308,0.75,90.0
1779633889.729271,8.016106843948364,0.7503270521458303,0.0027383228286096167,92.03825185210141,0.75,90.0
1779633889.7511997,8.03803563117981,0.7497113102415848,0.0032067728217961117,92.31148518788048,0.75,90.0
1779633889.8051615,8.091997385025024,0.7498914999485797,0.0036097084382722194,92.5034630279458,0.75,90.0
1779633889.8191385,8.105974435806274,0.7493670404125072,0.0038162086736222944,92.63667525813666,0.75,90.0
1779633890.001493,8.288328886032104,0.7494402567499021,0.0021893801611498676,91.84594987051842,0.75,90.0
1779633890.0145307,8.301366567611694,0.7501389128200341,0.00281295360874333,92.17982017548182,0.75,90.0
1779633890.0343752,8.321211099624634,0.7503186936173115,-0.0003625121831028065,90.6399810561186,0.75,90.0
1779633890.1018457,8.388681650161743,0.7500736003900706,-0.0007359115297964656,90.44796338958801,0.75,90.0
1779633890.1430054,8.42984127998352,0.7500475958806946,-0.0010429000431782568,90.32642282988206,0.75,90.0
1779633890.1551018,8.441937685012817,0.7503291351404118,-0.0011688886639640034,90.21568036709625,0.75,90.0
1779633890.195668,8.482503890991211,0.7508856501157002,-0.00130233396517573,90.15065267246149,0.75,90.0
1779633890.2820861,8.56892204284668,0.7512662032125397,-0.001396681234990378,90.10557583138345,0.75,90.0
1779633890.2948961,8.581732034683228,0.7508308456317121,0.00035101165260887886,90.95271567868753,0.75,90.0
1779633890.426902,8.713737964630127,0.7507045931031133,0.0016133126287655388,91.55140018011704,0.75,90.0
1779633890.4432836,8.730119466781616,0.7506003737257464,0.0024956230267047423,91.97097392074731,0.75,90.0
1779633890.4573278,8.744163751602173,0.7510359669081387,-0.0005344656324294771,90.483932731679,0.75,90.0
1779633890.4880936,8.774929523468018,0.7505883155990644,-0.0008545005954764662,90.33794347438274,0.75,90.0
1779633890.5304651,8.817301034927368,0.7497434754237633,0.0007512871529669468,91.11246057967575,0.75,90.0
1779633890.6171532,8.90398907661438,0.7487864252077999,0.0035755972682895215,92.51367727238816,0.75,90.0
1779633890.6276162,8.914452075958252,0.7492060494269973,0.0019747169695234247,91.7735928252102,0.75,90.0
1779633890.7106256,8.997461557388306,0.7491814683692595,0.00467048184973976,93.01137689740438,0.75,90.0
1779633890.7249947,9.011830568313599,0.7495213227607893,0.004635986442642095,92.9926784998692,0.75,90.0
1779633890.8125598,9.099395751953125,0.7499634618179601,0.0028086720662031245,92.08136215212112,0.75,90.0
1779633890.8562422,9.143078088760376,0.7500778276933269,0.003331722005216393,92.3430052143342,0.75,90.0
1779633890.8700588,9.15689468383789,0.7503339183375268,0.0018933026730728552,91.62740257678566,0.75,90.0
1779633890.9105182,9.197354078292847,0.7493044734240853,0.002636922133656976,92.00795889089184,0.75,90.0
1779633890.9523592,9.239195108413696,0.7500042861068401,0.003284082678036996,92.29068442038852,0.75,90.0
1779633890.9979289,9.284764766693115,0.7507082282829279,0.0019813834295846554,91.60373061173392,0.75,90.0
1779633891.047947,9.334782838821411,0.7507104530926826,-0.0009440263661786574,90.23651271307371,0.75,90.0
1779633891.0920815,9.378917455673218,0.7500435587809752,0.0024598867754938585,91.92642707151367,0.75,90.0
1779633891.1432297,9.430065631866455,0.7498937529417786,0.001240041824671721,91.34847460747494,0.75,90.0
1779633891.238724,9.525559902191162,0.7508255190676609,0.002251614324132076,91.83888716843938,0.75,90.0
1779633891.247775,9.534610986709595,0.7504397823623918,0.0010942747374830975,91.28716722042297,0.75,90.0
1779633891.2902734,9.577109336853027,0.7504108655596538,0.0021312879700369066,91.78643528517777,0.75,90.0
1779633891.3318613,9.618697166442871,0.7505755179805385,0.0010911225998747908,91.25313818261694,0.75,90.0
1779633891.3791177,9.665953636169434,0.7506751038543489,0.0003630858272789322,90.8796029804035,0.75,90.0
1779633891.5669677,9.853803634643555,0.7510415880752958,-0.002027576261118752,89.72005897449958,0.75,90.0
1779633891.5825987,9.869434595108032,0.7509345144226272,0.0018057361276107655,91.5781151971062,0.75,90.0
1779633891.6015337,9.8883695602417,0.7507696966427778,0.0027966851103429016,91.9901782269534,0.75,90.0
1779633891.6199331,9.906769037246704,0.751046808927571,0.0033974834348725245,92.2779487318175,0.75,90.0
1779633891.7129273,9.999763250350952,0.7513523625898691,9.732653390518049e-05,90.69882710510969,0.75,90.0
1779633891.7246976,10.011533498764038,0.751458550480553,0.0015072171136685797,91.37432530043343,0.75,90.0
1779633891.7409952,10.027831077575684,0.7511441739324135,0.0024217009382928407,91.84700846069255,0.75,90.0
1779633891.807325,10.094160795211792,0.7509081731650944,0.0030610071415548834,92.17813871844847,0.75,90.0
1779633891.8229902,10.10982608795166,0.7508611435488162,-0.0001890965495657906,90.6390018153953,0.75,90.0
1779633891.9035342,10.190370082855225,0.7508644335779894,-0.0005707813331189213,90.434223467722,0.75,90.0
1779633891.91504,10.201875925064087,0.7516628412955562,-0.0008027414542825013,90.30655812138882,0.75,90.0
1779633891.9561782,10.243014097213745,0.7513361692470486,-0.00289412832360202,89.32871386853415,0.75,90.0
1779633891.9992752,10.286111116409302,0.7514863738557741,-0.0005862432574526216,90.41534186529273,0.75,90.0
1779633892.1416051,10.428441047668457,0.7509031481026953,-0.0008929537200364757,90.2909577376281,0.75,90.0
1779633892.1530826,10.439918518066406,0.7511598253442192,0.0008142141166637895,91.08898536364045,0.75,90.0
1779633892.1717756,10.458611488342285,0.7501386788211867,0.0019199538916151633,91.63791078951674,0.75,90.0
1779633892.2057517,10.492587566375732,0.7506036990299476,0.002783052907045867,92.03166566533066,0.75,90.0
1779633892.2416966,10.5285325050354,0.751029833675655,-0.0003333890009664872,90.52666583764436,0.75,90.0
1779633892.387761,10.674597024917603,0.7517725078477188,-0.0005102489080416944,90.35612468568685,0.75,90.0
1779633892.4167912,10.703627109527588,0.7516222578420959,-0.0007516981443590261,90.2280465087481,0.75,90.0
1779633892.4816449,10.768480777740479,0.7507355375313073,0.0007443944175014475,91.02547673713798,0.75,90.0
1779633892.4968815,10.783717393875122,0.7511744534692306,3.387545745312404e-05,90.71905159485797,0.75,90.0
1779633892.537105,10.823940992355347,0.7510315942698511,0.0014431009311539043,91.40512794440404,0.75,90.0
1779633892.7149534,11.001789331436157,0.7508278326936705,0.002374811070380614,91.86932912894187,0.75,90.0
1779633892.7444406,11.03127646446228,0.7506834223948717,0.004881647056971735,93.084346943422,0.75,90.0
1779633892.8150449,11.1018807888031,0.7504935389836325,0.0028895109259097916,92.17228840532123,0.75,90.0
1779633892.8323956,11.119231462478638,0.7497665568837885,0.003312321032337511,92.40427431262943,0.75,90.0
1779633892.8680792,11.15491509437561,0.7505431537489191,3.956449815228631e-05,90.78678907659464,0.75,90.0
1779633892.9101593,11.196995258331299,0.7504912951036569,0.001392911123664636,91.4362898346139,0.75,90.0
1779633892.921632,11.208467960357666,0.7505740445478948,0.0022813636429167717,91.89869045199852,0.75,90.0
1779633893.0473502,11.33418607711792,0.7498298545579369,0.004709345323886117,93.08857153564891,0.75,90.0
1779633893.0605977,11.34743356704712,0.7502449404965137,0.002863105195573262,92.14820439038043,0.75,90.0
1779633893.0789824,11.36581826210022,0.7502661771482639,0.003369019289573556,92.3892434915699,0.75,90.0
1779633893.1117857,11.398621559143066,0.7502796253812837,0.0037231775044636144,92.55793564774373,0.75,90.0
1779633893.1553972,11.442233085632324,0.7496353185925181,0.0038956556855024188,92.67472620207795,0.75,90.0
1779633893.1907787,11.477614641189575,0.749629574138634,0.0022449555629380164,91.87263548930999,0.75,90.0
1779633893.2356164,11.522452354431152,0.7495988279401525,-0.0008494758848232965,90.42359999150597,0.75,90.0
1779633893.281276,11.568111896514893,0.7502592383897229,0.000845326347270875,91.18172384340451,0.75,90.0
1779633893.3301044,11.616940259933472,0.750209963151299,6.277128312111128e-05,90.84087884725867,0.75,90.0
1779633893.381382,11.668217897415161,0.7504137074829604,0.003194794114020291,92.36638031736281,0.75,90.0
1779633893.4251902,11.712026119232178,0.750969828157418,0.0019173500469915627,91.65679856235137,0.75,90.0
1779633893.5785015,11.865337371826172,0.7507791373024749,0.0027071584426735804,92.04526538729054,0.75,90.0
1779633893.5877523,11.874588251113892,0.7508505749863881,0.001459098841449959,91.4178407263006,0.75,90.0
1779633893.6310306,11.917866468429565,0.7506072924465959,0.000493145866506292,91.00573834113769,0.75,90.0
1779633893.7189744,12.005810260772705,0.7501786801846039,0.0017671277587270697,91.58051591644958,0.75,90.0
1779633893.760128,12.046963930130005,0.7503997685364427,0.0007979076129560998,91.09365252553764,0.75,90.0
1779633893.7718768,12.058712720870972,0.7505371373339186,0.00011847290813202151,90.75321600451792,0.75,90.0
1779633893.9040468,12.190882682800293,0.7502394543611154,-0.00039855525808505125,90.52700853861056,0.75,90.0
1779633893.917069,12.203904867172241,0.7500275647801731,-0.0007592844547554847,90.36804821802008,0.75,90.0
1779633893.9321203,12.218956232070923,0.7505516844646297,0.0009079080853011978,91.14298142101904,0.75,90.0
1779633894.0035646,12.290400505065918,0.7506403279526839,0.0002346150584360933,90.80257768895217,0.75,90.0
1779633894.0162861,12.30312204360962,0.747394839192489,0.012448705227086158,96.68427687794872,0.75,90.0
1779633894.059523,12.346359014511108,0.7477158396957824,0.010002168248491202,95.56814767768589,0.75,90.0
1779633894.1404867,12.427322626113892,0.7473651910171665,0.012066591815398708,96.5636264708543,0.75,90.0
1779633894.1531353,12.439971208572388,0.748187043542054,0.007979087815331578,94.59360301827323,0.75,90.0
1779633894.2354438,12.522279739379883,0.7487803178649475,0.005060515620496992,93.22849744388529,0.75,90.0
1779633894.3814464,12.668282270431519,0.7490985280820363,0.001287577423458779,91.37271913355703,0.75,90.0
1779633894.3934114,12.68024730682373,0.748699058785221,0.00408607834456582,92.71773157280738,0.75,90.0
1779633894.4112804,12.698116302490234,0.7497649203045174,0.0023768316012180253,91.90216835978116,0.75,90.0
1779633894.6137831,12.90061902999878,0.7503315321505691,0.001274193522234135,91.30855557647864,0.75,90.0
1779633894.6310475,12.917883396148682,0.7503462838072041,0.002259149995924444,91.80062549807172,0.75,90.0
1779633894.6423447,12.92918062210083,0.7502775360987003,0.001053948849244229,91.27363566366654,0.75,90.0
1779633894.6621442,12.94898009300232,0.7507309129229099,0.002176019015844269,91.77756532892728,0.75,90.0
1779633894.8134336,13.100269556045532,0.7506120830203584,0.002889098040559021,92.12940567540691,0.75,90.0
1779633894.8256035,13.112439393997192,0.7501445342830227,0.003444260955457936,92.36655647525909,0.75,90.0
1779633894.8427832,13.129619121551514,0.7515910847161936,0.0020924484444803508,91.65599892075775,0.75,90.0
1779633894.9987826,13.285618543624878,0.7512158323858379,0.002830177511020776,92.04452093731074,0.75,90.0
1779633895.0106184,13.297454357147217,0.7506848656490852,-0.00044092668887878335,90.54446120528083,0.75,90.0
1779633895.0294702,13.316306114196777,0.7506016764392311,0.0010574939808925981,91.26628161836999,0.75,90.0
1779633895.097514,13.384349822998047,0.7504420806439773,0.00038172307601384414,90.90279878998422,0.75,90.0
1779633895.110641,13.3974769115448,0.7501613287232667,-0.00021472056767504982,90.63184020295598,0.75,90.0
1779633895.1967998,13.483635663986206,0.7507604973375577,-0.0006346812087372415,90.44210685591459,0.75,90.0
1779633895.204084,13.490919828414917,0.7508122356773189,-0.0008835753587676531,90.29684020522646,0.75,90.0
1779633895.2833972,13.57023310661316,0.7511312894331237,-0.0029015014807832295,89.31256069013061,0.75,90.0
1779633895.2972326,13.584068536758423,0.7509265271358507,-0.004198379473413243,88.63340873800034,0.75,90.0
1779633895.3364794,13.623315334320068,0.75121844594831,-0.0014623783247679242,89.94481403253106,0.75,90.0
1779633895.379456,13.666291952133179,0.7509915029487437,0.0003430703281058101,90.84627448248824,0.75,90.0
1779633895.4289103,13.7157461643219,0.7508088478942161,0.0016061407039804,91.47758562545556,0.75,90.0
1779633895.4772913,13.764127254486084,0.7498772418073654,0.002473262447882689,91.91028183087724,0.75,90.0
1779633895.721249,14.008085012435913,0.7492268792520653,0.004916350669911298,93.0935709305155,0.75,90.0
1779633895.7307484,14.017584323883057,0.7495514444489976,0.00480631080697274,93.0509525880718,0.75,90.0
1779633895.7440135,14.03084945678711,0.7499929116747444,0.0029659478362838504,92.13761668003706,0.75,90.0
1779633895.8261096,14.112945556640625,0.7498705431230122,0.0015949967021109766,91.4961094919635,0.75,90.0
1779633895.9093409,14.196176767349243,0.74977318347274,0.0006347847485519043,91.04712892521847,0.75,90.0
1779633895.930225,14.217060804367065,0.7499499836990676,0.0018106560060337214,91.61879284281353,0.75,90.0
1779633895.9461687,14.233004570007324,0.7500739756064927,0.004491797167510956,92.9088296933504,0.75,90.0
1779633895.999584,14.286419868469238,0.750736132852337,0.002826262739125567,92.03620317748131,0.75,90.0
1779633896.0116537,14.298489570617676,0.7502400135759721,0.0032344067152786362,92.3012719696989,0.75,90.0
1779633896.0532615,14.340097427368164,0.7503978149632794,-6.733162964533209e-05,90.72506496616649,0.75,90.0
1779633896.09311,14.379945993423462,0.7500088011046986,0.0013754897030941527,91.38338629886223,0.75,90.0
1779633896.14228,14.429116010665894,0.7502648027910631,0.0005234428507944009,90.95573247673624,0.75,90.0
1779633896.2364802,14.523316144943237,0.750438347662705,0.001786660684282336,91.57105069864325,0.75,90.0
1779633896.2527304,14.539566278457642,0.7501701820479024,0.0007682846351932209,91.09988220314283,0.75,90.0
1779633896.3858933,14.672729253768921,0.7502251925294326,0.001903039515464224,91.6553935248552,0.75,90.0
1779633896.429399,14.716234922409058,0.7500171964687333,0.0008503725979256865,91.15864905090798,0.75,90.0
1779633896.567397,14.854233026504517,0.7498700746226812,0.00011310169155759613,90.81104787657587,0.75,90.0
1779633896.5816128,14.868448734283447,0.7501511478742843,0.001384828028093968,91.46145791229567,0.75,90.0
1779633896.6006012,14.887437105178833,0.7503027363569472,-0.0013626665976435237,90.13713873004332,0.75,90.0
1779633896.7276804,15.014516353607178,0.7503372950838294,0.0004115240610003386,90.98153330330132,0.75,90.0
1779633896.7579184,15.044754266738892,0.7503460542942024,0.0016555994440066305,91.57232891212024,0.75,90.0
1779633896.7718358,15.058671712875366,0.7501009130067107,0.0006770863637752327,91.1005294728277,0.75,90.0
1779633896.7875109,15.074346780776978,0.7503568797372768,7.243400851794299e-05,90.7732800993594,0.75,90.0
1779633896.855339,15.14217495918274,0.7503629388126342,0.0014165278789993899,91.42656306959925,0.75,90.0
1779633896.8683765,15.15521240234375,0.7504469524640922,-0.001340723981793581,90.11277363250842,0.75,90.0
1779633897.0477028,15.334538698196411,0.7501618285166858,-0.0014207544782486525,90.07895430216665,0.75,90.0
1779633897.0590675,15.345903396606445,0.750109056168156,-0.0013528158347131968,90.07130084563029,0.75,90.0
1779633897.0756958,15.362531661987305,0.7497745342513605,-0.0014422890537533267,90.01862866835411,0.75,90.0
1779633897.1091056,15.395941495895386,0.7491951145954293,0.0003418038262871172,90.88801961995105,0.75,90.0
1779633897.3298438,15.616679668426514,0.749554865120584,0.001605881244638393,91.50653670720372,0.75,90.0
1779633897.3430557,15.629891633987427,0.7494020039562743,0.00254618466129769,91.93042120430337,0.75,90.0
1779633897.3607135,15.647549390792847,0.7494595643550872,0.001302268296716513,91.3506147602495,0.75,90.0
1779633897.4265194,15.713355302810669,0.7498828122703712,0.0005111556034222919,90.94771448959152,0.75,90.0
1779633897.4403064,15.727142333984375,0.7497856232464862,-0.00012305912018764197,90.66288718200272,0.75,90.0
1779633897.5718262,15.858662128448486,0.7495740089492341,0.0013370659446381675,91.3394843815652,0.75,90.0
1779633897.588582,15.875417947769165,0.750206300264378,0.002375207593947803,91.82262870841977,0.75,90.0
1779633897.6065643,15.893400192260742,0.7504010533580697,0.0012623255515818162,91.27810783225168,0.75,90.0
1779633897.6362023,15.923038244247437,0.7507810518396903,0.002322463345950096,91.7797280892692,0.75,90.0
1779633897.7143354,16.001171350479126,0.7507775533500145,-0.000705907369202417,90.3602706612334,0.75,90.0
1779633897.726635,16.013470888137817,0.7504061213550198,-0.0009769327809401457,90.25249669888474,0.75,90.0
1779633897.7633657,16.050201654434204,0.7501392597623371,-0.0011662937212749188,90.17686311768418,0.75,90.0
1779633897.8072307,16.094066619873047,0.7500442046340133,-0.0012921725347751723,90.1204470744524,0.75,90.0
1779633897.95061,16.237445831298828,0.7506390242826595,-0.0031848691510596846,89.18752018480181,0.75,90.0
1779633897.9662178,16.253053665161133,0.7502940698026965,-0.002876580846620111,89.43124902908968,0.75,90.0
1779633897.9839897,16.270825624465942,0.7503473376095113,-0.0006478545962550575,90.48728943790628,0.75,90.0
1779633898.0157847,16.30262064933777,0.750092474767416,-0.0009355827993611515,90.34104220744268,0.75,90.0
1779633898.0553901,16.342226028442383,0.7515258420271093,-0.000975404958374907,90.23865236942626,0.75,90.0
1779633898.1412895,16.428125381469727,0.7509208780095529,-0.0011648663054233182,90.16698678480626,0.75,90.0
1779633898.1536095,16.44044542312622,0.7507675430984134,0.0005502137021586916,91.0023216325475,0.75,90.0
1779633898.1952405,16.482076406478882,0.7508170452118464,-1.4820703653488148e-05,90.70378029420772,0.75,90.0
1779633898.2354689,16.52230477333069,0.7514847832217174,0.0013725433925231342,91.38801628514753,0.75,90.0
1779633898.2840896,16.57092547416687,0.7503701754807084,0.0041467911985089215,92.72787122006972,0.75,90.0
1779633898.428441,16.715276956558228,0.7503520948950896,0.004267696868091328,92.79493259009557,0.75,90.0
1779633898.4388998,16.725735664367676,0.7501264672956582,0.0025059321000325515,91.9565110377325,0.75,90.0
1779633898.4573982,16.744234085083008,0.7503240384695474,0.0032304750824430884,92.26634877209747,0.75,90.0
1779633898.4881275,16.77496337890625,0.7495309672517729,0.003609805617546044,92.46254825179012,0.75,90.0
1779633898.527063,16.81389880180359,0.7496741189568554,0.0019612482785916654,91.72149462257342,0.75,90.0
1779633898.7193134,17.006149291992188,0.749980862296208,-0.0009586530305055102,90.31905378533345,0.75,90.0
1779633898.74369,17.03052592277527,0.7502872664081517,-0.0011070745759415707,90.20922758530176,0.75,90.0
1779633898.9065096,17.193345546722412,0.7507428890885208,0.0006704682034099048,91.03511228576443,0.75,90.0
1779633898.9181392,17.204975128173828,0.7506316941473214,0.0018357758598743948,91.6095427861205,0.75,90.0
1779633898.9378324,17.224668264389038,0.7511094199631713,0.0008013876557155981,91.1262555068155,0.75,90.0
1779633898.969033,17.255868911743164,0.7514287121285088,7.544625647039642e-05,90.78875934931138,0.75,90.0
1779633899.046449,17.333284854888916,0.7515849191983989,-0.0022297236850839976,89.65660831851953,0.75,90.0
1779633899.0612352,17.348071098327637,0.7512502560000083,-0.00019408650605417578,90.64455978278794,0.75,90.0
1779633899.0987272,17.385563135147095,0.7507816730053297,0.0013610445238561358,91.32878218114432,0.75,90.0
1779633899.1429782,17.429814100265503,0.75104688750224,0.0023912158065883646,91.81535321784757,0.75,90.0
1779633899.2864115,17.57324743270874,0.7502713347585344,0.00496528626374911,93.03130161587761,0.75,90.0
1779633899.2963,17.583135843276978,0.7502850979146961,0.004840750992198818,93.00734054099064,0.75,90.0
1779633899.313365,17.60020089149475,0.7497051605327777,0.0027902138797700786,92.0919966993581,0.75,90.0
1779633899.347546,17.634382009506226,0.7500635149175698,0.0015141204856841254,91.45167280310899,0.75,90.0
1779633899.4770694,17.76390528678894,0.7499186188077054,0.0005801868882142531,91.01523463169686,0.75,90.0
1779633899.566543,17.853379011154175,0.7504576260124044,0.0018454943156293007,91.59579921140687,0.75,90.0
1779633899.5809336,17.867769479751587,0.7504325907205276,0.0026580129593889016,92.00217429821049,0.75,90.0
1779633899.714033,18.000868797302246,0.7503434951135596,0.0013314362037129413,91.41562583651796,0.75,90.0
1779633899.7246995,18.01153540611267,0.7503418104969783,0.0022972177164406627,91.87637340051845,0.75,90.0
1779633899.8132308,18.100066661834717,0.7505303956691834,0.0011704161985844797,91.30024026303403,0.75,90.0
1779633899.861673,18.14850902557373,0.7512746182394374,0.002202533484041381,91.8053109389767,0.75,90.0
1779633899.8740711,18.16090703010559,0.7507552479871182,0.001059997159793529,91.26364660577715,0.75,90.0
1779633899.8907702,18.177606105804443,0.7506328179051927,0.002107672773518858,91.76980862696392,0.75,90.0
1779633899.9233813,18.210217237472534,0.7503558106658101,0.0029727297494730786,92.11644308722094,0.75,90.0
1779633899.964873,18.251708984375,0.7505419448437725,0.003389661917832865,92.37488569643818,0.75,90.0
1779633900.0044978,18.29133367538452,0.7502555498560542,0.0018918237562715063,91.662089274526,0.75,90.0
1779633900.0484464,18.33528232574463,0.7508449237586864,0.0010059421013560441,91.16326735737675,0.75,90.0
1779633900.0933194,18.380155324935913,0.7504496807107149,0.00022227100463373959,90.81415904522837,0.75,90.0
1779633900.1404006,18.427236557006836,0.7501659406265198,-0.00032662166407707244,90.56991852738562,0.75,90.0
1779633900.1896482,18.476484060287476,0.7503904607285684,-0.00062906142733309,90.40126839695779,0.75,90.0
1779633900.2396367,18.526472568511963,0.7503951571580681,0.0009254526813620193,91.16621323910871,0.75,90.0
1779633900.2832248,18.57006072998047,0.7501364875537191,0.00016618413390103435,90.81612131345301,0.75,90.0
1779633900.3323705,18.619206428527832,0.749889213031865,-0.0021426595319722274,89.68421870079273,0.75,90.0
1779633900.382695,18.669530868530273,0.7497771725018393,-0.0019825940602456226,89.7791693853444,0.75,90.0
1779633900.4255936,18.712429523468018,0.7496955108663409,-0.001870214723802193,89.84549374573774,0.75,90.0
1779633900.4727352,18.759571075439453,0.7499347377172574,-0.0036414477155218726,89.00595776420285,0.75,90.0
1779633900.5676239,18.854459762573242,0.7502246583169073,-0.0029876000253330056,89.29117315076135,0.75,90.0
1779633900.7149382,19.001774072647095,0.7500133082103385,-0.0025734871678467887,89.50375348524413,0.75,90.0
1779633900.7292738,19.016109704971313,0.7498614546896932,-0.0022835579404595976,89.65256487346845,0.75,90.0
1779633900.7476652,19.03450107574463,0.7504576157270999,-0.00015939302388671408,90.64243477053888,0.75,90.0
1779633900.7883084,19.075144290924072,0.7496482545342382,0.0012383832460872782,91.32534605321081,0.75,90.0
1779633900.9083707,19.19520664215088,0.7496125383033986,0.00038464395150921,90.92782711141892,0.75,90.0
1779633900.9177055,19.204541444778442,0.7499884125798838,0.0015764459967311903,91.5427329370305,0.75,90.0
1779633900.9385614,19.22539734840393,0.7497370992103219,0.002525960948655478,91.95612191154659,0.75,90.0
1779633901.0098894,19.296725273132324,0.7499132799261324,0.0031336027034230924,92.25455948711361,0.75,90.0
1779633901.046563,19.333398818969727,0.7500422901366282,0.003725920780468535,92.46364908515648,0.75,90.0
1779633901.0617702,19.34860610961914,0.7501228317166935,0.0039731601962463,92.60994832810363,0.75,90.0
1779633901.1006722,19.387508153915405,0.7503250272406964,0.0004499655180745367,90.9411380213212,0.75,90.0
1779633901.1394308,19.42626667022705,0.7503285956555323,0.0015146782191635883,91.54422859379267,0.75,90.0
1779633901.2360501,19.522886037826538,0.7502311026531464,0.0007023304852479398,91.09697267232477,0.75,90.0
1779633901.25274,19.539575815200806,0.7508193880315245,0.00017320070334897074,90.76769491990319,0.75,90.0
1779633901.331785,19.61862087249756,0.7504256049563265,-0.00036067340665405065,90.53726311884049,0.75,90.0
1779633901.3456998,19.632535696029663,0.7504137597146774,0.0011127902237003113,91.2616368569448,0.75,90.0
1779633901.4283273,19.715163230895996,0.750278541261137,0.0002510913536112292,90.8960514292919,0.75,90.0
1779633901.4399567,19.726792573928833,0.7508487781803046,-0.00030740430987259443,90.62654786429714,0.75,90.0
1779633901.4815474,19.768383264541626,0.7511601434838273,0.00122256118887457,91.32511643550667,0.75,90.0
1779633901.5685737,19.855409622192383,0.7508173499607987,0.0003291772540048197,90.94002990840558,0.75,90.0
1779633901.5834851,19.870321035385132,0.7506817868850139,0.001595111399249256,91.5437856758612,0.75,90.0
1779633901.8079417,20.094777584075928,0.7505763977938217,0.0024808900915236167,91.9664886555768,0.75,90.0
1779633901.821624,20.108459949493408,0.7509390019307075,0.0031773287495311447,92.26147864983561,0.75,90.0
1779633901.8365855,20.12342143058777,0.7499611730929109,0.003572824630333679,92.45903312747865,0.75,90.0
1779633902.0013876,20.28822350502014,0.7506172696524451,0.00022105238207608367,90.82508507778942,0.75,90.0
1779633902.0101886,20.297024488449097,0.7502933961520242,-0.00032623928273561235,90.57703684344717,0.75,90.0
1779633902.029248,20.316083908081055,0.7504654904301042,-0.0006666532802384914,90.3907879163068,0.75,90.0
1779633902.0648253,20.351661205291748,0.7503601072212522,-0.0009957112444114538,90.28708030276255,0.75,90.0
1779633902.103003,20.389838933944702,0.7504215328555571,0.0007210400157081586,91.10278012484034,0.75,90.0
1779633902.1867926,20.473628520965576,0.7510628342447573,0.00014219854716114979,90.78440914162542,0.75,90.0
1779633902.2865472,20.57338309288025,0.7507034750033319,-0.0004262747992096901,90.5609646975029,0.75,90.0
1779633902.2981162,20.584952116012573,0.7511174514048354,0.001139600401096438,91.2795737409312,0.75,90.0
1779633902.5790632,20.865899085998535,0.7510850856782264,0.0003590871388255727,90.88296329817662,0.75,90.0
1779633902.600102,20.886937856674194,0.7508776258822675,0.0017844220170576738,91.50342699924784,0.75,90.0
1779633902.6111474,20.89798331260681,0.7505319379774491,0.002579225168515182,91.93044611820119,0.75,90.0
1779633902.7295358,21.016371726989746,0.7504848433561943,0.00317167716532878,92.23722613133282,0.75,90.0
1779633902.7658517,21.052687644958496,0.7508393177313009,0.0036580785094751204,92.45157191175915,0.75,90.0
1779633902.7782395,21.065075397491455,0.7433208606298699,0.017366363061423275,99.19173460889458,0.75,90.0
1779633902.7940817,21.080917596817017,0.7458151509573411,0.013496668344870318,97.32737981045948,0.75,90.0
1779633902.867222,21.15405797958374,0.7475357882968534,0.009060104249472208,95.13223530016415,0.75,90.0
1779633902.8769188,21.16375470161438,0.7483988885942496,0.0077110705252829035,94.47730547074109,0.75,90.0
1779633902.918449,21.20528483390808,0.7496145603728901,0.003120737853584264,92.23861171164761,0.75,90.0
1779633903.1873822,21.474218130111694,0.7499974474431602,0.0017446224099643174,91.5547210815782,0.75,90.0
1779633903.2028615,21.489697456359863,0.7502518705806558,0.0007807677721965805,91.07617738230434,0.75,90.0
1779633903.2214167,21.50825262069702,0.7498822342970867,0.001967959454876658,91.62923701196023,0.75,90.0
1779633903.285339,21.57217502593994,0.7502378955019042,0.0026878195069255564,92.03335413835273,0.75,90.0
1779633903.300444,21.587279796600342,0.7504415426977511,0.001441988602577538,91.4108511526945,0.75,90.0
1779633903.3116033,21.59843921661377,0.750814880353049,0.0024475221615652106,91.87314032792422,0.75,90.0
1779633903.3881736,21.67500948905945,0.7500785530421809,0.003006307372319046,92.1948743185493,0.75,90.0
1779633903.427186,21.714021921157837,0.7501502587578529,0.0034698379121502797,92.42165717772043,0.75,90.0
1779633903.4413264,21.72816228866577,0.750397750198169,0.0019908266735842897,91.68220137993104,0.75,90.0
1779633903.4795532,21.76638913154602,0.7503820647058631,0.0027597357114257388,92.06256513441285,0.75,90.0
1779633903.5228558,21.809691667556763,0.7497337375289199,0.0033929425085395233,92.33057702999989,0.75,90.0
1779633903.7146354,22.001471281051636,0.7507120766921818,0.003924791595200609,92.52642902661671,0.75,90.0
1779633903.7292027,22.01603865623474,0.750231406538942,0.0041710149522519785,92.6440201388879,0.75,90.0
1779633903.7451706,22.03200650215149,0.7504517927003235,0.0024820609663178212,91.83766797961484,0.75,90.0
1779633903.8075435,22.094379425048828,0.7511629158679473,0.0013732378194470168,91.3002832633649,0.75,90.0
1779633903.824304,22.11114001274109,0.7510532594431387,0.0022689651105935946,91.80299281330288,0.75,90.0
1779633903.838316,22.125151872634888,0.7507220188179787,0.0010617895564836006,91.2743607609768,0.75,90.0
1779633903.8694053,22.156241178512573,0.7507168135739484,0.002050213286815538,91.78470229816755,0.75,90.0
1779633903.9113953,22.19823122024536,0.7506137218370152,0.002798738337257991,92.13560472379079,0.75,90.0
1779633903.9479167,22.234752655029297,0.7507640178468904,0.0015227491728194305,91.48166838610793,0.75,90.0
1779633904.1436648,22.430500745773315,0.7508213766820628,0.0006269723476066216,91.02447693544829,0.75,90.0
1779633904.156606,22.44344186782837,0.7508380792287929,-1.1400224719110025e-06,90.70478993587771,0.75,90.0
1779633904.1707864,22.457622289657593,0.7503059904813585,0.0014205085684025592,91.36960550941006,0.75,90.0
1779633904.3320706,22.618906497955322,0.7507951881538798,-0.0012881143106214593,90.0635347499761,0.75,90.0
1779633904.3490865,22.6359224319458,0.7507023772397833,0.0004661674852918347,90.92884650264484,0.75,90.0
1779633904.3612843,22.648120164871216,0.7503533991533498,-0.00015584074558848003,90.65026162619479,0.75,90.0
1779633904.4841006,22.770936489105225,0.7509040900281069,-0.00042796003549028325,90.45518209458233,0.75,90.0
1779633904.5675726,22.854408502578735,0.7512005660761282,-0.0025819045018666727,89.42307931360746,0.75,90.0
1779633904.5836687,22.87050461769104,0.7511597943055718,-0.00032684105555176785,90.49128403023136,0.75,90.0
1779633904.7155845,23.00242042541504,0.7506612434711212,-0.0007109091806778091,90.34385531335587,0.75,90.0
1779633904.726288,23.013123989105225,0.7503159205097416,-0.0009796677725209865,90.24060562568286,0.75,90.0
1779633904.8168926,23.103728532791138,0.7500697688092275,-0.0011678787146318724,90.16837402331704,0.75,90.0
1779633904.8266509,23.113486766815186,0.7495221834698096,0.0004728983371911006,91.00188454935933,0.75,90.0
1779633904.9589007,23.245736598968506,0.7498462600110909,-0.002001391485141382,89.81550712455869,0.75,90.0
1779633904.9670117,23.25384759902954,0.7501841558630067,-0.001838445655671734,89.85733272833637,0.75,90.0
1779633904.9840126,23.270848512649536,0.7499782831219335,-0.0017690281218286296,89.90008346067302,0.75,90.0
1779633905.2383397,23.52517557144165,0.7502533071281818,-0.0016401707636315866,89.93302035010484,0.75,90.0
1779633905.2542164,23.54105234146118,0.7512786722157848,0.0003443865723172933,90.85611757859388,0.75,90.0
1779633905.2709603,23.557796239852905,0.7510045945179022,0.0016064207537785512,91.48474568004194,0.75,90.0
1779633905.3308914,23.617727279663086,0.7508037705232871,0.002489656217447165,91.92476883354139,0.75,90.0
1779633905.430607,23.717442989349365,0.7506587996216143,0.003107793315032241,92.2327770801397,0.75,90.0
1779633905.4434886,23.730324506759644,0.7497632664236933,0.0035238987786777214,92.43902652239112,0.75,90.0
1779633905.6166527,23.903488636016846,0.74984576908356,0.001938281846274154,91.72079430737706,0.75,90.0
1779633905.63288,23.919715881347656,0.7504471832743708,0.0027967297820211024,92.09015171574607,0.75,90.0
1779633905.6475568,23.93439269065857,0.7509463933922784,-0.0003233580874615852,90.56720427736663,0.75,90.0
1779633905.7136254,24.00046133995056,0.7509190155434282,-0.0006658485183009501,90.38445515727709,0.75,90.0
1779633905.7322295,24.019065380096436,0.7508917164971344,-0.0009062932197484641,90.25685623220295,0.75,90.0
1779633905.8144212,24.10125708580017,0.7507621102755052,0.000733381587904307,91.06421835608974,0.75,90.0
1779633905.8554444,24.142280340194702,0.7510452128789767,0.0019520999708923538,91.63032439538432,0.75,90.0
1779633905.871738,24.158573865890503,0.7509451439387611,-0.0009648903148651624,90.25526937372169,0.75,90.0
1779633905.9635487,24.25038456916809,0.7515872069995649,0.0007077470506983718,91.07398703758138,0.75,90.0
1779633906.0040007,24.290836572647095,0.7512207529284672,0.0018615627476441928,91.63688212441458,0.75,90.0
1779633906.04492,24.331755876541138,0.7511278845665631,0.0008643691634020597,91.13293969792704,0.75,90.0
1779633906.0955713,24.382407188415527,0.7510686744435866,0.001913406248448774,91.68606289702936,0.75,90.0
1779633906.1413138,24.428149700164795,0.750054391817183,0.002688040932805262,92.05630041924582,0.75,90.0
1779633906.1853964,24.472232341766357,0.7497432461175959,0.001403781061100209,91.44798225933332,0.75,90.0
1779633906.2334988,24.520334720611572,0.7500752813814855,0.0005427735382908744,91.00116922876049,0.75,90.0
1779633906.2834678,24.570303678512573,0.7505583362904691,0.001818522823890125,91.58609566234732,0.75,90.0
1779633906.3343344,24.62117028236389,0.7502725632122146,0.0007912960148859179,91.11042159046077,0.75,90.0
1779633906.37668,24.66351580619812,0.7500555202594126,7.194961462544361e-05,90.77731400711009,0.75,90.0
1779633906.4333355,24.720171451568604,0.7500640319904749,-0.0004773808390539241,90.55711852709868,0.75,90.0
1779633906.4718623,24.758698225021362,0.7497950192696355,0.0010872418172864597,91.26662358475616,0.75,90.0
1779633906.572174,24.859009981155396,0.7499627513359362,0.0021271241372576325,91.77173556888894,0.75,90.0
1779633906.5814753,24.868311166763306,0.7500728706791109,0.0028544756505996306,92.12548630548119,0.75,90.0
1779633906.7173016,25.00413751602173,0.7501463812551058,0.0033633209192023773,92.37319440191696,0.75,90.0
1779633906.7289877,25.01582360267639,0.7501205812546671,0.0019960675584833527,91.67766412575874,0.75,90.0
1779633906.7669392,25.05377507209778,0.750192715024527,0.0028107065453701345,92.07765140995822,0.75,90.0
1779633906.783107,25.069942951202393,0.7499390184605202,0.003393239850530035,92.33018141716047,0.75,90.0
1779633906.9037485,25.190584421157837,0.7501699572473831,0.003850331111872219,92.5280514078969,0.75,90.0
1779633906.9167793,25.203615188598633,0.7508067223196746,0.0022107791485654928,91.76993690588134,0.75,90.0
1779633906.9327726,25.219608545303345,0.7513502057083411,0.0011444058994095694,91.23667581024988,0.75,90.0
1779633907.0039198,25.29075574874878,0.7499367056302313,0.002044469827998147,91.73162702336926,0.75,90.0
1779633907.0481439,25.33497977256775,0.7500600775522732,0.004654570110737352,92.98716210264227,0.75,90.0
1779633907.0607073,25.347543239593506,0.750132573074104,0.004622867456321418,92.97654367039218,0.75,90.0
1779633907.105501,25.39233684539795,0.7498214459511998,0.00449332255533752,92.9590369491438,0.75,90.0
1779633907.1433713,25.43020725250244,0.7499305958931519,0.002751882786336096,92.07171332317812,0.75,90.0
1779633907.2859383,25.572774171829224,0.7504861153496258,0.003368089529265551,92.3346415933377,0.75,90.0
1779633907.300219,25.58705496788025,0.7508509121983303,0.0037976329110410876,92.5190441562806,0.75,90.0
1779633907.3156064,25.602442264556885,0.7508726993693251,0.0022198622506579505,91.75045350479341,0.75,90.0
1779633907.3806024,25.6674382686615,0.7504853991756798,0.0010718404359960128,91.22556367884181,0.75,90.0
1779633907.4040194,25.690855264663696,0.7505980435318149,0.0003107109058051757,90.84533416520358,0.75,90.0
1779633907.4726408,25.75947666168213,0.7509296864228757,0.001656100495030639,91.4771194639889,0.75,90.0
1779633907.5328858,25.819721698760986,0.7507703544574051,0.0025264374186884306,91.91870674373975,0.75,90.0
1779633907.7199626,26.00679850578308,0.75002985397522,0.003059555843831079,92.2274079921969,0.75,90.0
1779633907.7314398,26.01827573776245,0.7509124656821811,0.003524921483380375,92.45417621302136,0.75,90.0
1779633907.7463589,26.03319478034973,0.7499398975601024,0.0038159727867850216,92.59394961286785,0.75,90.0
1779633907.8567042,26.143540143966675,0.74983324421763,0.0021897578749496827,91.81571766709416,0.75,90.0
1779633907.871082,26.157917976379395,0.7501792064263374,0.0011315396498185058,91.27385755806738,0.75,90.0
1779633907.8871658,26.174001693725586,0.7503155288173179,-0.0015401322351109772,90.00584597323517,0.75,90.0
1779633908.0160801,26.302916049957275,0.749556829486032,0.00027133847072428386,90.88002482313394,0.75,90.0
1779633908.0319858,26.318821668624878,0.7497997445692418,0.0015555079675042252,91.50137874848996,0.75,90.0
1779633908.0665674,26.353403329849243,0.7505237061145212,0.0006045171974144667,91.05081088528098,0.75,90.0
1779633908.108379,26.395214796066284,0.7504731812484413,0.0017885228954250974,91.62099430289041,0.75,90.0
1779633908.1899536,26.476789474487305,0.7509962896751304,0.0007675213282975889,91.13460246703927,0.75,90.0
1779633908.2060232,26.49285912513733,0.7516074303994273,0.0020874395185360396,91.68921206707657,0.75,90.0
1779633908.2859476,26.57278347015381,0.7504439822369434,0.004646033938601379,92.9390560297255,0.75,90.0
1779633908.3312786,26.618114471435547,0.7503811010254423,0.006474786776357593,93.83297218963055,0.75,90.0
1779633908.3773139,26.66414976119995,0.7495703320683607,0.005880911858795306,93.55916300776276,0.75,90.0
1779633908.6176124,26.90444827079773,0.7496024165691881,0.003636341126277731,92.49134255989335,0.75,90.0
1779633908.6351883,26.922024250030518,0.7497356577097426,0.0021857890441600407,91.76096802404706,0.75,90.0
1779633908.6493492,26.936185121536255,0.7507135139432036,0.002914732897892497,92.12711016714974,0.75,90.0
1779633908.8135152,27.100351095199585,0.7505029548934362,0.0016442092673206363,91.48976048284327,0.75,90.0
1779633908.8247006,27.111536502838135,0.7451289879497379,-0.014936226031090186,83.40618037680079,0.75,90.0
1779633908.840643,27.12747883796692,0.7473969806499745,-0.010884271744787248,85.36635364889709,0.75,90.0
1779633908.8639715,27.15080738067627,0.7481162450557336,-0.008105750611715538,86.75677148543856,0.75,90.0
1779633908.889545,27.17638087272644,0.7489267117855756,-0.004310932178377769,88.6153358657474,0.75,90.0
1779633908.995195,27.282030820846558,0.7492488667330232,-0.00169100037955471,89.91029514609514,0.75,90.0
1779633909.009881,27.296716928482056,0.7488228919731686,0.00016764171735901383,90.81223502543413,0.75,90.0
1779633909.028782,27.31561779975891,0.7492922420456435,0.0014839249987429863,91.45349957059939,0.75,90.0
1779633909.1380177,27.424853563308716,0.7497800259950116,0.000472041433510493,91.02009026730707,0.75,90.0
1779633909.1531217,27.43995761871338,0.7499618008065003,0.0016966095978302941,91.59917335564185,0.75,90.0
1779633909.1727822,27.459618091583252,0.7492993919512978,0.004373782027682283,92.87551229143922,0.75,90.0
1779633909.2838912,27.570727109909058,0.7489703794614896,0.004350198504637809,92.8979337901922,0.75,90.0
1779633909.2944226,27.581258535385132,0.7503024003028842,0.004535433531728317,92.93189843127023,0.75,90.0
1779633909.313385,27.600220918655396,0.7505561223198038,0.0027402422373091363,92.03862749413109,0.75,90.0
1779633909.4740765,27.76091241836548,0.7510517859064655,0.0014337227164851185,91.42704531577265,0.75,90.0
1779633909.4898696,27.776705503463745,0.7507353689850065,0.0004407142287522212,90.99527472127906,0.75,90.0
1779633909.5037053,27.790541172027588,0.7502790677255716,0.0017304335630794535,91.57331770501898,0.75,90.0
1779633909.7359524,28.022788286209106,0.7510026072709849,0.0019084354881723753,91.64888129127164,0.75,90.0
1779633909.751245,28.03808093070984,0.7513079728542712,-0.000946522252598774,90.25881711443876,0.75,90.0
1779633909.7862108,28.073046684265137,0.7511660542156489,-0.001102717692812072,90.16889438701962,0.75,90.0
1779633909.8055794,28.09241533279419,0.7509521120282445,0.0005980928248981976,91.0016350309506,0.75,90.0
1779633909.8541937,28.141029596328735,0.750780758089515,0.0017846260756744536,91.58634591665118,0.75,90.0
1779633909.8681738,28.155009746551514,0.7510588337449999,0.0026888103867708643,91.99545949451807,0.75,90.0
1779633909.9081562,28.194992065429688,0.7510174671183805,0.0031886383344057793,92.29090240978763,0.75,90.0
1779633909.9489737,28.235809564590454,0.7505817497012348,0.0017503647045001428,91.60360759758336,0.75,90.0
1779633909.9953678,28.282203674316406,0.7497144520060581,0.0025739686135330727,91.998568291585,0.75,90.0
1779633910.1886315,28.475467443466187,0.749672936516292,0.0013199383229419122,91.3989575621697,0.75,90.0
1779633910.2060132,28.492849111557007,0.7503028722798459,0.002363476158682142,91.86464449004502,0.75,90.0
1779633910.2220943,28.508930206298828,0.750483645498436,0.0012155298056052166,91.2924564846566,0.75,90.0
1779633910.2528563,28.539692163467407,0.7506231865615023,0.002331606520315635,91.80012543147582,0.75,90.0
1779633910.2923856,28.579221487045288,0.7510951836797073,0.0011473825193134737,91.26018268587381,0.75,90.0
1779633910.3920865,28.678922414779663,0.7506256040557681,0.0003213250550806587,90.88198260981159,0.75,90.0
1779633910.6196964,28.906532287597656,0.7507153041470354,-0.00021321525120786972,90.60423769665063,0.75,90.0
1779633910.636761,28.92359685897827,0.7507589407795213,-0.000550770558952369,90.42575285376071,0.75,90.0
1779633910.6765258,28.963361740112305,0.7510526338289427,0.0010536306005770268,91.18329972059229,0.75,90.0
1779633910.6956856,28.982521533966064,0.7506067947184744,0.0002552729268638684,90.82853321439156,0.75,90.0
1779633910.7258818,29.012717723846436,0.7500480044314791,-0.0003753520130907171,90.5582382720277,0.75,90.0
1779633910.8622649,29.14910078048706,0.7499177533906934,-0.000740631106002402,90.38892580103477,0.75,90.0
1779633910.8708625,29.157698392868042,0.7498062944776436,-0.0010008311414153072,90.27237828202884,0.75,90.0
1779633910.9101746,29.19701051712036,0.7506966471353991,-0.0010652016460625338,90.2042151442059,0.75,90.0
1779633911.0484142,29.33525013923645,0.7510405052705644,0.0006930509876906194,91.02885215672588,0.75,90.0
1779633911.0619752,29.348811149597168,0.7506232908731091,0.001980791094387071,91.59821641286229,0.75,90.0
1779633911.0790854,29.36592125892639,0.7501468730527215,0.004675843524165462,92.8869669443472,0.75,90.0
1779633911.1429539,29.429789781570435,0.750011997820464,0.0027921229751675645,92.02146147713209,0.75,90.0
1779633911.1567647,29.44360065460205,0.7502950065271421,0.0032624396299697485,92.30861416187699,0.75,90.0
1779633911.2380638,29.52489972114563,0.7500725305763916,0.001966540240193316,91.61624457444726,0.75,90.0
1779633911.2490048,29.5358407497406,0.7509548884369271,0.0029268998705327806,92.02622099947519,0.75,90.0
1779633911.2874048,29.574240684509277,0.7501181524869563,0.003339773996142965,92.30201207823352,0.75,90.0
1779633911.411673,29.698508977890015,0.7499586742603248,0.0018554668508283005,91.6117359216918,0.75,90.0
1779633911.4434917,29.730327606201172,0.7505156574630976,0.0027391046720448217,92.01346462586294,0.75,90.0
1779633911.5688822,29.85571813583374,0.7503891684666748,0.0015182105183962583,91.40669689843212,0.75,90.0
1779633911.5820842,29.86892008781433,0.7502580819275994,0.000704016113032129,91.0009427358713,0.75,90.0
1779633911.6004906,29.88732647895813,0.7500392933365343,1.1434778438702657e-05,90.70034844671127,0.75,90.0
1779633999.6352654,0.004976511001586914,0.7587806502729215,0.0255369428681278,135.76583814168083,0.75,135.0
1779633999.6387649,0.008476018905639648,0.7586732880732284,0.02833339221416145,133.58120694363777,0.75,135.0
1779633999.6470068,0.016717910766601562,0.757702872055807,0.025850934594393735,135.99085914409665,0.75,135.0
1779633999.6528244,0.02253556251525879,0.7534978309013047,0.026876917624180582,133.0759401831916,0.75,135.0
1779633999.685311,0.055022239685058594,0.7670187599947423,0.030938789047911044,134.62080969523606,0.75,135.0
1779633999.6903882,0.06009936332702637,0.7561242538681584,0.026085555776770006,135.99985676190815,0.75,135.0
1779633999.7012184,0.07092952728271484,0.7576512408390838,0.02849563977319501,133.7459054226171,0.75,135.0
1779633999.710288,0.07999920845031738,0.7610845477519926,0.02482675545101619,135.52640151628705,0.75,135.0
1779633999.807199,0.1769101619720459,0.7648549880870444,0.03015225684627898,134.40622633929692,0.75,135.0
1779633999.8131716,0.18288278579711914,0.7593706172277506,0.0256399869138855,135.98507315779003,0.75,135.0
1779633999.8199902,0.18970131874084473,0.7670090449142196,0.03102172148746335,134.71452201742463,0.75,135.0
1779633999.8270583,0.19676947593688965,0.7633795922033558,0.024786306848372464,135.6595776727167,0.75,135.0
1779633999.8380117,0.20772290229797363,0.7545131392086878,0.028177195521263812,133.77446867605877,0.75,135.0
1779633999.8581111,0.22782230377197266,0.7663347383490655,0.023967649528403884,135.3270927256056,0.75,135.0
1779633999.9472098,0.3169209957122803,0.7682065373332533,0.023623734064407362,135.2049492903181,0.75,135.0
1779633999.9570649,0.32677602767944336,0.7517432902394101,0.026893564584878807,133.36082095975348,0.75,135.0
1779633999.9623034,0.3320145606994629,0.7598223294584598,0.026175982124669303,136.41996765038854,0.75,135.0
1779633999.9793012,0.3490123748779297,0.7633837334186427,0.024818410371803254,135.73339646254908,0.75,135.0
1779633999.9951155,0.36482667922973633,0.7511664472859658,0.026332539919285886,133.08373848426297,0.75,135.0
1779634000.0858698,0.4555809497833252,0.7545838300017096,0.027000142781528666,133.30095024962992,0.75,135.0
1779634000.0975778,0.4672889709472656,0.7555181106307378,0.027222105066425514,133.51132803728783,0.75,135.0
1779634000.1093252,0.4790363311767578,0.7510237840437519,0.0260569308754703,133.19626331748591,0.75,135.0
1779634000.1186438,0.4883549213409424,0.7606505347880282,0.025512814425330196,136.0067318891477,0.75,135.0
1779634000.1901371,0.5598483085632324,0.754041332644658,0.026962603134539936,133.47643141667416,0.75,135.0
1779634000.1964447,0.5661559104919434,0.7640296275219091,0.02479969840767038,135.58633694710707,0.75,135.0
1779634000.2343311,0.6040422916412354,0.7537360572117178,0.02704277061172572,133.6954573730829,0.75,135.0
1779634000.2458394,0.6155505180358887,0.7659811680395953,0.02394228934133745,135.105737495744,0.75,135.0
1779634000.2514248,0.621135950088501,0.7568448582757221,0.027419274162768556,133.5701419681536,0.75,135.0
1779634000.2910254,0.6607365608215332,0.7590354982385358,0.027884447700721113,133.49521168948638,0.75,135.0
1779634000.2962153,0.665926456451416,0.7680895764855775,0.023619813040119758,134.97816250427735,0.75,135.0
1779634000.5217657,0.8914768695831299,0.759087357405002,0.027953116189004784,133.51081008608708,0.75,135.0
1779634000.540711,0.9104220867156982,0.7591027316526626,0.028080579336190417,133.57786847991608,0.75,135.0
1779634000.5479276,0.9176387786865234,0.7597673422306744,0.02611811021734288,136.14466190331433,0.75,135.0
1779634000.5551336,0.9248447418212891,0.7499018369083547,0.02537053025898517,132.49310560522136,0.75,135.0
1779634000.5706463,0.9403574466705322,0.7585966239082385,0.026777006088564703,136.4599939713879,0.75,135.0
1779634000.8127568,1.1824679374694824,0.7581002494910495,0.027027801694297707,136.6161745322555,0.75,135.0
1779634000.8156872,1.1853983402252197,0.7538974622245863,0.026486179009312702,132.80723780896534,0.75,135.0
1779634000.8246653,1.1943764686584473,0.7527499960105083,0.02847556288476441,137.29205660677357,0.75,135.0
1779634000.8297715,1.1994826793670654,0.7564815078202503,0.027110720152629164,133.102837925234,0.75,135.0
1779634000.8371263,1.2068374156951904,0.7585011006574048,0.02770633015010776,133.23394451586074,0.75,135.0
1779634000.8441708,1.2138819694519043,0.7589508150486595,0.02677701204413306,136.49342578582574,0.75,135.0
1779634000.904724,1.274435043334961,0.7537964677604417,0.02653680808581714,132.98544463027963,0.75,135.0
1779634000.91065,1.2803611755371094,0.7627475250819147,0.02552192907458034,135.9339911526718,0.75,135.0
1779634000.9184177,1.2881288528442383,0.7566988254664591,0.027201866636184263,133.11194989702042,0.75,135.0
1779634000.940725,1.3104362487792969,0.7603289051623954,0.026180265606792985,136.15304080047162,0.75,135.0
1779634000.9436533,1.3133645057678223,0.7532009008225021,0.026264729796526096,132.68376943306063,0.75,135.0
1779634001.0011907,1.3709018230438232,0.7496104020911115,0.02538449985606664,132.45217947448117,0.75,135.0
1779634001.0165963,1.3863074779510498,0.7589852370374945,0.026565162119137092,136.33105567811972,0.75,135.0
1779634001.096059,1.4657702445983887,0.7627840950526568,0.02508761860370856,135.6676879869834,0.75,135.0
1779634001.1022067,1.4719178676605225,0.7505780915605722,0.02595280978401987,132.7412356730782,0.75,135.0
1779634001.1080818,1.4777929782867432,0.7518919030588695,0.026312968312359436,132.74345840836145,0.75,135.0
1779634001.143951,1.5136620998382568,0.7659321504736762,0.024676496132049003,135.51018024063978,0.75,135.0
1779634001.1500752,1.5197863578796387,0.7550577430920908,0.027162904129026638,133.08768990705366,0.75,135.0
1779634001.2364204,1.6061315536499023,0.7574210025608872,0.02764453033161897,133.31002750476068,0.75,135.0
1779634001.2487242,1.6184353828430176,0.7575512969534768,0.027834598459928236,133.57634894199163,0.75,135.0
1779634001.2541099,1.6238210201263428,0.7629080883615905,0.025515794075390785,135.88015469475235,0.75,135.0
1779634001.2887695,1.6584806442260742,0.7605392871302665,0.026092775179861513,136.20652115132378,0.75,135.0
1779634001.295521,1.6652321815490723,0.7648659101271075,0.02971234387997189,134.27631644305345,0.75,135.0
1779634001.382419,1.7521302700042725,0.7638156456634538,0.02502867458083298,135.7233164092254,0.75,135.0
1779634001.3870275,1.7567386627197266,0.7699772583741608,0.031032749330211246,134.7649515212732,0.75,135.0
1779634001.3972504,1.7669615745544434,0.7611486693701561,0.02574650754301784,136.08979673769653,0.75,135.0
1779634001.4064302,1.7761414051055908,0.7599169838821183,0.028525839651634147,133.91200731686985,0.75,135.0
1779634001.4766192,1.8463304042816162,0.7648615195203418,0.02486431681956007,135.66286659111086,0.75,135.0
1779634001.486212,1.8559231758117676,0.7605695244984667,0.028517397457840654,133.87149449505137,0.75,135.0
1779634001.4923663,1.8620774745941162,0.755703046908527,0.0271679424649975,133.33096323988406,0.75,135.0
1779634001.5038805,1.873591661453247,0.7617107239880757,0.025435144748664776,135.85352994263545,0.75,135.0
1779634001.625021,1.994732141494751,0.7514632827539043,0.026056053502183707,132.9172893048429,0.75,135.0
1779634001.6308684,2.000579595565796,0.7594181289410056,0.025808399553864728,135.96666919520186,0.75,135.0
1779634001.6363697,2.0060808658599854,0.7546919046245929,0.02698851815983054,133.18831975134708,0.75,135.0
1779634001.6425323,2.0122435092926025,0.7581512913139963,0.026037720121121488,136.1295617253072,0.75,135.0
1779634001.75937,2.1290812492370605,0.751569096488942,0.026102398649221606,132.84661212573104,0.75,135.0
1779634001.7799892,2.149700403213501,0.748576589997225,0.02531270130816321,132.58207630885596,0.75,135.0
1779634001.7826033,2.1523144245147705,0.7527924213038173,0.027789283209263743,136.95141754932504,0.75,135.0
1779634001.7893474,2.1590585708618164,0.752206105967689,0.026343548850584805,132.793240516139,0.75,135.0
1779634001.9009633,2.270674467086792,0.7534973972189106,0.027422536767018557,136.8179039608626,0.75,135.0
1779634001.9111912,2.28090238571167,0.7500562245631767,0.025667985274352614,132.46234137680017,0.75,135.0
1779634001.91828,2.2879910469055176,0.7589610583224459,0.025985011658380464,136.16787650906525,0.75,135.0
1779634001.9251528,2.2948639392852783,0.7455930197102563,0.02473507775471004,132.2218893104077,0.75,135.0
1779634001.9326596,2.30237078666687,0.7550495081510862,0.026701108118876604,136.39271008007242,0.75,135.0
1779634001.9510212,2.320732355117798,0.7500462250337775,0.02579127376122907,132.60233847041187,0.75,135.0
1779634002.0107577,2.3804688453674316,0.7595583227788785,0.02844473280133207,133.60725117757545,0.75,135.0
1779634002.0242593,2.393970489501953,0.7591586002864338,0.028450625964497253,133.72521490991952,0.75,135.0
1779634002.0306962,2.400407314300537,0.7606254358787348,0.025543166012192753,135.88258789308242,0.75,135.0
1779634002.0423381,2.4120492935180664,0.7594590374186828,0.026203168479296185,136.23289405917046,0.75,135.0
1779634002.0550244,2.4247355461120605,0.7685964428591999,0.023583767352149912,135.05463627954651,0.75,135.0
1779634002.0654151,2.435126304626465,0.7601040060956642,0.028666282467920814,133.76057846934572,0.75,135.0
1779634002.1441169,2.5138280391693115,0.7555945163172736,0.027286638723677925,133.1405522783024,0.75,135.0
1779634002.1584437,2.5281548500061035,0.7736537205020938,0.02179605093363797,134.15854416182376,0.75,135.0
1779634002.1644943,2.534205436706543,0.7520224958407721,0.026216532154378025,132.8402551914401,0.75,135.0
1779634002.171096,2.5408072471618652,0.7749614213573289,0.021725018690787454,134.22793411968834,0.75,135.0
1779634002.3302221,2.6999332904815674,0.7469443256939486,0.027138257844030192,133.91010740160942,0.75,135.0
1779634002.344824,2.7145352363586426,0.7441775118148499,0.02578004612932651,133.45962048581634,0.75,135.0
1779634002.3539407,2.723651885986328,0.7729772167261475,0.02203861787303822,134.30658967640204,0.75,135.0
1779634002.3625019,2.732213020324707,0.7499077788381316,0.026680324835412217,133.42373203353802,0.75,135.0
1779634002.368821,2.738532066345215,0.7708823538738164,0.02209303099803471,134.0775843958407,0.75,135.0
1779634002.3921416,2.761852741241455,0.7708674479254306,0.022079655167008938,134.09538011717257,0.75,135.0
1779634002.5202165,2.889927625656128,0.7455034605361287,0.025301383124521654,133.1050667716612,0.75,135.0
1779634002.5275948,2.897305965423584,0.7661983504532923,0.023447778704316843,134.8233537678474,0.75,135.0
1779634002.5461369,2.9158480167388916,0.7506063268701241,0.02628203079367776,133.31063466767714,0.75,135.0
1779634002.5513089,2.921020030975342,0.7683505327614707,0.02323887800192069,134.76660223804154,0.75,135.0
1779634002.5550086,2.92471981048584,0.774714680624985,0.021219425654721832,133.88563896456458,0.75,135.0
1779634002.5713336,2.941044807434082,0.7541740904582257,0.02697046660538692,133.45476148053356,0.75,135.0
1779634002.5822594,2.9519705772399902,0.7690282057069899,0.031083725825849964,134.83243496585874,0.75,135.0
1779634002.589373,2.9590842723846436,0.7744101910529021,0.02176811911630236,134.25949091800285,0.75,135.0
1779634002.7126992,3.0824103355407715,0.7642090588287305,0.024839365799704624,135.64155448653048,0.75,135.0
1779634002.7202117,3.0899229049682617,0.7669949120212847,0.0305079850389625,134.52769821360747,0.75,135.0
1779634002.729155,3.0988662242889404,0.7615163385634267,0.02561562057043204,136.03704253454026,0.75,135.0
1779634002.735069,3.1047801971435547,0.7720208848831798,0.03171604762458058,134.78764150852552,0.75,135.0
1779634002.7417643,3.1114754676818848,0.7594314812323978,0.025794929477410897,136.07854555170542,0.75,135.0
1779634002.8180037,3.1877148151397705,0.7636168366639179,0.02488669069236571,135.64469148013532,0.75,135.0
1779634002.8317423,3.201453447341919,0.756244687285702,0.026647024316637694,136.45912980890876,0.75,135.0
1779634002.837724,3.207435131072998,0.7490966641390933,0.03041796659895174,135.6247558409863,0.75,135.0
1779634002.874143,3.24385404586792,0.7613854364852544,0.025485813076525893,135.91005725526736,0.75,135.0
1779634002.8793309,3.24904203414917,0.7483699215991176,0.02842720708210647,134.58888566625615,0.75,135.0
1779634002.9148428,3.2845540046691895,0.7453143116190956,0.026646292687764667,133.9731864889833,0.75,135.0
1779634002.9201188,3.289829969406128,0.7546090713071426,0.027329694179638417,136.78426459973323,0.75,135.0
1779634002.9504852,3.3201963901519775,0.7596842160809312,0.025904624472996032,136.13101756738513,0.75,135.0
1779634002.956022,3.325733184814453,0.7555386494682905,0.02873861079667138,134.5391163062621,0.75,135.0
1779634003.0922701,3.4619812965393066,0.7523991703728308,0.0273277926541331,133.68208183976458,0.75,135.0
1779634003.101355,3.4710662364959717,0.7604723517752411,0.025305556982004096,135.7583488960037,0.75,135.0
1779634003.1069777,3.476688861846924,0.7644563828434412,0.02457041921579496,135.44839465444113,0.75,135.0
1779634003.1152883,3.484999418258667,0.7544750870822654,0.027560998549490026,133.6540644735016,0.75,135.0
1779634003.1240802,3.493791341781616,0.757352212722073,0.027781313535651997,133.54104107808806,0.75,135.0
1779634003.1409304,3.510641574859619,0.7665554144093861,0.023726851279581046,135.07821557261886,0.75,135.0
1779634003.1563005,3.5260117053985596,0.7536596589869662,0.02666950184131632,132.98264016223519,0.75,135.0
1779634003.2885492,3.6582603454589844,0.75661905492334,0.027288131381051878,133.1139679910305,0.75,135.0
1779634003.2947445,3.6644556522369385,0.7685412179548944,0.0237147826185881,135.090423883962,0.75,135.0
1779634003.3017673,3.671478509902954,0.7578805943491818,0.027721203883469242,133.18185732760188,0.75,135.0
1779634003.3094132,3.679124355316162,0.7748967714791084,0.02156686499616331,134.12289612169883,0.75,135.0
1779634003.3405204,3.7102315425872803,0.7799285242058575,0.02038842762679799,133.59474665177726,0.75,135.0
1779634003.344577,3.7142882347106934,0.7582818452288786,0.027913935109205798,133.35550296378375,0.75,135.0
1779634003.3642838,3.733994960784912,0.7823560040813303,0.01930523895311176,133.01127052218007,0.75,135.0
1779634003.376647,3.7463581562042236,0.7589325497311745,0.028021955517283578,133.39955420866661,0.75,135.0
1779634003.389006,3.7587170600891113,0.7648761358137748,0.029728878411775045,134.0701053430794,0.75,135.0
1779634003.4320636,3.801774740219116,0.7740304438765186,0.021703148209457665,134.11662256404273,0.75,135.0
1779634003.564585,3.934296131134033,0.7699197489444108,0.031217400205980086,134.63263281969904,0.75,135.0
1779634003.5734513,3.943162441253662,0.7684698613176305,0.02314723114363483,134.82091273388838,0.75,135.0
1779634003.5789895,3.9487006664276123,0.767775103675174,0.030487714724280565,134.37286478653974,0.75,135.0
1779634003.5870938,3.9568049907684326,0.7367918278421931,0.031408355423353726,138.7936889875066,0.75,135.0
1779634003.5973334,3.9670445919036865,0.742321115696672,0.030222519426869085,138.24063187506445,0.75,135.0
1779634003.636481,4.006192207336426,0.7649490649906354,0.0298763459728911,134.275058272239,0.75,135.0
1779634003.6402667,4.0099778175354,0.746377157294252,0.029397791725090786,137.7907087383382,0.75,135.0
1779634003.6697063,4.039417505264282,0.7545010137263821,0.027431355915304684,136.84349265674246,0.75,135.0
1779634003.6763513,4.046062469482422,0.7632151009362648,0.029424209180687902,134.11566665033973,0.75,135.0
1779634003.717148,4.086859226226807,0.7630236940510918,0.02916475811672735,134.02562924668365,0.75,135.0
1779634003.7258956,4.095606803894043,0.7548881611960978,0.027436506047815737,136.80994473681224,0.75,135.0
1779634003.758904,4.128615140914917,0.7673633680025457,0.03061371914767959,134.6643961787177,0.75,135.0
1779634003.7647724,4.134483575820923,0.7604395046430368,0.026042485158337736,136.15555160790817,0.75,135.0
1779634003.8061495,4.175860643386841,0.7579354797540698,0.02826138027784643,133.79174213555982,0.75,135.0
1779634003.8167114,4.18642258644104,0.7646103516548126,0.02513668467794021,135.78583212374488,0.75,135.0
1779634003.860707,4.2304182052612305,0.76198773523293,0.02978830616233062,134.42980616785087,0.75,135.0
1779634003.8646624,4.234373569488525,0.7672342258585404,0.024422494133813213,135.43834711081064,0.75,135.0
1779634003.9105484,4.280259609222412,0.7562053781153448,0.02798675777818599,133.5331057519322,0.75,135.0
1779634003.9162054,4.285916566848755,0.7734441789038845,0.022142518516045484,134.28971631764475,0.75,135.0
1779634003.99818,4.367891073226929,0.7729563603265293,0.022286393525714696,134.40845273917046,0.75,135.0
1779634004.0055845,4.375295639038086,0.7483936426740225,0.027012659627113064,133.3868336607869,0.75,135.0
1779634004.01261,4.382321119308472,0.7576811131065156,0.029234242998177992,134.0837787757521,0.75,135.0
1779634004.024411,4.394122123718262,0.7730731754909409,0.02242379785800308,134.47425768404145,0.75,135.0
1779634004.05044,4.420151233673096,0.7588418470216083,0.028954738723190238,134.06954734066622,0.75,135.0
1779634004.1395862,4.5092973709106445,0.773051908824377,0.022556738734334558,134.5354860061981,0.75,135.0
1779634004.1457508,4.5154619216918945,0.7536248411024778,0.027306376969254684,133.41956004190058,0.75,135.0
1779634004.1524546,4.522165775299072,0.7503372303215898,0.026261446317762574,132.82595644020063,0.75,135.0
1779634004.1581125,4.5278236865997314,0.7726237354562713,0.022559722477139346,134.5673244851898,0.75,135.0
1779634004.240994,4.610705137252808,0.7621223653924494,0.02514950546597898,135.66284506014634,0.75,135.0
1779634004.2494085,4.619119644165039,0.7511542347950849,0.02667346017008583,133.02787118411186,0.75,135.0
1779634004.2560952,4.6258063316345215,0.7594667878597792,0.025683245615851946,135.8627325826124,0.75,135.0
1779634004.263732,4.633443117141724,0.7547568469941327,0.027292187239759,133.29233228494,0.75,135.0
1779634004.300595,4.670306205749512,0.7565134442094757,0.0277307454787422,133.28349308388343,0.75,135.0
1779634004.3047597,4.674470901489258,0.7635753975312295,0.02458578585362807,135.4658810541112,0.75,135.0
1779634004.378988,4.748699188232422,0.7600188386391528,0.02567858959539171,135.93028282316106,0.75,135.0
1779634004.386818,4.756529092788696,0.7582480344472786,0.02816228495460993,133.44951987776014,0.75,135.0
1779634004.398204,4.76791524887085,0.7540908229198849,0.026921005564614284,133.04142398894675,0.75,135.0
1779634004.6279995,4.997710704803467,0.7566432779473473,0.027495755626443838,133.23362807263698,0.75,135.0
1779634004.6339536,5.00366473197937,0.758068699735811,0.026071628690051377,136.06889866334745,0.75,135.0
1779634004.6391876,5.008898735046387,0.7583993224181376,0.02782157376917968,133.40120285980348,0.75,135.0
1779634004.6504982,5.020209312438965,0.7515486954380151,0.026217449973415297,132.9171816040911,0.75,135.0
1779634004.6622267,5.031937837600708,0.762148174388315,0.025029821428669732,135.64215475436893,0.75,135.0
1779634004.7168765,5.08658766746521,0.7649958452811827,0.02427161491506241,135.32545427329555,0.75,135.0
1779634004.7244866,5.094197750091553,0.7547630006190205,0.027103092515634752,133.18920273490025,0.75,135.0
1779634004.7330763,5.102787494659424,0.7558019841249457,0.02750524669506292,133.4395871962637,0.75,135.0
1779634004.7383978,5.108108997344971,0.7669904888579769,0.02347559541187648,134.96546141658195,0.75,135.0
1779634004.7463753,5.116086483001709,0.7629096860516283,0.02437504145395454,135.2666024042426,0.75,135.0
1779634004.753307,5.123018264770508,0.7525798928627745,0.02647729335225807,132.91589933297948,0.75,135.0
1779634004.787241,5.156952142715454,0.7557750792885622,0.027262262606360776,133.1049293536676,0.75,135.0
1779634004.7910798,5.160790920257568,0.7603745218127298,0.025219710414272414,135.6927661959542,0.75,135.0
1779634004.8518407,5.221551895141602,0.7588143322593016,0.025873778625131877,136.0690090583799,0.75,135.0
1779634004.858172,5.2278831005096436,0.751487413478473,0.026127161906902424,132.750224147454,0.75,135.0
1779634004.8714507,5.241161823272705,0.7320368387988895,0.023662354801812696,132.83211908743652,0.75,135.0
1779634004.876858,5.2465691566467285,0.7574412177254612,0.026245333704423432,136.24010881500607,0.75,135.0
1779634004.996822,5.366533279418945,0.7351758739064491,0.023577847469471627,132.67248876714166,0.75,135.0
1779634005.0025384,5.372249603271484,0.7622515826764517,0.02521198007463439,135.7637550505857,0.75,135.0
1779634005.0108452,5.380556344985962,0.7650910598205508,0.024201259933127717,135.3992774835492,0.75,135.0
1779634005.0189111,5.388622283935547,0.7330942149540745,0.02236353809197089,131.89001707085615,0.75,135.0
1779634005.0359128,5.405623912811279,0.7665651222508885,0.02381108083097469,135.28506333077834,0.75,135.0
1779634005.039058,5.408769130706787,0.7476853969434807,0.025922459261393638,133.02340966196167,0.75,135.0
1779634005.0999625,5.4696736335754395,0.7680398034640135,0.023196477230873258,134.9661443434701,0.75,135.0
1779634005.1032195,5.472930669784546,0.7471530814912867,0.025340439070775628,132.56276128538192,0.75,135.0
1779634005.1107593,5.480470418930054,0.7695776347060977,0.023342821023827398,135.01133994545762,0.75,135.0
1779634005.122261,5.491972208023071,0.7519934674073411,0.026372780512574814,132.79682656947665,0.75,135.0
1779634005.1968396,5.5665507316589355,0.7474419657394703,0.025134761830477956,132.44714212376127,0.75,135.0
1779634005.2107463,5.580457448959351,0.7652265786256307,0.02455539253747112,135.5835002788864,0.75,135.0
1779634005.2182982,5.588009357452393,0.7677177969705551,0.02402961561164474,135.30920306671575,0.75,135.0
1779634005.2300963,5.599807500839233,0.7464828655217899,0.024809934012074583,132.3250964539623,0.75,135.0
1779634005.2413995,5.611110687255859,0.7505213713100413,0.026010199200804857,132.70886026926232,0.75,135.0
1779634005.379395,5.749106168746948,0.7693930491239082,0.023443639615060657,135.08699038882511,0.75,135.0
1779634005.3907712,5.760482311248779,0.7598629151154509,0.028599987093381005,133.67066557990972,0.75,135.0
1779634005.4072526,5.776963710784912,0.7696326461907884,0.022972446834627,134.73734222958822,0.75,135.0
1779634005.4168165,5.786527633666992,0.765382706681439,0.024027149333800346,135.25531127097673,0.75,135.0
1779634005.4320345,5.801745653152466,0.7554140591946026,0.027241512756291955,133.07350882667532,0.75,135.0
1779634005.4336193,5.803330421447754,0.7545603144598503,0.02737942572091591,133.3221499278092,0.75,135.0
1779634005.4431121,5.812823295593262,0.7623642950030284,0.025056892508861228,135.77154170317323,0.75,135.0
1779634005.44988,5.819591045379639,0.7517190219789976,0.026388599755652636,132.8367475464108,0.75,135.0
1779634005.5654774,5.93518853187561,0.7497193137122107,0.025698731143176057,132.49235351252923,0.75,135.0
1779634005.5734146,5.9431257247924805,0.7656679383035407,0.024367938977313777,135.42985371351287,0.75,135.0
1779634005.5809813,5.950692415237427,0.7444402361259448,0.02588309978689679,133.01412741598443,0.75,135.0
1779634005.5892842,5.958995342254639,0.7734679396337276,0.022362317227427708,134.50532534358132,0.75,135.0
1779634005.5970109,5.966722011566162,0.7501540882759036,0.026839130461914176,133.20243000032966,0.75,135.0
1779634005.6636684,6.033379554748535,0.7888258722161766,0.017772144175982704,132.39539863255217,0.75,135.0
1779634005.6726387,6.042349815368652,0.7541118589864553,0.027512710000644716,133.31860317803546,0.75,135.0
1779634005.6812468,6.050957918167114,0.7514559647197431,0.026305856675353775,132.81786859683538,0.75,135.0
1779634005.8539915,6.223702669143677,0.7593701464581911,0.028586524952624176,133.85080119794335,0.75,135.0
1779634005.8671615,6.236872673034668,0.7788853691229126,0.020430499576324146,133.62307997932544,0.75,135.0
1779634005.8786335,6.248344659805298,0.7597807054214625,0.02863308438907325,133.68841892984074,0.75,135.0
1779634005.8869472,6.256658315658569,0.7657189475944288,0.030148870929978727,134.24973459664878,0.75,135.0
1779634005.894785,6.264496088027954,0.7669867992551822,0.023572209203942082,135.04720704675447,0.75,135.0
1779634005.9241598,6.29387092590332,0.7683383003634287,0.023263849682953516,134.91492243625618,0.75,135.0
1779634005.9280527,6.297763824462891,0.7649769308127721,0.02983253130286101,134.04037867211275,0.75,135.0
1779634006.0012457,6.370956897735596,0.7616788284338577,0.02892149369361996,133.81894284276618,0.75,135.0
1779634006.0155268,6.3852379322052,0.7563122138666474,0.02735440221021833,133.32470863434662,0.75,135.0
1779634006.05442,6.424131155014038,0.7687371761590535,0.022942986098407003,134.67091138205421,0.75,135.0
1779634006.060646,6.430357217788696,0.7578174491907536,0.027860681848185076,133.6017227385412,0.75,135.0
1779634006.184814,6.554525136947632,0.7643394978004461,0.02407088002717163,135.1374495834669,0.75,135.0
1779634006.1901598,6.559870958328247,0.7594362728387173,0.028231944546071502,133.58341202399757,0.75,135.0
1779634006.1979184,6.56762957572937,0.7551144742020003,0.026984718100905247,133.01237401899695,0.75,135.0
1779634006.213905,6.583616256713867,0.7651766907017402,0.024394946755238678,135.376855050002,0.75,135.0
1779634006.216323,6.586034059524536,0.7616699557583627,0.025097657386371208,135.69754756597865,0.75,135.0
1779634006.237202,6.606913089752197,0.7540883056531583,0.026978997115849432,133.27875016107714,0.75,135.0
1779634006.2560928,6.6258039474487305,0.7619410781525975,0.025227137014102452,135.7653690610025,0.75,135.0
1779634006.2808728,6.650583982467651,0.7644568975252957,0.024231049910559688,135.21427504163373,0.75,135.0
1779634006.286522,6.656233072280884,0.7515862961074671,0.026002494056179284,132.80240944144907,0.75,135.0
1779634006.3285022,6.698213338851929,0.7536072562827487,0.026734991043123824,133.17104494100016,0.75,135.0
1779634006.3341584,6.703869581222534,0.7572203007106266,0.026540819304796584,136.31018052919114,0.75,135.0
1779634006.3795428,6.749253988265991,0.7615564180472431,0.025360578642873735,135.8110805049476,0.75,135.0
1779634006.3858762,6.755587339401245,0.7468276022166895,0.026103661907210862,133.22263854937054,0.75,135.0
1779634006.427608,6.797319173812866,0.7577809785154151,0.028569190552059975,134.11256534964235,0.75,135.0
1779634006.4342208,6.803931951522827,0.7597256589419608,0.02569349594445905,136.00751761603306,0.75,135.0
1779634006.4722195,6.841930627822876,0.758619751551182,0.028624500825106508,133.85343618468136,0.75,135.0
1779634006.4785526,6.848263740539551,0.7638660957313501,0.02488965234903602,135.731807498113,0.75,135.0
1779634006.6200194,6.989730596542358,0.766749442004397,0.024323780017011798,135.53491641508526,0.75,135.0
1779634006.6298993,6.999610424041748,0.7534618894387873,0.027078169172676025,133.26614901112853,0.75,135.0
1779634006.6356833,7.005394458770752,0.7687513342266776,0.023855650499310238,135.26841772070682,0.75,135.0
1779634006.6455429,7.015254020690918,0.7606529379033288,0.029149354557305815,134.12490792248073,0.75,135.0
1779634006.68787,7.057581186294556,0.7614589547645457,0.02912929763291175,133.96282029098666,0.75,135.0
1779634006.6922486,7.061959743499756,0.7602312414566564,0.026278359054077258,136.3496840587395,0.75,135.0
1779634006.7077048,7.077415943145752,0.7540160781461333,0.02793654505981366,137.16323354954483,0.75,135.0
1779634006.7129545,7.082665681838989,0.7621573343097064,0.029001119171592593,133.82832023857537,0.75,135.0
1779634006.9622433,7.331954479217529,0.7570213110912932,0.027520759112970944,133.18374700439148,0.75,135.0
1779634006.967748,7.337459087371826,0.7540823829069822,0.027689482808999022,137.00599947089552,0.75,135.0
1779634006.9920244,7.361735582351685,0.7643789973255805,0.02945877318307316,133.9934316789843,0.75,135.0
1779634007.0001204,7.369831562042236,0.7549593121701063,0.02767244660585111,137.00292169436636,0.75,135.0
1779634007.0043743,7.374085426330566,0.7579008510819103,0.027759686850918786,133.23937619301157,0.75,135.0
1779634007.0192916,7.389002799987793,0.75005666419327,0.028833853997432587,137.53947825431476,0.75,135.0
1779634007.0283494,7.39806056022644,0.7570875305860737,0.02709899367107718,136.79740547947566,0.75,135.0
1779634007.0319974,7.401708602905273,0.76502644758893,0.029831313296400125,134.04380970496518,0.75,135.0
1779634007.0566354,7.42634654045105,0.7512910056106907,0.028311149950911163,137.2447037504779,0.75,135.0
1779634007.0636115,7.4333226680755615,0.7590348649250109,0.028099194680596226,133.33559226727223,0.75,135.0
1779634007.1407802,7.510491371154785,0.7569918364479405,0.026400206697529016,136.24369229941524,0.75,135.0
1779634007.148542,7.5182530879974365,0.7549669002361555,0.02680020800328517,132.8141295685495,0.75,135.0
1779634007.2373245,7.6070356369018555,0.763618785621204,0.028900978611541547,133.57975437755223,0.75,135.0
1779634007.2472153,7.616926431655884,0.7520116946346982,0.028111681707970418,137.16310923469007,0.75,135.0
1779634007.2535768,7.623287916183472,0.7683098215383475,0.03011369555422798,134.17867316505686,0.75,135.0
1779634007.5232332,7.8929443359375,0.7634423638646641,0.024956846686915307,135.71336641513358,0.75,135.0
1779634007.530641,7.900352239608765,0.7713681185408761,0.031043290973108845,134.69393698191251,0.75,135.0
1779634007.537684,7.907395124435425,0.7602444859923285,0.02548509923543299,135.8314601469904,0.75,135.0
1779634007.5557718,7.925482988357544,0.7675351501099289,0.03031224282024718,134.51188609540935,0.75,135.0
1779634007.572188,7.941899061203003,0.7662578998135989,0.029943522937142655,134.2263180922324,0.75,135.0
1779634007.6206641,7.990375280380249,0.7545628553765028,0.026573312261658016,133.06988837942885,0.75,135.0
1779634007.6260169,7.995728015899658,0.7677565740739929,0.023064338899710046,134.71201389062125,0.75,135.0
1779634007.6462028,8.015913963317871,0.7572368769619562,0.02715110148110675,133.20291834170524,0.75,135.0
1779634007.6627011,8.03241229057312,0.7684224551562967,0.022682311868715804,134.45409973001296,0.75,135.0
1779634007.9012713,8.270982503890991,0.7636181903039784,0.02387073021519688,134.9198695429182,0.75,135.0
1779634007.912758,8.282469272613525,0.7665632224553541,0.02353996204732295,134.83870264078382,0.75,135.0
1779634007.9218664,8.291577577590942,0.7590959692451938,0.027635163490923334,133.26096620125918,0.75,135.0
1779634007.9306111,8.30032229423523,0.825374058852495,0.05057299356351721,143.31243402533195,0.75,135.0
1779634007.9391758,8.308887004852295,0.767760155823387,0.022921128543588506,134.4969031479986,0.75,135.0
1779634008.0011868,8.370898008346558,0.7683892785175297,0.022571526291434177,134.29554538653252,0.75,135.0
1779634008.013278,8.382989168167114,0.7692810732649038,0.022326471267997264,134.26262226970837,0.75,135.0
1779634008.0192854,8.388996601104736,0.8005707102363918,0.04214865556747607,139.9071224135523,0.75,135.0
1779634008.054875,8.424586057662964,0.7917449953844958,0.0392458951472255,138.75437532325424,0.75,135.0
1779634008.1404293,8.510140419006348,0.7653300875862561,0.02407277543479168,135.25323649838796,0.75,135.0
1779634008.146707,8.516418218612671,0.7817353164299438,0.035961509496048094,137.32613549883413,0.75,135.0
1779634008.1613889,8.531100034713745,0.7758891334964843,0.03369604164506082,136.26826861256342,0.75,135.0
1779634008.165257,8.534968137741089,0.7677414953164147,0.023676292274296976,135.0671153484622,0.75,135.0
1779634008.172855,8.542566061019897,0.7639859833311998,0.02480294669485493,135.63275299480117,0.75,135.0
1779634008.193415,8.56312608718872,0.7765779401123918,0.033655756752847696,136.04361734595363,0.75,135.0
1779634008.2371168,8.606827974319458,0.7565123969710812,0.026591301457328825,136.45298563136038,0.75,135.0
1779634008.2435317,8.613242864608765,0.7771951814317197,0.033691761902873596,135.91662631451482,0.75,135.0
1779634008.2558732,8.625584363937378,0.756106898293516,0.02658421872955702,136.4707400900188,0.75,135.0
1779634008.261216,8.630927085876465,0.7725740170069131,0.03217614419551054,135.35805153264525,0.75,135.0
1779634008.3309238,8.700634956359863,0.7612917213443893,0.0254428850747999,135.9187383744137,0.75,135.0
1779634008.3417566,8.711467742919922,0.7692178734281125,0.030896446662080593,134.64468541071992,0.75,135.0
1779634008.3524888,8.7221999168396,0.764378033718141,0.024581384451458355,135.53105562818095,0.75,135.0
1779634008.3828733,8.752584457397461,0.761815653513657,0.02544822105386664,135.89358682281204,0.75,135.0
1779634008.4747107,8.844421863555908,0.7674481679300719,0.03034990780635978,134.32307448848692,0.75,135.0
1779634008.4803462,8.850057363510132,0.7595251589460964,0.02582997674453183,136.00188179432826,0.75,135.0
1779634008.4904308,8.86014199256897,0.7607455239206113,0.028457764071729508,133.53535366468316,0.75,135.0
1779634008.496862,8.866573095321655,0.7586529993919827,0.026395704605642792,136.30709973393007,0.75,135.0
1779634008.6240456,8.993756771087646,0.7676694776095782,0.030269108196835273,134.0977574588755,0.75,135.0
1779634008.6532946,9.023005723953247,0.7648563841707595,0.029726136619333515,134.07605759979765,0.75,135.0
1779634008.659478,9.029189109802246,0.7577928000039815,0.026712178404000905,136.4336734347109,0.75,135.0
1779634008.6675556,9.037266731262207,0.7625428126761165,0.025610304175464282,136.03755856983142,0.75,135.0
1779634008.6735806,9.043291807174683,0.7670862527650611,0.030706348423081828,134.50632050690882,0.75,135.0
1779634008.7271638,9.096874952316284,0.7658860572873912,0.030115210898241984,134.316144517414,0.75,135.0
1779634008.7337272,9.103438377380371,0.7558667669025231,0.027491446672718148,136.88677060555057,0.75,135.0
1779634008.856504,9.226215124130249,0.7496176114718427,0.028833283276920682,137.4029670557186,0.75,135.0
1779634008.8680193,9.237730503082275,0.7512082400649306,0.028407205662618437,137.2657440604759,0.75,135.0
1779634008.879269,9.248980045318604,0.7718590888442508,0.03196585766019544,135.1126480990014,0.75,135.0
1779634008.8880155,9.257726669311523,0.7524297529068293,0.027864129828479856,137.04895337399319,0.75,135.0
1779634008.9039211,9.273632287979126,0.7627977695179996,0.029486852724075113,134.0780358420497,0.75,135.0
1779634008.9163764,9.28608751296997,0.7578555622109018,0.026103242637416327,136.1234673716327,0.75,135.0
1779634008.9225612,9.292272329330444,0.7576474793476067,0.027763905300136046,133.34964746040384,0.75,135.0
1779634009.0469494,9.41666054725647,0.7481800027033966,0.025768496189677983,132.98960367517614,0.75,135.0
1779634009.05391,9.42362117767334,0.7570343592742331,0.02651276189476298,136.38466713054706,0.75,135.0
1779634009.061139,9.430850267410278,0.7674522229920813,0.02388434069814678,135.17606528218806,0.75,135.0
1779634009.0649228,9.43463397026062,0.7529368020752712,0.026841699655299617,133.16090765654425,0.75,135.0
1779634009.0733063,9.443017482757568,0.7632449883218732,0.02481123969139261,135.53321547083132,0.75,135.0
1779634009.084245,9.453956127166748,0.7494957916804746,0.025833109340403518,132.78755661723767,0.75,135.0
1779634009.138778,9.50848913192749,0.7662173534701349,0.023974232953490077,135.23464940880194,0.75,135.0
1779634009.1458333,9.515544414520264,0.7537605907966937,0.02669583496394773,132.99774480750415,0.75,135.0
1779634009.2344396,9.604150772094727,0.7564002935447485,0.02726688886072562,133.2405784028701,0.75,135.0
1779634009.2406774,9.61038851737976,0.7673574156976407,0.023322983006483944,134.8227024833349,0.75,135.0
1779634009.2476666,9.617377758026123,0.7692430966098713,0.023472165941957265,134.94415703325748,0.75,135.0
1779634009.2564256,9.626136779785156,0.7532401281452809,0.026285666000385552,132.69078150878192,0.75,135.0
1779634009.2884953,9.658206462860107,0.7642424246712725,0.024432769859586964,135.27645089215284,0.75,135.0
1779634009.298339,9.668050050735474,0.7507709419144851,0.02562808041026382,132.3871800015343,0.75,135.0
1779634009.4296265,9.79933762550354,0.7669791214796989,0.023928692228225606,135.0829600766692,0.75,135.0
1779634009.4394612,9.80917239189148,0.7743765329546746,0.022049816361096625,134.2613175468203,0.75,135.0
1779634009.4520795,9.82179069519043,0.7545062774625471,0.02666577073687687,132.73301021668644,0.75,135.0
1779634009.4683611,9.838072299957275,0.7462393595349517,0.024428205642235135,132.05048269151993,0.75,135.0
1779634009.4789171,9.848628282546997,0.7575169077383522,0.02723048762941105,133.04435954679778,0.75,135.0
1779634009.488635,9.858346223831177,0.7638055992620024,0.02468801440752985,135.4914957222885,0.75,135.0
1779634009.6257925,9.995503664016724,0.7527252607439132,0.026103013957563717,132.7147062133459,0.75,135.0
1779634009.6342916,10.004002809524536,0.761008187949544,0.025439014258816103,135.852356155982,0.75,135.0
1779634009.6427548,10.012465953826904,0.7647173951246308,0.02463594651028031,135.4858375319273,0.75,135.0
1779634009.6480474,10.01775860786438,0.7527238536236865,0.0264654296520504,132.91471966985978,0.75,135.0
1779634009.657692,10.027403116226196,0.7543676459614349,0.027064231368514005,133.23738301557032,0.75,135.0
1779634009.6633928,10.033103942871094,0.7569408861080115,0.026739228310865365,136.48561058383328,0.75,135.0
1779634009.6681273,10.037838459014893,0.7602613815390771,0.028887624854009752,133.88321747364947,0.75,135.0
1779634009.7151217,10.084832906723022,0.7563921544121979,0.026929275528767407,136.6204582047026,0.75,135.0
1779634009.7224097,10.092120885848999,0.7611489855474918,0.028843305105368575,133.89730806013088,0.75,135.0
1779634009.7583418,10.128052949905396,0.7536278452332423,0.027031367443605986,133.07874471381012,0.75,135.0
1779634009.771501,10.141212224960327,0.7470718047056697,0.02964809492104059,137.895619915065,0.75,135.0
1779634009.7773106,10.147021770477295,0.7557641536368916,0.027548104806195975,133.4553911399041,0.75,135.0
1779634009.8087711,10.178482294082642,0.7549978082951427,0.027612347401393067,136.91861956489282,0.75,135.0
1779634009.8154776,10.18518877029419,0.7523822993919036,0.02648886334794491,133.05686378924665,0.75,135.0
1779634009.9006734,10.270384550094604,0.7491167458885161,0.025584600301594207,132.71788469116237,0.75,135.0
1779634009.9139314,10.283642530441284,0.7588859047490315,0.028302055313555938,133.67962795934994,0.75,135.0
1779634009.920529,10.290240049362183,0.740125203218363,0.03073937325076069,138.21760884036982,0.75,135.0
1779634010.0024137,10.372124910354614,0.7659610016554913,0.030149664850529806,134.34202175368853,0.75,135.0
1779634010.0070438,10.376754999160767,0.7501314877306929,0.02838097182331073,137.14164952086733,0.75,135.0
1779634010.045652,10.415363073348999,0.7571151800146964,0.02670923888489235,136.38788572751136,0.75,135.0
1779634010.0523856,10.422096729278564,0.7585454522183966,0.028091171907567394,133.6091655719619,0.75,135.0
1779634010.0597403,10.42945146560669,0.7657067522069481,0.030007190459489186,134.28831221152385,0.75,135.0
1779634010.0980055,10.467716693878174,0.7619934642761119,0.02552894759385914,135.85996010545534,0.75,135.0
1779634010.103778,10.473489046096802,0.7595183567504863,0.028218949151676706,133.50656823049908,0.75,135.0
1779634010.1441095,10.51382064819336,0.7551765748148049,0.026976178472164783,132.95887684633036,0.75,135.0
1779634010.1505234,10.52023458480835,0.7654031639438681,0.024697853757365787,135.49026946552473,0.75,135.0
1779634010.1944456,10.564156770706177,0.8047897460958275,0.04266644295297843,139.59146088952264,0.75,135.0
1779634010.1994195,10.569130659103394,0.7617593714777869,0.0253654803825875,135.74111420832116,0.75,135.0
1779634010.2340717,10.603782892227173,0.7640455819076771,0.024663461384758542,135.52425890382736,0.75,135.0
1779634010.2404716,10.610182762145996,0.7970098615930944,0.039953203244115526,138.40781300307586,0.75,135.0
1779634010.281247,10.650958061218262,0.7611260726137324,0.025158254190290538,135.73328011549236,0.75,135.0
1779634010.287384,10.657095193862915,0.7888650734846371,0.037789462621506786,137.75484285750568,0.75,135.0
1779634010.3301136,10.699824810028076,0.7590293352661452,0.025621365415888636,135.88709474818376,0.75,135.0
1779634010.336207,10.705918073654175,0.7812757061736599,0.035134252376152225,136.51022088003472,0.75,135.0
1779634010.5200725,10.88978362083435,0.7750859903192959,0.03319845868202666,135.53125129013577,0.75,135.0
1779634010.5310216,10.90073275566101,0.7584001705200907,0.02621860616471254,136.21417354553884,0.75,135.0
1779634010.537815,10.90752625465393,0.7525859876719854,0.027571582737432418,136.85783721106267,0.75,135.0
1779634010.543079,10.912790060043335,0.7698511027694434,0.03156878297105374,135.05800464384845,0.75,135.0
1779634010.551949,10.92166018486023,0.7597019347795118,0.024283002944770662,134.7563952264915,0.75,135.0
1779634010.5562518,10.925962924957275,0.76231718122649,0.029274438976054182,134.1957530101467,0.75,135.0
1779634010.5882912,10.95800232887268,0.7564400585173374,0.02762989006774584,133.37349067461852,0.75,135.0
1779634010.5932324,10.96294355392456,0.7637574335911308,0.023883202401250456,134.74623277054073,0.75,135.0
1779634010.8130937,11.182804822921753,0.7567814501173235,0.026316800666426707,135.9925478319811,0.75,135.0
1779634010.819519,11.18923020362854,0.750269825941724,0.026189706509345156,132.8858929024267,0.75,135.0
1779634010.8308783,11.200589418411255,0.7547768647999021,0.026989667414307958,132.9529100663913,0.75,135.0
1779634010.8406527,11.210363864898682,0.748678867731044,0.025695784481862535,132.62698085191414,0.75,135.0
1779634010.8501318,11.219842910766602,0.7609889053689413,0.025040705085231374,135.43164905307998,0.75,135.0
1779634010.9033597,11.273070812225342,0.7648801534712755,0.024461036149216256,135.36212365875818,0.75,135.0
1779634010.917741,11.287452220916748,0.7593152668074827,0.028290086232533138,133.63349442194948,0.75,135.0
1779634010.9238498,11.293560981750488,0.7576812496667302,0.028098824680618098,133.52212454045417,0.75,135.0
1779634010.9336977,11.303408861160278,0.7668938553764026,0.02360396548264676,134.9875353032371,0.75,135.0
1779634010.9425886,11.312299728393555,0.7604908948073542,0.028532133453758685,133.60797406757362,0.75,135.0
1779634010.9671285,11.33683967590332,0.7670842372544715,0.030311159192717957,134.29193187056748,0.75,135.0
1779634011.007342,11.377053260803223,0.7683408584344252,0.023304271361936787,134.8891576495085,0.75,135.0
1779634011.093199,11.462910175323486,0.7719916282740386,0.03155437142926887,134.62389301352525,0.75,135.0
1779634011.1020255,11.471736669540405,0.7698451025464698,0.023136794413165462,134.81148816011864,0.75,135.0
1779634011.115907,11.485618114471436,0.7646843622232675,0.02420423063604643,135.18831067123992,0.75,135.0
1779634011.1440558,11.513767004013062,0.767285213769021,0.02376751173429313,135.02056974571988,0.75,135.0
1779634011.1529915,11.522702693939209,0.7694317172864104,0.030710538780409302,134.2563059275453,0.75,135.0
1779634011.2884753,11.658186435699463,0.7621259861206704,0.028709963395429458,133.4854015720331,0.75,135.0
1779634011.2914336,11.661144733428955,0.7634558337708703,0.024800868276051297,135.5244360764756,0.75,135.0
1779634011.2985997,11.66831088066101,0.7629348022039433,0.028947197392831678,133.36086879353311,0.75,135.0
1779634011.305097,11.674808263778687,0.7664766464809851,0.024262383180256974,135.39420153783934,0.75,135.0
1779634011.3133044,11.683015584945679,0.7628172738509318,0.025125327955568544,135.7692763127345,0.75,135.0
1779634011.319457,11.689168214797974,0.7632887106491203,0.028958633727238475,133.34656035888887,0.75,135.0
1779634011.4773042,11.847015380859375,0.756787118600203,0.027305887163948078,132.9324498933798,0.75,135.0
1779634011.491083,11.860794067382812,0.7654053961096621,0.02434770141710073,135.41686276043248,0.75,135.0
1779634011.500065,11.869776248931885,0.7579548610562516,0.027737953703348583,133.03880663759958,0.75,135.0
1779634011.5090725,11.878783702850342,0.7575290472680228,0.026281367765574923,136.3066998207187,0.75,135.0
1779634011.5156608,11.885371923446655,0.7584931945053993,0.028069024898631473,133.18816574487408,0.75,135.0
1779634011.6203127,11.990023851394653,0.7614068700391008,0.024983159621748574,135.60139477023347,0.75,135.0
1779634011.6269186,11.99662971496582,0.7654515502184365,0.030047484412087072,134.012197801893,0.75,135.0
1779634011.6337416,12.003452777862549,0.7582573128791851,0.02807129506747924,133.38180374755004,0.75,135.0
1779634011.641973,12.01168417930603,0.7704842727909971,0.02279553472618792,134.62433173175577,0.75,135.0
1779634011.6804585,12.050169706344604,0.7708101145464404,0.022433044738027208,134.47051703125777,0.75,135.0
1779634011.6865132,12.056224346160889,0.7643985051664239,0.02976658206778421,134.05699252506773,0.75,135.0
1779634011.6934597,12.063170909881592,0.7616835995576055,0.025299199963746466,135.78933089100147,0.75,135.0
1779634011.699044,12.068755149841309,0.7575089544142244,0.027876343709737086,133.40890494910028,0.75,135.0
1779634011.856931,12.22664213180542,0.7538840605075812,0.026545327812249206,132.89561868251087,0.75,135.0
1779634011.8623912,12.232102394104004,0.7706811290046789,0.0230203800349649,134.7557419619081,0.75,135.0
1779634011.876014,12.245725154876709,0.7709690000600045,0.02288635007811554,134.7224389254427,0.75,135.0
1779634011.881961,12.251672267913818,0.7615888316228747,0.028678242493639164,133.6903243703708,0.75,135.0
1779634011.9514308,12.321141958236694,0.7588811382201474,0.027597518423470246,133.15091918806323,0.75,135.0
1779634011.9696403,12.339351415634155,0.7589673612509639,0.02782884268536734,133.32840841831307,0.75,135.0
1779634012.2481103,12.617821455001831,0.7594558891567598,0.028107702922259448,133.30725666701196,0.75,135.0
1779634012.2560153,12.625726461410522,0.7663295720650765,0.024254255881021605,135.3886883706065,0.75,135.0
1779634012.2631984,12.632909536361694,0.7551471489683877,0.02689881778044151,132.82697618148117,0.75,135.0
1779634012.2732813,12.642992496490479,0.7670544861132483,0.023838567740394404,135.23021886023741,0.75,135.0
1779634012.3774617,12.747172832489014,0.7636446592523262,0.025171294470982056,135.80535604125743,0.75,135.0
1779634012.3828068,12.752517938613892,0.7572865571924756,0.027578148429480018,133.12726401053985,0.75,135.0
1779634012.3911505,12.76086163520813,0.7537628348090997,0.02643570852533035,132.67642702771113,0.75,135.0
1779634012.432058,12.801769256591797,0.7665140277824385,0.024494649483987732,135.4828411345745,0.75,135.0
1779634012.4346366,12.80434775352478,0.7551565026644977,0.02703328700146586,133.09139289644108,0.75,135.0
1779634012.5196145,12.889325618743896,0.7509152687728864,0.02590890948535364,132.79603297119127,0.75,135.0
1779634012.5259254,12.895636558532715,0.7622517976609696,0.02542504006410702,135.96646830127258,0.75,135.0
1779634012.5399854,12.909696578979492,0.7543938311511593,0.02670930703730265,133.09605497145807,0.75,135.0
1779634012.5810044,12.9507155418396,0.7549812558959477,0.027168273756703845,136.678606881061,0.75,135.0
1779634012.5922418,12.961952924728394,0.7568259858394325,0.02727057000474359,133.30525026499637,0.75,135.0
1779634012.6655254,13.035236597061157,0.7635016415767454,0.029179494921782054,134.0350333911533,0.75,135.0
1779634012.6729627,13.042673826217651,0.7649676349377873,0.02411231792830351,135.17506542946103,0.75,135.0
1779634012.6862056,13.055916786193848,0.7634159728493031,0.029154532682888798,133.88680979200743,0.75,135.0
1779634012.6905184,13.060229539871216,0.7575787123519271,0.026458611359820333,136.28272571737767,0.75,135.0
1779634012.7577927,13.127503871917725,0.7579728674976575,0.027447124099832507,133.21442684865505,0.75,135.0
1779634012.767064,13.136775255203247,0.761339401371944,0.02507915800871692,135.56023070025628,0.75,135.0
1779634012.7729895,13.142700672149658,0.7541184263582554,0.02686793036731143,136.33724089342735,0.75,135.0
1779634012.7825365,13.152247667312622,0.7595448067761351,0.027942094149367824,133.3120638128244,0.75,135.0
1779634012.8246026,13.194313764572144,0.7597176551713656,0.02546646297011504,135.81759996237085,0.75,135.0
1779634012.8340516,13.203762769699097,0.7653700783033583,0.029829432898721017,134.0027599089044,0.75,135.0
1779634012.8612475,13.230958700180054,0.7634987137556065,0.029317603158269825,133.85817847028213,0.75,135.0
1779634012.8646543,13.234365463256836,0.7579618336904839,0.02581256951309109,135.92683364514312,0.75,135.0
1779634012.9010503,13.270761489868164,0.7570120444016843,0.02625481864172663,136.17956496718966,0.75,135.0
1779634012.9068072,13.27651834487915,0.760168859597049,0.028847068273404886,133.8389069174984,0.75,135.0
1779634012.9958303,13.365541458129883,0.7620040780929486,0.02529151468085057,135.8617819260834,0.75,135.0
1779634013.0058498,13.375560998916626,0.7578205343060131,0.028402725573885526,133.66282019086918,0.75,135.0
1779634013.0182383,13.387949466705322,0.7529104804809172,0.02692362637847713,133.13540254606608,0.75,135.0
1779634013.0936816,13.463392734527588,0.7648748772520596,0.024476891470906773,135.49012712246713,0.75,135.0
1779634013.1024458,13.472157001495361,0.7526586483866893,0.027173195665850414,133.3116339295513,0.75,135.0
1779634013.108378,13.478089094161987,0.7616921950022706,0.02527376517791924,135.83571550604958,0.75,135.0
1779634013.1252766,13.494987726211548,0.7492985580500885,0.026065482408395277,132.89116234774883,0.75,135.0
1779634013.291594,13.66130518913269,0.7430252332241958,0.02409479394953036,132.05697600721797,0.75,135.0
1779634013.2991326,13.668843746185303,0.764693521023476,0.024244665907455748,135.44767081810082,0.75,135.0
1779634013.3045716,13.674282789230347,0.7568786864976833,0.02645450420110257,136.44703631937674,0.75,135.0
1779634013.3084555,13.678166627883911,0.7437704824919003,0.024136537247622283,131.9384644746181,0.75,135.0
1779634013.3202975,13.690008640289307,0.7616447767989628,0.025096378062875305,135.84619124517076,0.75,135.0
1779634013.3349192,13.704630374908447,0.7542950043756829,0.026989058892118556,133.05220907475035,0.75,135.0
1779634013.3514469,13.721158027648926,0.7537242904973304,0.027218835129375493,133.27398105077197,0.75,135.0
1779634013.4759457,13.845656871795654,0.7601577424151192,0.02588693314723159,136.20361054395372,0.75,135.0
1779634013.4850757,13.85478687286377,0.7807159540087032,0.036196367633172605,137.12793761453867,0.75,135.0
1779634013.4919922,13.861703395843506,0.7627284706701676,0.024982727835857102,135.7986689652058,0.75,135.0
1779634013.4973278,13.86703896522522,0.7756678097650042,0.03401942907259517,136.1066840261552,0.75,135.0
1779634013.509102,13.87881326675415,0.7726266597796568,0.032442533953261674,135.2213709716735,0.75,135.0
1779634013.5174387,13.887149810791016,0.7605859018378583,0.025439480006042986,136.008617971825,0.75,135.0
1779634013.5503106,13.920021772384644,0.7744294037862293,0.032840788806608665,135.34014390231764,0.75,135.0
1779634013.5666406,13.936351776123047,0.7638443228147557,0.024569956755530226,135.58394574895905,0.75,135.0
1779634013.7149618,14.084672927856445,0.7618045548105098,0.02549442519010589,136.00944847037727,0.75,135.0
1779634013.723294,14.093005180358887,0.7714147859466278,0.031658487056793375,134.75297097339907,0.75,135.0
1779634013.7286465,14.098357677459717,0.7599103244319649,0.02578941220919667,136.14929893273083,0.75,135.0
1779634013.734577,14.104288101196289,0.7716427579859995,0.032066255071084404,134.97018009199326,0.75,135.0
1779634013.756429,14.126140117645264,0.7676104039264282,0.03098488210409528,134.6759646459984,0.75,135.0
1779634013.7657223,14.135433435440063,0.7536489582709255,0.027272932680734094,136.81390672850043,0.75,135.0
1779634013.8141706,14.183881759643555,0.7654989735682244,0.03031338362739193,134.24615903560408,0.75,135.0
1779634013.821583,14.191294193267822,0.7538060492508151,0.0271037176369565,136.64660483631297,0.75,135.0
1779634013.8548348,14.224545955657959,0.761517896497104,0.029548256699709494,134.0917908974021,0.75,135.0
1779634013.8603323,14.230043411254883,0.7493657396188516,0.028186438823384632,137.1605841345792,0.75,135.0
1779634013.8702338,14.23994493484497,0.7507576280758297,0.02772961682163222,136.87678180719124,0.75,135.0
1779634013.878935,14.248646259307861,0.7627048514410137,0.029331513582040405,133.81423041063928,0.75,135.0
1779634013.9959795,14.3656907081604,0.7466975307556794,0.028706966899490788,137.25933847460013,0.75,135.0
1779634014.0042827,14.373993873596191,0.7627881714070592,0.029165360264234413,133.8248729299296,0.75,135.0
1779634014.0140853,14.383796453475952,0.758704179560535,0.025660588398880302,135.8273141572016,0.75,135.0
1779634014.025076,14.394787073135376,0.7684378976249269,0.030823131446587493,134.45271126729773,0.75,135.0
1779634014.0334768,14.403187990188599,0.7527138972939584,0.027447582620255234,136.72159975816788,0.75,135.0
1779634014.039672,14.409383058547974,0.761425924623112,0.028789057018547753,133.6213675498289,0.75,135.0
1779634014.064906,14.434617042541504,0.7662632364075996,0.030345735499873544,134.386628429502,0.75,135.0
1779634014.0736485,14.443359613418579,0.7583475303523379,0.025983601433394704,136.084966842021,0.75,135.0
1779634014.1877534,14.557464599609375,0.7617751805468498,0.024865658300274138,135.4947590405346,0.75,135.0
1779634014.1966202,14.566331386566162,0.7651951751753091,0.02988248033016594,134.19455388749134,0.75,135.0
1779634014.2036848,14.57339596748352,0.765249230747166,0.024231656075266145,135.23482189643784,0.75,135.0
1779634014.216224,14.585935115814209,0.7592562416675706,0.02804918560150274,133.40645907638162,0.75,135.0
1779634014.2202375,14.589948654174805,0.7527070461490204,0.026542870376613056,132.83198098429847,0.75,135.0
1779634014.385217,14.75492811203003,0.7658616550939874,0.03054117436846711,134.60682310811097,0.75,135.0
1779634014.3908427,14.76055383682251,0.7675221471450038,0.02359444215654717,135.12574949538865,0.75,135.0
1779634014.3979485,14.767659664154053,0.7640043744624775,0.03002778166334398,134.28494871708202,0.75,135.0
1779634014.402479,14.77219009399414,0.758990315895248,0.025752078516590463,136.09673119590803,0.75,135.0
1779634014.4081697,14.777880907058716,0.7637887471024803,0.029746138043529394,134.0691326932791,0.75,135.0
1779634014.4275901,14.797301292419434,0.7626331244351048,0.024671626579748,135.52806989962173,0.75,135.0
1779634014.5210423,14.890753507614136,0.7628340545303854,0.029448015564690372,133.8265193713873,0.75,135.0
1779634014.5276475,14.897358655929565,0.7713408079906626,0.022576893087892666,134.57270380258385,0.75,135.0
1779634014.5342565,14.90396761894226,0.7670306992755413,0.02410013279252704,135.29407826297538,0.75,135.0
1779634014.5502932,14.92000436782837,0.7629661844506869,0.02934128622641921,133.74739339387347,0.75,135.0
1779634014.570435,14.940146207809448,0.76284534691722,0.029107489430633002,133.7665631908084,0.75,135.0
1779634014.7607546,15.130465745925903,0.7629580225806714,0.029104736078848226,133.6997000366786,0.75,135.0
1779634014.7674673,15.137178421020508,0.76926270476027,0.023610328314089254,135.0340704749149,0.75,135.0
1779634014.7808204,15.150531530380249,0.7632298085242675,0.029247022206440543,133.5923216544028,0.75,135.0
1779634014.7967827,15.166493892669678,0.7704990265081944,0.02335363019655365,134.91487570237314,0.75,135.0
1779634014.8130362,15.18274736404419,0.7632250572200023,0.02920239114137274,133.5768880054163,0.75,135.0
1779634014.8564708,15.226181983947754,0.7659095904350517,0.024575716957584995,135.5244134671672,0.75,135.0
1779634014.8627925,15.232503652572632,0.7617547428572045,0.028977728820879872,133.71449916229633,0.75,135.0
1779634014.87145,15.241161108016968,0.7681606983286878,0.02403350180163369,135.25968408496698,0.75,135.0
1779634014.8852842,15.254995346069336,0.7683732891943942,0.030636140799143063,134.22324325634614,0.75,135.0
1779634014.9127343,15.282445430755615,0.7586844661854796,0.028275562588694764,133.49926940649183,0.75,135.0
1779634014.950655,15.320366144180298,0.760326313359284,0.028282007850664717,133.43981128054622,0.75,135.0
1779634014.9621258,15.331836938858032,0.7746341836595851,0.022050065388562703,134.1944001459596,0.75,135.0
1779634014.996202,15.365913152694702,0.7554283350232175,0.02696301999434844,133.0189854206123,0.75,135.0
1779634015.0076227,15.377333879470825,0.7692489792694545,0.023769615097637392,135.04177119599208,0.75,135.0
1779634015.0513473,15.421058416366577,0.7699762225874951,0.02341461339869723,134.9246676860153,0.75,135.0
1779634015.0578752,15.427586317062378,0.7574729821327991,0.02762503821536494,133.25826912926212,0.75,135.0
1779634015.1879373,15.557648420333862,0.7607102662244949,0.025629872927017794,135.95547911674063,0.75,135.0
1779634015.1952686,15.564979791641235,0.7526912120799496,0.02637868905030713,132.86291940347806,0.75,135.0
1779634015.2011135,15.57082462310791,0.7559672689877391,0.027081763301221654,133.03972963082114,0.75,135.0
1779634015.2106974,15.580408573150635,0.7587346664714968,0.025950919072803627,136.0416550239656,0.75,135.0
1779634015.2169259,15.586637020111084,0.757081091371251,0.026238017250202778,136.12511728468786,0.75,135.0
1779634015.221953,15.59166407585144,0.7568254530940656,0.027553863014548402,133.22414313485393,0.75,135.0
1779634015.25198,15.621691226959229,0.7620985150018826,0.025290231140971606,135.83558132795395,0.75,135.0
1779634015.2579646,15.627675771713257,0.7576566697167963,0.02778047489813644,133.4248585226134,0.75,135.0
1779634015.2967196,15.666430711746216,0.770495907531457,0.022956196592686967,134.78947425862194,0.75,135.0
1779634015.3063264,15.676037549972534,0.7581607833108348,0.027950328245516826,133.53808636401928,0.75,135.0
1779634015.5193434,15.889054536819458,0.7660976874899421,0.02431540777329387,135.37271930065896,0.75,135.0
1779634015.5258076,15.895518779754639,0.7649512016215292,0.02986757295458614,134.2889760150913,0.75,135.0
1779634015.5374172,15.90712833404541,0.7644351860586642,0.02963412623143777,134.06555153362126,0.75,135.0
1779634015.5551438,15.92485499382019,0.762634281384537,0.024962892071461573,135.74419110172843,0.75,135.0
1779634015.5689301,15.93864130973816,0.7586198949350842,0.02796019635227827,133.35000831708967,0.75,135.0
1779634015.5814602,15.951171398162842,0.7658617721785708,0.024303050329067002,135.41199390525227,0.75,135.0
1779634015.587914,15.957625150680542,0.7605547502742352,0.028244276064804424,133.25616851968664,0.75,135.0
1779634015.61979,15.989501237869263,0.7628475692751499,0.025252237242043632,135.80838517902893,0.75,135.0
1779634015.6316414,16.001352548599243,0.7558957256229647,0.02699502241314984,132.78324185489902,0.75,135.0
1779634015.6620011,16.031712293624878,0.7550244223957071,0.027075763332127384,132.99049207539105,0.75,135.0
1779634015.7581449,16.127856016159058,0.7552340266297933,0.027004535017953718,136.5264090038377,0.75,135.0
1779634015.7643197,16.13403081893921,0.7463233680589837,0.025279850926595765,132.60213842653255,0.75,135.0
1779634015.774268,16.1439790725708,0.7554934001089836,0.02710625255630625,136.57463154236484,0.75,135.0
1779634015.7858148,16.15552592277527,0.7498747315009491,0.02622956415944369,133.02167557055773,0.75,135.0
1779634015.814714,16.184425115585327,0.7505038385002262,0.028462621750633924,137.25658765270614,0.75,135.0
1779634015.820378,16.190089225769043,0.7488955582794674,0.025688052087928362,132.50641715388124,0.75,135.0
1779634015.8562396,16.225950717926025,0.7556850062238403,0.027970932386115532,133.53282205074925,0.75,135.0
1779634015.8621008,16.231812000274658,0.7568305052931273,0.02670835070014653,136.4649259407228,0.75,135.0
1779634015.9985046,16.368215799331665,0.7565324129801595,0.026933826690562393,136.54840189102052,0.75,135.0
1779634016.0057895,16.375500679016113,0.7572339662169746,0.028200577535070104,133.78321732215238,0.75,135.0
1779634016.0126042,16.382315397262573,0.7534493496607659,0.02693451482447684,133.29722270754704,0.75,135.0
1779634016.017759,16.387470245361328,0.761068242599503,0.025348434611169077,135.81932944928872,0.75,135.0
1779634016.026607,16.396318197250366,0.7646568088284896,0.024607948215241995,135.4784892986545,0.75,135.0
1779634016.0335283,16.403239488601685,0.7562139360333399,0.027495486370281833,133.42781500737433,0.75,135.0
1779634016.0916052,16.461316347122192,0.7667320443943342,0.023993359443228127,135.2234428391952,0.75,135.0
1779634016.0971231,16.46683430671692,0.7529219232136626,0.026291790953767324,132.89153872511827,0.75,135.0
1779634016.1040003,16.473711490631104,0.7560115271829916,0.027132015046152036,133.08650818535548,0.75,135.0
1779634016.1448112,16.514522314071655,0.7516823647796099,0.026030835501350644,132.7474193444333,0.75,135.0
1779634016.1516864,16.521397590637207,0.7632821085957713,0.02477158524731432,135.61156112495974,0.75,135.0
1779634016.2824783,16.65218949317932,0.7610417251181198,0.025579674792004806,135.9482462813294,0.75,135.0
1779634016.2888112,16.658522367477417,0.7665110287882373,0.030085845854403603,134.23550658232404,0.75,135.0
1779634016.305678,16.675389051437378,0.7642078404727597,0.029499829581605352,134.1679275996428,0.75,135.0
1779634016.309713,16.679424047470093,0.7592827756280497,0.026124851783459066,136.24921770065117,0.75,135.0
1779634016.3341858,16.70389699935913,0.7577723013760805,0.026421031978464127,136.36733041011445,0.75,135.0
1779634016.345152,16.714863061904907,0.762757454601926,0.029152062296563044,134.06180159350103,0.75,135.0
1779634016.3796961,16.749407291412354,0.7575406352886028,0.026785486601289446,136.55494178974874,0.75,135.0
1779634016.390695,16.760406255722046,0.7574474278291666,0.027624487150755578,133.347103974249,0.75,135.0
1779634016.47403,16.843741178512573,0.7568327864865132,0.02672200027804282,136.54356643610245,0.75,135.0
1779634016.4794827,16.849193811416626,0.7560205398638428,0.027648600396972728,133.51098228919986,0.75,135.0
1779634016.4893458,16.85905694961548,0.7618040364405563,0.025541313554742914,135.97045952486894,0.75,135.0
1779634016.4955761,16.86528730392456,0.7604381428804047,0.0291369624252924,134.2425557253889,0.75,135.0
1779634016.6702704,17.039981603622437,0.7647301858484024,0.024648469506005993,135.56573098167604,0.75,135.0
1779634016.6829405,17.05265164375305,0.7547400757900686,0.02743307646335752,133.53864414782217,0.75,135.0
1779634016.6983976,17.068108797073364,0.7575292981876951,0.02806980035531645,133.49799407810664,0.75,135.0
1779634016.7071095,17.076820611953735,0.7664264614897661,0.02382924058959436,135.0789870835197,0.75,135.0
1779634016.7692838,17.138994932174683,0.7634908715854251,0.025002675629472698,135.660955697298,0.75,135.0
1779634016.774127,17.14383816719055,0.7595507261662613,0.02833238687742809,133.45642963843807,0.75,135.0
1779634016.8571599,17.226871013641357,0.765462370691642,0.030158410556228213,134.11779445374185,0.75,135.0
1779634016.8611593,17.230870485305786,0.7609911329931982,0.025745642802744717,136.06375243691826,0.75,135.0
1779634016.8679187,17.237629890441895,0.7591853824518556,0.028810972536360738,133.82550596310978,0.75,135.0
1779634016.873291,17.24300217628479,0.7641825824194212,0.02451011914710481,135.47994893814374,0.75,135.0
1779634016.884811,17.25452208518982,0.7586892892472813,0.028504662037409853,133.86448563561098,0.75,135.0
1779634016.8923488,17.262059926986694,0.762010789918237,0.025444655051549192,135.92907614722878,0.75,135.0
1779634016.9185312,17.28824234008789,0.7604309378693866,0.028624884483949925,133.73548201008455,0.75,135.0
1779634017.1411998,17.510910987854004,0.7709163239445739,0.023125169033845996,134.85456354116366,0.75,135.0
1779634017.1555715,17.525282621383667,0.7580243311792683,0.028242536151439693,133.5967931731097,0.75,135.0
1779634017.1702747,17.53998589515686,0.7772989862099507,0.021547196111907974,134.24132612693137,0.75,135.0
1779634017.1878662,17.55757737159729,0.751189059984634,0.02666123127435191,132.91637820213717,0.75,135.0
1779634017.2346323,17.60434341430664,0.7550098764450432,0.02718929549136548,133.1417870605142,0.75,135.0
1779634017.241237,17.610948085784912,0.7756850041303279,0.021989306329126865,134.29718229390326,0.75,135.0
1779634017.2490504,17.61876153945923,0.7520567124365382,0.026256513574829665,132.720098994967,0.75,135.0
1779634017.2604065,17.630117654800415,0.7748800588642476,0.02225360218978259,134.41114621452752,0.75,135.0
1779634017.2951992,17.664910316467285,0.7744192955609916,0.022400625126133708,134.47605922575858,0.75,135.0
1779634017.3012614,17.6709725856781,0.760956956425565,0.028771912264153515,133.68655891245638,0.75,135.0
1779634017.4804502,17.85016131401062,0.7740965227102811,0.0225034591149645,134.521449061676,0.75,135.0
1779634017.4884593,17.85817050933838,0.7604096855833011,0.02865327745783354,133.70004169338296,0.75,135.0
1779634017.4950573,17.864768505096436,0.7580031132282647,0.028381059230546235,133.72633057809313,0.75,135.0
1779634017.512432,17.882143259048462,0.7542790515901588,0.02690145595626954,133.129391758601,0.75,135.0
1779634017.6230192,17.992730379104614,0.7737675236181456,0.02261272485027503,134.56821007491317,0.75,135.0
1779634017.6297357,17.999446868896484,0.7504208676460729,0.025876662120339136,132.76008987699768,0.75,135.0
1779634017.6350448,18.004755973815918,0.7736401251518197,0.022651838276998487,134.58593463043727,0.75,135.0
1779634017.6479733,18.01768445968628,0.7590670387205762,0.028432895706290276,133.62624731277202,0.75,135.0
1779634017.7578218,18.127532958984375,0.7735509096196006,0.022679223570472293,134.59832788435367,0.75,135.0
1779634017.7638643,18.133575439453125,0.7609224406627813,0.028563308394747702,133.46696366992003,0.75,135.0
1779634017.7722497,18.141960859298706,0.7733855499459025,0.02273561455594858,134.62206095238014,0.75,135.0
1779634017.7786467,18.14835786819458,0.7607765520510346,0.028475923540589587,133.47557899297692,0.75,135.0
1779634017.7874467,18.15715789794922,0.7661589525606152,0.030048075912269462,134.12077247940275,0.75,135.0
1779634017.79493,18.16464114189148,0.7633316876941013,0.02524027082032501,135.83005902788273,0.75,135.0
1779634017.8542352,18.22394633293152,0.7644817018377834,0.02966064099389401,133.8584240003162,0.75,135.0
1779634017.8697486,18.2394597530365,0.7663390321413703,0.024495290463748723,135.46917007383786,0.75,135.0
1779634017.9983234,18.368034601211548,0.7684421078981075,0.02397167620070502,135.21656388105694,0.75,135.0
1779634018.0039656,18.373676776885986,0.7631165536426983,0.029181428345903537,133.66325329641788,0.75,135.0
1779634018.010911,18.380622148513794,0.7519071639627739,0.026762395139725656,133.0441042201754,0.75,135.0
1779634018.0331333,18.402844429016113,0.7540790031949481,0.027243861755721674,133.2514213417564,0.75,135.0
1779634018.036229,18.405940055847168,0.7699132441431931,0.0236041082092205,135.0397474217305,0.75,135.0
1779634018.0621507,18.431861877441406,0.762829410113697,0.029366640619282486,134.1211005171242,0.75,135.0
1779634018.0682063,18.437917470932007,0.7647076525411519,0.024525124603419185,135.34210202267926,0.75,135.0
1779634018.1040354,18.47374653816223,0.7673056918290931,0.023993501344672888,135.12916320044627,0.75,135.0
1779634018.1139047,18.48361587524414,0.7518183372496335,0.02696076441229564,133.32651359483816,0.75,135.0
1779634018.145824,18.51553511619568,0.7498594538655683,0.026091837116451924,132.86215798693019,0.75,135.0
1779634018.1527636,18.522474765777588,0.7632959460575349,0.02479192212906578,135.44914763877983,0.75,135.0
1779634018.380045,18.74975609779358,0.766256181364492,0.023959330323074124,135.17736029594798,0.75,135.0
1779634018.3863761,18.75608730316162,0.748445694422919,0.025488046567546316,132.52031278095367,0.75,135.0
1779634018.3955958,18.76530694961548,0.7581127468528795,0.02629945994878599,136.29016490933898,0.75,135.0
1779634018.401481,18.77119207382202,0.7523225068174428,0.026547356200660913,133.04108005739215,0.75,135.0
1779634018.4102585,18.779969692230225,0.7489570061568923,0.025586013031787397,132.68792618771496,0.75,135.0
1779634018.417187,18.786898136138916,0.761377109510642,0.025294398030347637,135.87832730957166,0.75,135.0
1779634018.4437337,18.81344485282898,0.7529514403260461,0.026659168143827544,133.02909421640396,0.75,135.0
1779634018.5202196,18.889930725097656,0.7607123339722219,0.028768375647242786,133.81722841688145,0.75,135.0
1779634018.5265114,18.896222591400146,0.7654841248885754,0.024676440010414163,135.64379710390293,0.75,135.0
1779634018.5317838,18.9014949798584,0.7532622006029183,0.026983866257757075,133.19645986341334,0.75,135.0
1779634018.5387506,18.908461809158325,0.7575563243372049,0.0265002780797388,136.45987423803638,0.75,135.0
1779634018.6159213,18.98563241958618,0.7562909028332694,0.027611883792100597,133.31498717425387,0.75,135.0
1779634018.6234157,18.99312686920166,0.7569234505749473,0.026488950292634567,136.4616994492647,0.75,135.0
1779634018.6340618,19.003772974014282,0.760509123396912,0.02542097380618273,135.98876480752912,0.75,135.0
1779634018.6401403,19.009851455688477,0.7518295665064999,0.02637392814492852,132.89014330040334,0.75,135.0
1779634018.6672757,19.036986827850342,0.7549806059671775,0.02720865139515498,133.1775979960036,0.75,135.0
1779634018.6730576,19.042768716812134,0.7644010680451246,0.024630041280947118,135.58998504577687,0.75,135.0
1779634018.8140082,19.183719396591187,0.7671041299547922,0.02406998556705496,135.3058953116709,0.75,135.0
1779634018.8241014,19.193812608718872,0.7480229722155499,0.02534925714085111,132.44265628855894,0.75,135.0
1779634018.8289876,19.19869875907898,0.7492512426525781,0.025895235394642835,132.75004846692727,0.75,135.0
1779634018.8420851,19.211796283721924,0.7689857918039638,0.023674854999640102,135.10461144183537,0.75,135.0
1779634018.906139,19.27585005760193,0.7641673948892418,0.025097991511537965,135.75712907187503,0.75,135.0
1779634018.9126387,19.282349824905396,0.7571606322417361,0.027690765823904936,133.46943551284025,0.75,135.0
1779634018.9221363,19.291847467422485,0.7584602324546619,0.028092690245186097,133.71213928125871,0.75,135.0
1779634018.9367847,19.306495904922485,0.7654809765110799,0.024421934111597876,135.47103369394293,0.75,135.0
1779634018.9616559,19.331367015838623,0.7628975826390815,0.025425527879228957,135.95548901966626,0.75,135.0
1779634018.9711792,19.340890407562256,0.7566939792971786,0.027984023386828843,133.7553418246097,0.75,135.0
1779634019.0067413,19.376452445983887,0.7660746291290554,0.024633664981414324,135.5670840517706,0.75,135.0
1779634019.0127673,19.38247847557068,0.7583264357373299,0.02813992791381377,133.76775723259584,0.75,135.0
1779634019.1397157,19.509426832199097,0.7579783361844878,0.02647363958272267,136.40802575606634,0.75,135.0
1779634019.1474407,19.517151832580566,0.7536331909010565,0.026841873727293408,133.0705772269107,0.75,135.0
1779634019.1543534,19.524064540863037,0.7480437511721229,0.025559970570471255,132.62720124305767,0.75,135.0
1779634019.1633472,19.533058404922485,0.7620403154287572,0.02530258047755307,135.8677268133305,0.75,135.0
1779634019.173758,19.543469190597534,0.7460514476110037,0.02494143075476281,132.40779672410795,0.75,135.0
1779634019.1926978,19.562408924102783,0.7550208832531422,0.027189110307068845,136.74283789300338,0.75,135.0
1779634019.236693,19.606404066085815,0.7459028206340493,0.024501084675366658,132.20613681624533,0.75,135.0
1779634019.2535677,19.623278856277466,0.7520082560889227,0.027655951697978035,136.98611480548806,0.75,135.0
1779634019.2643974,19.634108543395996,0.7590764556723874,0.025885264120325435,136.1606792712007,0.75,135.0
1779634019.2689185,19.6386296749115,0.7514054580291408,0.025835551391410957,132.5503378026703,0.75,135.0
1779634019.3293736,19.699084758758545,0.7495940379980393,0.025140746507766806,132.2879470661786,0.75,135.0
1779634019.349086,19.718797206878662,0.7535021477278417,0.026244815078103556,132.71789137579958,0.75,135.0
1779634019.3587675,19.72847867012024,0.7679419917416102,0.02359815029296805,135.10444383600083,0.75,135.0
1779634019.3620284,19.73173952102661,0.75854566997589,0.02622772795050668,136.30943997055252,0.75,135.0
1779634019.477046,19.846757173538208,0.764072433357275,0.024730951288578065,135.64719369448358,0.75,135.0
1779634019.487955,19.85766625404358,0.758938063136292,0.028188556686560673,133.73788711301341,0.75,135.0
1779634019.5006902,19.87040138244629,0.7588588654853248,0.028107957308994458,133.74228164686897,0.75,135.0
1779634019.504647,19.87435817718506,0.7662694304769684,0.024067081825439526,135.32818194273636,0.75,135.0
1779634019.5233753,19.893086433410645,0.7678055427421351,0.023600708137732518,135.10483491037442,0.75,135.0
1779634019.5346587,19.904369831085205,0.7645936216247199,0.024627555201076234,135.65631703907567,0.75,135.0
1779634019.5460303,19.915741443634033,0.7533893461288657,0.02653902005892088,132.79781491653353,0.75,135.0
1779634019.615358,19.985069274902344,0.7718136955693036,0.02239368417575012,134.55993214351633,0.75,135.0
1779634019.6319098,20.00162100791931,0.7577200527373157,0.02757179508652703,133.21058830898085,0.75,135.0
1779634019.6405573,20.010268449783325,0.7723147767609189,0.022508990946814716,134.59035312707536,0.75,135.0
1779634019.6455016,20.015212774276733,0.7551118312021908,0.027088375692788796,133.07682524014257,0.75,135.0
1779634019.724237,20.093948125839233,0.7664875319191574,0.023785233951993945,135.05114632922445,0.75,135.0
1779634019.8111122,20.18082332611084,0.7685481622576059,0.02377020384069467,135.08445937897994,0.75,135.0
1779634019.8152456,20.184956789016724,0.7557769120183359,0.026975100619409026,132.90802897753952,0.75,135.0
1779634019.8214922,20.191203355789185,0.751476971171093,0.025929495886475293,132.60877815113162,0.75,135.0
1779634019.8291223,20.198833465576172,0.7596376721753054,0.026121307013422176,136.19054800101665,0.75,135.0
1779634019.8382833,20.20799446105957,0.7542107917390785,0.026778141743537417,132.80263486679368,0.75,135.0
1779634019.9072335,20.276944637298584,0.7631533996063474,0.024813424592546082,135.58812156317245,0.75,135.0
1779634019.9125001,20.282211303710938,0.7486901027933652,0.025598158025883902,132.47970585154033,0.75,135.0
1779634019.9971318,20.3668429851532,0.7499713875945513,0.026211522544201185,132.77408543262365,0.75,135.0
1779634020.003586,20.373297214508057,0.7657998084130585,0.024288018527742067,135.24169268749216,0.75,135.0
1779634020.0101771,20.37988829612732,0.7483268630213877,0.025499354013618608,132.60764479597856,0.75,135.0
1779634020.01554,20.38525104522705,0.7434349316238406,0.029480520594854842,137.47776303012003,0.75,135.0
1779634020.0257463,20.39545750617981,0.7528134444993333,0.026574234250392154,132.89427427689665,0.75,135.0
1779634020.0337174,20.403428554534912,0.7520168041207178,0.02746436105201161,136.6512630358583,0.75,135.0
1779634020.0602937,20.430004835128784,0.7497728521117335,0.025752602160227914,132.46117816477275,0.75,135.0
1779634020.0712953,20.441006422042847,0.7579584773676267,0.026000335652064333,136.04215494377183,0.75,135.0
1779634020.0968332,20.46654438972473,0.7625845279559501,0.025030492482233574,135.61880815831606,0.75,135.0
1779634020.1034696,20.473180770874023,0.7536270525804847,0.026588046732890266,132.86946631726175,0.75,135.0
1779634020.1421466,20.511857748031616,0.751048918217675,0.025839408136647687,132.51501066347407,0.75,135.0
1779634020.2326815,20.60239267349243,0.76527982939543,0.024290016682907173,135.3208821632909,0.75,135.0
1779634020.3303602,20.700071334838867,0.7547027528717145,0.02681428365801866,132.8235000267748,0.75,135.0
1779634020.3393333,20.709044456481934,0.7726592898889654,0.022228030708914034,134.4176774487636,0.75,135.0
1779634020.3453376,20.715048789978027,0.7556113640632147,0.0272428556670931,133.23588253031352,0.75,135.0
1779634020.352459,20.722170114517212,0.7783748566267026,0.020857081180578732,133.80317737022858,0.75,135.0
1779634020.3904822,20.760193347930908,0.7768797248011279,0.021428792466576085,134.0531209234246,0.75,135.0
1779634020.3931472,20.762858390808105,0.7572101024570095,0.027683652077897164,133.2790934673455,0.75,135.0
1779634020.6663933,21.036104440689087,0.7634292546694436,0.029502594526355674,134.0875667058844,0.75,135.0
1779634020.6817567,21.051467895507812,0.7552002070765685,0.02749073872588527,133.398000173536,0.75,135.0
1779634020.6980863,21.067797422409058,0.7655678339686469,0.02442768768872179,135.34020312159453,0.75,135.0
1779634020.707594,21.07730507850647,0.7458150583820404,0.024708962585969663,132.42798258362217,0.75,135.0
1779634020.8169377,21.186648845672607,0.7510741139361604,0.026016507181178997,132.77477622209835,0.75,135.0
1779634020.8248932,21.19460439682007,0.7677043158371474,0.02384187335385181,135.1112282415373,0.75,135.0
1779634020.8378232,21.207534313201904,0.75444442656408,0.026958310974732322,133.09361824807542,0.75,135.0
1779634020.8440769,21.21378803253174,0.7636633854615612,0.02471207576413069,135.45728337566726,0.75,135.0
1779634020.8604596,21.230170726776123,0.7626122463303215,0.029268232411050032,133.9431761868096,0.75,135.0
1779634020.9513123,21.32102346420288,0.756231816436078,0.02680192144401551,136.4721902249368,0.75,135.0
1779634020.9684858,21.338196992874146,0.7613811634489338,0.02559554040436439,135.9203303628283,0.75,135.0
1779634020.978042,21.347753047943115,0.7595897546451207,0.028809328223025066,133.913878978403,0.75,135.0
1779634020.9817452,21.3514564037323,0.7594205704838286,0.028611587983382217,133.78612646323842,0.75,135.0
1779634020.9911282,21.360839366912842,0.764471287406295,0.024673309849860076,135.52241934248704,0.75,135.0
1779634020.9997804,21.369491577148438,0.7605286240062927,0.028849721327466923,133.803823038913,0.75,135.0
1779634021.0445566,21.414267778396606,0.7616634368735046,0.025487130043172768,135.94549373507337,0.75,135.0
1779634021.0602007,21.429911851882935,0.7547526083875331,0.02731467044076133,136.7969233288203,0.75,135.0
1779634021.0712917,21.44100284576416,0.7608691770746805,0.028705038045966927,133.70867244464102,0.75,135.0
1779634021.0756414,21.44535255432129,0.7612994474114202,0.02864817036917637,133.76280756985457,0.75,135.0
1779634021.1869988,21.55671000480652,0.7603493690344267,0.025763653813051554,136.13262413748492,0.75,135.0
1779634021.1941302,21.563841342926025,0.754932245236166,0.02706882993280524,133.23170443112622,0.75,135.0
1779634021.2014885,21.571199655532837,0.7513400507371025,0.02608364951753321,132.72605522615243,0.75,135.0
1779634021.2106676,21.580378770828247,0.7681446009048688,0.02278101739211115,134.647222529073,0.75,135.0
1779634021.2220807,21.59179186820984,0.7691943682219662,0.022720545124950337,134.6461755245399,0.75,135.0
1779634021.2834184,21.65312957763672,0.7651891637401401,0.02415232319032737,135.2726354209216,0.75,135.0
1779634021.2895687,21.659279823303223,0.7554604258769307,0.026929938396453565,132.81974203238232,0.75,135.0
1779634021.3003554,21.670066595077515,0.7626528194685793,0.029161310905013907,133.68748560645804,0.75,135.0
1779634021.3093002,21.679011344909668,0.7623761838799722,0.025147738931620117,135.71032285942476,0.75,135.0
1779634021.339485,21.709196090698242,0.7711673333757547,0.022913380455957144,134.70113720363193,0.75,135.0
1779634021.3464348,21.716145992279053,0.7683448580069298,0.030818588445346295,134.35657303157984,0.75,135.0
1779634021.3797827,21.749493837356567,0.8128961822316042,0.04664657346348247,141.48047216632673,0.75,135.0
1779634021.3839276,21.753638744354248,0.7661108024506121,0.02393783618738428,135.15540765454531,0.75,135.0
1779634021.567005,21.936716079711914,0.7580099952740618,0.026053125010796832,136.23972886877948,0.75,135.0
1779634021.5729105,21.94262170791626,0.7982553099344937,0.041236485005276574,139.12930822023958,0.75,135.0
1779634021.5811384,21.950849533081055,0.7616956014358609,0.024808417888305054,135.54363650430173,0.75,135.0
1779634021.5885398,21.958250999450684,0.788466683785488,0.03744089116342389,137.32398797721794,0.75,135.0
1779634021.5984468,21.96815800666809,0.7752122291693148,0.033314910820305174,135.74665526719826,0.75,135.0
1779634021.6179347,21.987645864486694,0.7602682515285977,0.02565179150414268,135.97358986865072,0.75,135.0
1779634021.6621482,22.031859397888184,0.7636939056681497,0.02473870569982342,135.5765192932655,0.75,135.0
1779634021.6686223,22.038333415985107,0.7716244953853657,0.0320385130490594,135.08506771013222,0.75,135.0
1779634021.6819134,22.051624536514282,0.7613288885736087,0.025556004604495697,135.9235520309507,0.75,135.0
1779634021.6896205,22.05933165550232,0.7693843071893527,0.03111290132751221,134.5548811381193,0.75,135.0
1779634021.7160292,22.085740327835083,0.7703394203462494,0.03166421608603466,134.86986712726,0.75,135.0
1779634021.7207355,22.090446710586548,0.7649406626816023,0.02471766140336401,135.5353400030931,0.75,135.0
1779634021.8066192,22.17633032798767,0.754963732170213,0.027592379017840465,133.41126638882915,0.75,135.0
1779634021.81225,22.181961059570312,0.7724575553742474,0.02254076645014133,134.5749153661606,0.75,135.0
1779634021.8231993,22.19291043281555,0.7563622645651595,0.02796801909314843,133.44407258894458,0.75,135.0
1779634021.829446,22.199157238006592,0.770490692637328,0.022442984534331425,134.2572309413784,0.75,135.0
1779634021.8645372,22.234248399734497,0.7581746012973529,0.028324540870701798,133.57358816508793,0.75,135.0
1779634021.8718631,22.24157428741455,0.7663886359001746,0.023788444802728015,135.04422940985896,0.75,135.0
1779634022.044316,22.414027214050293,0.76242670707205,0.024723919626199756,135.4229802664301,0.75,135.0
1779634022.0609975,22.430708646774292,0.7657209665790125,0.024137243503297504,135.1882691121733,0.75,135.0
1779634022.0731208,22.442831993103027,0.7660902212251204,0.03040847353646109,134.33748721590374,0.75,135.0
1779634022.0807152,22.45042634010315,0.7577964003593365,0.026207115252640426,136.27772165467172,0.75,135.0
1779634022.098095,22.467806100845337,0.7594182378744633,0.028576972853233087,133.65514988376026,0.75,135.0
1779634022.1378171,22.50752830505371,0.7633317884122554,0.029263714931770435,133.83407482534375,0.75,135.0
1779634022.1551816,22.524892807006836,0.768989506057466,0.030841728535382737,134.42438463605188,0.75,135.0
1779634022.1651058,22.53481698036194,0.7570799996268736,0.02637300603750628,136.4747488725899,0.75,135.0
1779634022.2402565,22.609967708587646,0.7646187933673555,0.029837708636951468,134.23472267519332,0.75,135.0
1779634022.253051,22.622762203216553,0.7565896439376958,0.026399441155890643,136.4721177614882,0.75,135.0
1779634022.2568855,22.626596689224243,0.7566893811548575,0.0267605306494815,136.6235890717063,0.75,135.0
1779634022.2839944,22.653705596923828,0.7563139195079385,0.026670442993669788,136.57562599327588,0.75,135.0
1779634022.290638,22.660349130630493,0.7687860517261024,0.030849923301780685,134.73375907868987,0.75,135.0
1779634022.330368,22.700079202651978,0.7614342789029602,0.025502918593719365,135.99153538299444,0.75,135.0
1779634022.3369198,22.70663094520569,0.7671261259684593,0.030320297529537757,134.37886745676485,0.75,135.0
1779634022.617133,22.986844062805176,0.7595585826733788,0.025821526157841196,136.1464082701457,0.75,135.0
1779634022.628227,22.99793815612793,0.7658080527998284,0.029869102554539284,134.1836503882628,0.75,135.0
1779634022.644415,23.01412606239319,0.7579050774131825,0.026076986937555696,136.1701194753281,0.75,135.0
1779634022.6486328,23.018343925476074,0.7647391875412327,0.029660129135600663,134.0738457811451,0.75,135.0
1779634022.6599963,23.029707431793213,0.757155240608592,0.0264959111936013,136.41996904128482,0.75,135.0
1779634022.679576,23.04928708076477,0.7588354097196205,0.02797983459042415,133.355718189718,0.75,135.0
1779634022.7091668,23.078877925872803,0.7563165019235433,0.026692087589608157,136.49443041548165,0.75,135.0
1779634022.9020932,23.271804332733154,0.7501734970097383,0.02823812035897723,137.24742273071467,0.75,135.0
1779634022.908399,23.27811026573181,0.7585726555402188,0.02822072248133807,133.7014057273844,0.75,135.0
1779634022.913597,23.283308267593384,0.7563472596302245,0.026386542941702645,136.27920646484242,0.75,135.0
1779634022.9314742,23.301185369491577,0.7506901995543992,0.027794046494628508,136.8596526370219,0.75,135.0
1779634022.9404862,23.310197353363037,0.7588771387716605,0.028249193155621716,133.67112550098318,0.75,135.0
1779634022.9626145,23.33232569694519,0.7596137272299053,0.029252273538581106,134.33669168559885,0.75,135.0
1779634023.1960707,23.565781831741333,0.7610703685514094,0.029256177595740243,134.144999908082,0.75,135.0
1779634023.2084723,23.57818341255188,0.7615923922836161,0.029044184416018276,133.7224109949745,0.75,135.0
1779634023.2136314,23.58334255218506,0.762201871283942,0.025017169327164815,135.6945205919591,0.75,135.0
1779634023.2186072,23.588318347930908,0.7650195696609393,0.023995102859769607,135.2197756963561,0.75,135.0
1779634023.2240562,23.593767404556274,0.760975057494202,0.028830189176688156,133.68117755270154,0.75,135.0
1779634023.232352,23.602063179016113,0.7613417353959446,0.025212229231595093,135.74564572246786,0.75,135.0
1779634023.529732,23.89944314956665,0.7549936819661395,0.02701472463817345,136.65905328879725,0.75,135.0
1779634023.5369484,23.906659603118896,0.7613913983474414,0.028927343882424794,133.73423465834148,0.75,135.0
1779634023.547078,23.916789054870605,0.7600326700638458,0.02547731929308769,136.02881563210133,0.75,135.0
1779634023.6160977,23.985808849334717,0.764045197876397,0.024663909254632146,135.61249973946968,0.75,135.0
1779634023.623551,23.99326205253601,0.7611480423901098,0.02887755044221832,133.58985105736144,0.75,135.0
1779634023.6302872,23.999998331069946,0.752187941122457,0.02771844041095016,137.02510433360098,0.75,135.0
1779634023.6356583,24.005369424819946,0.7602644919819767,0.028754985752038636,133.71082441411093,0.75,135.0
1779634023.6456819,24.015393018722534,0.7673476144958692,0.03027648246028236,134.218642762254,0.75,135.0
1779634023.6666682,24.03637933731079,0.7585549357871141,0.026242556463712458,136.30717300917306,0.75,135.0
1779634023.6772478,24.046958923339844,0.7628986173212804,0.025236831731763082,135.81942687251936,0.75,135.0
1779634023.6861062,24.055817365646362,0.7646092918613836,0.029734137553536127,134.15307724599575,0.75,135.0
1779634023.8224642,24.19217538833618,0.7559789704424238,0.027656435096495333,133.42583721799772,0.75,135.0
1779634023.827998,24.19770908355713,0.7603168625493747,0.025558066521902026,135.93830404454104,0.75,135.0
1779634023.840236,24.209947109222412,0.7582007530724123,0.028082867450290608,133.47877851373084,0.75,135.0
1779634023.8453517,24.215062856674194,0.7632678222716421,0.024449445803362085,135.3226959469997,0.75,135.0
1779634023.9091096,24.278820753097534,0.7597295382353194,0.028384464771371257,133.50628388504282,0.75,135.0
1779634023.9178693,24.287580490112305,0.7658237036494258,0.0239006356608278,135.1293244048347,0.75,135.0
1779634023.9504087,24.320119857788086,0.7623046973225375,0.0247403734939612,135.4601837795939,0.75,135.0
1779634023.958923,24.32863426208496,0.7663103044177816,0.030271816484699232,134.23345212252224,0.75,135.0
1779634023.968254,24.33796525001526,0.771057212789163,0.03167374540196377,134.70454922778544,0.75,135.0
1779634024.2362783,24.605989456176758,0.7555691539661348,0.02759273118320474,133.33559404641636,0.75,135.0
1779634024.250555,24.62026619911194,0.7628729432289912,0.029458761583296786,134.02108082445508,0.75,135.0
1779634024.2668285,24.636539697647095,0.7649826094553891,0.03043873181096654,134.68297913692368,0.75,135.0
1779634024.3394306,24.709141731262207,0.7651400922646552,0.02410325717603304,135.22288633931186,0.75,135.0
1779634024.3435562,24.71326732635498,0.7645121607140343,0.03002615869237786,134.35974382306026,0.75,135.0
1779634024.351668,24.721379041671753,0.7575917815154937,0.02805450313516783,133.62082566699036,0.75,135.0
1779634024.3619182,24.731629371643066,0.7574591383871738,0.026213306137966713,136.26176290808746,0.75,135.0
1779634024.3691876,24.738898754119873,0.7617024750136074,0.025124303760537675,135.77245043891517,0.75,135.0
1779634024.3737695,24.743480682373047,0.7644710612762275,0.029972262484423168,134.44538710796058,0.75,135.0
1779634024.400926,24.770637273788452,0.7597446461952677,0.025559971850583563,135.9950606932342,0.75,135.0
1779634024.4084,24.778111219406128,0.7559430804390164,0.027814303682638056,133.652199547846,0.75,135.0
1779634024.4356132,24.80532431602478,0.7633075740950522,0.024379330465719218,135.431314034832,0.75,135.0
1779634024.715505,25.08521604537964,0.7653768678666324,0.023625381031562503,134.97243995875138,0.75,135.0
1779634024.7391295,25.108840703964233,0.7584114147826237,0.027956986595911157,133.5474678833284,0.75,135.0
1779634024.7444046,25.114115715026855,0.7624192255646047,0.024577117898694892,135.56795907230196,0.75,135.0
1779634024.7542555,25.123966693878174,0.75441262378752,0.026790964014520094,132.99109807971703,0.75,135.0
1779634024.7635553,25.13326644897461,0.7647445600781387,0.023757897072653286,135.06666873642982,0.75,135.0
1779634024.8124368,25.182147979736328,0.7623175211036521,0.024954718223038297,135.6529086273805,0.75,135.0
1779634024.8192313,25.188942432403564,0.7564786011879824,0.027467479066794115,133.35571069168978,0.75,135.0
1779634024.860678,25.23038911819458,0.7643359389714877,0.029393108949544278,134.04187393479287,0.75,135.0
1779634024.876653,25.2463641166687,0.7656293806432598,0.024294789916692802,135.34548693270395,0.75,135.0
1779634024.8834863,25.25319743156433,0.7974969322836871,0.03942888756832583,137.99607781538884,0.75,135.0
1779634024.9965663,25.36627745628357,0.75762198862742,0.026515225326119732,136.3968138399791,0.75,135.0
1779634025.002983,25.37269425392151,0.7869697346769129,0.0363097915105232,136.74382155343076,0.75,135.0
1779634025.0085049,25.3782160282135,0.7623514639887664,0.025393533014811037,135.86706236507257,0.75,135.0
1779634025.0160966,25.385807752609253,0.7853583947617275,0.03583120286757428,136.4959285441436,0.75,135.0
1779634025.0247605,25.394471645355225,0.7651544129123463,0.024532881562242634,135.48609032422485,0.75,135.0
1779634025.0472665,25.416977643966675,0.7731984699706734,0.03219326549836227,135.10910152559973,0.75,135.0
1779634025.0921144,25.461825609207153,0.7670963887402642,0.023657634969146496,135.0765375646345,0.75,135.0
1779634025.1028762,25.47258734703064,0.7694843581733579,0.03114966662183022,134.5755715958805,0.75,135.0
1779634025.1099076,25.479618787765503,0.7623173045483332,0.024980036216862622,135.61823429305326,0.75,135.0
1779634025.1155531,25.48526430130005,0.7665820715609208,0.030454458236051044,134.27044792302402,0.75,135.0
1779634025.1451166,25.514827728271484,0.7703799848691335,0.03165112453233364,134.68886249689137,0.75,135.0
1779634025.1513774,25.52108860015869,0.7648224873328475,0.024086052830187332,135.13539263487573,0.75,135.0
1779634025.1857982,25.555509328842163,0.757090757278393,0.0261546180602948,136.22063481921128,0.75,135.0
1779634025.1924286,25.562139749526978,0.7681140435717413,0.030789904905387133,134.41828880384588,0.75,135.0
1779634025.2863016,25.656012773513794,0.7600302506510255,0.028542098304553204,133.65465988892785,0.75,135.0
1779634025.291654,25.661365270614624,0.7610782409504963,0.024885247777436934,135.5369340189826,0.75,135.0
1779634025.302033,25.671744108200073,0.7606978249902573,0.02873182062679712,133.7050425583438,0.75,135.0
1779634025.3089643,25.678675413131714,0.7635467040138905,0.02405617764638235,135.0784948992933,0.75,135.0
1779634025.383095,25.752806186676025,0.7654666394206276,0.023375850510093305,134.70797325673956,0.75,135.0
1779634025.3909051,25.760616302490234,0.7532960247337238,0.02682155045486588,132.99889593647066,0.75,135.0
1779634025.402376,25.77208709716797,0.7579629740249597,0.025958677139105477,135.96191437369018,0.75,135.0
1779634025.4728215,25.842532634735107,0.7502182594527118,0.025717858053907375,132.50154505981573,0.75,135.0
1779634025.479754,25.849465131759644,0.7621339941115214,0.02496716175810082,135.5816813919385,0.75,135.0
1779634025.4862378,25.85594892501831,0.7584689629073889,0.028130292737503185,133.51869529538058,0.75,135.0
1779634025.4920728,25.861783981323242,0.755586321170777,0.027048755998584195,136.56713389566744,0.75,135.0
1779634025.5230396,25.89275074005127,0.7664301342706825,0.024262059800920832,135.30033075269523,0.75,135.0
1779634025.6213932,25.99110436439514,0.7739948104428993,0.02228559884058398,134.41340159364609,0.75,135.0
1779634025.6320407,26.00175189971924,0.7545481615173658,0.026752503491485016,132.96341902553309,0.75,135.0
1779634025.669306,26.03901720046997,0.7618302964154026,0.028833213014035852,133.7711545905534,0.75,135.0
1779634025.6750782,26.04478931427002,0.7737992849610077,0.022423002673614703,134.47753871705407,0.75,135.0
1779634025.6820276,26.051738739013672,0.7637759983496635,0.025291929956183165,135.79432083642448,0.75,135.0
1779634025.692791,26.062502145767212,0.7557131367063518,0.027225324800699904,133.21067330395277,0.75,135.0
1779634025.76801,26.137721061706543,0.7609306148239995,0.025596753693906557,135.92055240252662,0.75,135.0
1779634025.7740457,26.143756866455078,0.7626393863396946,0.029332256866911294,133.91449374530046,0.75,135.0
1779634025.7810626,26.150773763656616,0.7646589594335924,0.02474548213707356,135.5325271781619,0.75,135.0
1779634025.7946382,26.16434931755066,0.7620171415483568,0.029160489217683924,133.71400643479734,0.75,135.0
1779634025.8183925,26.188103675842285,0.7667884017418185,0.024082460511549622,135.25692752384592,0.75,135.0
1779634025.824582,26.19429326057434,0.7563979007026441,0.02833847107389402,133.76242220130763,0.75,135.0
1779634025.9013827,26.27109384536743,0.763839439623814,0.025148862909889422,135.7733427365908,0.75,135.0
1779634025.908758,26.27846908569336,0.7478865833865861,0.025418585093276033,132.8230798433082,0.75,135.0
1779634025.9158645,26.28557562828064,0.7523143405151415,0.02635420869162465,133.12704377195573,0.75,135.0
1779634025.9271312,26.296842336654663,0.7613217674592718,0.02554474169344126,135.98061346476726,0.75,135.0
1779634025.950539,26.320250272750854,0.7594834627870215,0.026103490946762342,136.27243591746083,0.75,135.0
1779634025.9578383,26.32754945755005,0.7489329010377944,0.02545178753575239,132.7408924916628,0.75,135.0
1779634026.0952144,26.464925527572632,0.7535209632248323,0.026503806283751735,132.92326401206523,0.75,135.0
1779634026.1032188,26.47292995452881,0.7630873037832906,0.025039070818202516,135.77203514250132,0.75,135.0
1779634026.119419,26.48913025856018,0.7625005875046232,0.028883877280673806,133.6651750071185,0.75,135.0
1779634026.1224952,26.49220633506775,0.7653115662499202,0.024113699605414443,135.2313415235927,0.75,135.0
1779634026.1420977,26.5118088722229,0.7624813081787684,0.025380243164899063,135.81966761005046,0.75,135.0
1779634026.1618826,26.531593799591064,0.7600076436681051,0.025787108100021536,135.9540853546883,0.75,135.0
1779634026.166646,26.536357164382935,0.750485758455854,0.0259475224072004,132.7195169620561,0.75,135.0
1779634026.2007778,26.570488929748535,0.763909795119268,0.024915679993057327,135.5711385271087,0.75,135.0
1779634026.2058144,26.575525522232056,0.7589812549936051,0.028431354934098263,133.56874526455528,0.75,135.0
1779634026.2362487,26.60595989227295,0.7605506981365099,0.028389117005935632,133.4943641922405,0.75,135.0
1779634026.282788,26.652499198913574,0.7713474594616017,0.02275505665366795,134.44226471871232,0.75,135.0
1779634026.2887456,26.658456802368164,0.7671876258864319,0.030200596921587664,134.23316602780773,0.75,135.0
1779634026.3294911,26.699202299118042,0.7718334775818919,0.022782979434627537,134.59658710349197,0.75,135.0
1779634026.338361,26.708072185516357,0.7721589403548832,0.031294567133442835,134.57236638142118,0.75,135.0
1779634026.5200596,26.88977074623108,0.7665036936471332,0.023961259767107168,135.08360711954768,0.75,135.0
1779634026.530619,26.900330066680908,0.7640345702125074,0.029117846421351623,133.7044769175834,0.75,135.0
1779634026.5383594,26.90807056427002,0.7627304134311123,0.024768414714850598,135.41619049107155,0.75,135.0
1779634026.5483043,26.918015480041504,0.763787846950287,0.029111877760230886,133.6551431746277,0.75,135.0
1779634026.5580297,26.927740812301636,0.7604382035114522,0.028565176607197942,133.77900925829474,0.75,135.0
1779634026.5662374,26.935948610305786,0.7660635748613494,0.02426131404088913,135.34248880027616,0.75,135.0
1779634026.5945172,26.96422839164734,0.7614513339377312,0.02860144749080512,133.70131680682795,0.75,135.0
1779634026.5988255,26.968536615371704,0.7682490545654379,0.02380758283833316,135.1279332870787,0.75,135.0
1779634026.6353312,27.00504231452942,0.7683268064026914,0.02376719478962458,135.0821858267263,0.75,135.0
1779634026.6401582,27.00986933708191,0.767417478603888,0.030385054854906515,134.4320809300698,0.75,135.0
1779634026.7191901,27.08890128135681,0.7698571894306498,0.023466615335942104,134.95183316314026,0.75,135.0
1779634026.720999,27.090710163116455,0.7667172412411252,0.02993815427789237,134.01391456273063,0.75,135.0
1779634026.8119488,27.181659936904907,0.7606314257472655,0.025666941076379735,135.97577587713178,0.75,135.0
1779634026.8232484,27.192959547042847,0.7591083120111667,0.028018013724141852,133.4351236076317,0.75,135.0
1779634026.8261554,27.195866584777832,0.7573371212547925,0.027556137262831973,133.38550443838787,0.75,135.0
1779634026.8329828,27.202693939208984,0.7644569376803376,0.02479660108445897,135.57295346292946,0.75,135.0
1779634026.8403862,27.210097312927246,0.7548881615039301,0.026836211256751327,132.91032632531926,0.75,135.0
1779634026.848805,27.2185161113739,0.7563664798404255,0.026689232931405765,136.36237348968066,0.75,135.0
1779634026.9101546,27.279865741729736,0.7609773694572451,0.02547066969829956,135.85181134616812,0.75,135.0
1779634026.916597,27.28630805015564,0.7519312548910024,0.026012916314109194,132.54159079301888,0.75,135.0
1779634026.9956126,27.365323781967163,0.7547220996229613,0.027190994272871236,136.72931244930294,0.75,135.0
1779634027.002179,27.3718900680542,0.749171535460302,0.025358971904153038,132.22073383459195,0.75,135.0
1779634027.0093758,27.37908697128296,0.7603215183019297,0.025869206953853294,136.09900756609676,0.75,135.0
1779634027.0248592,27.394570350646973,0.7480877136502521,0.02488488161700396,132.04515333436882,0.75,135.0
1779634027.0433624,27.413073539733887,0.7445188012154368,0.024256293255393455,131.99036117125553,0.75,135.0
1779634027.0507588,27.420469999313354,0.7641313545623267,0.024973890288542813,135.672950318463,0.75,135.0
1779634027.233291,27.603002071380615,0.7488935529093105,0.025414175315510504,132.44428929302003,0.75,135.0
1779634027.2397168,27.60942792892456,0.7659283849137006,0.024035818836718667,135.13533472960663,0.75,135.0
1779634027.2471633,27.61687445640564,0.744964683439736,0.024645240636034432,132.2279178077072,0.75,135.0
1779634027.2580812,27.627792358398438,0.7627933752362634,0.024769082355013905,135.53588244597535,0.75,135.0
1779634027.26428,27.633991241455078,0.7654797151356841,0.02412298046150825,135.27522793393453,0.75,135.0
1779634027.270574,27.64028525352478,0.7452667281655897,0.024364497121841758,132.09338707205424,0.75,135.0
1779634027.3768976,27.74660873413086,0.7625785283486718,0.025126855865935188,135.71189583740957,0.75,135.0
1779634027.3825428,27.752254009246826,0.749437052212892,0.02556027989046783,132.58580926463952,0.75,135.0
1779634027.3894193,27.759130477905273,0.7523440265256417,0.0264022010734576,132.92751019634883,0.75,135.0
1779634027.4012141,27.770925283432007,0.7644809708561734,0.024461266866487252,135.4698167562846,0.75,135.0
1779634027.4115305,27.78124165534973,0.7490642446676409,0.025529053871125876,132.61855851597832,0.75,135.0
1779634027.4717696,27.84148073196411,0.7665644349372392,0.023880612131325057,135.20616459270755,0.75,135.0
1779634027.4826987,27.852409839630127,0.7525154126692757,0.02649805632943257,132.80697913149157,0.75,135.0
1779634027.4956555,27.8653666973114,0.7557583161905984,0.02727333494421888,133.03907614978928,0.75,135.0
1779634027.4994698,27.869180917739868,0.7686424161511289,0.023551119877937718,135.04310337165384,0.75,135.0
1779634027.6796107,28.04932188987732,0.7514576115274809,0.026137965645792627,132.69776299629018,0.75,135.0
1779634027.6884494,28.058160543441772,0.7588033054895885,0.0260624581410608,136.22422912105299,0.75,135.0
1779634027.6955192,28.06523036956787,0.7541925724669954,0.026924422495265124,132.86319724454174,0.75,135.0
1779634027.7288814,28.098592519760132,0.7529172274139333,0.027473568258710737,136.87780582656234,0.75,135.0
1779634027.73956,28.10927104949951,0.7507281269743145,0.025999044566705085,132.43555228266789,0.75,135.0
1779634027.8126361,28.182347297668457,0.7627164703346773,0.02469009747118138,135.4823529157217,0.75,135.0
1779634027.8191688,28.18887996673584,0.7495614683004086,0.025356019118743953,132.08007583559638,0.75,135.0
1779634027.8243499,28.194061040878296,0.760343667504451,0.025351716886507475,135.75896277825586,0.75,135.0
1779634027.8307953,28.200506448745728,0.7530901731528126,0.026454008664887646,132.72718465073027,0.75,135.0
1779634027.8644905,28.234201669692993,0.7692093273688858,0.02297942955661758,134.72345321173822,0.75,135.0
1779634027.9965758,28.366286993026733,0.7496185267790081,0.025560602200205187,132.48979434615418,0.75,135.0
1779634028.0053523,28.37506341934204,0.7651673358546799,0.024578274078044485,135.45265391715162,0.75,135.0
1779634028.012476,28.382187128067017,0.7676635701005191,0.024041397498508907,135.21478733363463,0.75,135.0
1779634028.0209806,28.39069175720215,0.7524845474649028,0.02640037543811677,132.86491759966378,0.75,135.0
1779634028.0285995,28.398310661315918,0.7502566948139133,0.025707252667159217,132.51455559556874,0.75,135.0
1779634028.0423427,28.41205382347107,0.7682557323050213,0.023490216420653076,134.87704898085414,0.75,135.0
1779634028.1896162,28.559327363967896,0.7598858184281988,0.02602949113441108,136.07392611644042,0.75,135.0
1779634028.1969163,28.566627502441406,0.7529286153888685,0.02650399473333391,132.8815534667884,0.75,135.0
1779634028.2195573,28.589268445968628,0.7427567421681062,0.02603516860564825,133.4835597492869,0.75,135.0
1779634028.2824774,28.652188539505005,0.7639289804909362,0.025049673962403762,135.6399262542357,0.75,135.0
1779634028.2950976,28.664808750152588,0.7435690022705583,0.02526714502889514,132.95570104810088,0.75,135.0
1779634028.302506,28.67221713066101,0.7668264732236605,0.024440544343653114,135.47986908475372,0.75,135.0
1779634028.3805268,28.750237941741943,0.7687891977496666,0.023934439910470978,135.22560722772215,0.75,135.0
1779634028.384786,28.754497051239014,0.7551337676019799,0.028039755364826585,133.79969919150727,0.75,135.0
1779634028.4243777,28.79408884048462,0.7701590940968795,0.023578568978285877,135.0468387408309,0.75,135.0
1779634028.4271293,28.79684042930603,0.7569812786845971,0.028226941543709375,133.71027133752315,0.75,135.0
1779634028.437783,28.807494163513184,0.7656874437618681,0.024737225062662516,135.62069508148548,0.75,135.0
1779634028.4435306,28.813241720199585,0.7581616901953018,0.02837302413436639,133.6082284611631,0.75,135.0
1779634028.4831283,28.852839469909668,0.7597503501513722,0.028488493757863276,133.54684546716277,0.75,135.0
1779634028.4885783,28.85828948020935,0.7679537371501007,0.023933537721511966,135.30093962971412,0.75,135.0
1779634028.5195253,28.889236450195312,0.7643111197773215,0.024993972713805504,135.730234008691,0.75,135.0
1779634028.5247712,28.894482374191284,0.7577250388091495,0.028240318281368762,133.68310250145808,0.75,135.0
1779634028.717576,29.087287187576294,0.7444256114028441,0.030190809206824737,138.2223968187318,0.75,135.0
1779634028.725774,29.0954852104187,0.7528509891207154,0.026807256732398754,133.15272216653028,0.75,135.0
1779634028.734249,29.103960275650024,0.7526958832526683,0.027080644931382236,133.35122657910642,0.75,135.0
1779634028.7527106,29.122421741485596,0.7531384976025677,0.02799401007574269,137.144591815785,0.75,135.0
1779634028.769628,29.139339208602905,0.7557969469376422,0.02758551522493269,133.50561382683537,0.75,135.0
1779634028.7933478,29.16305899620056,0.7538291354194337,0.027535199698005608,136.9401868564897,0.75,135.0
1779634028.7952557,29.164966821670532,0.7574348674532473,0.028030279019517393,133.71317719473637,0.75,135.0
1779634028.8201704,29.189881563186646,0.7526798475964944,0.026655674022216927,133.18506009097302,0.75,135.0
1779634028.8269422,29.196653366088867,0.7496988783702188,0.028618091276633284,137.4902664884905,0.75,135.0
1779634028.9964058,29.366117000579834,0.7620768663726678,0.025273763152606626,135.83959155757032,0.75,135.0
1779634029.0170557,29.38676691055298,0.7597813067980786,0.025846881744548078,136.09127239241892,0.75,135.0
1779634029.0259604,29.395671606063843,0.7452173472750436,0.024810392057866462,132.47993387263762,0.75,135.0
1779634029.02899,29.398701190948486,0.7492029397438289,0.025661410393733042,132.78684311849133,0.75,135.0
1779634029.0385041,29.408215284347534,0.7581353065722525,0.026233507745571552,136.25917810281805,0.75,135.0
1779634029.092038,29.46174907684326,0.7439507212775492,0.024375545502033677,132.28346700545612,0.75,135.0
1779634029.097785,29.467496156692505,0.7627256736136572,0.025199314110368798,135.77463978062036,0.75,135.0
1779634029.1066663,29.476377487182617,0.7604109239317817,0.025872222452424695,136.13211236317431,0.75,135.0
1779634029.119495,29.489206075668335,0.7489349457592868,0.02568945707429314,132.57159298726756,0.75,135.0
1779634029.1470048,29.51671600341797,0.7539661103844854,0.02738432501887332,136.9127229304541,0.75,135.0
1779634029.185812,29.55552315711975,0.7541126135915633,0.02710260655310273,136.81515876132983,0.75,135.0
1779634029.1957085,29.565419673919678,0.7532600228648848,0.02670601390142066,132.87723866206608,0.75,135.0
1779634029.334423,29.704134225845337,0.7480305601721173,0.025545257831462095,132.53356881120555,0.75,135.0
1779634029.3474393,29.717150449752808,0.7520203062452055,0.026333252977537372,132.7391174596694,0.75,135.0
1779634029.3541927,29.72390389442444,0.7599317013370258,0.02581631372317418,136.1683886847265,0.75,135.0
1779634029.3936913,29.763402462005615,0.75400835791065,0.027690971657127278,137.0935022393983,0.75,135.0
1779634029.4063914,29.776102542877197,0.75925192442539,0.02615884961277659,136.34323613021274,0.75,135.0
1779634029.4156694,29.785380601882935,0.7565425458134104,0.028298727834225018,133.81882058992736,0.75,135.0
1779634029.4239368,29.79364800453186,0.7545443541784127,0.026911836392040048,132.96474417174133,0.75,135.0
1779634029.522321,29.892032146453857,0.7530528646940244,0.027778607123340418,137.07336568432154,0.75,135.0
1779634029.5307899,29.900501012802124,0.7577419953442683,0.028280399916367494,133.7303054298293,0.75,135.0
1779634029.5347052,29.90441632270813,0.7590904398474406,0.02655975514599046,136.48461554454002,0.75,135.0
1779634029.5409923,29.910703420639038,0.7581520310812804,0.02831089713643689,133.72842668109087,0.75,135.0
1779634029.549585,29.919296264648438,0.7527404321187255,0.027950243448039647,137.03630830085928,0.75,135.0
1779634029.556872,29.92658305168152,0.7531382588733859,0.02686029299132328,133.18018470204035,0.75,135.0
1779634075.526974,0.0026879310607910156,0.7584666534501459,0.0049342710381503774,-178.1244970292577,0.75,180.0
1779634075.539249,0.014962911605834961,0.7587621645289193,0.005702793324270862,-177.68798525623257,0.75,180.0
1779634075.5587075,0.034421443939208984,0.7585919929117653,0.00276681514064378,-179.36338687126369,0.75,180.0
1779634075.5964077,0.07212162017822266,0.7585663388503622,0.0024760305866129467,-179.55451211749767,0.75,180.0
1779634075.6124313,0.08814525604248047,0.7585470454225426,0.002272533976297445,-179.688258607924,0.75,180.0
1779634075.661728,0.13744187355041504,0.7576379570343988,0.0019528279432052798,-179.78186183615662,0.75,180.0
1779634075.6745784,0.15029239654541016,0.7571658742766566,0.0018188849460455021,-179.8464007437595,0.75,180.0
1779634075.8063,0.2820138931274414,0.7575678607553797,0.0018127701640384855,-179.89244795729806,0.75,180.0
1779634075.820029,0.2957429885864258,0.7581344362025251,0.00010060537651614479,179.07609153166925,0.75,180.0
1779634075.9003646,0.37607860565185547,0.7585809640677685,0.0023200076700447035,-179.64746491006997,0.75,180.0
1779634075.911613,0.3873269557952881,0.7590061099396795,0.00225669147544868,-179.75138359963745,0.75,180.0
1779634075.9549289,0.43064284324645996,0.7581385529727006,0.002031830255711929,-179.8249600345981,0.75,180.0
1779634075.9923942,0.4681081771850586,0.7585349256569226,0.00025400274784341753,179.12338213496534,0.75,180.0
1779634076.0899498,0.5656638145446777,0.7580513529694037,-0.0010459957345383662,178.4057805497802,0.75,180.0
1779634076.1040776,0.5797915458679199,0.7574372802237477,-0.0002811845991845972,178.88418395832292,0.75,180.0
1779634076.1466343,0.6223483085632324,0.7585089012708917,-0.001299077307203455,178.20645243009025,0.75,180.0
1779634076.1873465,0.6630604267120361,0.7583130902932119,-0.00213708352943662,177.76117009954982,0.75,180.0
1779634076.234851,0.7105648517608643,0.7583870737902954,-0.000956850602030754,178.4328915783387,0.75,180.0
1779634076.2833037,0.7590177059173584,0.7586028174553822,-3.9226293610998856e-05,178.9043464197404,0.75,180.0
1779634076.3756545,0.8513684272766113,0.7581322499408405,0.000425798494388482,179.23427261881645,0.75,180.0
1779634076.3906808,0.8663947582244873,0.7582448879537422,0.0008374682236902196,179.4639722408099,0.75,180.0
1779634076.6197479,1.0954618453979492,0.7587564907206645,0.0012169438565987375,179.62542321318466,0.75,180.0
1779634076.628603,1.1043169498443604,0.7581988817705886,0.001303533315933087,179.73803789368208,0.75,180.0
1779634076.6469667,1.1226806640625,0.7592109501172035,0.0016317481167572232,179.8169363048438,0.75,180.0
1779634076.6683676,1.1440815925598145,0.7584913455759905,0.003354076496364187,-179.15005079249138,0.75,180.0
1779634076.7001004,1.1758143901824951,0.7584995323966112,0.0028876913103598623,-179.40490291833373,0.75,180.0
1779634076.7493975,1.225111484527588,0.758961925354173,0.002654193854523643,-179.58156796925732,0.75,180.0
1779634076.8032477,1.2789616584777832,0.7592564748194561,0.002488905545461569,-179.70616198270824,0.75,180.0
1779634076.8546884,1.3304023742675781,0.7590350789696336,0.002281825365181457,-179.794281384537,0.75,180.0
1779634076.9017096,1.3774235248565674,0.758690272485787,0.00036959152488206105,179.16084892544313,0.75,180.0
1779634076.9528444,1.428558349609375,0.7595541070247387,0.0009775308005625495,179.4127322339539,0.75,180.0
1779634076.99286,1.468574047088623,0.7592427211993584,0.0012237116747959205,179.58893581470315,0.75,180.0
1779634077.043433,1.5191469192504883,0.7590219353767252,0.0013960061499237492,179.71223009489083,0.75,180.0
1779634077.0913162,1.5670301914215088,0.7579710769580967,0.0013393076687312651,179.7985151992534,0.75,180.0
1779634077.1880803,1.6637942790985107,0.7581297284633398,0.001476894205181394,179.85890547431717,0.75,180.0
1779634077.2332678,1.7089817523956299,0.7586671128362368,0.0014889850992521004,179.90205994038246,0.75,180.0
1779634077.2482953,1.7240092754364014,0.7586210977240352,0.0015818702465067067,179.93150492927066,0.75,180.0
1779634077.288616,1.7643299102783203,0.7585864424162176,0.0016467819944544397,179.95205134596867,0.75,180.0
1779634077.3788724,1.8545863628387451,0.7585609857095759,0.0016921669199448724,179.9664024513253,0.75,180.0
1779634077.3916657,1.8673796653747559,0.7588571658153795,0.003434591446085452,-179.0239655358307,0.75,180.0
1779634077.4311857,1.9068996906280518,0.7582886208217339,0.002857414554199263,-179.31548285301255,0.75,180.0
1779634077.524685,2.000398874282837,0.757758032532005,0.004052266835465288,-178.53218305507653,0.75,180.0
1779634077.5650632,2.0407772064208984,0.7579893786218339,0.0033759435010100817,-178.97271132168663,0.75,180.0
1779634077.582097,2.0578110218048096,0.7584378137551591,0.004612961776419983,-178.2813316630689,0.75,180.0
1779634077.622486,2.0982000827789307,0.7584660886645056,0.0037684934971183633,-178.7970741240058,0.75,180.0
1779634077.662276,2.1379899978637695,0.7589172133682829,0.0032696685919423748,-179.1565199345434,0.75,180.0
1779634077.705673,2.181386947631836,0.7592147411110368,0.0029191919518620404,-179.40883360723097,0.75,180.0
1779634077.807584,2.2832980155944824,0.7593129523535057,0.004294701114171783,-178.58574428220032,0.75,180.0
1779634077.8201134,2.2958273887634277,0.7583739216728889,0.0034590892817027855,-179.0089424799529,0.75,180.0
1779634077.8982823,2.3739962577819824,0.7584143298535,0.002960780780129307,-179.3063128423963,0.75,180.0
1779634077.910645,2.3863589763641357,0.7584409531671543,0.0026119343926783688,-179.51447718715102,0.75,180.0
1779634077.9524803,2.428194284439087,0.7577228810810737,0.0022800109953590676,-179.65933305204226,0.75,180.0
1779634077.9926608,2.468374729156494,0.7579591666461104,0.002135634456143202,-179.76147231834378,0.75,180.0
1779634078.0397475,2.5154614448547363,0.7584103796637576,0.00032734318745963865,179.16817952289924,0.75,180.0
1779634078.248254,2.723968029022217,0.7585897836249195,0.0008591677289828095,179.41855805429753,0.75,180.0
1779634078.2621593,2.7378733158111572,0.7585693261308611,0.0011408829029263402,179.59304333273576,0.75,180.0
1779634078.3766336,2.8523476123809814,0.7588264823802696,-0.0003697562555773431,178.71582871427435,0.75,180.0
1779634078.391257,2.866971015930176,0.7582915977702313,0.00019474402163096542,179.10251591382942,0.75,180.0
1779634078.408838,2.884552001953125,0.7578876639947684,0.000588683609974598,179.37232428760086,0.75,180.0
1779634078.5217896,2.9975035190582275,0.7579144179207072,0.0025452923851188884,-179.45529209157692,0.75,180.0
1779634078.5386627,3.014376640319824,0.7584049639193787,0.004033543565352386,-178.61792637536698,0.75,180.0
1779634078.582565,3.058279037475586,0.7584453719680885,0.0033631329564568213,-179.03264444210652,0.75,180.0
1779634078.59819,3.073904037475586,0.7577533102113594,0.0028071936321935214,-179.32145705204027,0.75,180.0
1779634078.711958,3.1876718997955322,0.7584285461238783,0.0025969164950270717,-179.52361470329512,0.75,180.0
1779634078.7267888,3.202502727508545,0.7584520940242985,0.0023572858197011544,-179.66656891885773,0.75,180.0
1779634078.7436604,3.219374418258667,0.7587585544173402,0.00048210300964355635,179.23441015251348,0.75,180.0
1779634078.8109596,3.2866735458374023,0.7582165929685746,0.0007902676119000255,179.46491957887363,0.75,180.0
1779634078.9034507,3.379164695739746,0.7584962109622368,0.0011843385013790937,179.6271244289718,0.75,180.0
1779634078.9127183,3.388432264328003,0.7583210585852687,-0.00039805496642671395,178.7563091770018,0.75,180.0
1779634078.9582152,3.433929204940796,0.758381873259637,0.0002606272896295324,179.12938708471495,0.75,180.0
1779634078.9946043,3.47031831741333,0.7579680795536204,-0.0010757694961212947,178.39058749609018,0.75,180.0
1779634079.0453298,3.5210437774658203,0.7584856871990546,0.0014962930640997295,179.87268620957173,0.75,180.0
1779634079.0913203,3.5670342445373535,0.7593978143095846,0.001949533940615054,179.91336285610893,0.75,180.0
1779634079.1927016,3.6684155464172363,0.7591452326110713,0.0019054649816097379,179.9401078445634,0.75,180.0
1779634079.2342927,3.7100067138671875,0.7589595335206956,0.0018738930079353591,179.95841005842877,0.75,180.0
1779634079.2885609,3.764274835586548,0.7592931978756027,0.0019448987339228418,179.97298474950688,0.75,180.0
1779634079.3756776,3.851391553878784,0.7590547250639814,0.0019007866040477203,179.98102049112342,0.75,180.0
1779634079.3893166,3.865030527114868,0.758887711685207,0.0018699134067363746,179.98664840822926,0.75,180.0
1779634079.4272463,3.9029603004455566,0.7580381175564561,0.0017609325452684235,179.99158879340303,0.75,180.0
1779634079.522335,3.998049020767212,0.7581787853550459,0.0017721862193296597,179.9941415122451,0.75,180.0
1779634079.5664396,4.042153596878052,0.7582758360135815,0.0017799793787146151,179.99588120296457,0.75,180.0
1779634079.5802376,4.0559515953063965,0.7583430772175097,0.001785393206031001,179.99707587934014,0.75,180.0
1779634079.7601604,4.23587441444397,0.7588398344178678,0.001881356213654424,179.9991593982549,0.75,180.0
1779634079.7739415,4.249655485153198,0.7587392551375963,0.0018564150846174263,179.99940291534108,0.75,180.0
1779634079.7884052,4.2641191482543945,0.758197984032859,0.0017517594439299317,-179.9997679127448,0.75,180.0
1779634080.052885,4.52859902381897,0.7582942175532198,0.0017659115921031298,-179.99972705999872,0.75,180.0
1779634080.0571535,4.532867431640625,0.7583583662634108,0.0017756589093232441,-179.99978701772122,0.75,180.0
1779634080.1096435,4.585357427597046,0.7584016950033514,0.0017824040313328049,-179.99987237086393,0.75,180.0
1779634080.150562,4.626276016235352,0.7584312531656199,0.0017870873978281067,-179.99995337430883,0.75,180.0
1779634080.1898556,4.665569543838501,0.758451565613556,0.0017903470276452818,179.99997950773118,0.75,180.0
1779634080.2346234,4.710337400436401,0.7584655989751732,0.0017926195926415325,179.99992742144033,0.75,180.0
1779634080.379601,4.8553149700164795,0.7584753315054309,0.001794205892044826,179.99988846015523,0.75,180.0
1779634080.3940105,4.86972451210022,0.7587661692957434,8.779794055587009e-05,179.00084792439898,0.75,180.0
1779634080.40893,4.884644031524658,0.7589495225828261,-0.0011065087685398296,178.30146064240654,0.75,180.0
1779634080.4431736,4.918887615203857,0.7596169310387761,0.0015590159028323802,179.80655708612144,0.75,180.0
1779634080.5200922,4.9958062171936035,0.759459340780152,0.0015480963434742238,179.86680978884286,0.75,180.0
1779634080.620583,5.096297025680542,0.759171146632029,0.001623008811763251,179.90668951720585,0.75,180.0
1779634080.7118876,5.187601566314697,0.758969266335154,0.0016754611028398003,179.93461251964146,0.75,180.0
1779634080.7241285,5.19984245300293,0.7588278793744196,0.0017121843162553239,179.95416217724994,0.75,180.0
1779634080.7413094,5.2170233726501465,0.7579919242640142,0.0016506024457380935,179.96888889829708,0.75,180.0
1779634080.8052528,5.280966758728027,0.758147351396936,0.0016949368155298261,179.97824288912574,0.75,180.0
1779634080.8187792,5.294493198394775,0.7585378536019067,1.8076319907417947e-05,178.98552467514958,0.75,180.0
1779634080.858913,5.334626913070679,0.7585300956754236,0.0005520713501086427,179.2898657019246,0.75,180.0
1779634080.9017394,5.377453327178955,0.75852248587579,0.0009258486519019503,179.50287158031023,0.75,180.0
1779634080.9458253,5.421539306640625,0.7574962657781796,0.0027984386008199323,-179.35361220167934,0.75,180.0
1779634080.9963362,5.472050189971924,0.7578003257645318,0.0024982120692920145,-179.54765539824652,0.75,180.0
1779634081.0447614,5.520475387573242,0.757837870868849,0.0005214698078586451,179.33387905642223,0.75,180.0
1779634081.092749,5.568463087081909,0.757659634592295,0.0024962444822706677,-179.4832626197008,0.75,180.0
1779634081.139474,5.615187883377075,0.7574548481892812,0.0022014797792538135,-179.63656021699381,0.75,180.0
1779634081.1842837,5.6599977016448975,0.7581927097292226,0.0021718826575530497,-179.74472067475492,0.75,180.0
1779634081.2356236,5.711337566375732,0.7586994388870751,0.0021503651224323746,-179.82089832315387,0.75,180.0
1779634081.2788224,5.754536390304565,0.7580777824838508,0.0037330799594035248,-178.88626953184263,0.75,180.0
1779634081.3781233,5.853837251663208,0.7582156193722193,0.0031530767367330082,-179.22031197533423,0.75,180.0
1779634081.3872755,5.86298942565918,0.7583060639844691,0.002746773280937586,-179.45419903948397,0.75,180.0
1779634081.5253468,6.001060724258423,0.7578921926435503,0.002374783198694358,-179.61731613958688,0.75,180.0
1779634081.616242,6.091955900192261,0.7573802290307183,0.0021165679932757904,-179.7300422573972,0.75,180.0
1779634081.630937,6.106651067733765,0.7568507805290676,0.0020277618386928763,-179.80678131511564,0.75,180.0
1779634081.649883,6.12559700012207,0.7563897290034174,0.0018880059280049597,-179.9047464203708,0.75,180.0
1779634081.6796148,6.155328750610352,0.7570589852943127,0.001863919952373312,-179.93180242172315,0.75,180.0
1779634081.7307968,6.206510782241821,0.757508676949747,0.0018455512159694257,-179.95154416886066,0.75,180.0
1779634081.8537345,6.329448461532593,0.7582935951319963,0.001926129338540641,-179.96340727031182,0.75,180.0
1779634081.8644693,6.340183258056641,0.7583549091259018,0.0018876765704098654,-179.9744381552698,0.75,180.0
1779634081.8826754,6.358389377593994,0.758682423155208,0.00015315159088341124,179.0187800283454,0.75,180.0
1779634081.95012,6.4258339405059814,0.7588911786572743,-0.001060644603950675,178.31408170100488,0.75,180.0
1779634081.9654949,6.441208839416504,0.7590296013014987,-0.0019101157634447041,177.8207476266875,0.75,180.0
1779634082.0451314,6.520845413208008,0.7581500260410884,-0.0008856672037419191,178.4750853374169,0.75,180.0
1779634082.0594394,6.535153388977051,0.7582654011881479,-8.056403217091977e-05,178.93266598656876,0.75,180.0
1779634082.095991,6.571704864501953,0.7533400634197811,0.003289000916300234,-178.6762997254697,0.75,180.0
1779634082.1927934,6.66850733757019,0.7550651170659078,0.0028307291540640286,-179.08340006023715,0.75,180.0
1779634082.206272,6.681985855102539,0.7561821379564048,0.0025151747579647034,-179.3629168685745,0.75,180.0
1779634082.2473924,6.723106384277344,0.7563841401918966,0.0022113088002490545,-179.5543090881442,0.75,180.0
1779634082.2837188,6.759432792663574,0.7570587759858296,0.0020858515893835165,-179.6891725375966,0.75,180.0
1779634082.3765419,6.852255821228027,0.7572933169297884,0.0002330580935882699,179.2341132986235,0.75,180.0
1779634082.3927474,6.86846137046814,0.7580638901078802,0.0007929488537015348,179.4640169127405,0.75,180.0
1779634082.430728,6.906441926956177,0.7578266965346453,-0.0007015397867826403,178.6260709224463,0.75,180.0
1779634082.6159034,7.0916173458099365,0.7584578780474869,0.00014006239498638088,179.03897526796146,0.75,180.0
1779634082.6287372,7.1044511795043945,0.7570744191089049,-0.0010098311428138843,178.36546537356085,0.75,180.0
1779634082.646409,7.1221230030059814,0.7566121244353997,-0.00017170212072476344,178.8552635043712,0.75,180.0
1779634082.805818,7.281532049179077,0.757183052854483,0.00041921303579463146,179.19868636907546,0.75,180.0
1779634082.824181,7.2998950481414795,0.7575800300618603,0.0008328436844844357,179.43904749484176,0.75,180.0
1779634082.8378768,7.31359076499939,0.7578566044026888,0.001122374517335169,179.6072843095576,0.75,180.0
1779634082.873571,7.349284887313843,0.7575958224293954,0.0012387651557421867,179.72618390212716,0.75,180.0
1779634082.9148333,7.390547275543213,0.7574581155477317,0.003033136097006088,-179.1888250298673,0.75,180.0
1779634082.9557283,7.4314422607421875,0.7570289459792421,0.0025750813712281744,-179.43118398650958,0.75,180.0
1779634082.9938629,7.469576835632324,0.7574760005961909,0.002342147311628129,-179.60182169083032,0.75,180.0
1779634083.0408673,7.516581296920776,0.7580784581450389,0.00047104292433747014,179.27942993451802,0.75,180.0
1779634083.0924106,7.568124532699585,0.7582072413047157,0.0008691904409913423,179.4956113592282,0.75,180.0
1779634083.1375704,7.613284349441528,0.7578477211838998,0.00106191104977814,179.64823741505944,0.75,180.0
1779634083.1883533,7.664067268371582,0.7583662654009407,0.0029936678786283283,-179.24653105642133,0.75,180.0
1779634083.2793853,7.755099296569824,0.7584083573561142,0.0026348785697997232,-179.4726838781821,0.75,180.0
1779634083.2924936,7.768207550048828,0.7584364719811644,0.00238375211471947,-179.63096492291268,0.75,180.0
1779634083.3344347,7.8101487159729,0.7584554908218404,0.002207978276926501,-179.74174956569837,0.75,180.0
1779634083.373123,7.848836898803711,0.7580070837229766,0.0019984837121436072,-179.81819097532392,0.75,180.0
1779634083.522132,7.997845888137817,0.7581584793944471,0.0019384553092002205,-179.87272639262895,0.75,180.0
1779634083.5352674,8.010981321334839,0.7586880962438566,0.0019874271640724153,-179.91027401918677,0.75,180.0
1779634083.5723362,8.048050165176392,0.7586389774535958,0.001930931069866664,-179.93706413757448,0.75,180.0
1779634083.6623712,8.138085126876831,0.7577055936279536,0.0017139112489578136,-179.95591339893804,0.75,180.0
1779634083.6743734,8.150087356567383,0.7575127501147205,-2.3432352970542648e-05,179.05106771541298,0.75,180.0
1779634083.693704,8.16941785812378,0.7580751310854231,-0.0011845454985725803,178.3365187146676,0.75,180.0
1779634083.902181,8.377894878387451,0.7585617554501896,0.0014201488000598896,179.83482172172813,0.75,180.0
1779634083.915712,8.391426086425781,0.7588232477041257,-0.00017408215865398892,178.88525710607038,0.75,180.0
1779634083.9280303,8.403744220733643,0.7591763044698386,0.000510239081160683,179.22110516099838,0.75,180.0
1779634083.9636216,8.439335584640503,0.7582620621747584,0.0008094313724834163,179.45592515535049,0.75,180.0
1779634084.0078502,8.483564138412476,0.7584872430217126,0.0011959095183761296,179.61962801480232,0.75,180.0
1779634084.2792528,8.754966735839844,0.7577336229788967,0.0012878786984294815,179.7339024413594,0.75,180.0
1779634084.2997122,8.775426149368286,0.7571987667499362,0.001351987242327617,179.81377083810534,0.75,180.0
1779634084.3116632,8.787377119064331,0.7576060945403301,0.00148670232498647,179.87015539979956,0.75,180.0
1779634084.52562,9.001333951950073,0.7578822325536789,0.001580526537237605,179.9093239287723,0.75,180.0
1779634084.5356045,9.011318445205688,0.7576188186112374,0.003233525175622093,-179.0823612759929,0.75,180.0
1779634084.5545046,9.030218601226807,0.7577689987484775,0.004403402619872544,-178.37040670285873,0.75,180.0
1779634084.6626298,9.138343811035156,0.7579965761590447,0.0036219156917234583,-178.85933937670478,0.75,180.0
1779634084.6751742,9.150888204574585,0.758440155305861,0.0047846425043643614,-178.20223265464355,0.75,180.0
1779634084.6953125,9.171026468276978,0.7587916429414058,0.0021813248620352528,-179.7406702565101,0.75,180.0
1779634084.8566427,9.332356691360474,0.7583907787760454,0.0020768987415152643,-179.81315352022577,0.75,180.0
1779634084.8687966,9.344510555267334,0.7584354231701265,0.0019934724329723893,-179.86915584229232,0.75,180.0
1779634084.885151,9.360864877700806,0.7580582277877379,0.003527149460918361,-178.92522532476292,0.75,180.0
1779634084.9960353,9.471749305725098,0.7574576904059321,0.002920052468732821,-179.24714827670948,0.75,180.0
1779634085.0117152,9.487429141998291,0.75807397839578,0.004294378141013443,-178.4731637369024,0.75,180.0
1779634085.02587,9.50158405303955,0.7582105153488605,0.003545688303937293,-178.9312434740183,0.75,180.0
1779634085.094955,9.570668935775757,0.758301294779014,0.003021454089888681,-179.25191251554497,0.75,180.0
1779634085.1932638,9.668977737426758,0.7576197375168553,0.002566625429535295,-179.47551166613144,0.75,180.0
1779634085.2051806,9.680894613265991,0.7578891294412231,0.0023363079258950665,-179.63279975478386,0.75,180.0
1779634085.2477202,9.723434209823608,0.7580746499486146,0.0021749269389995897,-179.7429591065641,0.75,180.0
1779634085.2934136,9.769127607345581,0.758203017807184,0.002061885475189787,-179.82010174530765,0.75,180.0
1779634085.3375397,9.81325364112854,0.757849574319561,0.0035717179992006106,-178.89241949004193,0.75,180.0
1779634085.5201242,9.995838165283203,0.7583447774269884,0.004750708802419834,-178.22470292710264,0.75,180.0
1779634085.5343747,10.010088682174683,0.7586787467318372,0.005574241266974179,-177.7581847003304,0.75,180.0
1779634085.5522814,10.027995347976685,0.7586372538263735,0.0042673944494909175,-178.43032185653232,0.75,180.0
1779634085.6171792,10.092893123626709,0.7581311599743263,0.005115543096908141,-177.91910473126006,0.75,180.0
1779634085.6309574,10.106671333312988,0.7587333277160259,0.004215121707185788,-178.54123452302062,0.75,180.0
1779634085.647752,10.12346601486206,0.7586696900110067,0.003490049875925256,-178.97893029190868,0.75,180.0
1779634085.7555096,10.231223583221436,0.7586215556455503,0.0029824352883512984,-179.2853157511415,0.75,180.0
1779634085.7706134,10.24632740020752,0.7587480834471142,0.002717735972827935,-179.4986907886456,0.75,180.0
1779634085.7858038,10.261517763137817,0.7579206461078203,0.002353440384036254,-179.6485887169807,0.75,180.0
1779634085.8195143,10.295228242874146,0.7590137718603784,0.0023666335083196064,-179.75383604863967,0.75,180.0
1779634085.9957078,10.471421718597412,0.758863704060955,0.002196265038645198,-179.82762593475815,0.75,180.0
1779634086.0083086,10.484022617340088,0.7587562399096492,0.0020768760085755024,-179.87933949867417,0.75,180.0
1779634086.0235612,10.499275207519531,0.7586798307526552,0.001993240565184182,-179.9155698898303,0.75,180.0
1779634086.0906708,10.56638479232788,0.7581857728306762,0.0035237330836768374,-178.95924381572604,0.75,180.0
1779634086.106448,10.582161903381348,0.7587599569942226,0.0031007878781308925,-179.2690248223297,0.75,180.0
1779634086.1436367,10.619350671768188,0.7586830935968484,0.0027099185603861008,-179.48838849953194,0.75,180.0
1779634086.3780882,10.85380220413208,0.7589236677878876,0.0007287149638448955,179.3590414228779,0.75,180.0
1779634086.390961,10.866674900054932,0.7591251890427448,0.0027599428567797735,-179.4492896405537,0.75,180.0
1779634086.405157,10.880871057510376,0.7592341144617908,0.0007637115091147467,179.3864001268347,0.75,180.0
1779634086.4506397,10.926353693008423,0.7593417826494742,0.0027844232000952367,-179.43014859491174,0.75,180.0
1779634086.4849787,10.960692644119263,0.7586512919653184,0.004112796225881888,-178.59927527295585,0.75,180.0
1779634086.7128475,11.18856143951416,0.7586149654991775,0.0034188299996000065,-179.01940050231084,0.75,180.0
1779634086.7271464,11.202860355377197,0.7585845719316473,0.0029327762890098653,-179.31356000034938,0.75,180.0
1779634086.7413862,11.217100143432617,0.7585608632591085,0.0025924158693675916,-179.51951169995158,0.75,180.0
1779634086.804608,11.280322074890137,0.7580927954327846,0.002268203937819234,-179.6622946301548,0.75,180.0
1779634086.818294,11.294008016586304,0.7582165519656311,0.0021271755658770724,-179.76364450915867,0.75,180.0
1779634086.9003744,11.376088380813599,0.758302023757703,0.002028421463999714,-179.83460107368083,0.75,180.0
1779634086.9136453,11.38935923576355,0.7576343934996407,0.0018722641600727665,-179.8830685729991,0.75,180.0
1779634086.9596558,11.435369729995728,0.7586635133148508,0.0035006636880604877,-178.90339661125302,0.75,180.0
1779634087.0410042,11.51671814918518,0.7578942330284968,0.002901138651128502,-179.23217795069277,0.75,180.0
1779634087.0559812,11.531695127487183,0.7571836971388752,0.0023932236568529426,-179.46242193805801,0.75,180.0
1779634087.0950632,11.570777177810669,0.7571343986524205,0.0004151491024075894,179.37529563649838,0.75,180.0
1779634087.1935506,11.669264554977417,0.7571055866402714,0.0024169708753147873,-179.45668789298776,0.75,180.0
1779634087.2298048,11.70551872253418,0.7578397969628681,0.003943640269646168,-178.6189579499746,0.75,180.0
1779634087.2459369,11.721650838851929,0.7580494474691797,0.0033006284991804104,-179.03312147984371,0.75,180.0
1779634087.3789017,11.854615688323975,0.7581899484972798,0.0028501321865430865,-179.32313086561211,0.75,180.0
1779634087.3969264,11.872640371322632,0.7581383096294073,0.004131692561287586,-178.5405090837622,0.75,180.0
1779634087.435563,11.911277055740356,0.758254154244274,0.003431744030156806,-178.97839335793472,0.75,180.0
1779634087.5708385,12.046552419662476,0.7583311593490404,0.002941665438746276,-179.28492333637976,0.75,180.0
1779634087.579927,12.055640935897827,0.7588201306664055,0.0026900050547843954,-179.49855523675063,0.75,180.0
1779634087.594526,12.070240020751953,0.7590240743008799,0.000715495071593216,179.35217962397667,0.75,180.0
1779634087.6607502,12.13646411895752,0.7588698653110907,0.0010402241064325496,179.546497590272,0.75,180.0
1779634087.7566893,12.23240327835083,0.7583157338333284,-0.0005300371711033593,178.68263269088408,0.75,180.0
1779634087.7730167,12.248730659484863,0.7576295621264512,7.992032716951872e-05,179.0780104975787,0.75,180.0
1779634087.810731,12.286444902420044,0.7578992557769307,0.0005957075050592247,179.35487636352275,0.75,180.0
1779634087.8485692,12.324283123016357,0.7576463253464081,0.0025443341807828497,-179.47056285306283,0.75,180.0
1779634088.0468817,12.522595643997192,0.7579121138478769,0.002321375294119932,-179.62900067680346,0.75,180.0
1779634088.0579598,12.533673763275146,0.7580928820720725,0.0021647995416907866,-179.7401319503009,0.75,180.0
1779634088.0772054,12.552919387817383,0.7585050724911235,0.0003479403347753187,179.1832041035656,0.75,180.0
1779634088.1101434,12.585857391357422,0.75788442099511,-0.0010817267350515724,178.44014245204252,0.75,180.0
1779634088.154341,12.630054950714111,0.7585290645184866,-0.00012573210696142012,178.90925715554502,0.75,180.0
1779634088.1890826,12.664796590805054,0.7587854753314749,-0.0012555482951252528,178.23755748301048,0.75,180.0
1779634088.2813249,12.757038831710815,0.7590627622410071,0.00137093228616787,179.76587639315176,0.75,180.0
1779634088.2959442,12.771658182144165,0.7591727924599825,-0.00020843902485682768,178.83703417725386,0.75,180.0
1779634088.3362494,12.811963319778442,0.7589749380137871,0.0003933378752624258,179.1858249877219,0.75,180.0
1779634088.3763368,12.85205078125,0.7588340642449365,0.000814652178513627,179.42999644709164,0.75,180.0
1779634088.526769,13.002482891082764,0.758734288465132,0.0011096015233201801,179.60092547620633,0.75,180.0
1779634088.537428,13.013141870498657,0.7584756912801196,-0.0002792920582640689,178.73624439384167,0.75,180.0
1779634088.5789866,13.05470061302185,0.7580102114249541,0.00025746393563099833,179.11619085597593,0.75,180.0
1779634088.5953717,13.071085691452026,0.7576731387915617,0.0006322236357680533,179.38166941230884,0.75,180.0
1779634088.658178,13.133892059326172,0.7579380017567219,0.0009820783633804628,179.56736102811337,0.75,180.0
1779634088.7094965,13.185210466384888,0.7583891099001595,-0.0004799337169545282,178.69831979000074,0.75,180.0
1779634088.7611134,13.236827373504639,0.7580540161456197,0.001794360633750602,-179.92856828467478,0.75,180.0
1779634088.8050978,13.280811786651611,0.7581873520431939,0.0017955216957104192,-179.95000477519935,0.75,180.0
1779634088.851323,13.32703685760498,0.7585933518587405,0.0035065402531793835,-178.9656749294328,0.75,180.0
1779634088.9009087,13.376622676849365,0.7585682441019002,0.0029940319862165497,-179.27600864195753,0.75,180.0
1779634088.948836,13.42455005645752,0.7576770267704738,0.0026398796176812195,-179.48992161592926,0.75,180.0
1779634089.0431566,13.51887059211731,0.7582420619729152,0.004099407092466999,-178.64234735430048,0.75,180.0
1779634089.0597663,13.535480260848999,0.7583316173580381,0.003409501513469259,-179.04959828993512,0.75,180.0
1779634089.0975697,13.573283672332764,0.7586926612867833,0.0012182859847290942,179.66597739818897,0.75,180.0
1779634089.1948273,13.670541286468506,0.7581985654911595,0.002980459955789343,-179.25263147104872,0.75,180.0
1779634089.2045038,13.680217742919922,0.7582975712214842,0.0026265716369391345,-179.4765135663817,0.75,180.0
1779634089.2449327,13.720646619796753,0.7583621578847013,0.0023783899443370156,-179.6334218698223,0.75,180.0
1779634089.378372,13.854085922241211,0.7579633880469991,0.0021192242790721233,-179.7415997201311,0.75,180.0
1779634089.387672,13.863385915756226,0.7581246856905078,0.0020228171118530196,-179.81919084257385,0.75,180.0
1779634089.5258124,14.001526355743408,0.757905568402644,0.001963588723702275,-179.86943729576038,0.75,180.0
1779634089.5755546,14.051268577575684,0.7580997936216596,0.0019146203518142532,-179.90829290768977,0.75,180.0
1779634089.5883176,14.064031600952148,0.7582273013388153,0.0018799617431596164,-179.93568036007258,0.75,180.0
1779634089.6005857,14.076299667358398,0.7583124153900059,0.001855516215044607,-179.95494617943282,0.75,180.0
1779634089.63555,14.111263990402222,0.7579566894195617,0.003429733874080183,-178.9857027714006,0.75,180.0
1779634089.6757798,14.151493787765503,0.7584147418089363,0.004650087044047491,-178.29072465031595,0.75,180.0
1779634089.7169342,14.19264817237854,0.7586034456945677,0.0038838381943726557,-178.80307273843113,0.75,180.0
1779634089.8030756,14.278789520263672,0.758869097917066,0.004967820341590139,-178.16291388903815,0.75,180.0
1779634089.8164716,14.292185544967651,0.7590956498998969,0.002309782732031089,-179.71315849178643,0.75,180.0
1779634089.9027557,14.378469705581665,0.7592253347889039,0.0038664061766796043,-178.79989738467208,0.75,180.0
1779634089.9144182,14.390132188796997,0.7593227988226198,0.0015383990933632969,179.8409967457818,0.75,180.0
1779634090.0424252,14.518139123916626,0.7590756549848126,0.0016163929334881094,179.88871646600802,0.75,180.0
1779634090.072399,14.548112869262695,0.7593705939840735,0.003458184325770038,-179.0855493866404,0.75,180.0
1779634090.10336,14.579073905944824,0.7591159603895112,0.0029608852644046352,-179.35959037984765,0.75,180.0
1779634090.1880867,14.663800716400146,0.7584940972928462,0.002527792100746883,-179.54948559418386,0.75,180.0
1779634090.1996214,14.67533540725708,0.758496463821902,0.0023087683606371,-179.68473920839844,0.75,180.0
1779634090.2831368,14.758850812911987,0.7584974723137488,0.0021554784293323307,-179.77939786309415,0.75,180.0
1779634090.2940712,14.769785165786743,0.7580355253429354,0.001961750265675982,-179.84453916075688,0.75,180.0
1779634090.3350484,14.810762405395508,0.7574685443774546,0.0018264216649952361,-179.88959320559454,0.75,180.0
1779634090.3758645,14.8515784740448,0.7586877935298509,0.0019972086220848323,-179.9227696549573,0.75,180.0
1779634090.5252905,15.001004457473755,0.7581760758745706,0.0018511380090369257,-179.94482424754474,0.75,180.0
1779634090.5363984,15.012112379074097,0.7574465757764682,0.0018436706396371299,-179.95628012466636,0.75,180.0
1779634090.5586994,15.03441333770752,0.7568730685655578,0.0016529843206612655,-179.96927846649945,0.75,180.0
1779634090.6130857,15.088799715042114,0.7569265023524949,0.0016111575703301006,-179.9768464327286,0.75,180.0
1779634090.6265712,15.102285146713257,0.7577132004881855,0.0033774580819816973,-178.98447878769403,0.75,180.0
1779634090.6656194,15.14133334159851,0.7582437099930346,0.004613874961882703,-178.2896586271903,0.75,180.0
1779634090.8525188,15.328232765197754,0.7586512462715561,0.0020617938712720416,-179.80183874736616,0.75,180.0
1779634090.8644314,15.340145349502563,0.7589148847980136,0.003693027362920399,-178.86188782204246,0.75,180.0
1779634090.9072223,15.382936239242554,0.7592630449521777,0.0014826229309166609,179.78455060844868,0.75,180.0
1779634090.9475055,15.423219442367554,0.7595004933273665,0.0016717310064490365,179.85169682255508,0.75,180.0
1779634091.0442452,15.519959211349487,0.7592001422123633,0.0017095108640312504,179.8960874605782,0.75,180.0
1779634091.0960736,15.571787595748901,0.7589896557526794,0.0017359919044031892,179.92717977351137,0.75,180.0
1779634091.1916962,15.667410135269165,0.7583807216761811,0.0016682135902050088,179.9500839619554,0.75,180.0
1779634091.2037103,15.679424285888672,0.7588382677014092,0.0017980861494753136,179.96556274800065,0.75,180.0
1779634091.2830925,15.758806467056274,0.7587466723240789,0.001798447094378639,179.97606986904793,0.75,180.0
1779634091.2922666,15.767980575561523,0.758677170445605,0.0017984866281607254,179.98330230355117,0.75,180.0
1779634091.3795338,15.855247735977173,0.7589096067294466,9.118739685420592e-05,178.98939885380452,0.75,180.0
1779634091.390374,15.866087913513184,0.7596906566283811,0.0006061914581918064,179.29251974016717,0.75,180.0
1779634091.5216148,15.997328758239746,0.7593350393734715,0.0009636772018360703,179.50470045931394,0.75,180.0
1779634091.5331895,16.00890350341797,0.7586206524783716,0.0011272573680679513,179.65410099437878,0.75,180.0
1779634091.5927904,16.068504333496094,0.7581578403496776,-0.00043400922600181813,178.77815750303043,0.75,180.0
1779634091.8515093,16.327223300933838,0.7582647955008212,0.00023547947391028084,179.14463592758514,0.75,180.0
1779634091.872622,16.34833598136902,0.7580249466288537,0.0007119107511635635,179.4045163740632,0.75,180.0
1779634091.8873496,16.36306357383728,0.7585070581216762,0.00275017292901112,-179.4159484417169,0.75,180.0
1779634091.9214754,16.397189378738403,0.7585114410622491,0.002464630706556779,-179.59121013242378,0.75,180.0
1779634091.9582958,16.434009790420532,0.7577965450179126,0.002178074410241004,-179.7124797040984,0.75,180.0
1779634092.0458417,16.52155566215515,0.7572653393983637,0.0019761049257044205,-179.79805803726487,0.75,180.0
1779634092.0566409,16.532354831695557,0.7576401368402563,0.0019229627206381202,-179.85854157047083,0.75,180.0
1779634092.0991526,16.57486653327942,0.7578999072655341,0.001885597759062625,-179.900961160635,0.75,180.0
1779634092.191633,16.667346954345703,0.7580804784662297,0.001859362213494762,-179.9306956717345,0.75,180.0
1779634092.2070262,16.682740211486816,0.7585186185181989,0.003551035929140224,-178.95225325698684,0.75,180.0
1779634092.2467864,16.722500324249268,0.7585162582393495,0.0030252129925558424,-179.26659941162026,0.75,180.0
1779634092.3307333,16.80644726753235,0.7579119930621544,0.0041686982615319005,-178.49857931678338,0.75,180.0
1779634092.345962,16.821676015853882,0.7579600342039793,0.0016920334782107372,-179.93097053733268,0.75,180.0
1779634092.3829985,16.858712434768677,0.7584079481894528,1.543575361868119e-05,179.0487272119863,0.75,180.0
1779634092.5245683,17.000282287597656,0.7579848111669094,-0.0012470569337039372,178.33430047890565,0.75,180.0
1779634092.5352767,17.010990619659424,0.7577433248249016,0.001254731371262469,179.8150679430187,0.75,180.0
1779634092.551709,17.02742290496826,0.7579761448025967,0.001418402381048964,179.87090599883942,0.75,180.0
1779634092.5875266,17.06324052810669,0.7576877699503392,0.003119860519412181,-179.1094201310101,0.75,180.0
1779634092.756598,17.232311964035034,0.7575219878153513,0.0026411464862831557,-179.3734569481223,0.75,180.0
1779634092.7767525,17.252466440200806,0.7578161234485381,0.0023882307390205655,-179.56145506233332,0.75,180.0
1779634092.795334,17.271048069000244,0.7580213008218676,0.002211157638422622,-179.69306788820867,0.75,180.0
1779634092.8543775,17.33009147644043,0.7581645733675001,0.002087191606417081,-179.7852038656096,0.75,180.0
1779634092.869435,17.345149040222168,0.7575283068584927,0.0019127100137196372,-179.84885869366772,0.75,180.0
1779634092.9082646,17.383978605270386,0.7581101407166599,0.0001705573564372686,179.10654332448686,0.75,180.0
1779634093.0948443,17.570558309555054,0.7578047116710342,0.002246938780087789,-179.64439081772744,0.75,180.0
1779634093.111389,17.58710289001465,0.7580206134756081,0.0021131109846442746,-179.75068906478205,0.75,180.0
1779634093.1209128,17.59662675857544,0.7581676699355889,0.002018975497192344,-179.82532184814642,0.75,180.0
1779634093.1564949,17.632208824157715,0.7582686125969254,0.0019528599443174813,-179.87767737274385,0.75,180.0
1779634093.237743,17.713456869125366,0.7587943289512118,0.003693743850013453,-178.92186094941232,0.75,180.0
1779634093.2489233,17.724637269973755,0.7590232140566959,0.0014177133431541404,179.7555078362156,0.75,180.0
1779634093.2865365,17.762250423431396,0.7584234395008895,0.00311916317927535,-179.1903525117022,0.75,180.0
1779634093.3900182,17.865732192993164,0.7584572509221559,0.0027240617870920294,-179.43273262816902,0.75,180.0
1779634093.5260608,18.001774787902832,0.7584750451456662,0.0024468244330563983,-179.6026810064282,0.75,180.0
1779634093.5352752,18.01098918914795,0.7584846225234148,0.002252440773730606,-179.7217911458347,0.75,180.0
1779634093.5541391,18.029853105545044,0.7584899160808584,0.00211621972844348,-179.80524264969014,0.75,180.0
1779634093.588438,18.064152002334595,0.7587797188011676,0.00031348085154991726,179.13741659484515,0.75,180.0
1779634093.7124164,18.188130378723145,0.7586978389267087,0.0007587553970232548,179.396116530319,0.75,180.0
1779634093.7214584,18.19717240333557,0.7586391405353018,0.0010704759996235816,179.57721221621782,0.75,180.0
1779634093.7392335,18.21494746208191,0.7585973742228891,0.001288692112617292,179.70398224287666,0.75,180.0
1779634093.812421,18.288135051727295,0.758567805853709,0.0014414483537383,179.79272283600747,0.75,180.0
1779634093.851676,18.32738995552063,0.7576520168081633,0.0013710941216088309,179.8548420506849,0.75,180.0
1779634093.8667939,18.34250783920288,0.7571697907386975,0.0014117986306006487,179.8993313608256,0.75,180.0
1779634093.9073493,18.383063316345215,0.7575716844709325,0.001527781134122547,179.9295604005731,0.75,180.0
1779634094.0435169,18.519230842590332,0.7578512220792555,0.001608890739896678,179.9506734517239,0.75,180.0
1779634094.0556893,18.531403303146362,0.7580409611664262,0.001665077123788744,179.96513243820368,0.75,180.0
1779634094.0753543,18.55106830596924,0.758178410276706,0.0017050524984360811,179.97560248380015,0.75,180.0
1779634094.1516795,18.6273934841156,0.7582744142802759,0.001732968649927687,179.98289430704727,0.75,180.0
1779634094.2361305,18.711844444274902,0.758341513999098,0.0017524773016171994,179.98798036566785,0.75,180.0
1779634094.247355,18.723068952560425,0.7587041536975797,0.0034765568894694478,-179.0090134043277,0.75,180.0
1779634094.3766966,18.852410554885864,0.751269638787211,0.01761600300606864,-170.6688530711061,0.75,180.0
1779634094.3875222,18.86323618888855,0.754623554670651,0.01289998693708955,-173.46829422295588,0.75,180.0
1779634094.4210913,18.89680528640747,0.7560881534095213,0.009665082688419034,-175.4284127004105,0.75,180.0
1779634094.4323518,18.908065795898438,0.7568829361891788,0.007309227532593972,-176.7995274078957,0.75,180.0
1779634094.6155798,19.091293811798096,0.7569595569328267,0.005574161460648336,-177.75665330133683,0.75,180.0
1779634094.62735,19.10306406021118,0.7565929880631383,0.004446880926560231,-178.42582138818844,0.75,180.0
1779634094.646211,19.121924877166748,0.7571812583444452,0.0036533925395396127,-178.89776235662958,0.75,180.0
1779634094.678862,19.154576063156128,0.7575844594582375,0.0030972958012779597,-179.22829067711538,0.75,180.0
1779634094.8050354,19.280749320983887,0.7580060130117718,0.002796976642848146,-179.45934496448015,0.75,180.0
1779634094.8177955,19.293509483337402,0.7572315878417454,0.0023183852662809474,-179.622201105414,0.75,180.0
1779634094.8333406,19.309054613113403,0.7576431717504358,0.002163171413262666,-179.73528019827415,0.75,180.0
1779634094.8664207,19.342134714126587,0.7579150997366717,0.0020540280155643765,-179.8145816705326,0.75,180.0
1779634094.910778,19.386492013931274,0.7580975175277307,0.0019773971608669327,-179.87017675015232,0.75,180.0
1779634094.9464934,19.422207355499268,0.7580699282466274,0.0003269180111033182,179.10603817086897,0.75,180.0
1779634095.0557234,19.531437397003174,0.7582011487152234,0.0007680958047490232,179.3741163289234,0.75,180.0
1779634095.1947544,19.6704683303833,0.7578799655127612,0.00266643269158279,-179.45653262376086,0.75,180.0
1779634095.2055655,19.68127942085266,0.7583722795417485,0.004116918912818285,-178.61973043258092,0.75,180.0
1779634095.2281258,19.703839778900146,0.7585649498141548,0.0035108881425586057,-179.03319566783978,0.75,180.0
1779634095.5270977,20.002811670303345,0.7585546495109561,0.0029975897256432934,-179.32309080390314,0.75,180.0
1779634095.5366027,20.012316703796387,0.7585424112735756,0.0026379608376455657,-179.526113573383,0.75,180.0
1779634095.5548184,20.030532360076904,0.7589899792469932,0.002478917474322765,-179.66666149649225,0.75,180.0
1779634095.5856638,20.06137776374817,0.7588435567981496,0.002274638303763538,-179.766716006635,0.75,180.0
1779634095.5981448,20.073858737945557,0.759029621477066,0.0004241671990001157,179.1642719546983,0.75,180.0
1779634095.6336696,20.109383583068848,0.757977641105431,0.0006589562349114376,179.41491684570067,0.75,180.0
1779634095.717847,20.19356107711792,0.7581349034854299,0.0010006192559274293,179.59037328316762,0.75,180.0
1779634095.801933,20.277647018432617,0.7585672143470228,0.002950324159247602,-179.28732627903986,0.75,180.0
1779634095.8164318,20.29214572906494,0.7585480746734691,0.00260458560113696,-179.50120349586376,0.75,180.0
1779634095.8329868,20.308700799942017,0.7586860319775941,0.002277266531842466,-179.65011565059442,0.75,180.0
1779634095.8663032,20.34201717376709,0.7590616114365937,0.0004912509512161451,179.23229922385696,0.75,180.0
1779634095.9481404,20.4238543510437,0.7596462195843597,-0.0007574848453627265,178.45054239004818,0.75,180.0
1779634095.958323,20.43403697013855,0.7593096766025835,8.998200871234872e-06,178.91531382659986,0.75,180.0
1779634096.000967,20.476680994033813,0.7593287210196683,-0.0011614965272510173,178.2416651677963,0.75,180.0
1779634096.0909905,20.566704511642456,0.7593351268890209,-0.0019807132838294958,177.7700408564107,0.75,180.0
1779634096.1872873,20.66300129890442,0.7583641256383534,-0.0009347872428009222,178.43975678904687,0.75,180.0
1779634096.1980903,20.67380428314209,0.7584157425817346,-0.00011502923942422307,178.9079003069686,0.75,180.0
1779634096.2867649,20.762478828430176,0.758004131882058,0.00037284829727856077,179.23684860002956,0.75,180.0
1779634096.3306615,20.80637550354004,0.7581549274016594,0.0008003913310247111,179.4657654241436,0.75,180.0
1779634096.345491,20.821204900741577,0.7582591021337485,0.001099659334884077,179.6259886088844,0.75,180.0
1779634096.52508,21.000793933868408,0.758331347178134,0.0013091390215579268,179.73813636902852,0.75,180.0
1779634096.5380452,21.01375913619995,0.757920167736189,0.0013690006230925446,179.81749800526242,0.75,180.0
1779634096.5507858,21.02649974822998,0.7576154947946067,0.0014100921227404848,179.87259609308404,0.75,180.0
1779634096.5906663,21.066380262374878,0.7581702872296562,-0.00018179719592728138,178.91112065087316,0.75,180.0
1779634096.6018503,21.077564239501953,0.7582775355775184,0.0004125339600510602,179.23807244131814,0.75,180.0
1779634096.6673234,21.14303731918335,0.7583480148922875,0.0008283638019439228,179.4667506687217,0.75,180.0
1779634096.7103257,21.186039686203003,0.7583950988317573,0.0011193363016133427,179.62673917765272,0.75,180.0
1779634096.7230806,21.19879460334778,0.757701299726513,0.0012362813110557446,179.74006127403644,0.75,180.0
1779634096.7620614,21.237775325775146,0.7583902261329357,0.0013213828481978226,179.8193554422452,0.75,180.0
1779634096.8524852,21.3281991481781,0.7576998984164716,0.0013777107901529631,179.87489963765088,0.75,180.0
1779634096.863711,21.339425086975098,0.7579406046083607,0.0015038138676391022,179.91239628003524,0.75,180.0
1779634097.098621,21.574334859848022,0.7576603000430286,0.0015059255628974532,179.9398738385224,0.75,180.0
1779634097.1052785,21.580992460250854,0.75819588201516,-0.00011368485574802514,178.95897259569566,0.75,180.0
1779634097.1206338,21.59634780883789,0.7582907752771451,0.00045973294523856713,179.27122038129693,0.75,180.0
1779634097.1588676,21.634581565856934,0.7583549908581108,0.0008611602743596752,179.48979116616806,0.75,180.0
1779634097.3825397,21.858253717422485,0.7583988589504054,0.0011421721826375521,179.64279025529152,0.75,180.0
1779634097.4031043,21.87881827354431,0.7581051877602092,0.0013472192018935201,179.75373128309667,0.75,180.0
1779634097.418746,21.89445996284485,0.7577338198212346,0.0013943259971312969,179.82766428378545,0.75,180.0
1779634097.525643,22.001357078552246,0.7582620094567939,-0.00019285298931146638,178.87946436868353,0.75,180.0
1779634097.5350745,22.010788440704346,0.7583467941758155,0.00040505818140202775,179.216153556005,0.75,180.0
1779634097.5750966,22.05081057548523,0.7583989723945587,0.0008232684381040945,179.45151627069862,0.75,180.0
1779634097.596878,22.07259202003479,0.7584319826789195,0.001115839983848765,179.616125331434,0.75,180.0
1779634097.666101,22.141814947128296,0.7587274219202705,-0.0003873360088367736,178.7319935555099,0.75,180.0
1779634097.6762643,22.151978254318237,0.7590981976125466,0.000358781847392266,179.11250798456732,0.75,180.0
1779634097.75855,22.23426389694214,0.7584400074185954,0.0007024737468998294,179.37870970035124,0.75,180.0
1779634097.7691958,22.24490976333618,0.7584705888217231,0.001031862006823822,179.56558524493053,0.75,180.0
1779634097.8096907,22.285404682159424,0.758898655607794,0.0011763727609600543,179.69604299134699,0.75,180.0
1779634097.8508897,22.326603651046753,0.7587911284503299,0.0013635337878917535,179.78762216591815,0.75,180.0
1779634098.0422866,22.518000602722168,0.7582218311662126,0.0014060264880207517,179.85154331039692,0.75,180.0
1779634098.0573285,22.533042430877686,0.7583171972246776,0.0015242544669233134,179.89641963873274,0.75,180.0
1779634098.0705807,22.546294689178467,0.7576723247226986,0.0015208653809234648,179.92950392285027,0.75,180.0
1779634098.1080253,22.583739280700684,0.7573455311230111,0.003271702456056876,-179.07348831203677,0.75,180.0
1779634098.1436794,22.619393348693848,0.7577077726988446,0.002830806107515906,-179.35103611051537,0.75,180.0
1779634098.1890903,22.664804220199585,0.7579528892317555,0.0025215204978608946,-179.54553819572632,0.75,180.0
1779634098.4264057,22.902119636535645,0.7581203281600868,0.0023047128008092934,-179.68181023331528,0.75,180.0
1779634098.4371567,22.91287064552307,0.7586837985202018,0.00206986054950536,-179.77564858641887,0.75,180.0
1779634098.4561834,22.931897401809692,0.758937955912756,0.003698990143366017,-178.84335919374467,0.75,180.0
1779634098.4907045,22.966418504714966,0.7583452253151914,0.0032131235581917463,-179.19077526497182,0.75,180.0
1779634098.5672157,23.042929649353027,0.7579131093317233,0.0027018681279787414,-179.43250438063774,0.75,180.0
1779634098.6225982,23.09831213951111,0.7581011276636733,0.0024306840762671846,-179.60292316070993,0.75,180.0
1779634098.664571,23.1402850151062,0.7577398242554209,0.002153596215485564,-179.72139881272884,0.75,180.0
1779634098.7581098,23.233823776245117,0.7579795431584131,0.0020472035739569367,-179.80492116893566,0.75,180.0
1779634098.7739959,23.249709844589233,0.7583317209526285,0.0020643829189533063,-179.8617897616739,0.75,180.0
1779634098.8993013,23.375015258789062,0.7579253171790741,0.0018982452261127848,-179.90208424126843,0.75,180.0
1779634098.9127004,23.38841438293457,0.757689673841896,0.00345988176989128,-178.94858319835384,0.75,180.0
1779634098.928968,23.40468192100525,0.7571936573741272,0.0028728772993498637,-179.26351058587903,0.75,180.0
1779634098.9946365,23.47035050392151,0.757591680132873,0.0025508983282532226,-179.4843014059384,0.75,180.0
1779634099.0493472,23.52506113052368,0.7578668308050032,0.0023252423820346057,-179.63896080915643,0.75,180.0
1779634099.1905756,23.666289567947388,0.7573095545573488,0.002078844230932703,-179.74672945728605,0.75,180.0
1779634099.203779,23.679492950439453,0.7569069252779775,0.001905854176884728,-179.82246236979734,0.75,180.0
1779634099.2417197,23.71743369102478,0.757397258716183,0.0018742243614646376,-179.8754028679639,0.75,180.0
1779634099.2591155,23.734829425811768,0.7586338245194757,0.001854749804834889,-179.91265335924405,0.75,180.0
1779634099.52319,23.99890398979187,0.7585961446170371,0.001837872029754325,-179.93882524791596,0.75,180.0
1779634099.553008,24.028722047805786,0.7588822631811782,0.003536591338540903,-178.9575936129933,0.75,180.0
1779634099.5879166,24.0636305809021,0.7580257878463363,0.0029274551927576985,-179.26931354222666,0.75,180.0
1779634099.603624,24.07933807373047,0.7580489693931077,0.0008225581320545457,179.52913715922284,0.75,180.0
1779634099.6647215,24.140435457229614,0.7581843456375754,0.0011151520062656205,179.67033122110604,0.75,180.0
1779634099.676418,24.152132034301758,0.7575446794625149,0.0012325082219888075,179.77008523505762,0.75,180.0
1779634099.7198687,24.195582628250122,0.7570778147222369,0.001313806253544907,179.83942619662264,0.75,180.0
1779634099.8523705,24.328084468841553,0.7576374835789933,0.0013700552529085262,179.88674345347576,0.75,180.0
1779634099.8646107,24.340324640274048,0.7580242922724418,0.0015878263505013455,179.92097314337357,0.75,180.0
1779634099.8827019,24.358415842056274,0.7581873621032821,0.0016513441628451145,179.94492253777517,0.75,180.0
1779634100.1406364,24.616350412368774,0.7573958577211293,0.0015182693675607497,179.96152906718206,0.75,180.0
1779634100.1494145,24.625128507614136,0.7569694737497642,0.0015139186116100932,179.9735185293986,0.75,180.0
1779634100.167006,24.642719984054565,0.7579236096614679,0.001693173524181249,179.98370769007283,0.75,180.0
1779634100.2035964,24.67931032180786,0.7580961363556928,0.0017245882263379072,179.98853171037757,0.75,180.0
1779634100.3753161,24.851030111312866,0.7574772811292688,0.0016591202037574758,179.99285968845058,0.75,180.0
1779634100.3833618,24.859075784683228,0.7579236606229349,0.0017904430299750939,179.9954238560478,0.75,180.0
1779634100.403451,24.879164934158325,0.7585367195322908,0.0035782315562863896,-179.01124346553428,0.75,180.0
1779634100.429269,24.904983043670654,0.7584456983310294,0.00128093991515599,179.7109224261384,0.75,180.0
1779634100.4432294,24.918943405151367,0.758783015591389,0.0031462362463006814,-179.20307857200282,0.75,180.0
1779634100.5211987,24.996912717819214,0.7587001162539333,0.0027419463306681754,-179.44211649561353,0.75,180.0
1779634100.532612,25.008326053619385,0.7578992712256893,0.002370264773284163,-179.60907490720365,0.75,180.0
1779634100.6226044,25.098318338394165,0.7576525952070383,0.0021145037767926226,-179.72406616353754,0.75,180.0
1779634100.6695786,25.14529252052307,0.7571748983713215,0.0019319011630726402,-179.8060244665161,0.75,180.0
1779634100.6783977,25.154111623764038,0.7574428503864358,0.0035246910752031032,-178.858185953107,0.75,180.0
1779634100.7218263,25.197540283203125,0.7572976976458746,0.0029205491177877792,-179.1993738021529,0.75,180.0
1779634101.0104582,25.486172199249268,0.7572467603269438,0.004175601447559231,-178.45666158397128,0.75,180.0
1779634101.024622,25.500335931777954,0.758389369124129,0.0018553215334340416,-179.91257024341135,0.75,180.0
1779634101.0607805,25.536494493484497,0.7579966940159901,7.421149132601549e-05,179.08067284369218,0.75,180.0
1779634101.1951625,25.670876502990723,0.7581501763337716,0.0005913189782777255,179.35642944350622,0.75,180.0
1779634101.2098527,25.685566663742065,0.7582559995623003,0.0009532968835468739,179.54944748579578,0.75,180.0
1779634101.2265425,25.702256441116333,0.7587661687431196,0.0011588104589498513,179.70619930085243,0.75,180.0
1779634101.2616167,25.737330675125122,0.7560925819490266,5.796070646947897e-05,178.78178439879065,0.75,180.0
1779634101.3245592,25.800273180007935,0.7567497420179178,0.0006028624859800464,179.16157753157185,0.75,180.0
1779634101.3792198,25.854933738708496,0.7577444707352057,0.0010554238999400472,179.41542135943448,0.75,180.0
1779634101.5260656,26.001779556274414,0.7579719190923193,0.0012781127756312345,179.59070989118436,0.75,180.0
1779634101.549827,26.025541067123413,0.7581303859970622,0.0014340226616406018,179.71342272526738,0.75,180.0
1779634101.7103605,26.18607449531555,0.7577797712992653,0.0014567441516928747,179.80037657944052,0.75,180.0
1779634101.722008,26.1977219581604,0.7583175283958037,0.0032703932512139285,-179.1397737138563,0.75,180.0
1779634101.7379391,26.213653087615967,0.7579012360289299,0.0027419798402195696,-179.39679785079613,0.75,180.0
1779634101.8111236,26.286837577819824,0.7567079198396731,0.0007527175197397683,179.4264090582624,0.75,180.0
1779634101.8519568,26.32767081260681,0.7567697768561962,-0.0007332125754270866,178.597031142506,0.75,180.0
1779634101.8658333,26.34154725074768,0.7574179655385747,-9.815724895402686e-05,178.9961124060857,0.75,180.0
1779634102.0457993,26.52151322364807,0.7580207593525913,-0.0012333735212178285,178.2998956727724,0.75,180.0
1779634102.0572138,26.532927751541138,0.7581806384257023,-0.00032368805234742515,178.81032671763987,0.75,180.0
1779634102.0747087,26.55042266845703,0.7586239979182238,0.0020226599731964163,-179.83353160877527,0.75,180.0
1779634102.1410673,26.61678123474121,0.7581390100930119,0.0035429621650209433,-178.90245299364148,0.75,180.0
1779634102.1563,26.63201403617859,0.7585479684207342,0.004729487966503007,-178.2323243104704,0.75,180.0
1779634102.1939075,26.669621467590332,0.758115650184796,0.002049844019914959,-179.7641281116197,0.75,180.0
1779634102.2342358,26.709949731826782,0.7577676595200189,0.003560295085625947,-178.85439564963812,0.75,180.0
1779634102.3268855,26.80259943008423,0.7582959532738478,0.004742168727943067,-178.1983428524828,0.75,180.0
1779634102.3744676,26.850181579589844,0.7583751402583511,0.003860521487884698,-178.7383360250425,0.75,180.0
1779634102.521276,26.996989965438843,0.7576623381605837,0.0031524788777238196,-179.1167258747958,0.75,180.0
1779634102.5327544,27.00846838951111,0.7579256747167544,0.0027472234300931517,-179.3813083149508,0.75,180.0
1779634102.552499,27.028213024139404,0.7581035273411486,0.002462956785242501,-179.56673773790098,0.75,180.0
1779634102.7107518,27.186465740203857,0.7579459444983017,0.002275202370449516,-179.69080479764938,0.75,180.0
1779634102.7208233,27.196537256240845,0.7585302814570818,0.0022227542021249504,-179.7831083719935,0.75,180.0
1779634102.7362661,27.21198010444641,0.7585337126291688,0.0020958443946614835,-179.84798063243738,0.75,180.0
1779634102.7604115,27.236125469207764,0.7588398455584748,0.0037180308172155303,-178.8934148349566,0.75,180.0
1779634102.793354,27.269068002700806,0.7585763501409999,0.0013753753055929787,179.7918471964669,0.75,180.0
1779634102.8487823,27.324496269226074,0.7585621503269551,0.0015021053077806266,179.8542477434373,0.75,180.0
1779634102.8989713,27.374685287475586,0.7588661088890125,0.003300800677608597,-179.10280252808744,0.75,180.0
1779634102.9962933,27.472007274627686,0.7590642435640739,0.001142749552922862,179.62909117824321,0.75,180.0
1779634103.043872,27.519586086273193,0.7588958293820813,0.0013392672249102,179.7402941470903,0.75,180.0
1779634103.0885177,27.564231634140015,0.7587771571624224,0.0014768433351789272,179.81813891246816,0.75,180.0
1779634103.188158,27.663872003555298,0.7589721965706138,-0.00013456815779706323,178.87348267023472,0.75,180.0
1779634103.1975045,27.673218488693237,0.7588341702878143,0.0004451614268232548,179.2113981811112,0.75,180.0
1779634103.2379904,27.713704347610474,0.7587353550275793,0.0008509836569573017,179.44792685685658,0.75,180.0
1779634103.2837658,27.759479761123657,0.7579322504292915,0.0010480517906678519,179.61464400590518,0.75,180.0
1779634103.3825166,27.858230590820312,0.7581052108927011,0.0012730806216056435,179.73024920687706,0.75,180.0
1779634103.3970108,27.872724771499634,0.759124600404334,0.001433620215853755,179.8111397027254,0.75,180.0
1779634103.4356341,27.91134810447693,0.7584895384262186,0.001456754686554439,179.8689721654178,0.75,180.0
1779634103.4740145,27.94972848892212,0.7584935799225202,0.0015591836108204329,179.9082693687343,0.75,180.0
1779634103.5684285,28.044142484664917,0.7589281206046782,0.001722074695906283,179.9364596948859,0.75,180.0
1779634103.5795743,28.055288314819336,0.7591201382740944,0.0034564448101981875,-179.04428976188362,0.75,180.0
1779634103.6629286,28.13864254951477,0.7589393478935793,0.0029588900201119148,-179.33112181100313,0.75,180.0
1779634103.7557306,28.231444597244263,0.7593414572821003,0.002621722837901368,-179.5275409751722,0.75,180.0
1779634103.7693691,28.24508309364319,0.7594127891627304,0.004087373659759225,-178.66820158145978,0.75,180.0
1779634103.810363,28.28607702255249,0.759353545765568,0.0033173002093768,-179.06638607888866,0.75,180.0
1779634103.8996067,28.37532067298889,0.7590998306219654,0.002861471458137407,-179.34655411507345,0.75,180.0
1779634103.912295,28.388009071350098,0.7589206880114843,0.002542390554951137,-179.54266095082554,0.75,180.0
1779634103.9513488,28.42706274986267,0.7587945325698998,0.002319036245893931,-179.67993059418785,0.75,180.0
1779634103.9966984,28.47241234779358,0.7587058535027591,0.0021626902953939646,-179.77601687506709,0.75,180.0
1779634104.0401075,28.51582145690918,0.7588058062403275,0.0021438448015186655,-179.84226402792734,0.75,180.0
1779634104.0908444,28.566558361053467,0.7587165649315458,0.0020402524985293504,-179.8895485619469,0.75,180.0
1779634104.134937,28.61065101623535,0.757902675942371,0.0018794572833665073,-179.9221243026191,0.75,180.0
1779634104.1851838,28.660897731781006,0.7589832499870922,0.0018568450500113067,-179.94621703510046,0.75,180.0
1779634104.232346,28.708060026168823,0.7588410909250566,0.0018396776656373387,-179.96212983772992,0.75,180.0
1779634104.2820432,28.75775718688965,0.7582978155711938,0.0017424102140042072,-179.9715252900705,0.75,180.0
1779634104.3787909,28.854504823684692,0.7576343742174543,0.0016716645615823013,-179.97913989887786,0.75,180.0
1779634104.3930588,28.868772745132446,0.7578947727891525,0.0017096768977850688,-179.98538152526095,0.75,180.0
1779634104.4327455,28.908459424972534,0.7580763450009765,0.0017362121282388154,-179.98979118453647,0.75,180.0
1779634104.5253186,29.00103259086609,0.7582030992167369,0.0017547508492165007,-179.99289783085376,0.75,180.0
1779634104.5674982,29.043212175369263,0.7581259969169597,1.1345516470258766e-06,179.02233848687885,0.75,180.0
1779634104.6201942,29.095908164978027,0.7577669669617596,0.0004531505067264536,179.31616469470814,0.75,180.0
1779634104.708523,29.184237003326416,0.7583247691011129,0.0025683020171241963,-179.4783250421292,0.75,180.0
1779634104.7205703,29.196284294128418,0.7579629559623574,0.003893596095988587,-178.67216228531888,0.75,180.0
1779634104.8029563,29.27867031097412,0.7575603956674501,0.0016074249145783758,179.95941638864633,0.75,180.0
1779634104.8187726,29.29448652267456,0.7578566238956486,0.001665951195537097,179.972309570825,0.75,180.0
1779634104.9994352,29.475149154663086,0.7585324851668561,0.0018003865770740877,179.98329804583156,0.75,180.0
1779634105.0089068,29.484620809555054,0.7576271416332744,0.0016223584190645148,179.98824868141847,0.75,180.0
1779634105.0249007,29.500614643096924,0.7574311645712541,0.0015888339536867416,179.99293153395288,0.75,180.0
1779634105.1388483,29.614562273025513,0.7577542956960427,0.001651639821462025,179.99503836423287,0.75,180.0
1779634105.1520836,29.627797603607178,0.7582928239089649,0.003406422395501375,-179.00378396014585,0.75,180.0
1779634105.1670456,29.642759561538696,0.757918201070618,0.00451368193882818,-178.3206154775723,0.75,180.0
1779634105.205509,29.681222915649414,0.7579833574485852,0.002072582682387026,-179.82601780524087,0.75,180.0
1779634105.2459211,29.721635103225708,0.7577067428660437,0.00036513410076761824,179.121776161127,0.75,180.0
1779634105.2857523,29.76146626472473,0.7584047023404036,0.0008879915818699948,179.3869216935764,0.75,180.0
1779634105.379655,29.855368852615356,0.7579868608738463,-0.0006367256243474059,178.57082947269248,0.75,180.0
1779634105.3945518,29.87026572227478,0.7581479867771677,9.371408122426663e-05,178.99962722561764,0.75,180.0
1779634105.4319093,29.907623291015625,0.7582567669767531,0.0006050106308897129,179.29972710471912,0.75,180.0
1779634105.4765923,29.952306270599365,0.7583309490308163,0.0009629019455735741,179.50977002775764,0.75,180.0
1779634105.5227592,29.998473167419434,0.7579286027690941,0.0011272584379229248,179.65798807794613,0.75,180.0
1779634161.1886766,0.09446096420288086,0.7649046087899606,0.013828294066785249,-134.76023609418687,0.75,225.0
1779634161.1951632,0.10094761848449707,0.7675911034131072,0.0042205035283098685,-134.92070258518473,0.75,225.0
1779634161.2017915,0.10757589340209961,0.7605233569290574,0.012513305148470835,-135.21083179848074,0.75,225.0
1779634161.2119765,0.11776089668273926,0.7714014354998495,0.0034338795082882873,-135.327225240209,0.75,225.0
1779634161.2187853,0.12456965446472168,0.7684039325320154,0.004293268304251779,-134.91365569291497,0.75,225.0
1779634161.2259824,0.13176679611206055,0.7637549455969418,0.013519536301391286,-134.8559896343385,0.75,225.0
1779634161.2519715,0.15775585174560547,0.7659741504165853,0.01423198714538687,-134.5962822418203,0.75,225.0
1779634161.2693052,0.17508959770202637,0.7625031612768762,0.01298636579989447,-135.1814590440487,0.75,225.0
1779634161.2992704,0.20505475997924805,0.7663029854545947,0.00489230489721737,-134.62399205835854,0.75,225.0
1779634161.4291015,0.334885835647583,0.7704313427585224,0.015654505891383758,-134.22190390657215,0.75,225.0
1779634161.4355924,0.34137678146362305,0.7648017582229737,0.005236066779951143,-134.5017112259548,0.75,225.0
1779634161.4424958,0.3482801914215088,0.7693090446390725,0.0042010218390951815,-135.00451436110612,0.75,225.0
1779634161.4645662,0.37035059928894043,0.7644128048359459,0.013783404902980495,-134.83803343186955,0.75,225.0
1779634161.4910674,0.3968517780303955,0.7720996484032072,0.016179696453090628,-134.0644965126279,0.75,225.0
1779634161.613001,0.5187854766845703,0.7713645234569415,0.015968488834000608,-134.0222680870976,0.75,225.0
1779634161.618575,0.5243594646453857,0.7668875501314084,0.004748253631470051,-134.7621130791679,0.75,225.0
1779634161.6247876,0.5305719375610352,0.7656365356005383,0.014172235887496235,-134.5655552514398,0.75,225.0
1779634161.6399982,0.5457825660705566,0.7651704025065199,0.005125091917118227,-134.586357037998,0.75,225.0
1779634161.6496453,0.5554296970367432,0.7670233247801834,0.01473324183136751,-134.31534657038563,0.75,225.0
1779634161.6616337,0.567418098449707,0.7534636412164594,0.004308840040055786,-135.41509261394555,0.75,225.0
1779634161.7066607,0.6124451160430908,0.7682602339994037,0.015031806493404229,-134.33606733698778,0.75,225.0
1779634161.7146616,0.620445966720581,0.7615876056666998,0.0034900546643888003,-135.81009709131766,0.75,225.0
1779634161.7250733,0.6308577060699463,0.7690293014659797,0.015254840905979256,-134.2477239659131,0.75,225.0
1779634161.731135,0.6369192600250244,0.7671320363308821,0.0028836744468740683,-136.04170302522186,0.75,225.0
1779634161.7744553,0.6802396774291992,0.7654002292445614,0.0038356336521650353,-135.49761551576083,0.75,225.0
1779634161.7781696,0.6839540004730225,0.7916436819099572,0.023150242182003053,-131.14434970957362,0.75,225.0
1779634161.8504188,0.7562031745910645,0.7792996361024628,0.018970409669532284,-132.67517004817316,0.75,225.0
1779634161.8568742,0.7626585960388184,0.7641470719814268,0.004491082535665783,-135.10594008377703,0.75,225.0
1779634161.8649192,0.7707035541534424,0.7633409483727069,0.005037553789909013,-134.76338878956636,0.75,225.0
1779634161.8734345,0.7792189121246338,0.7763978389862783,0.017907821887730616,-133.0543868601958,0.75,225.0
1779634161.9055498,0.8113341331481934,0.773456165406776,0.017020865613183306,-133.37147847806688,0.75,225.0
1779634161.916719,0.8225033283233643,0.7626963771414966,0.0053290805566263005,-134.59003906915603,0.75,225.0
1779634161.9412005,0.84698486328125,0.7723092040636705,0.01654600897470325,-133.5433703175164,0.75,225.0
1779634161.9473488,0.8531332015991211,0.7678487159609486,0.004269473831787149,-135.07011925063577,0.75,225.0
1779634161.9941437,0.899928092956543,0.7691574515256597,0.015893933294619356,-133.8406711340965,0.75,225.0
1779634162.0012975,0.9070818424224854,0.7659238011001878,0.004879096226887675,-134.73621914081812,0.75,225.0
1779634162.0927362,0.9985206127166748,0.774552880713551,0.017604938499028513,-133.15724395968738,0.75,225.0
1779634162.100451,1.0062353610992432,0.770064989797903,0.003848025507155753,-135.25360692529986,0.75,225.0
1779634162.1073267,1.0131111145019531,0.7673946839796638,0.004496759740814912,-134.92958330012345,0.75,225.0
1779634162.1860049,1.0917892456054688,0.7672524012649246,0.015140731834722962,-134.07512860343493,0.75,225.0
1779634162.191539,1.0973234176635742,0.7705154072258189,0.0035617647677095438,-135.33910174380358,0.75,225.0
1779634162.2385814,1.1443657875061035,0.7671490712913374,0.015149124864074992,-134.05640843306108,0.75,225.0
1779634162.2481835,1.1539678573608398,0.7726161504151228,0.0032364649492545305,-135.6134905447867,0.75,225.0
1779634162.4277942,1.3335785865783691,0.774107618746663,0.0029307128509815372,-135.7978461803788,0.75,225.0
1779634162.439495,1.3452794551849365,0.768383557230255,0.015325488126700565,-134.09030688345933,0.75,225.0
1779634162.4459298,1.3517141342163086,0.7746106028493986,0.0023742425474292395,-136.14115277821813,0.75,225.0
1779634162.4540591,1.3598434925079346,0.7706710795576523,0.003561100310709886,-135.48842694733844,0.75,225.0
1779634162.4889164,1.3947007656097412,0.7639417619956523,0.01379597437032945,-134.74474996244425,0.75,225.0
1779634162.5114915,1.4172759056091309,0.7656405911654378,0.014287918571621872,-134.5018058374884,0.75,225.0
1779634162.516494,1.4222784042358398,0.7679000766317159,0.004384543022879286,-135.02882978938612,0.75,225.0
1779634162.5642354,1.470019817352295,0.7660553585022276,0.014547474118897938,-134.36458000247453,0.75,225.0
1779634162.5800362,1.4858205318450928,0.7714457460464883,0.003504169432327911,-135.4568003838798,0.75,225.0
1779634162.6203256,1.5261099338531494,0.768364293750535,0.004257522739642805,-135.07237614527116,0.75,225.0
1779634162.6286812,1.5344655513763428,0.771505240178687,0.01653938877326186,-133.5585475048409,0.75,225.0
1779634162.6630657,1.568850040435791,0.7667433338731819,0.004883050457439156,-134.65102635475228,0.75,225.0
1779634162.6699164,1.5757007598876953,0.7700075474982896,0.016068514073952128,-133.71863733358978,0.75,225.0
1779634162.7078867,1.613671064376831,0.7640576643859326,0.014075371035321929,-134.46719248688768,0.75,225.0
1779634162.7132437,1.619028091430664,0.7706082360747086,0.0038456330027246965,-135.18366125809084,0.75,225.0
1779634162.75322,1.6590044498443604,0.7662105960950338,0.014566870231348145,-134.4493970336684,0.75,225.0
1779634162.7644517,1.6702361106872559,0.7734467292806669,0.0030391922488603035,-135.4988885683587,0.75,225.0
1779634162.850681,1.7564654350280762,0.7631142928201228,0.01331264147818216,-135.13280729867455,0.75,225.0
1779634162.8570697,1.7628540992736816,0.7697567370262481,0.003929743443648978,-135.09959093934398,0.75,225.0
1779634162.8640227,1.7698071002960205,0.7592530428332332,0.012156268590673591,-135.4673039383746,0.75,225.0
1779634162.875963,1.7817473411560059,0.767165521730876,0.00454954999463969,-134.81836768084963,0.75,225.0
1779634162.946951,1.8527352809906006,0.7653476606492332,0.004981642001426673,-134.62065926886993,0.75,225.0
1779634162.956432,1.8622164726257324,0.7676176643651105,0.014962271709305211,-134.2867556653569,0.75,225.0
1779634162.9708457,1.8766300678253174,0.7632664351541283,0.013421760622446821,-134.83304156396142,0.75,225.0
1779634162.9989376,1.904721975326538,0.7633720750132448,0.0055397017692233735,-134.40855146989355,0.75,225.0
1779634163.005347,1.9111313819885254,0.7651683659098565,0.014025595221421314,-134.56365217863063,0.75,225.0
1779634163.0932157,1.999000072479248,0.7626913042292405,0.0056739636373181745,-134.33373693947362,0.75,225.0
1779634163.0991552,2.004939556121826,0.7669879008232745,0.014584636346323468,-134.39888945742197,0.75,225.0
1779634163.1386676,2.044451951980591,0.7677673046882024,0.004400679681209288,-134.95960608480243,0.75,225.0
1779634163.14995,2.055734395980835,0.7620029604475022,0.013035608775071247,-134.96249708568644,0.75,225.0
1779634163.1553075,2.061091899871826,0.7709349282912713,0.0034535001203183924,-135.48886110551274,0.75,225.0
1779634163.1980865,2.1038708686828613,0.7730414716532424,0.0026611957904900674,-135.8744270434047,0.75,225.0
1779634163.2034268,2.1092112064361572,0.7704143957892444,0.01565448363601228,-134.15157083644337,0.75,225.0
1779634163.277566,2.1833503246307373,0.7745766669830958,0.017314669136668043,-133.41577049274525,0.75,225.0
1779634163.2880092,2.193793535232544,0.7752497893703971,0.0023493357626958727,-136.00491806867083,0.75,225.0
1779634163.2938232,2.1996076107025146,0.7678992865812186,0.015107412978370413,-134.1431216496273,0.75,225.0
1779634163.3032587,2.209043025970459,0.7705764030548988,0.003233728796945043,-135.5507444666147,0.75,225.0
1779634163.4256563,2.3314406871795654,0.7678853108838792,0.0039776949610990375,-135.07907764694016,0.75,225.0
1779634163.4320853,2.337869644165039,0.7728011683902518,0.01693335213371447,-133.40576462275294,0.75,225.0
1779634163.439608,2.3453924655914307,0.7708869944102068,0.0034730271493958187,-135.4503083767517,0.75,225.0
1779634163.5174625,2.4232468605041504,0.7725181859635345,0.003037609855553,-135.77210874112907,0.75,225.0
1779634163.5300157,2.435800075531006,0.7713407385868785,0.016418703238899227,-133.74628166828313,0.75,225.0
1779634163.5373683,2.443152666091919,0.7747973711515842,0.0026810090934640124,-135.92012358452624,0.75,225.0
1779634163.542197,2.447981357574463,0.7769578350921695,0.018034448289715885,-133.30630245371995,0.75,225.0
1779634163.5497966,2.455580949783325,0.7805028792579055,0.019237783044668652,-132.8140132650057,0.75,225.0
1779634163.570135,2.475919485092163,0.7708614079172958,0.0035486625582818176,-135.3419877581969,0.75,225.0
1779634163.5867162,2.4925005435943604,0.7696153748990754,0.016115226437930313,-133.76381448168007,0.75,225.0
1779634163.6227238,2.528508186340332,0.7680765073335396,0.004388032667846958,-134.9388773797991,0.75,225.0
1779634163.6336076,2.5393919944763184,0.7700877034857294,0.015996326757049234,-133.9531595103763,0.75,225.0
1779634163.6604242,2.566208600997925,0.7704096175587658,0.01591456232400243,-134.08343131404703,0.75,225.0
1779634163.7548695,2.660653829574585,0.7656353718469777,0.01418188499797389,-134.73477604154132,0.75,225.0
1779634163.7615795,2.6673638820648193,0.7660984822123772,0.004965779587841418,-134.6490385936997,0.75,225.0
1779634163.7684405,2.674224853515625,0.7673014672238924,0.01465487447381679,-134.62487849341505,0.75,225.0
1779634163.7842355,2.6900198459625244,0.7646203690742952,0.0052778062928730135,-134.5079724594313,0.75,225.0
1779634163.8504908,2.756275177001953,0.7635737071664258,0.005492912773236533,-134.40583371475745,0.75,225.0
1779634163.8649945,2.7707788944244385,0.7681255722975879,0.00433795898789964,-135.03639113128364,0.75,225.0
1779634163.8756418,2.781426191329956,0.7671145673048141,0.014745972524408887,-134.47985829843643,0.75,225.0
1779634163.9548516,2.860635995864868,0.7715812019762635,0.003464529317902018,-135.45584865845188,0.75,225.0
1779634163.9865534,2.8923377990722656,0.7583247589974611,0.012083743580729292,-135.31515151039602,0.75,225.0
1779634164.0450907,2.9508750438690186,0.7569574998790363,0.011551053387108198,-135.52844650458653,0.75,225.0
1779634164.05853,2.9643144607543945,0.7742196341055197,0.0029101866359149825,-135.70928716103845,0.75,225.0
1779634164.1072814,3.013065814971924,0.7758474199540876,0.0024633245689353184,-135.92755829306674,0.75,225.0
1779634164.1511605,3.0569448471069336,0.7718662466698424,0.0036812792039553066,-135.249697653927,0.75,225.0
1779634164.1551523,3.060936689376831,0.7668399224149935,0.014630141636795962,-134.44123337021344,0.75,225.0
1779634164.2303407,3.136125087738037,0.7742035964679734,0.003005241431978764,-135.6065324635416,0.75,225.0
1779634164.2361631,3.1419475078582764,0.7653585248423708,0.014591339093700029,-134.32854720116165,0.75,225.0
1779634164.278384,3.1841683387756348,0.7710130547777327,0.016570650143696727,-133.53214178270514,0.75,225.0
1779634164.2864673,3.192251682281494,0.7702869921253017,0.003906679105717209,-135.17482304468518,0.75,225.0
1779634164.4274523,3.3332366943359375,0.7731740563234074,0.003273626555049286,-135.48431396761023,0.75,225.0
1779634164.4359481,3.3417325019836426,0.7658558698056483,0.014677984080777695,-134.28006727119492,0.75,225.0
1779634164.442178,3.3479623794555664,0.7673800517813565,0.015003536463433553,-134.21813198904408,0.75,225.0
1779634164.4496539,3.355438232421875,0.775321948656229,0.002772380832707172,-135.7260229193463,0.75,225.0
1779634164.4832568,3.3890411853790283,0.7712080236551405,0.0036561037981219513,-135.20154211237207,0.75,225.0
1779634164.4875135,3.3932979106903076,0.7685026242458768,0.015272874904221065,-134.14745128719056,0.75,225.0
1779634164.517718,3.4235024452209473,0.7736383536402579,0.017000698581075835,-133.51572385781867,0.75,225.0
1779634164.5238612,3.429645538330078,0.768695009325128,0.0042876447391012595,-134.75862871476835,0.75,225.0
1779634164.537836,3.443620443344116,0.7678755930211346,0.014910882748414928,-134.4229222149332,0.75,225.0
1779634164.5456314,3.451415777206421,0.7664322757749076,0.004801544810780642,-134.58304757286098,0.75,225.0
1779634164.5783231,3.484107494354248,0.7649503574525692,0.005255097828441607,-134.40103238319,0.75,225.0
1779634164.583039,3.488823413848877,0.7736602871801855,0.01707828573619931,-133.54414977658584,0.75,225.0
1779634164.7543771,3.6601614952087402,0.7700079357138208,0.004199022011702996,-134.86435383550935,0.75,225.0
1779634164.7721756,3.67795991897583,0.77287356996336,0.016728866817404014,-133.6688016240103,0.75,225.0
1779634164.7823334,3.688117742538452,0.7665993999368799,0.00478875932693007,-134.57618338288896,0.75,225.0
1779634164.7948868,3.7006711959838867,0.7705509269478452,0.0037893213625754124,-135.14519453097384,0.75,225.0
1779634164.8294413,3.7352256774902344,0.7723827543820159,0.016425209400222643,-133.89104124044624,0.75,225.0
1779634164.8324044,3.7381887435913086,0.7677400429948547,0.004456950787877334,-134.85522447763228,0.75,225.0
1779634164.8621411,3.767925500869751,0.765015643307748,0.004972725511165413,-134.56995865602156,0.75,225.0
1779634164.8683305,3.7741148471832275,0.7715747094135289,0.01613741255590065,-133.9036978404511,0.75,225.0
1779634164.9579554,3.8637397289276123,0.765791766193838,0.01428827862500319,-134.4845052748284,0.75,225.0
1779634164.9633195,3.8691039085388184,0.7689163752054106,0.004182484354966071,-135.1044833098816,0.75,225.0
1779634165.040023,3.945807456970215,0.7670327758631673,0.004854639638803712,-134.67232956017617,0.75,225.0
1779634165.0418687,3.94765305519104,0.7674133349786917,0.014729148841382433,-134.4503901120248,0.75,225.0
1779634165.0504532,3.956237554550171,0.7708029477958922,0.0038240161981214216,-135.19650164803394,0.75,225.0
1779634165.0564241,3.9622085094451904,0.7680703093760319,0.014943007074258496,-134.29621518874424,0.75,225.0
1779634165.0719788,3.9777631759643555,0.7782267356673999,0.0017964194946965134,-136.3321139607988,0.75,225.0
1779634165.0898488,3.995633125305176,0.7627517910452674,0.013287314469073774,-134.88799628894057,0.75,225.0
1779634165.1855323,4.0913166999816895,0.7639048177785276,0.013789887341206897,-134.65643111475157,0.75,225.0
1779634165.1928806,4.098664999008179,0.7786350657076299,0.0016773540618936628,-136.35921485508425,0.75,225.0
1779634165.2008903,4.106674671173096,0.7733859557333294,0.002981437425884789,-135.69884949204518,0.75,225.0
1779634165.2071836,4.1129679679870605,0.7661005756213606,0.014380723510791713,-134.57351358781762,0.75,225.0
1779634165.2165022,4.122286558151245,0.7676631250694512,0.014829751953001846,-134.41193984410447,0.75,225.0
1779634165.2357626,4.141546964645386,0.7801399363774497,0.0011381693688797961,-136.70685857397459,0.75,225.0
1779634165.2792354,4.1850197315216064,0.7746672777994922,0.0027366437018626344,-135.9171567608425,0.75,225.0
1779634165.2942247,4.200009107589722,0.7699567123487269,0.0037983202489067086,-135.3388287731831,0.75,225.0
1779634165.302966,4.208750486373901,0.7691645737366994,0.015184526122920497,-134.53854991383977,0.75,225.0
1779634165.3325217,4.238306045532227,0.7647294434563389,0.013653786397445203,-135.1389225847578,0.75,225.0
1779634165.3430593,4.248843669891357,0.7674044798597482,0.00455266764460216,-134.9251440784226,0.75,225.0
1779634165.4262786,4.3320629596710205,0.7777891968121593,0.018105750272745053,-133.36845801664396,0.75,225.0
1779634165.4351401,4.340924501419067,0.771092286979973,0.0036187225453126887,-135.38285214713778,0.75,225.0
1779634165.4742582,4.380042552947998,0.7682044591435115,0.00442816618625945,-134.95755645373606,0.75,225.0
1779634165.4815645,4.387348890304565,0.7809898414912171,0.019296024085340382,-132.830705937752,0.75,225.0
1779634165.4883857,4.394170045852661,0.7716473843195382,0.0035306190672187293,-135.40393562410534,0.75,225.0
1779634165.49516,4.400944471359253,0.7718795269595191,0.01630533471302552,-133.8793563144936,0.75,225.0
1779634165.5663695,4.472153902053833,0.7716601736379597,0.016184220667323557,-133.91281010492924,0.75,225.0
1779634165.5741885,4.479972839355469,0.7685957949170925,0.004367111963618969,-134.97319567806719,0.75,225.0
1779634165.5895944,4.495378732681274,0.7705737965317916,0.003335261235848666,-135.5118461319605,0.75,225.0
1779634165.609372,4.515156269073486,0.7710482916829426,0.015961650181267745,-133.92159446155043,0.75,225.0
1779634165.7556844,4.661468744277954,0.7681354661339057,0.00421059430813521,-135.03463697697396,0.75,225.0
1779634165.76313,4.668914318084717,0.7655196622429931,0.014220589608343298,-134.58088355675,0.75,225.0
1779634165.7689064,4.6746907234191895,0.7671717751308227,0.014728595497562808,-134.3934899652184,0.75,225.0
1779634165.7742875,4.680071830749512,0.7660616580352934,0.0047547444923940335,-134.78155683828396,0.75,225.0
1779634165.7853532,4.6911375522613525,0.7672592393403183,0.014839571458811027,-134.3256547366722,0.75,225.0
1779634165.856618,4.762402296066284,0.7677408961307484,0.015112525971053711,-134.21298170397895,0.75,225.0
1779634165.866644,4.772428274154663,0.7701384253652834,0.0037585778420673593,-135.27740188853147,0.75,225.0
1779634165.9446342,4.850418567657471,0.7675462660153262,0.004527346598576051,-134.88703410977152,0.75,225.0
1779634165.953897,4.8596813678741455,0.7683457760834016,0.015216589535724287,-134.13492882563452,0.75,225.0
1779634165.9668815,4.872665882110596,0.7649884356976883,0.0052434699012242625,-134.61698787028857,0.75,225.0
1779634165.9753819,4.881166219711304,0.7684614148702181,0.015268026177100782,-134.2666542394383,0.75,225.0
1779634165.9836822,4.8894665241241455,0.7696397609602227,0.004168806639200967,-135.13014243709787,0.75,225.0
1779634166.0874422,4.993226528167725,0.768802220652028,0.015320642347774777,-134.16718477683298,0.75,225.0
1779634166.1011126,5.00689697265625,0.769055759792415,0.015366768090236363,-134.0938412437556,0.75,225.0
1779634166.10697,5.012754440307617,0.7723572000719968,0.0034021920659230293,-135.54150779318286,0.75,225.0
1779634166.1207418,5.026526212692261,0.7745451708745913,0.0028085041541115047,-135.81042806151746,0.75,225.0
1779634166.2824812,5.188265562057495,0.769689164575299,0.015525490165228056,-134.06420807270297,0.75,225.0
1779634166.2890465,5.194830894470215,0.7705272117583437,0.0037704250288897734,-135.3173752899431,0.75,225.0
1779634166.2972107,5.20299506187439,0.7748953816368601,0.01734740703132963,-133.30425673618453,0.75,225.0
1779634166.3032618,5.209046125411987,0.7677056110839319,0.00443909747667913,-134.97067681817742,0.75,225.0
1779634166.3105285,5.216312885284424,0.7704905112967435,0.003625189097803766,-135.32271738931593,0.75,225.0
1779634166.4245791,5.330363512039185,0.7790807773818056,0.018730901170639427,-132.90768330074584,0.75,225.0
1779634166.4325361,5.33832049369812,0.7668924345308755,0.0043840992339633095,-134.88074765158117,0.75,225.0
1779634166.4467015,5.35248589515686,0.7653051274855794,0.004781370615476094,-134.60975949223806,0.75,225.0
1779634166.4517603,5.357544660568237,0.7806600575645141,0.01947784945982732,-132.55339082783112,0.75,225.0
1779634166.4777737,5.383558034896851,0.7696501314500068,0.003879530987334706,-135.0774447681894,0.75,225.0
1779634166.4988189,5.4046032428741455,0.7781543351046574,0.0015871539861767037,-136.3539612374693,0.75,225.0
1779634166.5026295,5.408413887023926,0.7698726694671439,0.016222899715057484,-133.649717814257,0.75,225.0
1779634166.5715563,5.4773406982421875,0.7786469647772636,0.0016401530234487205,-136.3008526050095,0.75,225.0
1779634166.5765662,5.482350587844849,0.7700325770514935,0.01614914933616815,-133.7688626494561,0.75,225.0
1779634166.6603851,5.566169500350952,0.7644796809342086,0.014189364741723304,-134.64848404753226,0.75,225.0
1779634166.6739743,5.579758644104004,0.7987059289082936,0.025783644266356612,-130.4913288194942,0.75,225.0
1779634166.6856346,5.591418981552124,0.7734366413007919,0.002964442868383807,-135.6701129864783,0.75,225.0
1779634166.6987154,5.604499816894531,0.7697608116105801,0.003880844850533041,-135.22230267814126,0.75,225.0
1779634166.705103,5.610887289047241,0.7904956863784968,0.022736403464977795,-131.6546947459795,0.75,225.0
1779634166.7543454,5.66012978553772,0.7672790284798647,0.0046122623437318405,-134.8475467947414,0.75,225.0
1779634166.770753,5.676537275314331,0.7605197509620819,0.00633216908381691,-133.9498732893168,0.75,225.0
1779634166.7819533,5.687737703323364,0.7716894098757183,0.016208819346537978,-133.99766877301673,0.75,225.0
1779634166.7977664,5.703550815582275,0.7790697751415981,0.018870873220003012,-132.9082013658203,0.75,225.0
1779634166.899755,5.80553936958313,0.777181592042782,0.01788779157129962,-133.47587533004486,0.75,225.0
1779634166.9059906,5.811774969100952,0.7662600282293839,0.004868712242659404,-134.6933416559935,0.75,225.0
1779634166.9143603,5.8201446533203125,0.7700033162603082,0.0038984472462196967,-135.2376991527157,0.75,225.0
1779634166.9233656,5.829149961471558,0.7749216974160434,0.017163546138337343,-133.60996740086586,0.75,225.0
1779634166.932887,5.838671445846558,0.7738026519305105,0.016781698810554704,-133.72721546022768,0.75,225.0
1779634166.9511573,5.8569416999816895,0.7673509678225848,0.0045313760066827136,-134.9185123193185,0.75,225.0
1779634167.0013332,5.907117605209351,0.7654837471819391,0.004970769145747789,-134.6924757473969,0.75,225.0
1779634167.0046256,5.910409927368164,0.7783209759675527,0.018331350370856106,-133.2041625557392,0.75,225.0
1779634167.0118802,5.917664527893066,0.7757069247309061,0.01746369642821262,-133.42397864176178,0.75,225.0
1779634167.0183587,5.924143075942993,0.7698187123266532,0.004022403658542353,-135.14765577256176,0.75,225.0
1779634167.0951662,6.000950574874878,0.7743542736809191,0.016949864203645956,-133.70743806889396,0.75,225.0
1779634167.0982628,6.004047155380249,0.7673117816436135,0.004708703899859792,-134.793174801365,0.75,225.0
1779634167.1052577,6.01104211807251,0.771023488027329,0.003728740517934162,-135.2886356386457,0.75,225.0
1779634167.1395721,6.045356512069702,0.7680615995210004,0.004411863126663196,-134.95309865280882,0.75,225.0
1779634167.1458783,6.0516626834869385,0.7787032618414966,0.018449428772805948,-133.18925872156643,0.75,225.0
1779634167.2774181,6.183202505111694,0.7659794830569402,0.004886754400900653,-134.71615869352496,0.75,225.0
1779634167.2836695,6.189453840255737,0.7750991489820487,0.017399687985042767,-133.47505008405616,0.75,225.0
1779634167.2921057,6.197890043258667,0.7646847050637186,0.005133847330431665,-134.50219812468586,0.75,225.0
1779634167.298326,6.204110383987427,0.7739550480469687,0.016945483043576667,-133.64115501536818,0.75,225.0
1779634167.30882,6.214604377746582,0.7677084151324399,0.014801862390370901,-134.38036821310712,0.75,225.0
1779634167.3146758,6.2204601764678955,0.7693947375050983,0.004084469384532996,-135.04016078651586,0.75,225.0
1779634167.4420977,6.347882032394409,0.766467739149701,0.004442679714185355,-134.87331063239006,0.75,225.0
1779634167.447268,6.353052377700806,0.7706197036559169,0.003590093341259551,-135.29546936851423,0.75,225.0
1779634167.490294,6.39607834815979,0.7679121950249173,0.004226101268525295,-134.89924141158008,0.75,225.0
1779634167.4958668,6.40165114402771,0.7691427643720223,0.01526588072485427,-134.1716745414165,0.75,225.0
1779634167.5111048,6.416889190673828,0.7659608163485369,0.0048459298078847995,-134.61457067769044,0.75,225.0
1779634167.5635946,6.46937894821167,0.7684370721369324,0.015169637538564595,-134.17198644367105,0.75,225.0
1779634167.568515,6.474299430847168,0.7701014432653481,0.003831902665365025,-135.17052012398824,0.75,225.0
1779634167.5808592,6.486643552780151,0.7688003740040874,0.015261322478350603,-134.09735936874807,0.75,225.0
1779634167.6191688,6.524953126907349,0.773017453191889,0.0032147869378168353,-135.4736187535581,0.75,225.0
1779634167.6264648,6.532249212265015,0.7638407096393195,0.013677989161166512,-134.6180832562134,0.75,225.0
1779634167.8995452,6.8053295612335205,0.7660481800711821,0.014342059206621155,-134.43392406047246,0.75,225.0
1779634167.9058988,6.811683177947998,0.7686576204454155,0.004095433560227402,-134.98558807084243,0.75,225.0
1779634167.917656,6.823440313339233,0.7613530071130471,0.012865450768716535,-134.98947435463768,0.75,225.0
1779634167.9357488,6.841533184051514,0.7664681694322136,0.004681979062739261,-134.76012980883658,0.75,225.0
1779634167.9407017,6.8464860916137695,0.763828849464243,0.01363564145021505,-134.67293779024268,0.75,225.0
1779634167.9651568,6.870941162109375,0.7706191492879808,0.00375834641088707,-135.21561631957027,0.75,225.0
1779634167.975754,6.881538391113281,0.7660204580974366,0.014263196317484392,-134.5851203188506,0.75,225.0
1779634168.0119107,6.917695045471191,0.7644630111374494,0.014231888984626087,-134.45429347596408,0.75,225.0
1779634168.0194585,6.925242900848389,0.767856643966426,0.004519727785004632,-134.83595499265255,0.75,225.0
1779634168.0947783,7.00056266784668,0.7650748135670521,0.014453602427326087,-134.3447270911897,0.75,225.0
1779634168.0976553,7.003439664840698,0.7650223073112414,0.005000086842988,-134.53278815842756,0.75,225.0
1779634168.105082,7.010866403579712,0.7670144103942848,0.014876339487271309,-134.27247654320053,0.75,225.0
1779634168.1114192,7.0172035694122314,0.7639359378180697,0.005385625009907455,-134.3577798011124,0.75,225.0
1779634168.14242,7.04820442199707,0.7617573094073282,0.013294845041767825,-134.78145551363383,0.75,225.0
1779634168.22747,7.133254289627075,0.7631685398122567,0.005587028564178975,-134.32283226872073,0.75,225.0
1779634168.2336102,7.139394521713257,0.769360532893279,0.01577317079072718,-133.807890111079,0.75,225.0
1779634168.2778387,7.1836230754852295,0.769944788395597,0.015807209752962445,-133.87651014698767,0.75,225.0
1779634168.2882328,7.194017171859741,0.7672465986930986,0.004560256710815891,-135.01842730839473,0.75,225.0
1779634168.3231156,7.228899955749512,0.7698554449320139,0.01570733779307447,-133.89032535758489,0.75,225.0
1779634168.3766732,7.282457590103149,0.7710512102907455,0.003733846382400541,-135.37581136909228,0.75,225.0
1779634168.3824773,7.288261651992798,0.764581602451085,0.01398794387740189,-134.4731864540541,0.75,225.0
1779634168.3924026,7.298187017440796,0.7717881098693219,0.01639616997397926,-133.61213054422868,0.75,225.0
1779634168.403145,7.308929443359375,0.7680835242049365,0.004416193828436776,-135.0147769220215,0.75,225.0
1779634168.4802666,7.3860509395599365,0.7715422625591484,0.0035166593844044025,-135.43793548750648,0.75,225.0
1779634168.4909246,7.396708965301514,0.767715707183178,0.004328139847365478,-134.98836901377595,0.75,225.0
1779634168.4995902,7.405374526977539,0.7714883942162445,0.01647782447711503,-133.51698987326037,0.75,225.0
1779634168.503722,7.409506320953369,0.7659439690607441,0.014466036748682645,-134.2801920387717,0.75,225.0
1779634168.5631847,7.468969106674194,0.7649052403764827,0.014407055500259364,-134.2549154338964,0.75,225.0
1779634168.577707,7.48349142074585,0.7667464889436737,0.014811663591510899,-134.2099838832131,0.75,225.0
1779634168.5843167,7.490101099014282,0.7608331743102328,0.0061401065286110085,-134.05053551622652,0.75,225.0
1779634168.666347,7.572131395339966,0.7624019396699571,0.013364228605874315,-134.6969225231047,0.75,225.0
1779634168.6740615,7.579845905303955,0.7664846026483716,0.004733541506539721,-134.76622570724342,0.75,225.0
1779634168.6796606,7.585444927215576,0.7654971956553361,0.014210133080889142,-134.6211312539988,0.75,225.0
1779634168.686358,7.592142343521118,0.770427714555159,0.003738974990165303,-135.26531186227407,0.75,225.0
1779634168.8095345,7.715318918228149,0.7731781092444575,0.0030401174596843827,-135.6122487738886,0.75,225.0
1779634168.8159444,7.721728801727295,0.7667333473497349,0.01457882445987424,-134.4168310347035,0.75,225.0
1779634168.8225343,7.728318691253662,0.7680715813530086,0.014932566852853643,-134.40275453944352,0.75,225.0
1779634168.8286338,7.734418153762817,0.7695596849153254,0.003928647239298852,-135.17619419179331,0.75,225.0
1779634168.8357773,7.741561651229858,0.7635814702961808,0.01340176097654816,-134.91369380293085,0.75,225.0
1779634168.8409555,7.746739864349365,0.7670231793723228,0.004547914119218774,-134.8706281855918,0.75,225.0
1779634168.9021132,7.807897567749023,0.7658541503462268,0.014148662375581295,-134.636858884407,0.75,225.0
1779634168.9106786,7.816462993621826,0.7654280705106191,0.004899830245145384,-134.61420080108496,0.75,225.0
1779634168.9163253,7.822109699249268,0.7642924366743693,0.005142400987051057,-134.42853270819305,0.75,225.0
1779634168.930658,7.836442470550537,0.7674458482282446,0.01462216136543966,-134.56227659542975,0.75,225.0
1779634168.9633543,7.869138717651367,0.7685453453023445,0.015006835819257394,-134.38762971101042,0.75,225.0
1779634168.9672978,7.873082160949707,0.7633469907007466,0.00539746356516696,-134.35162211776685,0.75,225.0
1779634168.992434,7.898218393325806,0.7680397980010356,0.014986182401552167,-134.32919691230967,0.75,225.0
1779634169.0005472,7.906331539154053,0.7682330842673835,0.004207025348264781,-134.9744826161749,0.75,225.0
1779634169.0438917,7.949676036834717,0.766224971351118,0.004844004830573179,-134.67879199699036,0.75,225.0
1779634169.3322237,8.23800802230835,0.7704668521971217,0.0038776595498360017,-135.163054589952,0.75,225.0
1779634169.337036,8.242820262908936,0.7677494159176353,0.015033539034044571,-134.24753157732124,0.75,225.0
1779634169.3451424,8.250926733016968,0.771253954066178,0.016784585389326173,-133.42295773932793,0.75,225.0
1779634169.364709,8.270493268966675,0.7712710982541935,0.01647298775119843,-133.7168941087103,0.75,225.0
1779634169.4692273,8.375011682510376,0.7708009900118764,0.01617243723342346,-133.78370792176722,0.75,225.0
1779634169.483555,8.389339447021484,0.7704461543179187,0.01595188906557969,-133.83048753370852,0.75,225.0
1779634169.4893692,8.395153522491455,0.7733235650390226,0.003059437948765509,-135.47609158296424,0.75,225.0
1779634169.5004025,8.406186819076538,0.7754207537084608,0.017648371672294133,-133.14018464426084,0.75,225.0
1779634169.5111916,8.416975975036621,0.7752358156642369,0.0025679268710263325,-135.77006630774014,0.75,225.0
1779634169.5378573,8.443641662597656,0.7741736369378667,0.017118409002921595,-133.40418763846696,0.75,225.0
1779634169.543296,8.449080467224121,0.7759883732469037,0.002023404995262837,-136.05399220684313,0.75,225.0
1779634169.6185849,8.524369239807129,0.7732623719052559,0.016753099310163,-133.57886202808015,0.75,225.0
1779634169.7559984,8.66178274154663,0.7713331740376225,0.016209077992552667,-133.76030548826756,0.75,225.0
1779634169.7701612,8.675945520401001,0.7666362947354293,0.0045445754122137305,-134.79393257625102,0.75,225.0
1779634169.7760475,8.68183183670044,0.7662546918506438,0.014386234140249352,-134.49914681674238,0.75,225.0
1779634169.7932858,8.69907021522522,0.7677226830994036,0.014788786667913542,-134.46484687791497,0.75,225.0
1779634169.8053849,8.711169242858887,0.7643310227199668,0.005248191928284823,-134.54668682148684,0.75,225.0
1779634169.8201706,8.72595500946045,0.7674239098282398,0.01483759599108836,-134.3717722951092,0.75,225.0
1779634169.8252866,8.73107099533081,0.7690415500488951,0.004225711776796079,-135.05360108588644,0.75,225.0
1779634169.9480484,8.853832721710205,0.7733107021445869,0.016861348082303135,-133.51849460561775,0.75,225.0
1779634169.958031,8.863815307617188,0.77221217060416,0.0033829204584701483,-135.46498359215346,0.75,225.0
1779634169.9665003,8.872284650802612,0.7690115301824235,0.004269605988075867,-135.021787463112,0.75,225.0
1779634169.9765694,8.882353782653809,0.7721985239072622,0.0034158929998361065,-135.4447933875613,0.75,225.0
1779634169.982973,8.888757467269897,0.7721967686119051,0.016435478600673653,-133.6433216558377,0.75,225.0
1779634170.1109033,9.016687631607056,0.766864575451139,0.014517501372749972,-134.51236590209606,0.75,225.0
1779634170.122659,9.028443336486816,0.7738102728122611,0.01669824172944326,-133.83623924141568,0.75,225.0
1779634170.1321392,9.037923574447632,0.7744199140508083,0.002813902821564157,-135.73879141181635,0.75,225.0
1779634170.1498232,9.055607557296753,0.7730242318971422,0.016416252988770558,-133.99598316514644,0.75,225.0
1779634170.169578,9.07536244392395,0.7667984015881179,0.014485406438001239,-134.54709967200955,0.75,225.0
1779634170.1759734,9.08175778388977,0.7759702070489363,0.0023903795322140764,-135.9435748456398,0.75,225.0
1779634170.2403579,9.14614224433899,0.7680258268764999,0.014869499066016145,-134.40089866531943,0.75,225.0
1779634170.2503,9.156084299087524,0.7770531113487125,0.002092876877797842,-136.08643155372613,0.75,225.0
1779634170.2610497,9.166834115982056,0.7732860312170585,0.016718196984919317,-133.6873276059813,0.75,225.0
1779634170.2919202,9.197704553604126,0.766679554497613,0.004816908816872106,-134.75401550911022,0.75,225.0
1779634170.2981834,9.203967809677124,0.7726583946791015,0.01642974404987141,-133.89194089794282,0.75,225.0
1779634170.3331416,9.23892593383789,0.776478861047779,0.0178202293459922,-133.3186259276088,0.75,225.0
1779634170.434914,9.340698480606079,0.7651944679696749,0.0052872824166580595,-134.54061113687706,0.75,225.0
1779634170.4408858,9.346670150756836,0.7744375993274855,0.01711564740560549,-133.5021367296835,0.75,225.0
1779634170.4511507,9.356935024261475,0.7696279831967957,0.004248636971144706,-135.0440488085352,0.75,225.0
1779634170.456428,9.362212419509888,0.7729879237445731,0.016612644064308943,-133.63231915486568,0.75,225.0
1779634170.6184921,9.524276494979858,0.7671825285136967,0.0048682220823506595,-134.7218866450192,0.75,225.0
1779634170.6236284,9.529412746429443,0.7667787053484443,0.014618786409879778,-134.292980194462,0.75,225.0
1779634170.6297984,9.535582780838013,0.7653811138143543,0.0052099920273012135,-134.55950656422723,0.75,225.0
1779634170.6420684,9.547852754592896,0.7624243955361713,0.013229966386478748,-134.75521168377105,0.75,225.0
1779634170.6482198,9.554004192352295,0.7645775171570349,0.013891996939747048,-134.50891991387036,0.75,225.0
1779634170.6678643,9.573648691177368,0.7750294889142006,0.0023414950859829975,-135.98582536423874,0.75,225.0
1779634170.711537,9.617321252822876,0.7651939060578512,0.01421293203275395,-134.3945456439815,0.75,225.0
1779634170.7321186,9.637902975082397,0.7665204425398738,0.01458060300432984,-134.25799804332814,0.75,225.0
1779634170.735555,9.641339302062988,0.7765153360527313,0.0019816799217909076,-136.05231461832813,0.75,225.0
1779634170.818203,9.723987340927124,0.7785717406279722,0.01865913482907737,-132.72440832089484,0.75,225.0
1779634170.824565,9.73034930229187,0.7720460848606313,0.0031057003826459317,-135.4297861974219,0.75,225.0
1779634170.8551545,9.760938882827759,0.769284671935232,0.003903145202252198,-134.91916015322835,0.75,225.0
1779634170.8611698,9.766954183578491,0.7698746829440729,0.015921167376625273,-133.69934503484723,0.75,225.0
1779634170.9507468,9.856531143188477,0.7702611874913199,0.01586094528622424,-133.90562554410454,0.75,225.0
1779634170.961236,9.86702036857605,0.7705721841739402,0.015868767689352123,-133.9440255128334,0.75,225.0
1779634170.9675295,9.873313903808594,0.7668461506155572,0.004532444910554573,-134.6957993821688,0.75,225.0
1779634171.003563,9.909347295761108,0.7695291348203744,0.01565067044247094,-133.97991772988436,0.75,225.0
1779634171.014767,9.920551300048828,0.7652819892832348,0.004884507137327632,-134.48470404279303,0.75,225.0
1779634171.0966446,10.002429008483887,0.7633883314647983,0.005484375547019957,-134.33315382960689,0.75,225.0
1779634171.1863751,10.092159509658813,0.7695673661664519,0.015598240385570603,-133.96378675876616,0.75,225.0
1779634171.1926036,10.098387956619263,0.7678961049540046,0.004041613787950829,-135.08919270904448,0.75,225.0
1779634171.1999614,10.105745792388916,0.7647741512767086,0.014007615250174549,-134.56344942594868,0.75,225.0
1779634171.2061458,10.111930131912231,0.7708678682625224,0.0030624043940978424,-135.58079632118123,0.75,225.0
1779634171.2166767,10.122461080551147,0.772573119140749,0.0027693869578631625,-135.88239499988342,0.75,225.0
1779634171.2220836,10.127867937088013,0.7616365256590718,0.012854508201135012,-135.05588581134128,0.75,225.0
1779634171.2490723,10.15485668182373,0.7692856385918989,0.0038481594964136084,-135.31937197281408,0.75,225.0
1779634171.2560964,10.161880731582642,0.7588280470895808,0.011999097534687211,-135.29168768598035,0.75,225.0
1779634171.4421077,10.347892045974731,0.7717946044449552,0.0033636241615675466,-135.59728694578766,0.75,225.0
1779634171.4571073,10.362891674041748,0.7685892503177323,0.004154733487263057,-135.16511094611457,0.75,225.0
1779634171.4732754,10.379059791564941,0.7612134771896976,0.012882091694145933,-134.95487649079718,0.75,225.0
1779634171.479505,10.385289430618286,0.772061503394851,0.0032627308337688093,-135.49396787713988,0.75,225.0
1779634171.4904957,10.39628005027771,0.7735708701443997,0.002992774501760817,-135.68558113492927,0.75,225.0
1779634171.4962254,10.402009725570679,0.7642183104219101,0.013782416251077956,-134.67190232263854,0.75,225.0
1779634171.60884,10.51462435722351,0.7698346431145535,0.0038962430910173124,-135.22724533304225,0.75,225.0
1779634171.6148,10.520584344863892,0.7710726459361993,0.016117792988595447,-133.72873404348348,0.75,225.0
1779634171.6247015,10.53048586845398,0.7710911783280946,0.016053514990722134,-133.80621367351955,0.75,225.0
1779634171.6281016,10.533885955810547,0.7674194190954979,0.004450333786248553,-134.87046020974904,0.75,225.0
1779634171.6394491,10.545233488082886,0.7706658232601785,0.01587802518925832,-133.84306030488176,0.75,225.0
1779634171.6467838,10.552568197250366,0.7656605450776439,0.00501682859110858,-134.60701257421613,0.75,225.0
1779634171.7138426,10.619626998901367,0.7758408809851475,0.017724078169441104,-133.20313000623733,0.75,225.0
1779634171.759972,10.665756464004517,0.771791888557656,0.016734700123764892,-133.50521781480347,0.75,225.0
1779634171.764334,10.67011833190918,0.769855556406249,0.003939401025681147,-135.15493795305355,0.75,225.0
1779634171.7792003,10.684984683990479,0.771133093003356,0.016346909396685483,-133.6338996202752,0.75,225.0
1779634171.7861297,10.691914081573486,0.7673543132823853,0.004655150558414062,-134.8032123043548,0.75,225.0
1779634171.8132322,10.719016551971436,0.7710451661973181,0.0036864370748757314,-135.2937921504378,0.75,225.0
1779634171.8987405,10.804524898529053,0.7654787683042671,0.01443278396891566,-134.29363164678904,0.75,225.0
1779634171.9066098,10.812394142150879,0.7681822534168937,0.004476649939344948,-134.89909551783632,0.75,225.0
1779634171.9202871,10.826071500778198,0.7711333552124152,0.016456989387094154,-133.51802864319276,0.75,225.0
1779634171.9493146,10.855098962783813,0.7658955519624461,0.014602465179262239,-134.25727572151357,0.75,225.0
1779634171.9584424,10.864226818084717,0.7766263397744432,0.0022324702023509974,-136.1781504790437,0.75,225.0
1779634171.9935167,10.899301052093506,0.7715822178577346,0.003165138074552404,-135.6834667240183,0.75,225.0
1779634172.0046477,10.91043210029602,0.7727882552540216,0.016800156889308887,-133.57406043350053,0.75,225.0
1779634172.043456,10.949240446090698,0.7739884340177554,0.002637846779793618,-135.90602675538074,0.75,225.0
1779634172.0513544,10.957138776779175,0.7666383129471798,0.014749250643663989,-134.2517847733573,0.75,225.0
1779634172.1390202,11.044804573059082,0.7702569444663906,0.003750807555486624,-135.33034960119943,0.75,225.0
1779634172.149648,11.055432319641113,0.773069154138542,0.003051216256581002,-135.66087314800004,0.75,225.0
1779634172.1559224,11.061706781387329,0.7736485247518629,0.016863638054769717,-133.6537871782406,0.75,225.0
1779634172.1979423,11.103726625442505,0.7768470640917152,0.018166181276610002,-133.0709881138159,0.75,225.0
1779634172.201295,11.107079267501831,0.7752627870887725,0.0026208178421512074,-135.85350870533242,0.75,225.0
1779634172.2327418,11.138526201248169,0.7703941786953264,0.003915033058833631,-135.2921729857967,0.75,225.0
1779634172.2402694,11.146053791046143,0.7737661912069419,0.017203394496747917,-133.38224543436235,0.75,225.0
1779634172.4283931,11.334177494049072,0.7783022092304229,0.018628020936365647,-132.96539596106456,0.75,225.0
1779634172.4344735,11.3402578830719,0.7676073101912684,0.004538913056439428,-134.95160204393883,0.75,225.0
1779634172.4434824,11.349266767501831,0.765806206923931,0.005080604738898473,-134.66874911272265,0.75,225.0
1779634172.4470491,11.35283350944519,0.7809132583747723,0.019530643712047213,-132.53546725159754,0.75,225.0
1779634172.4608176,11.366601943969727,0.7644008688294106,0.005354505044368102,-134.51734718316376,0.75,225.0
1779634172.5167785,11.422562837600708,0.763538846212404,0.005644345026172906,-134.35836114764584,0.75,225.0
1779634172.523453,11.429237365722656,0.7660167810425822,0.01703724767877869,-132.6066097550338,0.75,225.0
1779634172.5304952,11.436279535293579,0.762375615769041,0.005535810774395536,-134.3981414887199,0.75,225.0
1779634172.5354497,11.441234111785889,0.7672295539383348,0.0165429159140624,-133.04320414056326,0.75,225.0
1779634172.5499232,11.455707550048828,0.7621218109602771,0.014399168817791505,-133.99418967905478,0.75,225.0
1779634172.5586941,11.464478492736816,0.7620907289835616,0.005762700568788678,-134.26598309963637,0.75,225.0
1779634172.592077,11.497861385345459,0.7690559588412157,0.01639941035435269,-133.37586009204495,0.75,225.0
1779634172.5960574,11.50184178352356,0.7618861331477806,0.005919961189672918,-134.17194163053978,0.75,225.0
1779634172.6630206,11.56880497932434,0.7617948516121699,0.005853157618473215,-134.1128012675559,0.75,225.0
1779634172.6642113,11.569995641708374,0.7692765824178411,0.016105465110386616,-133.5596474871796,0.75,225.0
1779634172.6945133,11.600297689437866,0.7685837332117589,0.015825240224916104,-133.6962100454692,0.75,225.0
1779634172.8123884,11.718172788619995,0.7732364777557119,0.0030909406838685316,-135.5101821562637,0.75,225.0
1779634172.8134718,11.719256162643433,0.7680784469785916,0.015628780626786812,-133.79052846562752,0.75,225.0
1779634172.8223255,11.72810983657837,0.7732244821399379,0.017262894955900776,-133.23378854143922,0.75,225.0
1779634172.8279283,11.733712673187256,0.7746809382595382,0.002865108579376538,-135.76543253076855,0.75,225.0
1779634172.8385532,11.744337558746338,0.7726623268807721,0.01680655994618134,-133.5877686434604,0.75,225.0
1779634172.869925,11.775709390640259,0.7722463339067447,0.016489646777935713,-133.8286728299787,0.75,225.0
1779634172.8747416,11.780525922775269,0.7698986728195024,0.003870279978346866,-135.21301405284524,0.75,225.0
1779634172.9148524,11.820636749267578,0.7669458914668786,0.014576502145404846,-134.56169662525923,0.75,225.0
1779634172.9255722,11.831356525421143,0.773016725624056,0.0031872801177896676,-135.53244488080088,0.75,225.0
1779634172.9515443,11.857328653335571,0.7682209227076091,0.014970123474072755,-134.39386403684097,0.75,225.0
1779634172.9577036,11.863487958908081,0.7751030334661102,0.0025753536966586776,-135.73305127051606,0.75,225.0
1779634172.9934108,11.899195194244385,0.7689935099992877,0.015211561106755783,-134.28550799400486,0.75,225.0
1779634173.0015304,11.907314777374268,0.770998523391373,0.003695585321019379,-135.19791092689377,0.75,225.0
1779634173.0917535,11.997537851333618,0.763987331262983,0.013643627314419177,-134.7537083656597,0.75,225.0
1779634173.1088479,12.014632225036621,0.771465666560767,0.016121760619484796,-133.92331553926718,0.75,225.0
1779634173.1114776,12.017261981964111,0.7654797590128607,0.0052289097943447604,-134.5988147531187,0.75,225.0
1779634173.118562,12.024346351623535,0.768120888289609,0.004475548115703429,-134.82305969686988,0.75,225.0
1779634173.1918695,12.097653865814209,0.7765790850596258,0.017899597049272728,-133.22154723629725,0.75,225.0
1779634173.2022552,12.108039617538452,0.7802683171285237,0.019117212719727245,-132.85247933700296,0.75,225.0
1779634173.2088656,12.114650011062622,0.7693440200242495,0.004038763188188632,-135.23834770876,0.75,225.0
1779634173.2413602,12.147144556045532,0.766173887022454,0.004692176106874557,-134.84784612261822,0.75,225.0
1779634173.2490685,12.154852867126465,0.7762318092208118,0.017861845736473342,-133.24922672651897,0.75,225.0
1779634173.4304373,12.336221694946289,0.7646866471603134,0.005088671027288591,-134.65141427070944,0.75,225.0
1779634173.4388342,12.344618558883667,0.7637161981380505,0.005453388897585343,-134.44505578479607,0.75,225.0
1779634173.4487848,12.35456919670105,0.7799389861157046,0.019122878319833364,-132.75865867878667,0.75,225.0
1779634173.459331,12.365115404129028,0.7773092648758896,0.01809713415091302,-133.24647016274542,0.75,225.0
1779634173.464581,12.370365381240845,0.7630277463322681,0.005705257544542555,-134.29817710598329,0.75,225.0
1779634173.4997694,12.405553817749023,0.7749982254090031,0.017299713111627826,-133.4534236082183,0.75,225.0
1779634173.5028448,12.408629179000854,0.7736796703431731,0.0029377419988320524,-135.73189656292644,0.75,225.0
1779634173.5105133,12.416297674179077,0.7741505930285235,0.01678877902907376,-133.81104438952482,0.75,225.0
1779634173.545821,12.451605319976807,0.7731605268076142,0.016483941902674215,-133.88239878340795,0.75,225.0
1779634173.5501578,12.455942153930664,0.7755009432376752,0.0024868557736561214,-135.95360601630802,0.75,225.0
1779634173.6133184,12.519102811813354,0.7711410349317197,0.0036854434848658385,-135.32778531104358,0.75,225.0
1779634173.629089,12.534873485565186,0.770846647517764,0.015899215387469412,-133.99825738702017,0.75,225.0
1779634173.6346107,12.540395021438599,0.772536676974964,0.0163111943787419,-133.9091609256605,0.75,225.0
1779634173.6439404,12.549724817276001,0.7682258601564672,0.004470382087515837,-134.91550434788508,0.75,225.0
1779634173.6675436,12.573328018188477,0.7704714304271617,0.015762607386990243,-133.97920801371814,0.75,225.0
1779634173.6740868,12.57987117767334,0.7716965155055607,0.0036604449451125703,-135.29259127655862,0.75,225.0
1779634173.8051243,12.710908651351929,0.7631181930010127,0.005479560135620884,-134.33106498442555,0.75,225.0
1779634173.810687,12.716471433639526,0.76945417615525,0.01557703036156717,-134.003357111484,0.75,225.0
1779634173.8230262,12.728810548782349,0.7631076694138212,0.013716693061385662,-134.46405182723132,0.75,225.0
1779634173.8349173,12.740701675415039,0.7708509480488078,0.01617539103900567,-133.72188897037955,0.75,225.0
1779634173.8734856,12.779269933700562,0.770989723890102,0.016087507625528644,-133.81638180018118,0.75,225.0
1779634173.8844903,12.790274620056152,0.774029429352514,0.002767750232839386,-135.73541613825472,0.75,225.0
1779634173.9118629,12.817647218704224,0.7762609411953969,0.017876138746792572,-133.15155924123766,0.75,225.0
1779634173.9958475,12.901631832122803,0.7757204645603605,0.0023647525569789607,-135.94781818665885,0.75,225.0
1779634174.002058,12.90784239768982,0.7742703568453451,0.0171443330639255,-133.38864511392583,0.75,225.0
1779634174.0088649,12.914649248123169,0.7713538000772276,0.0034613892677232833,-135.41436940285308,0.75,225.0
1779634174.0237594,12.929543733596802,0.7786443719458782,0.01858786117126253,-132.96680519473196,0.75,225.0
1779634174.0473578,12.953142166137695,0.7682861136537118,0.0042235643378033955,-135.03898186498049,0.75,225.0
1779634174.0527537,12.958538055419922,0.7806903795603984,0.01933345472240046,-132.67841315023318,0.75,225.0
1779634174.0945334,13.000317811965942,0.7764680183112471,0.018016536047172807,-133.10976406723432,0.75,225.0
1779634174.0983021,13.0040864944458,0.7662622888039664,0.004855456409308859,-134.72408722803985,0.75,225.0
1779634174.1399217,13.045706033706665,0.774881112590698,0.01732479512932826,-133.49335577328463,0.75,225.0
1779634174.144597,13.050381422042847,0.7704925850049754,0.0038851102132866494,-135.1948503449652,0.75,225.0
1779634174.3811963,13.286980628967285,0.7732900870609332,0.0032508724809287015,-135.49068456741344,0.75,225.0
1779634174.4066458,13.312430143356323,0.7785221440798475,0.018613751971652798,-132.90464852560638,0.75,225.0
1779634174.4124386,13.318222999572754,0.7460044999547979,0.009216279923794007,-132.41350924082715,0.75,225.0
1779634174.4264069,13.332191228866577,0.7758488632747755,0.01765959849467702,-133.21404057001175,0.75,225.0
1779634174.447358,13.353142261505127,0.7450946244759469,0.009822341018513078,-132.23785101867475,0.75,225.0
1779634174.452386,13.3581702709198,0.77320013552331,0.01690522923248644,-133.46202286785913,0.75,225.0
1779634174.7088819,13.614666223526001,0.7713267765498412,0.016381421012236802,-133.63089341538483,0.75,225.0
1779634174.716611,13.622395277023315,0.7500124282497203,0.00877353592473902,-132.7565445356123,0.75,225.0
1779634174.7251835,13.630967855453491,0.7523022512831162,0.008073741571737625,-133.037152310894,0.75,225.0
1779634174.7308073,13.636591672897339,0.8093090619739693,0.030196097212598375,-128.47440775704865,0.75,225.0
1779634174.7387757,13.644560098648071,0.7981660101215744,0.025902152078037935,-130.23064024842125,0.75,225.0
1779634174.749384,13.655168294906616,0.7550311169893668,0.007538272163477591,-133.31018664477452,0.75,225.0
1779634174.7741942,13.679978609085083,0.7887363080749986,0.02258203336430581,-131.39589451967174,0.75,225.0
1779634174.7837307,13.689515113830566,0.7563297870761906,0.007375784011790065,-133.54610899625249,0.75,225.0
1779634174.814046,13.71983027458191,0.7887743926708437,0.022397196017884022,-131.57395199389993,0.75,225.0
1779634174.8206809,13.726465225219727,0.7624893308629407,0.005590477783066469,-134.45297818276921,0.75,225.0
1779634175.000896,13.906680345535278,0.7835544896232169,0.020426455020712914,-132.3121427091229,0.75,225.0
1779634175.009117,13.91490125656128,0.7748425596220989,0.01728478973450398,-133.58050519770865,0.75,225.0
1779634175.036282,13.942066431045532,0.7732685703772415,0.01673220324089672,-133.6866815472315,0.75,225.0
1779634175.060516,13.96630048751831,0.771409605382138,0.016256476084346036,-133.79799885682505,0.75,225.0
1779634175.184573,14.090357303619385,0.7622258746192054,0.005816146480448092,-134.3207198076787,0.75,225.0
1779634175.192787,14.098571300506592,0.7656418867642723,0.014465660743233077,-134.44252967363227,0.75,225.0
1779634175.2023888,14.108173131942749,0.7620490926318348,0.005781880769205411,-134.22306595216662,0.75,225.0
1779634175.2141435,14.119927883148193,0.7617772287434966,0.00584586772591833,-134.2077671042321,0.75,225.0
1779634175.2234526,14.129236936569214,0.7668366366491768,0.014758422448701194,-134.29268686402972,0.75,225.0
1779634175.248268,14.154052257537842,0.7669348337005601,0.014872177613886609,-134.2301681303499,0.75,225.0
1779634175.4340198,14.33980417251587,0.7672201436506271,0.0046375702367310034,-134.805643829518,0.75,225.0
1779634175.4428682,14.348652601242065,0.7669623098172729,0.014957260398280853,-134.17501279049483,0.75,225.0
1779634175.4512036,14.356987953186035,0.7711560727047582,0.003730481741297753,-135.25012617534406,0.75,225.0
1779634175.4575772,14.363361597061157,0.7668380566153925,0.014961717429513258,-134.153759098484,0.75,225.0
1779634175.475479,14.381263256072998,0.7682373236246911,0.00450156700036812,-134.86166238683006,0.75,225.0
1779634175.489387,14.395171403884888,0.7655240864187876,0.005239968189808389,-134.61396592427454,0.75,225.0
1779634175.4950757,14.400860071182251,0.7649462903047347,0.014731055239382285,-134.12701099362215,0.75,225.0
1779634175.5126119,14.418396234512329,0.7725147164318859,0.016845645610639823,-133.58097498756192,0.75,225.0
1779634175.564907,14.470691442489624,0.7774398820829447,0.018374494595770688,-133.1078376498948,0.75,225.0
1779634175.5703251,14.476109504699707,0.7697519408786956,0.004094591361171629,-135.1569114972725,0.75,225.0
1779634175.5772681,14.483052492141724,0.7728128008439112,0.0034075218831865345,-135.47598636141532,0.75,225.0
1779634175.586496,14.49228048324585,0.7802917325040662,0.019279612967308457,-132.89555292437166,0.75,225.0
1779634175.7637823,14.669566631317139,0.7748550673810094,0.002809904198426999,-135.7619319243364,0.75,225.0
1779634175.770511,14.676295280456543,0.7817727124769637,0.019824582907507854,-132.6089725663907,0.75,225.0
1779634175.7765744,14.682358741760254,0.7833652984004099,0.02036807614420784,-132.29296572671433,0.75,225.0
1779634175.7823675,14.688151836395264,0.7708564421107503,0.003868025760264515,-135.22787733903434,0.75,225.0
1779634175.8070333,14.712817668914795,0.7787445798951331,0.01881227554958731,-132.96654619210895,0.75,225.0
1779634175.8117857,14.717570066452026,0.7736004291534837,0.003052843482891379,-135.5229606097576,0.75,225.0
1779634176.0431607,14.948945045471191,0.7756135615753731,0.0026163485945654846,-135.75106875373018,0.75,225.0
1779634176.0546901,14.960474491119385,0.8218877249318802,0.03492538915378296,-126.77365652477975,0.75,225.0
1779634176.0604603,14.9662446975708,0.7713590016860566,0.0037248951545265363,-135.21166995660008,0.75,225.0
1779634176.0714207,14.977205038070679,0.812063256413708,0.03097618586566099,-128.34015220742546,0.75,225.0
1779634176.0772748,14.983059167861938,0.7683747385500231,0.004496372146834002,-134.83325884138546,0.75,225.0
1779634176.13603,15.04181432723999,0.7712759620777828,0.0038521546073139457,-135.29052152723378,0.75,225.0
1779634176.1423683,15.048152685165405,0.799422079294811,0.026236488976215208,-130.02030394510342,0.75,225.0
1779634176.1497538,15.055538177490234,0.7682306177934809,0.004496270745552616,-134.95223479792588,0.75,225.0
1779634176.1551535,15.060937881469727,0.7962561337001164,0.024948922191623632,-130.60927540831088,0.75,225.0
1779634176.1906147,15.096399068832397,0.7887875320555873,0.022205251081242744,-131.63270341683517,0.75,225.0
1779634176.4285028,15.334287166595459,0.7774469756400891,0.018434003188776693,-133.07506635133453,0.75,225.0
1779634176.4345162,15.340300559997559,0.7660940263426744,0.004944857201702291,-134.7144740081067,0.75,225.0
1779634176.440363,15.346147298812866,0.7803101471459364,0.019394768066130955,-132.6108051928914,0.75,225.0
1779634176.460703,15.366487264633179,0.7775665169401655,0.01828631785506829,-133.14173289759773,0.75,225.0
1779634176.4748309,15.380615234375,0.7623676981290612,0.005615330437729549,-134.43945746941267,0.75,225.0
1779634176.656594,15.562378406524658,0.7756410862224559,0.017514758101425387,-133.51331674963023,0.75,225.0
1779634176.6630578,15.56884217262268,0.7619984634837924,0.005728939678859721,-134.35862183856042,0.75,225.0
1779634176.677953,15.58373737335205,0.7666046580656923,0.0046618584879337815,-134.89709210288495,0.75,225.0
1779634176.6801708,15.585955142974854,0.7692789771642287,0.01529689530976687,-134.3279057261888,0.75,225.0
1779634176.6910937,15.596878051757812,0.7668083719268419,0.01494984261263399,-134.29294156254358,0.75,225.0
1779634176.6997244,15.605508804321289,0.7649710959351846,0.005064704615964075,-134.68026987864917,0.75,225.0
1779634176.726097,15.631881475448608,0.7634850723428327,0.0051592180354829015,-134.65452166311601,0.75,225.0
1779634176.7330716,15.638855934143066,0.7681752860765838,0.015229078565365983,-134.22108456929357,0.75,225.0
1779634176.7459986,15.651782989501953,0.7690785101825687,0.015430518826137427,-134.1555802815976,0.75,225.0
1779634176.7503858,15.656170129776001,0.7620536568163946,0.005660693813144352,-134.4277507652061,0.75,225.0
1779634176.8098729,15.715657234191895,0.7683866331296599,0.015284826317243427,-134.15895403174454,0.75,225.0
1779634176.8165452,15.72232961654663,0.7611975858296941,0.005854741682946071,-134.31974197731023,0.75,225.0
1779634176.8254623,15.731246709823608,0.7692364820741951,0.01546875628269384,-134.11501791614074,0.75,225.0
1779634176.83192,15.737704277038574,0.761284568207113,0.005992208637071422,-134.2160757583015,0.75,225.0
1779634176.995879,15.901663303375244,0.7607922250415835,0.005778518316648662,-134.29666449609974,0.75,225.0
1779634177.0086844,15.914468765258789,0.769799953835256,0.015600807430145497,-134.07531616799415,0.75,225.0
1779634177.019086,15.924870252609253,0.7393645879283626,0.0101090433844465,-132.1261656552494,0.75,225.0
1779634177.0280325,15.933816909790039,0.7656787098391545,0.014256058589398907,-134.56044470663855,0.75,225.0
1779634177.0467105,15.952494859695435,0.765141327302745,0.013967516569918195,-134.70910589977862,0.75,225.0
1779634177.0633278,15.969112157821655,0.7661072041976069,0.014520840736308008,-134.41226577010153,0.75,225.0
1779634177.072546,15.978330373764038,0.7653699164209524,0.004465999144411023,-135.126895017629,0.75,225.0
1779634177.3320215,16.23780584335327,0.7676336827562826,0.014892937369008888,-134.40000389714115,0.75,225.0
1779634177.34231,16.24809432029724,0.7696735257808455,0.003557145464518574,-135.52606964745974,0.75,225.0
1779634177.3601513,16.26593565940857,0.774277853050764,0.01698719596024094,-133.65006209536227,0.75,225.0
1779634177.3671052,16.272889614105225,0.7773111253604109,0.01825072252271169,-133.07503680341878,0.75,225.0
1779634177.4017096,16.307493925094604,0.7741022356429877,0.017261722812629568,-133.3883550646221,0.75,225.0
1779634177.4209847,16.32676911354065,0.7726621009689539,0.002916422652402731,-135.7980675485075,0.75,225.0
1779634177.6127355,16.51851987838745,0.769757353191999,0.003950312498093536,-135.15877695840206,0.75,225.0
1779634177.619458,16.5252423286438,0.7771237738978847,0.018450171266552434,-132.8743061138163,0.75,225.0
1779634177.635384,16.541168451309204,0.7786117660926263,0.0016712988779150756,-136.29774809455785,0.75,225.0
1779634177.64924,16.55502438545227,0.780974409942583,0.019486924023614488,-132.60132725124788,0.75,225.0
1779634177.6528058,16.558590173721313,0.7780315072153412,0.0183506446434267,-133.13503710407872,0.75,225.0
1779634177.6576626,16.56344699859619,0.7735003290888448,0.003076634790870933,-135.60646938212736,0.75,225.0
1779634177.675529,16.581313371658325,0.7697215619802787,0.01565744844022117,-134.0690016180452,0.75,225.0
1779634177.8093224,16.71510672569275,0.7758109713114743,0.01750040448793326,-133.5275569653844,0.75,225.0
1779634177.8185089,16.72429323196411,0.768146891252879,0.01507086299430506,-134.34004534868177,0.75,225.0
1779634177.8303523,16.73613667488098,0.7664090103653799,0.004476904512804372,-134.86053445627525,0.75,225.0
1779634177.836197,16.741981267929077,0.7685516250833412,0.0036970224285560044,-135.25103459982296,0.75,225.0
1779634177.8391771,16.744961500167847,0.7648713410066128,0.004944973950369719,-134.66539388932117,0.75,225.0
1779634177.8537323,16.759516716003418,0.7678044040577205,0.015099970640104335,-134.24576959599088,0.75,225.0
1779634177.8684008,16.774185180664062,0.7638380855164408,0.005349936296873303,-134.4529584505003,0.75,225.0
1779634177.8747072,16.780491590499878,0.7741444800392012,0.017145261119026506,-133.5714703246717,0.75,225.0
1779634177.955268,16.86105227470398,0.7630526481869265,0.0055505986795175155,-134.37502805414917,0.75,225.0
1779634177.961209,16.86699342727661,0.7718628230184723,0.01649195698672068,-133.72996170860696,0.75,225.0
1779634177.9672985,16.873082876205444,0.762570791083697,0.005774865403311721,-134.2515718101004,0.75,225.0
1779634177.9729786,16.87876296043396,0.7716514393028463,0.016268965679626782,-133.8525874752666,0.75,225.0
1779634178.0433033,16.949087619781494,0.776608925598032,0.017830984859570798,-133.23856241559596,0.75,225.0
1779634178.0572608,16.963045120239258,0.7737387784547909,0.01702551641897103,-133.48138567986413,0.75,225.0
1779634178.1002505,17.00603485107422,0.7725018082679345,0.016549146792222552,-133.61862163060295,0.75,225.0
1779634178.1360207,17.041805028915405,0.7616866277677619,0.005624134137100126,-134.32004378313445,0.75,225.0
1779634178.1871583,17.092942714691162,0.7671251348282748,0.00447270370906494,-134.87613433262632,0.75,225.0
1779634178.2816293,17.187413692474365,0.7654087546950368,0.005017931922834437,-134.59814428570564,0.75,225.0
1779634178.296318,17.202102422714233,0.7697824357574501,0.0038621709162578316,-135.07898216896993,0.75,225.0
1779634178.3032298,17.209014177322388,0.7669363446812998,0.014702721465710542,-134.31063515655103,0.75,225.0
1779634178.309158,17.214942455291748,0.7724977807203225,0.01660305385126383,-133.61662653992443,0.75,225.0
1779634178.4261456,17.331929922103882,0.7658261801034261,0.014444103514412568,-134.40237785596472,0.75,225.0
1779634178.432168,17.337952375411987,0.7672316778183572,0.004513282813079056,-134.81827368634046,0.75,225.0
1779634178.4392269,17.345011234283447,0.7669673333344784,0.01474163701633309,-134.26460727709062,0.75,225.0
1779634178.448063,17.35384726524353,0.7654914272072707,0.0050489954808390775,-134.55998571681943,0.75,225.0
1779634178.5669096,17.472693920135498,0.7642673274602807,0.005421385957679686,-134.37770563372916,0.75,225.0
1779634178.572821,17.478605270385742,0.7682219062287439,0.015036884038830065,-134.30056055362087,0.75,225.0
1779634178.5797088,17.485493183135986,0.7634075640444741,0.005680773854975077,-134.24937683394768,0.75,225.0
1779634178.5886867,17.494471073150635,0.7686364126993339,0.015158150851845492,-134.19129341664924,0.75,225.0
1779634178.6036124,17.50939679145813,0.7689413072600186,0.01525341358607403,-134.11136528926752,0.75,225.0
1779634178.657964,17.563748359680176,0.7630499517965151,0.00578114151898565,-134.05102650454646,0.75,225.0
1779634178.6717844,17.577568769454956,0.7683664163778511,0.01522348094408349,-134.0915030859129,0.75,225.0
1779634178.715279,17.621063470840454,0.7680785362662619,0.004584985834521313,-134.68661263601845,0.75,225.0
1779634178.8510213,17.756805658340454,0.762918638285784,0.013486731960028406,-134.7324413152508,0.75,225.0
1779634178.857234,17.763018369674683,0.7715918891632472,0.0037417147035127135,-135.1314558617894,0.75,225.0
1779634178.8672807,17.773065090179443,0.7740510041993849,0.003056838693633032,-135.5359422602579,0.75,225.0
1779634178.9036088,17.809393167495728,0.7757425511387739,0.0025652555040559244,-135.8112955723468,0.75,225.0
1779634178.993682,17.899466276168823,0.7769067685659699,0.0022192632916607086,-135.99735037972985,0.75,225.0
1779634179.0000656,17.905849933624268,0.7671320414980531,0.014680031989092429,-134.38834970272066,0.75,225.0
1779634179.009418,17.915202379226685,0.7683262106028914,0.01504711437287809,-134.26595497329342,0.75,225.0
1779634179.0146556,17.920439958572388,0.7777160368806655,0.001973297874992924,-136.12639836767048,0.75,225.0
1779634179.0234852,17.929269552230835,0.7638508827477507,0.013630511481825147,-134.7603263817314,0.75,225.0
1779634179.2859817,18.191766023635864,0.8293572610993221,0.038895519539548104,-125.10567079548287,0.75,225.0
1779634179.2888074,18.194591760635376,0.7728704091127492,0.0032874335810698513,-135.48558165910651,0.75,225.0
1779634179.2960124,18.201796770095825,0.8116828215625563,0.03165973133319086,-127.75611609772936,0.75,225.0
1779634179.3000028,18.205787181854248,0.7693560263634136,0.004104569930578811,-135.0908923802564,0.75,225.0
1779634179.3081343,18.213918685913086,0.772519169199826,0.003411273094207204,-135.4246417198255,0.75,225.0
1779634179.31523,18.221014261245728,0.7946686396354401,0.025034627270019066,-130.2883481974508,0.75,225.0
1779634179.3442647,18.250049114227295,0.7685944184289303,0.0042534961410227445,-134.9962962814929,0.75,225.0
1779634179.3490634,18.254847764968872,0.7923746753747669,0.024014743115938375,-130.66260378009179,0.75,225.0
1779634179.3807466,18.2865309715271,0.7859287970533219,0.0215147052966268,-131.67211291848622,0.75,225.0
1779634179.3895624,18.29534673690796,0.7663880280818056,0.00458022211898633,-134.79080487299547,0.75,225.0
1779634179.422132,18.327916383743286,0.7758887267236589,0.018013676329312486,-132.92484297113612,0.75,225.0
1779634179.4283967,18.33418107032776,0.7649594200902275,0.004916350847416928,-134.55108400983534,0.75,225.0
1779634179.4692802,18.375064611434937,0.7732922664127097,0.01714409704790351,-133.27686592548898,0.75,225.0
1779634179.4754694,18.381253719329834,0.7638064320298497,0.005245044921720968,-134.43645697915187,0.75,225.0
1779634179.5230832,18.42886757850647,0.7630019258291448,0.0054689968004488915,-134.35536645053537,0.75,225.0
1779634179.5274072,18.433191537857056,0.7726479715020353,0.016716041689474243,-133.6078344770456,0.75,225.0
1779634179.5710714,18.476855754852295,0.7501643725237573,0.008283231616298653,-133.08082776502937,0.75,225.0
1779634179.575107,18.480891466140747,0.7721205406924058,0.016432083053136745,-133.74355502741145,0.75,225.0
1779634179.6595073,18.5652916431427,0.7661732166598049,0.014493121986125929,-134.37172003020825,0.75,225.0
1779634179.6651394,18.570923805236816,0.7529065059201903,0.007706674053078177,-133.38334039012727,0.75,225.0
1779634179.6723142,18.57809853553772,0.7614322912458809,0.012972526677695662,-134.9436666442668,0.75,225.0
1779634179.6834476,18.589231967926025,0.761172983718884,0.005902668071656222,-134.25887011549204,0.75,225.0
1779634179.7536964,18.659480810165405,0.7667204389283593,0.004565753065533515,-134.91182999504252,0.75,225.0
1779634179.7680478,18.673832178115845,0.7651522385723791,0.005091436955580883,-134.63081318464842,0.75,225.0
1779634179.7762618,18.68204617500305,0.763884631041409,0.013710627885832868,-134.64097958037124,0.75,225.0
1779634179.8507354,18.75651979446411,0.768933325395999,0.0037969618137956435,-135.25470638031058,0.75,225.0
1779634179.8585641,18.76434850692749,0.790187101865652,0.02259277632152394,-131.36963852422667,0.75,225.0
1779634179.8654797,18.77126407623291,0.7832662008372905,0.020342081262361894,-132.1745200051096,0.75,225.0
1779634179.872214,18.777998447418213,0.7770365303482105,0.0018077228277182805,-136.4072226244332,0.75,225.0
1779634180.0413039,18.94708824157715,0.7722674341591294,0.0030727974934782326,-135.73259335728744,0.75,225.0
1779634180.0479503,18.953734636306763,0.7849384360979138,0.02083054918776761,-132.1174138792572,0.75,225.0
1779634180.0546877,18.960472106933594,0.7689219330280959,0.003952194505757137,-135.26006911768846,0.75,225.0
1779634180.0654836,18.97126793861389,0.7808492280401135,0.019336919785605908,-132.6889900260653,0.75,225.0
1779634180.0717847,18.977569103240967,0.7779439068220779,0.018246661684678797,-133.19679024583948,0.75,225.0
1779634180.0819778,18.987762212753296,0.7718860533428851,0.003258581834252386,-135.6414059372509,0.75,225.0
1779634180.110278,19.016062259674072,0.7759090209504452,0.017541267385130455,-133.43546942258584,0.75,225.0
1779634180.113464,19.019248485565186,0.7726379752474186,0.002669729207584723,-135.93567611023678,0.75,225.0
1779634180.1836605,19.089444875717163,0.7692356564571778,0.0036852456069151746,-135.41663675189187,0.75,225.0
1779634180.2012842,19.10706853866577,0.774462072712723,0.017051126180172432,-133.59667158640312,0.75,225.0
1779634180.2096746,19.115458965301514,0.7723670873212625,0.003005629376124294,-135.72576802757817,0.75,225.0
1779634180.2114468,19.117231130599976,0.768466893178932,0.014944915110917237,-134.48401632772052,0.75,225.0
1779634180.2374952,19.143279552459717,0.7688141188811501,0.01509334690064626,-134.32154084366258,0.75,225.0
1779634180.2487605,19.154544830322266,0.7690032446844254,0.003908523910494038,-135.25833425466936,0.75,225.0
1779634180.2830672,19.188851594924927,0.7618792860818104,0.005750334432046367,-134.1915851862308,0.75,225.0
1779634180.28826,19.19404435157776,0.7641044198739285,0.01351289318153813,-134.8574226368993,0.75,225.0
1779634180.3730488,19.278833150863647,0.7683967580480372,0.01545532819151478,-133.87503745301737,0.75,225.0
1779634180.379714,19.28549838066101,0.7616565575439687,0.005823577194455032,-134.18509733368762,0.75,225.0
1779634180.3876636,19.293447971343994,0.7692956945765591,0.01558072989408367,-133.93035409733417,0.75,225.0
1779634180.5172246,19.423008918762207,0.769866924891162,0.01567554215796317,-133.95294738790227,0.75,225.0
1779634180.5233548,19.429139137268066,0.7620423932834416,0.005975282485039285,-134.0293705242388,0.75,225.0
1779634180.5343993,19.440183639526367,0.7652324800670649,0.013989139427238048,-134.72998634751477,0.75,225.0
1779634180.5423684,19.448152780532837,0.7660738795017576,0.00448973351992922,-134.87256543278207,0.75,225.0
1779634180.5485091,19.454293489456177,0.7701719350112396,0.0035813067971132706,-135.34796059305063,0.75,225.0
1779634180.5688744,19.474658727645874,0.7713210026137955,0.016097167926853395,-133.9131483209059,0.75,225.0
1779634180.5835643,19.489348649978638,0.7662625213259167,0.014307600391462671,-134.6113342515969,0.75,225.0
1779634180.5928638,19.498648166656494,0.7732176375722098,0.002986386923509027,-135.63000649964903,0.75,225.0
1779634180.666951,19.57273530960083,0.7696197005846822,0.0039011760353750424,-135.19688521526786,0.75,225.0
1779634180.6818612,19.587645530700684,0.7674412088792715,0.014830579671300373,-134.34173863849506,0.75,225.0
1779634180.6855574,19.591341733932495,0.7728369067102506,0.0032124407081088047,-135.525572013992,0.75,225.0
1779634180.7153134,19.621097803115845,0.7680968671815613,0.01501364849361235,-134.22228766517648,0.75,225.0
1779634180.7197752,19.62555956840515,0.7754538737536628,0.0028039162783047022,-135.6526483454669,0.75,225.0
1779634180.757857,19.663641452789307,0.7730000702628762,0.016860575868492877,-133.47770790472316,0.75,225.0
1779634180.7652423,19.671026706695557,0.7767037700820827,0.0023841455599008105,-135.88637576610176,0.75,225.0
1779634180.8039284,19.709712743759155,0.7777066152511315,0.002014138578149055,-135.98904221259141,0.75,225.0
1779634180.8131533,19.718937635421753,0.7710864698732357,0.016289878935656865,-133.67128426891998,0.75,225.0
1779634180.853068,19.75885248184204,0.771126066663971,0.016130148763514804,-133.88311216198625,0.75,225.0
1779634180.8585174,19.764301776885986,0.7728867743674376,0.0031288541175791273,-135.38829334872503,0.75,225.0
1779634180.9481742,19.85395860671997,0.7763979487110353,0.017900250305719817,-133.20943754712468,0.75,225.0
1779634180.9550598,19.860844135284424,0.7749156759441654,0.002615581783556073,-135.7037624358999,0.75,225.0
1779634180.9619088,19.867693185806274,0.7707853257962268,0.003633525651410452,-135.242992646835,0.75,225.0
1779634180.967662,19.873446464538574,0.7743594752530533,0.01716190828645857,-133.42724151414006,0.75,225.0
1779634180.9983664,19.90415072441101,0.7790461530745468,0.018559631936011997,-133.07669515228082,0.75,225.0
1779634181.0043497,19.910134077072144,0.773037904611847,0.002728582619698397,-135.71918700820507,0.75,225.0
1779634181.0439286,19.949712991714478,0.7766839346745273,0.017759894176958876,-133.35228230093156,0.75,225.0
1779634181.0503252,19.956109523773193,0.769477304562117,0.003715338005089122,-135.25513551642211,0.75,225.0
1779634181.183871,20.08965539932251,0.7674311996870554,0.0045311833599284285,-134.77861170242954,0.75,225.0
1779634181.190215,20.095999479293823,0.7741419741005671,0.01698891026580486,-133.73266332530912,0.75,225.0
1779634181.1972275,20.10301184654236,0.7700501446600312,0.0161793783809438,-133.68508681863696,0.75,225.0
1779634181.2067318,20.112516164779663,0.7655330127336051,0.004968252680734128,-134.59279722355782,0.75,225.0
1779634181.2154026,20.12118697166443,0.7640902344867923,0.014151978596966833,-134.4443047454074,0.75,225.0
1779634181.2239287,20.12971305847168,0.769240869506652,0.003722373669337198,-135.2391968896229,0.75,225.0
1779634181.278649,20.184433460235596,0.7704442777110697,0.01622131876863743,-133.69241108446153,0.75,225.0
1779634181.2916446,20.197428941726685,0.7693808413766557,0.015906023171378847,-133.78786953658803,0.75,225.0
1779634181.301294,20.207078456878662,0.7672812847173567,0.004374204946706775,-134.77267406384536,0.75,225.0
1779634181.4247205,20.330504894256592,0.7752790967442973,0.017732254171441336,-133.17140308349636,0.75,225.0
1779634181.4339223,20.339706659317017,0.7659063709672923,0.004992659834259394,-134.44571528363082,0.75,225.0
1779634181.4457457,20.351530075073242,0.7702587272970715,0.003990207402775503,-135.00220325227232,0.75,225.0
1779634181.4508827,20.356667041778564,0.7739975266320598,0.017138766126018556,-133.44748373367315,0.75,225.0
1779634181.4819777,20.38776206970215,0.7726778863238428,0.016629752657608424,-133.59375695941276,0.75,225.0
1779634181.487652,20.393436431884766,0.762603597775621,0.005897344451340353,-134.0571762390532,0.75,225.0
1779634181.4969792,20.402763605117798,0.7607754095819823,0.005859872470590374,-134.1687345152982,0.75,225.0
1779634181.5033438,20.409128189086914,0.7722324613492484,0.016367185146023214,-133.8261651148145,0.75,225.0
1779634181.5631926,20.468976974487305,0.7659546891514843,0.004810724648128581,-134.82388300826494,0.75,225.0
1779634181.5746536,20.480437994003296,0.7714412009879441,0.016090209021292434,-133.85865652184327,0.75,225.0
1779634181.5825477,20.48833203315735,0.7645030428265039,0.005165139157340043,-134.62541370126442,0.75,225.0
1779634181.6154068,20.521191120147705,0.7713496117010613,0.01598099358850877,-134.01515123548097,0.75,225.0
1779634181.7553856,20.66117000579834,0.7700647100527077,0.01573086626926798,-134.02750051776584,0.75,225.0
1779634181.7659917,20.671776056289673,0.7757080520786477,0.017591886154078154,-133.41433134665778,0.75,225.0
1779634181.7767656,20.682549953460693,0.7692861591431095,0.004110237011948098,-135.1321207603935,0.75,225.0
1779634181.8022647,20.708049058914185,0.7663132551090268,0.00473829124040831,-134.78638052262113,0.75,225.0
1779634181.817674,20.723458290100098,0.7696373522338237,0.015941679556310248,-133.81503775635215,0.75,225.0
1779634181.8254952,20.731279611587524,0.7648974583293102,0.0052169640911450404,-134.55315405933703,0.75,225.0
1779634181.8536522,20.75943660736084,0.7631888974261472,0.01409085406043789,-134.38662321207374,0.75,225.0
1779634181.8598878,20.765672206878662,0.7637650641862563,0.005450411104036781,-134.436391113284,0.75,225.0
1779634181.900992,20.80677628517151,0.7656992581694044,0.014615282246116329,-134.3010972598761,0.75,225.0
1779634181.9059813,20.811765670776367,0.7616144738874507,0.005550525545129317,-134.44362162232773,0.75,225.0
1779634181.9443743,20.85015869140625,0.761670944339383,0.013227270761817053,-134.7614908561611,0.75,225.0
1779634181.9526186,20.858402967453003,0.7614988992544417,0.005692717697841743,-134.36893145322128,0.75,225.0
1779634182.0958369,21.00162124633789,0.7607499047756459,0.006058213173741431,-134.25288690243204,0.75,225.0
1779634182.106664,21.01244831085205,0.7698398885692134,0.015829785435052507,-133.92735924945194,0.75,225.0
1779634182.114394,21.02017831802368,0.7665295245602296,0.004791926264546595,-134.84613925057826,0.75,225.0
1779634182.1276608,21.033445119857788,0.7753533164342512,0.01753198263460437,-133.28767674344576,0.75,225.0
1779634182.186478,21.092262268066406,0.7650174399173756,0.005248217557602491,-134.584942824538,0.75,225.0
1779634182.1970546,21.10283899307251,0.7709949086801726,0.016521963273556317,-133.54593276760446,0.75,225.0
1779634182.2099855,21.115769863128662,0.7638620605141909,0.005475316492567925,-134.462580579782,0.75,225.0
1779634182.2383485,21.14413285255432,0.7685940288118035,0.004263433955220788,-135.05206025986746,0.75,225.0
1779634182.2820172,21.187801599502563,0.7647530591596707,0.01439003850717148,-134.34677847039544,0.75,225.0
1779634182.2908943,21.196678638458252,0.7614194223236921,0.006088026239233518,-134.08708121424516,0.75,225.0
1779634182.5182962,21.42408061027527,0.7670251500781932,0.004619466191024005,-134.7310378757218,0.75,225.0
1779634182.526976,21.43276047706604,0.7695203244813112,0.01625547539170999,-133.7327747421216,0.75,225.0
1779634182.5387478,21.4445321559906,0.7700721911108003,0.016088295879983866,-133.94565792003232,0.75,225.0
1779634182.5489643,21.45474863052368,0.7652911346281703,0.004985239829671584,-134.48401772990914,0.75,225.0
1779634182.5536304,21.45941472053528,0.769602468178513,0.003919783432565452,-135.0705839372635,0.75,225.0
1779634182.5652928,21.47107720375061,0.7705241363594567,0.016018579341780262,-133.99586557105224,0.75,225.0
1779634182.5825918,21.488376140594482,0.7656914461281517,0.014231178204851744,-134.760191957926,0.75,225.0
1779634182.588717,21.49450135231018,0.7671690209128472,0.004641443441992299,-134.74088692656773,0.75,225.0
1779634182.7069945,21.612778902053833,0.7673626926065298,0.014726876533218261,-134.53875590743937,0.75,225.0
1779634182.713491,21.619275331497192,0.7654504507265883,0.0051399939659204225,-134.50646924787648,0.75,225.0
1779634182.7244887,21.63027310371399,0.8140961550455288,0.031920831094940205,-127.87511492423035,0.75,225.0
1779634182.7435365,21.64932084083557,0.7637170734502738,0.005671164227780065,-134.12534378176065,0.75,225.0
1779634182.7509937,21.65677809715271,0.7647089141308057,0.005407507089650751,-134.20038443692252,0.75,225.0
1779634182.7551897,21.66097402572632,0.7951703137239732,0.024986423544667596,-130.38957196243788,0.75,225.0
1779634182.8131144,21.71889877319336,0.7826383493732163,0.02036043616503494,-132.10501753102582,0.75,225.0
1779634182.8181658,21.723950147628784,0.7686953179990682,0.00445453496509271,-134.77060527064714,0.75,225.0
1779634182.855864,21.761648416519165,0.7792290593391537,0.019014159518012413,-132.67932887644616,0.75,225.0
1779634182.8673656,21.773149967193604,0.7664720681075178,0.0049298586955778545,-134.60242336802798,0.75,225.0
1779634182.9094975,21.815281867980957,0.7767111850839776,0.01803947749662055,-133.08790164412676,0.75,225.0
1779634182.9181542,21.823938608169556,0.770478956663591,0.003985933614823189,-135.07558429986898,0.75,225.0
1779634182.9463165,21.85210084915161,0.773249412267913,0.003223910637501756,-135.48936278877378,0.75,225.0
1779634182.9953606,21.901144981384277,0.7749277464684701,0.017359592690872186,-133.36817549066092,0.75,225.0
1779634183.0952473,22.001031637191772,0.7723858590846371,0.01673460910012997,-133.51629406584212,0.75,225.0
1779634183.1025984,22.00838279724121,0.7751671855719389,0.0026827098064166194,-135.77333235663252,0.75,225.0
1779634183.1130726,22.0188570022583,0.7720290844071108,0.016440047415878636,-133.77209898668158,0.75,225.0
1779634183.1423035,22.04808783531189,0.7755481436462682,0.0024932295834220464,-136.00780733813352,0.75,225.0
1779634183.1487112,22.054495573043823,0.7653037563148395,0.014382237948929108,-134.44056247938403,0.75,225.0
1779634183.4294012,22.335185527801514,0.7670545356056506,0.01478545642963243,-134.42286699493266,0.75,225.0
1779634183.435312,22.3410964012146,0.7712102570013893,0.003549531994351901,-135.4525838539261,0.75,225.0
1779634183.440637,22.346421480178833,0.7725545079717203,0.016662634875624374,-133.6876191293486,0.75,225.0
1779634183.4576862,22.363470554351807,0.7760429468480711,0.018028191060811244,-133.08372368294872,0.75,225.0
1779634183.4667451,22.37252950668335,0.768341244609687,0.0043959823073993765,-135.02152656682495,0.75,225.0
1779634183.5666397,22.472424030303955,0.7746106905191797,0.01734319990125796,-133.47525866080198,0.75,225.0
1779634183.5719018,22.477686166763306,0.777420337268337,0.0020175320686696696,-136.24676336225312,0.75,225.0
1779634183.6005704,22.506354808807373,0.7774801321722298,0.018507095817090966,-132.93524843609572,0.75,225.0
1779634183.6679022,22.573686599731445,0.7755997237593091,0.017665401124249913,-133.37340562368098,0.75,225.0
1779634183.6748834,22.580667734146118,0.7694255868958106,0.003541052311321513,-135.48712840789486,0.75,225.0
1779634183.6885302,22.594314575195312,0.7790285512063313,0.018852588109664864,-132.82189731296918,0.75,225.0
1779634183.7203057,22.626090049743652,0.767021523572645,0.004368860221404619,-135.02558127446497,0.75,225.0
1779634183.7242894,22.63007378578186,0.7767147877883024,0.017959001135073316,-133.18541809829958,0.75,225.0
1779634183.9952216,22.90100598335266,0.7745960852669765,0.017212110165883976,-133.40659019239723,0.75,225.0
1779634184.0059018,22.911686182022095,0.7671021596994377,0.01491745344695626,-134.1834170156911,0.75,225.0
1779634184.023932,22.92971634864807,0.770469777879524,0.00344790532788182,-135.5514947344701,0.75,225.0
1779634184.0389695,22.944753885269165,0.7682640923273537,0.015170657761808481,-134.15399693061713,0.75,225.0
1779634184.07659,22.98237442970276,0.7386490327185596,0.01037422794431693,-132.03059633002619,0.75,225.0
1779634184.0849862,22.9907705783844,0.7445481606260503,0.009095052831138331,-132.5561244439473,0.75,225.0
1779634184.0958838,23.001668214797974,0.764104862253965,0.013639282193343857,-134.870047847291,0.75,225.0
1779634184.134682,23.04046630859375,0.7552179345347537,0.006857932695089317,-133.7564424264213,0.75,225.0
1779634184.1416163,23.04740071296692,0.7650223882453938,0.014091823941440401,-134.62998128664893,0.75,225.0
1779634184.27994,23.18572425842285,0.7263897829160351,0.01351565124963268,-130.2585003683416,0.75,225.0
1779634184.2871687,23.19295310974121,0.7605817862144032,0.012699581177923552,-135.112342794871,0.75,225.0
1779634184.2940443,23.199828624725342,0.7363929282280135,0.011084408805448143,-131.52419629718162,0.75,225.0
1779634184.2994301,23.205214500427246,0.763822492838873,0.013646921451168414,-134.79465621766033,0.75,225.0
1779634184.315006,23.22079038619995,0.7439063656550018,0.009658258015767737,-132.25167641630944,0.75,225.0
1779634184.3284066,23.234190940856934,0.7655718720467503,0.014193339127524796,-134.53309446380752,0.75,225.0
1779634184.4263768,23.33216118812561,0.7485738617064321,0.008881679422976338,-132.81161635357873,0.75,225.0
1779634184.430685,23.336469411849976,0.7723618288154814,0.01636926138933624,-133.71472779212738,0.75,225.0
1779634184.4403253,23.346109628677368,0.7715316508317294,0.016091471253550024,-133.7805523557775,0.75,225.0
1779634184.44629,23.35207438468933,0.7524876757461494,0.007929436808820245,-133.16378188496668,0.75,225.0
1779634184.5736804,23.479464769363403,0.7606582995089431,0.005999888322239716,-134.14672537808806,0.75,225.0
1779634184.5848863,23.490670680999756,0.7749568623639915,0.01748741439562626,-133.1907862317515,0.75,225.0
1779634184.5948548,23.50063920021057,0.7709504578057007,0.015897091156008153,-133.8266321092651,0.75,225.0
1779634184.6070542,23.51283860206604,0.7609033931266643,0.006092249635331462,-134.0940364132685,0.75,225.0
1779634184.612366,23.518150329589844,0.7665885920940132,0.0048052984630190115,-134.72027696715895,0.75,225.0
1779634184.6190276,23.52481198310852,0.7790794226080769,0.01885789783405635,-132.72701101012984,0.75,225.0
1779634184.668303,23.574087381362915,0.7716844321913829,0.01622404201508308,-133.772519174699,0.75,225.0
1779634184.674482,23.58026647567749,0.7731327126439241,0.0030371769938039583,-135.53357419739544,0.75,225.0
1779634184.6822007,23.587985038757324,0.7715045335208808,0.016129374944857874,-133.8326304321226,0.75,225.0
1779634184.6869571,23.5927414894104,0.7702001921538231,0.003845725364928096,-135.2473304145393,0.75,225.0
1779634184.7526011,23.658385515213013,0.770961691145829,0.015930269053337817,-133.8633412650851,0.75,225.0
1779634184.762481,23.668265342712402,0.7752772397421105,0.002602016367833762,-135.75650894501453,0.75,225.0
1779634184.7745838,23.680368185043335,0.7653639833006117,0.014142852064209802,-134.45654645004512,0.75,225.0
1779634184.780039,23.685823440551758,0.7766267258920994,0.0023488520558806875,-135.8807715754776,0.75,225.0
1779634184.8988166,23.804600954055786,0.7671142749504016,0.014627347473882779,-134.4309425762634,0.75,225.0
1779634184.9175847,23.823369026184082,0.7770653211005281,0.0023464833752035036,-136.02834688740455,0.75,225.0
1779634184.9293857,23.835170030593872,0.7632974142085177,0.0132623792593045,-135.06420483806872,0.75,225.0
1779634185.0914688,23.99725317955017,0.777825765621969,0.00206360403600675,-136.1475489895595,0.75,225.0
1779634185.098473,24.004257440567017,0.7651911398812788,0.013913434074054473,-134.72559711592862,0.75,225.0
1779634185.1082764,24.014060735702515,0.7376156012851206,0.00881480619898696,-135.137527896511,0.75,225.0
1779634185.1135328,24.019317150115967,0.7732769426857926,0.003380330085633085,-135.4018184939207,0.75,225.0
1779634185.1277928,24.03357720375061,0.7689222349196047,0.004418605347903462,-134.95534502185836,0.75,225.0
1779634185.1333416,24.03912591934204,0.7473720650191221,0.010783030303972763,-134.8233045069846,0.75,225.0
1779634185.1500134,24.055797815322876,0.7665783369824581,0.004891118837211272,-134.71647174581582,0.75,225.0
1779634185.1560748,24.061859130859375,0.753234135852944,0.012098515429656342,-134.58050701065187,0.75,225.0
1779634185.2800043,24.18578863143921,0.7532604615632639,0.01141668597916047,-135.05880876654504,0.75,225.0
1779634185.2874212,24.19320559501648,0.769460066222801,0.004023096350745145,-135.2447688714296,0.75,225.0
1779634185.2923875,24.198171854019165,0.7586565494847552,0.012704388873415434,-134.86450065731944,0.75,225.0
1779634185.2984624,24.204246759414673,0.7727013603179846,0.0033839316129321007,-135.56328140464166,0.75,225.0
1779634185.3085086,24.214293003082275,0.7698516202707949,0.004202295607797349,-134.9580119754795,0.75,225.0
1779634185.3149333,24.220717668533325,0.7624934434680696,0.013652303890833023,-134.62770345373067,0.75,225.0
1779634185.4428217,24.34860610961914,0.7650858655228905,0.014274927575950225,-134.55354010665823,0.75,225.0
1779634185.4443643,24.350148677825928,0.7673473609407049,0.004837830236340962,-134.6641553199926,0.75,225.0
1779634185.5300984,24.435882806777954,0.7710403569464963,0.0038174304835641992,-135.19575194637872,0.75,225.0
1779634185.5369031,24.442687511444092,0.766439660942273,0.014624461143421197,-134.3677842840745,0.75,225.0
1779634185.5452402,24.451024532318115,0.7666202912401681,0.014781214276056678,-134.27194599286972,0.75,225.0
1779634185.553874,24.45965838432312,0.7736147386854418,0.0030954365114079924,-135.56604460980722,0.75,225.0
1779634185.561597,24.467381477355957,0.7736421377654714,0.016884841995866665,-133.66955723154052,0.75,225.0
1779634185.5732164,24.47900080680847,0.7698674602280853,0.003967928978211965,-135.14443924613502,0.75,225.0
1779634185.624238,24.530022382736206,0.7673741598344452,0.004677847173781335,-134.79937255324757,0.75,225.0
1779634185.6379187,24.543703079223633,0.7519303430214874,0.013793190677797343,-133.2703080415467,0.75,225.0
1779634185.6422338,24.548018217086792,0.7656036372501966,0.005166828463279927,-134.55076319598854,0.75,225.0
1779634185.6477473,24.553531646728516,0.7729323525619718,0.016585715229543455,-133.77670142000395,0.75,225.0
1779634185.6515021,24.557286500930786,0.7574325243181015,0.014289655614905666,-133.52309112126704,0.75,225.0
1779634185.671646,24.577430486679077,0.7760445260539888,0.002792351378585245,-135.81071773546918,0.75,225.0
1779634185.7148204,24.620604753494263,0.7602956631367209,0.014555725915880127,-133.67198461659683,0.75,225.0
1779634185.7208385,24.626622915267944,0.7715777562311544,0.0037596708231174697,-135.31773159471442,0.75,225.0
1779634185.725844,24.631628274917603,0.7685603514745514,0.004529677624872802,-134.9172809080814,0.75,225.0
1779634185.7308247,24.636609077453613,0.758723507212936,0.01321201034195961,-134.49451650673635,0.75,225.0
1779634185.7657099,24.671494245529175,0.7666950843524404,0.015562395467351067,-133.72955352516644,0.75,225.0
1779634185.7767327,24.682517051696777,0.7663392604521558,0.00497228565787905,-134.69403385735353,0.75,225.0
1779634185.9034407,24.80922508239746,0.7680706623667477,0.015619832392316194,-133.92944396877274,0.75,225.0
1779634185.9167016,24.82248592376709,0.7703243143210953,0.003908827569280543,-135.21351420556024,0.75,225.0
1779634185.9312894,24.837073802947998,0.7728477695917391,0.003223485022062031,-135.6029665576155,0.75,225.0
1779634185.9377654,24.843549728393555,0.7639833019226456,0.013950312988219499,-134.71604488586118,0.75,225.0
1779634185.976227,24.88201141357422,0.7661340858348683,0.014482061877320485,-134.61662382247653,0.75,225.0
1779634185.9777727,24.883557081222534,0.7748824541915718,0.002681064373732958,-135.85194814441914,0.75,225.0
1779634186.009683,24.915467262268066,0.7707606325869615,0.0036805495166856994,-135.34569466771484,0.75,225.0
1779634186.0157108,24.92149519920349,0.7720834885084317,0.01658307033952533,-133.87370261920353,0.75,225.0
1779634186.0472348,24.95301914215088,0.7678676977711085,0.004375852896329316,-134.990129397149,0.75,225.0
1779634186.3298452,25.235629558563232,0.7718105019522585,0.016324280363434543,-134.02869215749124,0.75,225.0
1779634186.3392737,25.245058059692383,0.7714948725752181,0.0036065154596417043,-135.3587571216305,0.75,225.0
1779634186.3470116,25.252795934677124,0.7740512398523826,0.0028699423715430328,-135.61602055233251,0.75,225.0
1779634186.3529692,25.258753538131714,0.7702334280740079,0.0159174255949769,-134.05146348052935,0.75,225.0
1779634186.361249,25.267033338546753,0.7701905910437884,0.0038135228539008803,-135.1847549491696,0.75,225.0
1779634186.3835566,25.28934097290039,0.7692414882126422,0.01569180848040494,-134.04133765715292,0.75,225.0
1779634186.3912823,25.297066688537598,0.7693700667786812,0.015614005152172344,-134.01534857141135,0.75,225.0
1779634186.4675844,25.373368740081787,0.7675797036818641,0.004565593366037221,-134.82100783865874,0.75,225.0
1779634186.4736347,25.379419088363647,0.7699279843741934,0.01565765155285226,-134.12526797076208,0.75,225.0
1779634186.4836876,25.389472007751465,0.7646350992881551,0.013955392558780422,-134.63919201769167,0.75,225.0
1779634186.4945378,25.400322198867798,0.7656576036361201,0.004997657983502615,-134.6284530640088,0.75,225.0
1779634186.5671682,25.472952604293823,0.7666040093344616,0.014496792612065434,-134.5590090459295,0.75,225.0
1779634186.5729933,25.478777647018433,0.7755381783989161,0.002442734285875922,-135.968720534472,0.75,225.0
1779634186.5796661,25.485450506210327,0.7611157663338588,0.012964479099490112,-134.8553552459827,0.75,225.0
1779634186.586544,25.49232840538025,0.776821109962889,0.002239701014971729,-136.03290085607063,0.75,225.0
1779634186.6246054,25.5303897857666,0.7641463940616804,0.013802183864856155,-134.71193486295832,0.75,225.0
1779634186.630003,25.535787343978882,0.7722069996666142,0.0034637025020180096,-135.4091070971939,0.75,225.0
1779634186.7062125,25.61199688911438,0.763110333714487,0.01391629359106969,-134.53229760265836,0.75,225.0
1779634186.7218366,25.627620935440063,0.7737996189196513,0.0028164229881136177,-135.65148973518077,0.75,225.0
1779634186.7596843,25.66546869277954,0.7755913074863303,0.0024988115523686544,-135.80702495774807,0.75,225.0
1779634186.7653136,25.671097993850708,0.7655480423076024,0.014455250196276914,-134.4950850284353,0.75,225.0
1779634186.8136585,25.71944284439087,0.7622134952017501,0.013142570946239981,-135.11322299245668,0.75,225.0
1779634186.8189807,25.724765062332153,0.7713340562984261,0.003572358817808416,-135.33574429512177,0.75,225.0
1779634186.847268,25.753052473068237,0.7648981620700459,0.013915327325779853,-134.89520117466685,0.75,225.0
1779634186.857064,25.762848377227783,0.7738485535137324,0.0029330408757030357,-135.67210180710512,0.75,225.0
1779634186.8986256,25.804409980773926,0.7755868515532724,0.002478444459991319,-135.90156691859775,0.75,225.0
1779634186.9929624,25.898746728897095,0.776792911600754,0.0021567952399049323,-136.05929985162442,0.75,225.0
1779634186.9988108,25.904595136642456,0.761768030019361,0.012789188980334376,-135.3024939868466,0.75,225.0
1779634187.007676,25.91346025466919,0.7641217261255708,0.013580415476473873,-134.8921990709868,0.75,225.0
1779634187.017248,25.92303228378296,0.7762523186409525,0.0017117749726967835,-136.23687125997725,0.75,225.0
1779634187.09119,25.9969744682312,0.7661451807383577,0.01423613216173697,-134.64034805128094,0.75,225.0
1779634187.1014154,26.00719976425171,0.7717545782274615,0.003011908489268106,-135.62427104066342,0.75,225.0
1779634187.1094878,26.01527214050293,0.767628567073037,0.014736527847240583,-134.44023178930522,0.75,225.0
1779634187.1890123,26.094796657562256,0.7732514156913235,0.0026096237915779613,-135.75894715841272,0.75,225.0
1779634187.1996984,26.105482816696167,0.7624966729987326,0.01313769679616604,-135.00482528120645,0.75,225.0
1779634187.2053149,26.111099243164062,0.7752083268212361,0.002259781281362394,-135.9747454258455,0.75,225.0
1779634187.21963,26.12541437149048,0.765089233784757,0.013913953063460743,-134.81763288571076,0.75,225.0
1779634187.2484384,26.1542227268219,0.7822112516281685,0.000310530702665332,-136.9116225909501,0.75,225.0
1779634187.2581103,26.163894653320312,0.7618738109248597,0.01276731884083189,-135.33429413199678,0.75,225.0
1779634187.2909074,26.196691751480103,0.7646680803010238,0.01370152931916424,-134.9333797350764,0.75,225.0
1779634187.4297278,26.335512161254883,0.7706172176132006,0.015930378039245977,-133.97723128967303,0.75,225.0
1779634187.4373019,26.34308624267578,0.7809977924981539,0.0003864391275334583,-136.87966911171347,0.75,225.0
1779634187.4453485,26.35113286972046,0.7651139588146187,0.014145166344354851,-134.53407352224258,0.75,225.0
1779634187.4488087,26.35459303855896,0.7806157308470258,0.0007010881777713696,-136.75357248942936,0.75,225.0
1779634187.516482,26.422266483306885,0.7749268665180514,0.0022170620577006556,-135.9218886724503,0.75,225.0
1779634187.5301318,26.43591618537903,0.7664591320200824,0.014533647852208897,-134.3541017682778,0.75,225.0
1779634187.5353923,26.441176652908325,0.7763488091880371,0.0019773939511298633,-136.0790749951072,0.75,225.0
1779634187.5470288,26.452813148498535,0.7718923011087093,0.0032859517474324307,-135.44576775665578,0.75,225.0
1779634187.612729,26.518513441085815,0.7686830020631061,0.004105377511867403,-135.06676406582312,0.75,225.0
1779634187.6259062,26.53169059753418,0.7774238601365835,0.001735442804943435,-136.32793555455697,0.75,225.0
1779634187.6317775,26.537561893463135,0.7670592906281208,0.01479737266840006,-134.39640184105767,0.75,225.0
1779634187.7091727,26.614957094192505,0.7683370674001726,0.01512192342243221,-134.28897193852467,0.75,225.0
1779634187.7142477,26.62003207206726,0.771865048742999,0.0032861214323194055,-135.61162121129098,0.75,225.0
1779634187.7220154,26.62779974937439,0.7637673300005484,0.01353331865189375,-134.83371379529416,0.75,225.0
1779634187.7285504,26.634334802627563,0.7688408996778959,0.004024713060697863,-135.1390328460272,0.75,225.0
1779634187.8539531,26.759737491607666,0.7712879651694509,0.003338295443142389,-135.4405233912441,0.75,225.0
1779634187.8645518,26.770336151123047,0.7633464301617003,0.0054503327959296854,-134.3686952362176,0.75,225.0
1779634187.8735604,26.7793447971344,0.7646392109681308,0.013960110494133149,-134.62533754194092,0.75,225.0
1779634187.8867273,26.792511701583862,0.7682393659009553,0.004247366200406791,-134.98835612982515,0.75,225.0
1779634187.9020555,26.80783987045288,0.763932532661917,0.014077994235714583,-134.50883502403684,0.75,225.0
1779634188.0919452,26.997729539871216,0.7662219086294989,0.014609355268102989,-134.38842340920675,0.75,225.0
1779634188.1007977,27.006582021713257,0.7716537726877071,0.003397083098705067,-135.4204962469915,0.75,225.0
1779634188.1075308,27.013315200805664,0.7676980931448056,0.014944525565184594,-134.38666951980386,0.75,225.0
1779634188.115699,27.021483421325684,0.7740352513821849,0.0028000059676828865,-135.72075092060044,0.75,225.0
1779634188.1230755,27.028859853744507,0.768674190831064,0.015190878564143792,-134.29450486766092,0.75,225.0
1779634188.143874,27.04965829849243,0.763752217903941,0.013630144899420604,-134.7565464049187,0.75,225.0
1779634188.1508286,27.056612968444824,0.7697538763670928,0.0035562788123836564,-135.35991064827746,0.75,225.0
1779634188.171038,27.07682228088379,0.7699467414049762,0.015887041367034435,-133.8463491549355,0.75,225.0
1779634188.1855748,27.09135913848877,0.7729360761275716,0.002973039048904169,-135.6409413252927,0.75,225.0
1779634188.2013056,27.10708999633789,0.7650492206550653,0.014208220803259536,-134.48374856192348,0.75,225.0
1779634188.2079978,27.113782167434692,0.769413161581127,0.0038885241286040206,-135.20226439162295,0.75,225.0
1779634188.2401948,27.145979166030884,0.7726981147667235,0.0032057097434407406,-135.5307047816422,0.75,225.0
1779634188.2482471,27.15403151512146,0.7618338259987057,0.012994016945318973,-135.00132397677365,0.75,225.0
1779634188.2803152,27.186099529266357,0.7639470197832221,0.0051233431111818994,-134.52848679734683,0.75,225.0
1779634188.4247046,27.330488920211792,0.7645177101536185,0.013826449116169995,-134.70864584153054,0.75,225.0
1779634188.4388907,27.344675064086914,0.766477286514324,0.014450808067609372,-134.48451377998825,0.75,225.0
1779634188.4448977,27.350682020187378,0.7686759765093228,0.004024122491524812,-135.10463247586142,0.75,225.0
1779634188.4868958,27.392680168151855,0.7674530262143562,0.014753470300028534,-134.32241809508787,0.75,225.0
1779634188.492731,27.398515462875366,0.7719679239208438,0.0032429715059503067,-135.50445389668744,0.75,225.0
1779634188.5077734,27.413557767868042,0.7636282603538878,0.01349898429156178,-134.93038776603402,0.75,225.0
1779634188.523864,27.429648399353027,0.7687179471427372,0.00407218770817161,-135.10217627201575,0.75,225.0
1779634188.5655854,27.471369743347168,0.7710843444391233,0.016050151570008123,-133.91945680027243,0.75,225.0
1779634188.5721984,27.477982759475708,0.7722290539298369,0.0033394662839893036,-135.46532959802687,0.75,225.0
1779634188.5799818,27.485766172409058,0.7689079647360486,0.004141829030706409,-135.07672221200275,0.75,225.0
1779634188.5888443,27.49462866783142,0.7682076801376401,0.015467027470000907,-134.04674239105725,0.75,225.0
1779634188.755532,27.661316394805908,0.7665731411979357,0.0046989428045196985,-134.8026726608536,0.75,225.0
1779634188.769723,27.675507307052612,0.7707305231600732,0.0037804562528436225,-135.25578761179787,0.75,225.0
1779634188.7727237,27.678508043289185,0.7677348692340771,0.015315452196924526,-134.07095594635905,0.75,225.0
1779634188.7873876,27.693171977996826,0.7704179944284137,0.01605453713196668,-133.9009460301553,0.75,225.0
1779634188.793771,27.69955539703369,0.7678574112998369,0.004449223154316562,-134.9299884010848,0.75,225.0
1779634188.8071954,27.712979793548584,0.762478241877067,0.01354990004521428,-134.71822794757756,0.75,225.0
1779634188.8265312,27.73231554031372,0.7706396028927953,0.015955108183830127,-134.0464228635971,0.75,225.0
1779634188.832188,27.737972259521484,0.7659507876235612,0.005008933075641722,-134.6449576395847,0.75,225.0
1779634188.8970065,27.802790880203247,0.7657713651802227,0.014187441024990755,-134.79552039981343,0.75,225.0
1779634188.9040968,27.80988121032715,0.7700659337252584,0.0039363228677338075,-135.18348034733796,0.75,225.0
1779634188.9114707,27.8172550201416,0.772343835922335,0.0034294525534878106,-135.50175422135706,0.75,225.0
1779634188.9189773,27.824761629104614,0.7660193686424018,0.014419871993430117,-134.5919343686626,0.75,225.0
1779634188.94969,27.8554744720459,0.7625763246010245,0.013138376292468959,-135.09641776250552,0.75,225.0
1779634188.960086,27.865870475769043,0.7691391736194441,0.004310625484359024,-135.05820255070716,0.75,225.0
1779634188.999589,27.905373334884644,0.7646854950835147,0.013826185484616837,-134.74773227402895,0.75,225.0
1779634189.0032713,27.909055709838867,0.7723731869873262,0.0035569706268796797,-135.40342005253385,0.75,225.0
1779634189.0404556,27.946239948272705,0.7713986523528974,0.016147234909580144,-133.78116470191685,0.75,225.0
1779634189.0482266,27.95401096343994,0.7804491760574825,0.0013934366766094747,-136.4726904007497,0.75,225.0
1779634189.1358407,28.041625022888184,0.7746635373540619,0.0027853880590893165,-135.78006316316413,0.75,225.0
1779634189.1470025,28.052786827087402,0.7756024339439265,0.017621465980523998,-133.24241335431657,0.75,225.0
1779634189.163614,28.069398403167725,0.774287135923094,0.017060068940827677,-133.5821170618437,0.75,225.0
1779634189.3222294,28.22801375389099,0.7733820078798772,0.016707476995046266,-133.7145807284711,0.75,225.0
1779634189.3296418,28.23542618751526,0.7820333997969424,0.000844714140049635,-136.73206827203165,0.75,225.0
1779634189.3373442,28.243128538131714,0.7664800535377789,0.014514409677675102,-134.48141465717185,0.75,225.0
1779634189.3490815,28.254865884780884,0.7708558571228266,0.003725543890786276,-135.26226502731635,0.75,225.0
1779634189.3610394,28.266823768615723,0.7666563204729212,0.014708051910161876,-134.3499193753065,0.75,225.0
1779634189.3808415,28.286625862121582,0.7675047984578958,0.015007942121547532,-134.27678774615623,0.75,225.0
1779634189.3819096,28.287693977355957,0.7666093873748122,0.004355188960116357,-135.03023089514548,0.75,225.0
1779634189.3993137,28.305098056793213,0.767287594494746,0.014991791561497506,-134.24554709866612,0.75,225.0
1779634189.4059958,28.311780214309692,0.7705695234098444,0.003580349261394833,-135.37436596352651,0.75,225.0
1779634189.4694817,28.375266075134277,0.7678237827632893,0.004396383486836339,-134.94740256602142,0.75,225.0
1779634189.47532,28.381104469299316,0.7684414537694788,0.015212609825986101,-134.28593811391616,0.75,225.0
1779634189.4841375,28.38992190361023,0.7658979484241406,0.004964776812087082,-134.64798453167896,0.75,225.0
1779634189.527466,28.433250427246094,0.7638403196747333,0.013597005608864635,-134.83161051960872,0.75,225.0
1779634189.5337775,28.43956184387207,0.7645480046941786,0.005361255894318878,-134.43812211895536,0.75,225.0
1779634189.5655603,28.471344709396362,0.7660503129000954,0.014284264032894553,-134.58385606616022,0.75,225.0
1779634189.5721545,28.477938890457153,0.7691221709579897,0.004286581779287091,-134.95760289358296,0.75,225.0
1779634189.6177096,28.523494005203247,0.7668055864770417,0.004887586439048408,-134.65464578980007,0.75,225.0
1779634189.6229029,28.528687238693237,0.7625230598400922,0.013049797308898298,-135.0685033226212,0.75,225.0
1779634189.7068195,28.612603902816772,0.763825493842973,0.013615410828833718,-134.80612267823156,0.75,225.0
1779634189.7107618,28.616546154022217,0.7707106213870044,0.0038616813731260496,-135.20508369287353,0.75,225.0
1779634189.7327032,28.638487577438354,0.7660321417150447,0.014298694364814013,-134.56400462718156,0.75,225.0
1779634189.736923,28.642707347869873,0.7678599637598134,0.004510059290471963,-134.89929702897226,0.75,225.0
1779634189.7677457,28.673530101776123,0.7715647802344572,0.016354373606994987,-133.71824113490538,0.75,225.0
1779634189.7745566,28.680341005325317,0.7702292246619837,0.0036058247011248323,-135.34417180833321,0.75,225.0
1779634189.898193,28.803977251052856,0.7669517878927852,0.0046193725371277555,-134.96166665365914,0.75,225.0
1779634189.9086738,28.81445813179016,0.7739741057949011,0.017546053451724247,-133.19173203981856,0.75,225.0
1779634189.9171517,28.822936058044434,0.7653167722549197,0.005129789559028292,-134.6664308100533,0.75,225.0
1779634189.9272397,28.83302402496338,0.7726850592434324,0.016911155019463123,-133.42088077264307,0.75,225.0
1779634189.9579036,28.863687992095947,0.7640698586241106,0.005391533626222467,-134.51926258812296,0.75,225.0
1779634189.9641633,28.86994767189026,0.7659450672666623,0.01465888216870112,-134.26102242203115,0.75,225.0
1779634190.0414462,28.947230577468872,0.76752072209188,0.014977068697086204,-134.3020500089778,0.75,225.0
1779634190.0528278,28.958612203598022,0.7624535264732675,0.0056293470336773455,-134.3363170033543,0.75,225.0
1779634190.059157,28.964941263198853,0.7673479009806747,0.015032721507741986,-134.21815514689,0.75,225.0
1779634190.133426,29.039210319519043,0.7664807804968463,0.004467599335717276,-134.99157638557634,0.75,225.0
1779634190.1429248,29.04870915412903,0.7675144688608391,0.015092363122791969,-134.31340401841433,0.75,225.0
1779634190.153122,29.058906316757202,0.7706221672547162,0.0036035287659106907,-135.3779567841408,0.75,225.0
1779634190.161281,29.067065477371216,0.7636727599475567,0.013602263073252435,-134.91523806548588,0.75,225.0
1779634190.1836796,29.08946394920349,0.7701886513311836,0.015827788985341,-134.03059867709317,0.75,225.0
1779634190.1939998,29.09978413581848,0.7733963390655886,0.0029684263211635087,-135.71461119455563,0.75,225.0
1779634190.3249218,29.230706214904785,0.7758024386712522,0.017658721594301416,-133.41861291228352,0.75,225.0
1779634190.3451197,29.250904083251953,0.7791668529651006,0.0188479305504594,-132.85240883349914,0.75,225.0
1779634190.3497422,29.255526542663574,0.7648377627315177,0.005201286049852635,-134.5622714897619,0.75,225.0
1779634190.3598983,29.265682697296143,0.7768022325824531,0.017956773456315425,-133.20419465803457,0.75,225.0
1779634190.3764448,29.28222918510437,0.768360874759825,0.00427607774404222,-135.1697483702934,0.75,225.0
1779634190.4708188,29.37660312652588,0.7751054527036534,0.017339265234589826,-133.43957465663988,0.75,225.0
1779634190.4837492,29.389533519744873,0.7738974256122708,0.016910180250426718,-133.59901644312606,0.75,225.0
1779634190.4928412,29.39862561225891,0.770245687379384,0.003403314059956822,-135.6256722379789,0.75,225.0
1779634190.5049024,29.4106867313385,0.7670611107793508,0.003966736707671892,-135.2820316250206,0.75,225.0
1779634190.6131334,29.51891779899597,0.7653679368112377,0.00466634949993236,-134.88299089600915,0.75,225.0
1779634190.6195533,29.52533769607544,0.7726385747022578,0.01647598924955504,-133.7001133009325,0.75,225.0
1779634190.6268346,29.5326189994812,0.7671362057560382,0.014574382448338988,-134.44707175351954,0.75,225.0
1779634190.6367345,29.542518854141235,0.7641355391596008,0.005076170462202476,-134.67889705218693,0.75,225.0
1779634190.644664,29.550448417663574,0.7911814542057543,0.02282175915189745,-131.42674578345802,0.75,225.0
1779634190.7128317,29.618616104125977,0.7851992259335362,0.02072978926236456,-132.1987811942339,0.75,225.0
1779634190.720908,29.626692295074463,0.7687994287596835,0.003983728410592496,-135.2087901264189,0.75,225.0
1779634190.8094747,29.715259075164795,0.7720456563937209,0.003214406170288925,-135.57445410686225,0.75,225.0
1779634190.812935,29.718719482421875,0.775703139323266,0.017577929656467955,-133.31604323970365,0.75,225.0
1779634190.8189805,29.724764823913574,0.7744944914430922,0.002740089143712335,-135.77070436508666,0.75,225.0
1779634190.8249352,29.730719566345215,0.7742172962457796,0.01703774035995971,-133.5267803268075,0.75,225.0
1779634190.8320942,29.737878561019897,0.7699182215843882,0.00377047567171003,-135.22076755645216,0.75,225.0
1779634190.8534322,29.75921654701233,0.773318096381348,0.01664148930653074,-133.78996149281454,0.75,225.0
1779634190.9476085,29.853392839431763,0.7731191291518947,0.0031424556193014735,-135.56215604324922,0.75,225.0
1779634190.9540775,29.859861850738525,0.772689959592967,0.016373982504237675,-133.96603278985359,0.75,225.0
1779634190.9622931,29.868077516555786,0.7722294199583227,0.016179807329243054,-134.09219256270117,0.75,225.0
1779634190.9721873,29.877971649169922,0.769649349085669,0.004100764672300042,-135.0912026405814,0.75,225.0
1779634190.9872544,29.893038749694824,0.7771181942983214,0.017938424377572995,-133.3406017666438,0.75,225.0
1779634190.9982703,29.904054641723633,0.7670870722813541,0.0046747970878438655,-134.81325640775114,0.75,225.0
1779634191.0232458,29.929030179977417,0.7708454383331843,0.0036989141555898997,-135.29667034504226,0.75,225.0
1779634191.027214,29.932998418807983,0.7801732974979775,0.018963765867704596,-133.0882375235283,0.75,225.0
1779634191.0508008,29.9565851688385,0.7827710168589879,0.019863908376399453,-132.7556726370926,0.75,225.0
1779634191.0603738,29.966158151626587,0.7675124622137263,0.00418193335903308,-135.0609819326929,0.75,225.0
1779634209.852645,0.05773496627807617,0.7500788054844376,0.01581473966510658,-89.87802958273711,0.75,270.0
1779634209.8624663,0.06755638122558594,0.7508208129276626,0.015816282079371035,-89.91197495528273,0.75,270.0
1779634209.881548,0.08663797378540039,0.750529673170208,0.015788868700447437,-89.9394879243961,0.75,270.0
1779634209.913056,0.11814594268798828,0.7496990060500826,0.013737844713995232,-90.83979927347711,0.75,270.0
1779634210.0531518,0.2582418918609619,0.7497394846463259,0.014171252046107006,-90.58492240935679,0.75,270.0
1779634210.0771494,0.2822394371032715,0.748464682531745,0.016299902242125,-89.54914968002633,0.75,270.0
1779634210.138052,0.343142032623291,0.7480842284930119,0.015940238817955022,-89.6864059013604,0.75,270.0
1779634210.1497416,0.3548316955566406,0.7495295690108779,0.013954050354481846,-90.67417294537773,0.75,270.0
1779634210.189387,0.39447712898254395,0.7500415306896376,0.014337773719559245,-90.47195163979173,0.75,270.0
1779634210.276399,0.4814889430999756,0.7492463686362018,0.012785100084972027,-91.22243990590336,0.75,270.0
1779634210.3262935,0.5313835144042969,0.7501536908845055,0.013606867436235253,-90.85614439284383,0.75,270.0
1779634210.3387926,0.5438826084136963,0.7504510037467834,0.014092920082996284,-90.59843104753065,0.75,270.0
1779634210.4233108,0.6284008026123047,0.7502936755644565,0.014582993868138397,-90.42023301246589,0.75,270.0
1779634210.436463,0.6415531635284424,0.7428480400735143,0.0120896324792121,-91.27066531598251,0.75,270.0
1779634210.5245025,0.7295925617218018,0.745064185883954,0.013177261491641518,-90.89124919380122,0.75,270.0
1779634210.5655792,0.7706692218780518,0.7473857948358071,0.01387485570597572,-90.62253884502518,0.75,270.0
1779634210.5819414,0.7870314121246338,0.7481097834832792,0.014347447562212557,-90.43770726693775,0.75,270.0
1779634210.6188805,0.8239705562591553,0.7493718380110997,0.014867550104669863,-90.30734568941105,0.75,270.0
1779634210.7553911,0.9604811668395996,0.7498507647565164,0.01690244410894839,-89.32634391177204,0.75,270.0
1779634210.766023,0.9711129665374756,0.7497605046143927,0.016298464729281214,-89.52821025060452,0.75,270.0
1779634210.7848072,0.9898972511291504,0.7506687572664746,0.014203740085221184,-90.56317437479285,0.75,270.0
1779634210.815899,1.020988941192627,0.7503202155763602,0.014575611056304975,-90.39471737839678,0.75,270.0
1779634210.856116,1.0612061023712158,0.7500870521627875,0.014835173510864493,-90.27626279653173,0.75,270.0
1779634210.9466822,1.1517722606658936,0.7507163270641672,0.01504156494433974,-90.19339656004347,0.75,270.0
1779634210.9983222,1.2034122943878174,0.7505198965601123,0.013319411371981225,-91.01980034758361,0.75,270.0
1779634211.0405128,1.2456028461456299,0.7495948777543325,0.012074899592873028,-91.60740457211854,0.75,270.0
1779634211.0879142,1.2930042743682861,0.749589480202207,0.01308634277379935,-91.12637131427337,0.75,270.0
1779634211.1400034,1.3450934886932373,0.7497140053993476,0.012116711137981961,-91.67225406556241,0.75,270.0
1779634211.2376275,1.4427175521850586,0.7485318265195496,0.014866694287638657,-90.3121110897083,0.75,270.0
1779634211.2516973,1.456787347793579,0.7479819013036381,0.015017908079409061,-90.2159098883601,0.75,270.0
1779634211.2920947,1.4971847534179688,0.742324758104711,-0.0006847632377992713,-97.77354738278646,0.75,270.0
1779634211.4258554,1.6309454441070557,0.7438562032522449,0.004121752369409381,-95.44089804419514,0.75,270.0
1779634211.4748914,1.6799814701080322,0.743669225776854,0.005813066825483538,-94.64607438808997,0.75,270.0
1779634211.4921808,1.6972708702087402,0.7464266826544299,0.008711828822659149,-93.25250955878307,0.75,270.0
1779634211.5092168,1.7143068313598633,0.7475343194143038,0.008889643269133454,-93.16232718521422,0.75,270.0
1779634211.6112823,1.8163723945617676,0.7482594881571962,0.0107765255418548,-92.21076941354247,0.75,270.0
1779634211.6274297,1.832519769668579,0.7484182520421931,0.014067536374505654,-90.675862407522,0.75,270.0
1779634211.63922,1.8443100452423096,0.7488411167670722,0.014566028642385645,-90.47478744798188,0.75,270.0
1779634211.7156298,1.920719861984253,0.7487554592224862,0.016556317659568148,-89.45623975940924,0.75,270.0
1779634211.7586796,1.9637696743011475,0.7492003818154839,0.01437982730212646,-90.50358122394452,0.75,270.0
1779634211.7680967,1.973186731338501,0.7494700063704721,0.012692695807981937,-91.23686163292687,0.75,270.0
1779634211.807587,2.012676954269409,0.7496381814919784,0.011675342961638245,-91.75018208105702,0.75,270.0
1779634211.8521078,2.0571978092193604,0.7502059567077954,0.010906701306930229,-92.10586169327132,0.75,270.0
1779634211.9421802,2.1472702026367188,0.7508165136189464,0.01229135079077664,-91.4741558996362,0.75,270.0
1779634211.9567018,2.1617918014526367,0.751234791751051,0.013260863107875751,-91.03196696165996,0.75,270.0
1779634212.0417798,2.2468698024749756,0.7499721949519498,0.013894862967498544,-90.72054526260524,0.75,270.0
1779634212.0526347,2.2577247619628906,0.750648607079831,0.014383627818844802,-90.5046029229127,0.75,270.0
1779634212.0960438,2.301133871078491,0.7504141280089691,0.014786426444315099,-90.35448787935512,0.75,270.0
1779634212.1364245,2.3415145874023438,0.7502417651493843,0.014906091442912913,-90.24559576861458,0.75,270.0
1779634212.1817048,2.3867948055267334,0.7493293056424546,0.014963378561458834,-90.17338734027072,0.75,270.0
1779634212.2765303,2.4816203117370605,0.7502071484828453,0.015131412592554053,-90.1214643392317,0.75,270.0
1779634212.2936726,2.498762607574463,0.7501662128202069,0.013384848800103407,-90.97010785766044,0.75,270.0
1779634212.428487,2.6335771083831787,0.7507800353263748,0.014026071902337615,-90.67902883690627,0.75,270.0
1779634212.4423048,2.647394895553589,0.7512007229686635,0.014474003614169784,-90.47486946474211,0.75,270.0
1779634212.47908,2.6841700077056885,0.7506909929619625,0.014764717398301782,-90.33285930229162,0.75,270.0
1779634212.4985068,2.703596830368042,0.7504556526932792,0.014892360275676813,-90.23114703321357,0.75,270.0
1779634212.613884,2.818974018096924,0.74955269649202,0.013212578890830402,-91.0366723214075,0.75,270.0
1779634212.6270866,2.832176685333252,0.7496334979259317,0.01566752983838613,-89.83326108969622,0.75,270.0
1779634212.64125,2.8463399410247803,0.7489812996079099,0.013589443479225005,-90.75833246042725,0.75,270.0
1779634212.7146971,2.9197871685028076,0.7495762731083281,0.014079357478586858,-90.52906638402551,0.75,270.0
1779634212.7515905,2.9566805362701416,0.7482229902198636,0.012600245538684322,-91.25449356447835,0.75,270.0
1779634212.7688665,2.97395658493042,0.7490829420745955,0.01338762069016563,-90.8769671606973,0.75,270.0
1779634212.8089514,3.0140414237976074,0.7493472775537007,0.014089133869973887,-90.6151937595451,0.75,270.0
1779634212.8481224,3.0532124042510986,0.7502013968990041,0.014519261465372947,-90.43062873575674,0.75,270.0
1779634212.991761,3.1968510150909424,0.749364057044916,0.01291923359883258,-91.18786669897425,0.75,270.0
1779634213.009293,3.214383125305176,0.74950974248411,0.013761516849161467,-90.83283899924125,0.75,270.0
1779634213.0234463,3.228536367416382,0.7499632708961271,0.01613053881351947,-89.69537591294045,0.75,270.0
1779634213.0588746,3.2639646530151367,0.7506401966969928,0.015949131396072767,-89.78711459636949,0.75,270.0
1779634213.0980687,3.303158760070801,0.7504064649520282,0.015719826175426756,-89.84839346813408,0.75,270.0
1779634213.13312,3.338210105895996,0.7509507201442003,0.015661691613881246,-89.89426898493876,0.75,270.0
1779634213.1852133,3.390303373336792,0.7505195220606844,0.015597098487851794,-89.92688341837341,0.75,270.0
1779634213.3738396,3.5789296627044678,0.7502111825966234,0.015720867251330574,-89.94716462670482,0.75,270.0
1779634213.3860784,3.5911684036254883,0.7500944387190972,0.015559596394373132,-89.96021633281718,0.75,270.0
1779634213.4383972,3.6434872150421143,0.7490715091229755,0.015502826927431709,-89.96960767134024,0.75,270.0
1779634213.527953,3.7330429553985596,0.7483328894852054,0.015462884271472296,-89.97608701986665,0.75,270.0
1779634213.5676427,3.772732734680176,0.7489296033452001,0.013614154497734857,-90.86735877876029,0.75,270.0
1779634213.5785153,3.7836053371429443,0.7499435325365692,0.014187596533865147,-90.60779355452873,0.75,270.0
1779634213.6193078,3.8243978023529053,0.7498275369322115,0.014566305875477206,-90.4269487378115,0.75,270.0
1779634213.660397,3.8654870986938477,0.7505429593780266,0.014853129407101076,-90.298804412424,0.75,270.0
1779634213.7046351,3.9097251892089844,0.7511433063411341,0.015144070377858263,-90.2069187579442,0.75,270.0
1779634213.755884,3.9609739780426025,0.7505398888863358,0.018802026824230364,-88.38932850741925,0.75,270.0
1779634213.9002118,4.105301856994629,0.7503368578144676,0.01771595460268039,-88.86953760593875,0.75,270.0
1779634213.909415,4.114505052566528,0.7506094893377739,0.01697444861458738,-89.20928527362547,0.75,270.0
1779634213.9341753,4.139265298843384,0.7505738599520559,0.014734532864846524,-90.3420856396077,0.75,270.0
1779634214.1929173,4.398007392883301,0.7499746606466053,0.016676681174304504,-89.36406871172865,0.75,270.0
1779634214.2153683,4.4204583168029785,0.7484289696084562,0.012646303044246883,-91.28823764731983,0.75,270.0
1779634214.2491555,4.454245567321777,0.749237592643148,0.013422268740042402,-90.9017813813635,0.75,270.0
1779634214.3267403,4.531830310821533,0.7494505124940698,0.014112407512013255,-90.6320927827085,0.75,270.0
1779634214.339248,4.54433798789978,0.7488207569949057,0.012700842629395073,-91.30375095745808,0.75,270.0
1779634214.4677172,4.672807216644287,0.74919790260495,0.01151630084173329,-91.7965259921203,0.75,270.0
1779634214.4821627,4.687252759933472,0.7494044144977863,0.012779535213622333,-91.25896116997497,0.75,270.0
1779634214.4996219,4.7047119140625,0.7499493476032997,0.013670934959946805,-90.88203992320422,0.75,270.0
1779634214.6607084,4.865798473358154,0.7502743689961463,0.01413651826610167,-90.61581247830374,0.75,270.0
1779634214.6743662,4.879456281661987,0.7501882437383565,0.014613518612194497,-90.43246209984754,0.75,270.0
1779634214.6882596,4.893349647521973,0.7501013282046254,0.01478656806461459,-90.30088585763542,0.75,270.0
1779634214.9046507,5.109740734100342,0.7451887620426149,0.0005958675741503851,-97.08587787430457,0.75,270.0
1779634214.916647,5.121737003326416,0.7458905696647773,0.005025778391721905,-94.96252290253113,0.75,270.0
1779634214.9257019,5.130791902542114,0.7478950805758505,0.008162865682672125,-93.47154872329389,0.75,270.0
1779634215.0892422,5.294332265853882,0.7486019010092531,0.012116740705511919,-91.53903294315062,0.75,270.0
1779634215.1063714,5.311461448669434,0.7489011629551169,0.013283744474134511,-91.0754579762086,0.75,270.0
1779634215.124412,5.329502105712891,0.7500447731855874,0.01209383945664007,-91.64640593722002,0.75,270.0
1779634215.1874547,5.392544746398926,0.7507044611074888,0.01312271140750373,-91.15272898021124,0.75,270.0
1779634215.2009578,5.406047821044922,0.7505923768860184,0.01203936874037529,-91.70266515437729,0.75,270.0
1779634215.2870634,5.4921534061431885,0.7497162169091149,0.011114266378308667,-92.07424992891563,0.75,270.0
1779634215.2979033,5.50299334526062,0.7493853164565119,0.008809856852268266,-93.21664416653466,0.75,270.0
1779634215.3402243,5.545314311981201,0.7502664801381291,0.010822742304710437,-92.25178702903864,0.75,270.0
1779634215.3802967,5.585386753082275,0.7500598360184325,0.012042763379603671,-91.57634795252707,0.75,270.0
1779634215.4681177,5.673207759857178,0.7491400431684528,0.013041635821512026,-91.10137899008174,0.75,270.0
1779634215.6113572,5.8164472579956055,0.7497560247412702,0.013697507191294577,-90.770393010461,0.75,270.0
1779634215.624075,5.829164981842041,0.7498032215756298,0.014306232995315776,-90.54060861577555,0.75,270.0
1779634215.6402242,5.845314264297485,0.7505237479064675,0.014671147109367153,-90.37839514627434,0.75,270.0
1779634215.7143302,5.91942024230957,0.7510245377644984,0.014926732155224857,-90.26489156538372,0.75,270.0
1779634215.7294712,5.934561252593994,0.7497901210008177,0.01506184782843339,-90.18380438314462,0.75,270.0
1779634215.8503761,6.055466175079346,0.7491740028192562,0.013395391395346441,-91.01061998458609,0.75,270.0
1779634215.866046,6.071135997772217,0.7493735982121936,0.014095135585141997,-90.7089178672261,0.75,270.0
1779634215.9049954,6.110085487365723,0.7493030831817677,0.01258880963017563,-91.36945209790414,0.75,270.0
1779634215.991916,6.197005987167358,0.7494818853495754,0.01336758329340543,-90.95600114703491,0.75,270.0
1779634216.0069401,6.2120301723480225,0.7494943755109241,0.013986153325828142,-90.66793964570155,0.75,270.0
1779634216.0890834,6.2941734790802,0.7488188272676313,0.014317166419248588,-90.46797914631145,0.75,270.0
1779634216.1009185,6.306008577346802,0.7491048006331108,0.011599030539982685,-92.06277088106053,0.75,270.0
1779634216.1846874,6.389777421951294,0.7500878247183856,0.012779465836852763,-91.44637731983366,0.75,270.0
1779634216.1960123,6.401102304458618,0.7501268835687654,0.013666150717522963,-91.01574883892056,0.75,270.0
1779634216.2383442,6.443434238433838,0.7500935526914695,0.014286208668718582,-90.71340222855491,0.75,270.0
1779634216.3269308,6.532020807266235,0.7491488944040832,0.014616672081529895,-90.49926775427771,0.75,270.0
1779634216.3432062,6.548296213150024,0.7433638016083577,0.01343669627889408,-91.14176057449528,0.75,270.0
1779634216.4680915,6.673181533813477,0.7461170871447178,0.013993734613159985,-90.81132333252478,0.75,270.0
1779634216.4843974,6.689487457275391,0.7472271998543102,0.01442580097028361,-90.56783294677322,0.75,270.0
1779634216.4974082,6.702498197555542,0.7487610604182018,0.014758463362549306,-90.39932341959701,0.75,270.0
1779634216.561623,6.7667131423950195,0.7482903822008258,0.0150256934445643,-90.27654478161689,0.75,270.0
1779634216.5771906,6.782280683517456,0.7494839978371821,0.015176903755711213,-90.19456353758845,0.75,270.0
1779634216.6174529,6.822542905807495,0.7499066693681469,0.016954102446232827,-89.24805235292999,0.75,270.0
1779634216.6613786,6.866468667984009,0.7498936529875359,0.016422019001907696,-89.4704840351956,0.75,270.0
1779634216.7042522,6.909342288970947,0.7492672143767664,0.014346702175245502,-90.51110846291749,0.75,270.0
1779634216.801892,7.006982088088989,0.7494361730152286,0.014597058182644018,-90.35466338432063,0.75,270.0
1779634216.8189,7.023990154266357,0.7496382061770492,0.013008433084523862,-91.13184838247759,0.75,270.0
1779634216.898084,7.1031739711761475,0.7497601181351017,0.011897566412217089,-91.67725765845675,0.75,270.0
1779634216.913974,7.119064092636108,0.7499301465109873,0.011018702356983736,-92.06545961367182,0.75,270.0
1779634216.9527268,7.1578168869018555,0.750634138426748,0.01237122359112204,-91.44674921140225,0.75,270.0
1779634217.1357388,7.340828895568848,0.75111236991976,0.013317527481990646,-91.01319635505891,0.75,270.0
1779634217.1654198,7.37050986289978,0.7515488338939748,0.014067953226211924,-90.70644002109525,0.75,270.0
1779634217.328236,7.533326148986816,0.7509432267566098,0.014482243712362815,-90.49582116326651,0.75,270.0
1779634217.3446846,7.549774646759033,0.7505181104676352,0.014604825829992769,-90.34716579491517,0.75,270.0
1779634217.3575954,7.562685489654541,0.7503284290768273,0.014779624478922828,-90.24078074559661,0.75,270.0
1779634217.4027407,7.607830762863159,0.7502564693792103,0.012972357161012764,-91.05281285485147,0.75,270.0
1779634217.5165796,7.721669673919678,0.7508422751171162,0.013737906737939764,-90.73718096196497,0.75,270.0
1779634217.5316696,7.736759662628174,0.7505590040935579,0.01433391743141333,-90.51707320291447,0.75,270.0
1779634217.5680487,7.773138761520386,0.7502524552639165,0.014830916230014703,-90.36204155683262,0.75,270.0
1779634217.6134658,7.81855583190918,0.749507640026586,0.01306694633570683,-91.13988973757232,0.75,270.0
1779634217.6604462,7.865536212921143,0.7503248009212303,0.013803733051005459,-90.79802810030927,0.75,270.0
1779634217.7082303,7.913320302963257,0.7494239516761282,0.012411587747529828,-91.45057851969939,0.75,270.0
1779634217.753705,7.958795070648193,0.7495770353558062,0.020434721700370136,-87.49137035519301,0.75,270.0
1779634217.8003132,8.005403280258179,0.7484213620164671,0.020709777060613947,-87.24347280788047,0.75,270.0
1779634217.8513021,8.056392192840576,0.7491941690139112,0.0190593589480859,-88.06557569049852,0.75,270.0
1779634217.895002,8.100091934204102,0.7467929477111959,0.007155118549496088,-93.79134376419809,0.75,270.0
1779634217.9422355,8.14732551574707,0.7478293144505004,0.00972555019901915,-92.65670532904743,0.75,270.0
1779634218.0396042,8.244694232940674,0.7491632016225148,0.011464179902076183,-91.85974571025912,0.75,270.0
1779634218.0684512,8.27354121208191,0.7494091748496114,0.012743487109889217,-91.30360344183323,0.75,270.0
1779634218.2313595,8.436449527740479,0.750250954708827,0.013576968045369958,-90.9124207985148,0.75,270.0
1779634218.243606,8.44869613647461,0.7501471895384795,0.014222414773141881,-90.6402753048857,0.75,270.0
1779634218.2606797,8.46576976776123,0.7507662540427122,0.014612233373699176,-90.44806577818359,0.75,270.0
1779634218.2940586,8.499148607254028,0.750388938672572,0.014861547758190962,-90.31413682308518,0.75,270.0
1779634218.379291,8.584381103515625,0.7502392275792862,0.014960683756432601,-90.21828328564433,0.75,270.0
1779634218.3919706,8.597060680389404,0.7500233127706386,0.014937757894686337,-90.15203429926856,0.75,270.0
1779634218.4070477,8.612137794494629,0.750674446840455,0.01511373580458089,-90.10660553498091,0.75,270.0
1779634218.5172677,8.722357749938965,0.7511283780912865,0.015236794968351187,-90.0747446660859,0.75,270.0
1779634218.5299575,8.735047578811646,0.7499561351197184,0.011622813475978254,-91.80451422429002,0.75,270.0
1779634218.545627,8.750717163085938,0.7491659135372091,0.012665341386896746,-91.26486607426371,0.75,270.0
1779634218.5839033,8.78899335861206,0.7500820979208085,0.013522175322350068,-90.88527938290433,0.75,270.0
1779634218.7590775,8.964167594909668,0.7492654461342169,0.0122521433942482,-91.49502926721775,0.75,270.0
1779634218.7771044,8.982194423675537,0.7492253757885531,0.01327681994677352,-91.01199454597781,0.75,270.0
1779634218.7951992,9.00028920173645,0.7494825758722274,0.013851684268070975,-90.70722750896448,0.75,270.0
1779634218.8669157,9.07200574874878,0.7487424497716688,0.014307776553206343,-90.49285235756449,0.75,270.0
1779634218.909836,9.114926099777222,0.7490721802679876,0.014570682295892782,-90.34228132200319,0.75,270.0
1779634218.950919,9.156008958816528,0.7497031418712262,0.016603492095068187,-89.35444600410145,0.75,270.0
1779634219.040358,9.245448112487793,0.7498554931477005,0.014250300824825705,-90.43279954413289,0.75,270.0
1779634219.0548651,9.259955167770386,0.7498529112163532,0.014692626845288477,-90.30400883901373,0.75,270.0
1779634219.2856932,9.490783214569092,0.750255290380334,0.014854374198747742,-90.21243390271857,0.75,270.0
1779634219.2926369,9.497726917266846,0.7501907970228914,0.013354935766041461,-91.03285341054331,0.75,270.0
1779634219.315481,9.520570993423462,0.7499866712943581,0.01398099562402057,-90.72329499825423,0.75,270.0
1779634219.429161,9.634251117706299,0.7484560313576956,0.012604358961319593,-91.35948667308863,0.75,270.0
1779634219.4390552,9.644145250320435,0.7495960310122336,0.013479140994367764,-90.9514897076949,0.75,270.0
1779634219.5182247,9.723314762115479,0.7495807430740179,0.014232165413083147,-90.6659874729682,0.75,270.0
1779634219.527347,9.732437133789062,0.7481293555964112,0.012707156486346297,-91.34922859339888,0.75,270.0
1779634219.5446517,9.749741792678833,0.7493756068560391,0.013551898748168012,-90.94477559155737,0.75,270.0
1779634219.5765944,9.781684398651123,0.748597650791963,0.014098397144723811,-90.65910160541613,0.75,270.0
1779634219.6613982,9.866488218307495,0.7491182091002792,0.012558869138532724,-91.35234698016747,0.75,270.0
1779634219.6748075,9.879897594451904,0.749335302686268,0.01334563807949331,-90.9436286525866,0.75,270.0
1779634219.8032594,10.008349418640137,0.7500813904531978,0.012077599320603129,-91.54281316387937,0.75,270.0
1779634219.8150027,10.020092725753784,0.7491157761940104,0.013065485303784756,-91.07738042254425,0.75,270.0
1779634219.831301,10.036391019821167,0.7502058249507354,0.011941291819493124,-91.64793078238877,0.75,270.0
1779634219.8672667,10.072356700897217,0.750822565182301,0.01301614827454723,-91.15397739820966,0.75,270.0
1779634220.1400237,10.345113754272461,0.7504358386888917,0.013745090063903892,-90.8087226835475,0.75,270.0
1779634220.15568,10.360769987106323,0.750965329506696,0.014278387615313776,-90.56609476175292,0.75,270.0
1779634220.1681015,10.373191595077515,0.7497495600463138,0.01453519390653343,-90.42560159183583,0.75,270.0
1779634220.2785318,10.483621835708618,0.7488405882705096,0.014785423210123891,-90.29513644789013,0.75,270.0
1779634220.3107164,10.515806436538696,0.7499363376240145,0.015094633329570763,-90.20343977844061,0.75,270.0
1779634220.424906,10.629996061325073,0.7489463678706341,0.013457108190013098,-91.00599129979018,0.75,270.0
1779634220.43848,10.643569946289062,0.7500242466010669,0.014165928338476939,-90.70149689166557,0.75,270.0
1779634220.5243206,10.729410648345947,0.7500343939969394,0.012705991601793898,-91.37432683488682,0.75,270.0
1779634220.6224813,10.827571392059326,0.750493460039865,0.011789744423914875,-91.84588073926632,0.75,270.0
1779634220.6275792,10.832669258117676,0.7502073139156947,0.012884646822388324,-91.29217450325768,0.75,270.0
1779634220.6535034,10.858593463897705,0.7492509958793259,0.013630796305719117,-90.90239737935481,0.75,270.0
1779634220.7074978,10.912587881088257,0.7494311832889501,0.014259611077899222,-90.63300272971881,0.75,270.0
1779634220.725743,10.930833101272583,0.7496307349839615,0.012607842196755707,-91.32713956322499,0.75,270.0
1779634220.9988024,11.203892469406128,0.7504118802390186,0.013482539558298302,-90.92920604530968,0.75,270.0
1779634221.0098593,11.214949369430542,0.7501486782397164,0.013905045964532797,-90.6505707290684,0.75,270.0
1779634221.0253313,11.230421304702759,0.7504175298238659,0.014300622699996232,-90.45387246202871,0.75,270.0
1779634221.0679832,11.273073196411133,0.7497830792582033,0.014547808292504313,-90.3187079380841,0.75,270.0
1779634221.1354916,11.34058165550232,0.7501087006935097,0.014917241147557967,-90.2169317566197,0.75,270.0
1779634221.1484425,11.353532552719116,0.7501098807910009,0.015161667142136518,-90.15400428180439,0.75,270.0
1779634221.3749866,11.580076694488525,0.7500648832243155,0.015172079734974695,-90.10681110162984,0.75,270.0
1779634221.388754,11.593843936920166,0.7500128208209494,0.015338644183614211,-90.0761939418875,0.75,270.0
1779634221.4382777,11.643367767333984,0.7499656827841121,0.015455560526883452,-90.05490745608273,0.75,270.0
1779634221.5241132,11.729203224182129,0.7498421997499912,0.015285589569994762,-90.03825554413564,0.75,270.0
1779634221.5722055,11.777295589447021,0.7498459185386246,0.01525610294734773,-90.02452555832276,0.75,270.0
1779634221.5817215,11.786811590194702,0.7505595067034974,0.015336497713146342,-90.0173108499114,0.75,270.0
1779634221.70727,11.912359952926636,0.7503497941292522,0.01545351988265256,-90.01344612325222,0.75,270.0
1779634221.7591026,11.964192628860474,0.7501970262168238,0.015535864301966656,-90.01093745674638,0.75,270.0
1779634221.8042405,12.00933051109314,0.7491551203109744,0.015487873563362096,-90.00586206391968,0.75,270.0
1779634221.8506923,12.055782318115234,0.748557269123369,0.013589744675089523,-90.89486846726629,0.75,270.0
1779634221.899409,12.104499101638794,0.7483810069230051,0.015933901251986564,-89.75722324514783,0.75,270.0
1779634221.944027,12.14911699295044,0.7482059951294182,0.017111731031376764,-88.93060122025796,0.75,270.0
1779634222.0390675,12.244157552719116,0.7480262341267399,0.016579751568808313,-89.24316673486375,0.75,270.0
1779634222.0538,12.258890151977539,0.7487888436709648,0.01445477415391767,-90.36436144206276,0.75,270.0
1779634222.0934875,12.298577547073364,0.7491204963854216,0.014834272299124991,-90.25543828608858,0.75,270.0
1779634222.2823868,12.487476825714111,0.7497163348946292,0.014953316649212775,-90.17827335186954,0.75,270.0
1779634222.2954514,12.50054144859314,0.7496541479151471,0.015264522330371833,-90.12485628972016,0.75,270.0
1779634222.3150141,12.520104169845581,0.7497374953258547,0.01524184678637007,-90.08537703905655,0.75,270.0
1779634222.4242218,12.629311800003052,0.7500779947073705,0.017168094865859337,-89.17360226751886,0.75,270.0
1779634222.4391332,12.6442232131958,0.7500920700550326,0.014809417430705888,-90.30613160243483,0.75,270.0
1779634222.476319,12.681409120559692,0.7507201249396209,0.0150234383300312,-90.21426095329453,0.75,270.0
1779634222.4939175,12.699007511138916,0.7504774967677443,0.015073872817593039,-90.14831677130866,0.75,270.0
1779634222.5626044,12.767694473266602,0.7509937662645011,0.015208776704132414,-90.1038952136851,0.75,270.0
1779634222.577997,12.783087015151978,0.7506612589528,0.015364008023226426,-90.07400364608884,0.75,270.0
1779634222.6168969,12.82198691368103,0.7504187174773005,0.015473156095554592,-90.05330131351008,0.75,270.0
1779634222.6590614,12.86415147781372,0.7502494431771282,0.017248535467941285,-89.14391683263608,0.75,270.0
1779634222.850838,13.055927991867065,0.7493597365803676,0.016602879686783506,-89.40212401538778,0.75,270.0
1779634222.864176,13.069266080856323,0.7495111541320334,0.016178324506825825,-89.57931803842085,0.75,270.0
1779634222.881255,13.086344957351685,0.750324769810582,0.015982076958850948,-89.70562749952703,0.75,270.0
1779634222.9134927,13.118582725524902,0.7492760989864163,0.0157995743550742,-89.79187433448044,0.75,270.0
1779634222.9575655,13.162655591964722,0.7428721095028591,0.0019598180101398476,-96.46199231894836,0.75,270.0
1779634222.9943197,13.19940972328186,0.7435709985796364,0.004208184232229536,-95.39393207295619,0.75,270.0
1779634223.136701,13.341791152954102,0.7468630574274696,0.007519781094681139,-93.77476247077212,0.75,270.0
1779634223.1516237,13.356713771820068,0.7478123295299853,0.00998141008521291,-92.64421554990736,0.75,270.0
1779634223.2019038,13.406993865966797,0.7484442215096174,0.011542179937036887,-91.84844023106527,0.75,270.0
1779634223.29149,13.496580123901367,0.7496024226709954,0.012735107499661521,-91.29380022898488,0.75,270.0
1779634223.4275079,13.632597923278809,0.7498094261036381,0.011768938314813689,-91.8015959230049,0.75,270.0
1779634223.4408197,13.645909786224365,0.7499535139533603,0.01092965377559955,-92.15268990840174,0.75,270.0
1779634223.5249388,13.730028867721558,0.7506624846505967,0.012307476959688979,-91.50740141138218,0.75,270.0
1779634223.5353794,13.740469455718994,0.7496301611024332,0.011363803603765984,-91.94642924168141,0.75,270.0
1779634223.5820167,13.78710675239563,0.7498148064845158,0.010809271041211675,-92.25818200216709,0.75,270.0
1779634223.802609,14.007699012756348,0.7505799263826183,0.012222945455937478,-91.58143393011768,0.75,270.0
1779634223.816053,14.021142959594727,0.7495279216019022,0.009679582243015997,-92.85925998522158,0.75,270.0
1779634223.8344138,14.039503812789917,0.750038337784626,0.01150050744671013,-92.00268926072613,0.75,270.0
1779634223.8973167,14.102406740188599,0.7493500692330128,0.01090459041317243,-92.28508471301076,0.75,270.0
1779634223.9106095,14.115699529647827,0.7502240677008156,0.012290118439994759,-91.59984398469243,0.75,270.0
1779634223.9520793,14.157169342041016,0.7508233515002839,0.013260147685531484,-91.12005714992048,0.75,270.0
1779634223.9905787,14.195668697357178,0.7513542059430692,0.014028557694918568,-90.78162848062105,0.75,270.0
1779634224.0381672,14.243257284164429,0.7512779674971287,0.014388745964742393,-90.54647356514765,0.75,270.0
1779634224.0869858,14.292075872421265,0.751550250643852,0.014729172442330867,-90.3825941378556,0.75,270.0
1779634224.1390254,14.344115495681763,0.7510679725685508,0.015027874340675179,-90.26892488407583,0.75,270.0
1779634224.1812322,14.386322259902954,0.7514053957454814,0.015176463397990793,-90.18826952606238,0.75,270.0
1779634224.3743477,14.579437732696533,0.7502119844098775,0.013372752190258986,-91.02421438601836,0.75,270.0
1779634224.387112,14.592201948165894,0.7501013727764014,0.014079299283137706,-90.71842981934046,0.75,270.0
1779634224.4061203,14.611210346221924,0.7500206057579624,0.014574116102203627,-90.50449877031335,0.75,270.0
1779634224.4387524,14.643842458724976,0.7499624329341118,0.01492059596390252,-90.35480589208754,0.75,270.0
1779634224.5268168,14.73190689086914,0.7469328306603976,0.014637656304383512,-90.29140746406912,0.75,270.0
1779634224.6575108,14.862600803375244,0.7483255556008281,0.016731733679963154,-89.3117349552499,0.75,270.0
1779634224.6743622,14.879452228546143,0.7493428422069317,0.016435502185055944,-89.5164026088128,0.75,270.0
1779634224.693026,14.898116111755371,0.7499226643652416,0.016072801873535988,-89.6599552071841,0.75,270.0
1779634224.76413,14.969220161437988,0.74990800252473,0.015807773677749663,-89.76001636366027,0.75,270.0
1779634224.8117712,15.016861200332642,0.7505998434688523,0.015722520161713025,-89.83206309598671,0.75,270.0
1779634224.909725,15.11481499671936,0.7510791517782521,0.015662828712399417,-89.88250319818802,0.75,270.0
1779634225.0394793,15.244569301605225,0.7514122269707709,0.015621040084683875,-89.9178138877838,0.75,270.0
1779634225.0497,15.25479006767273,0.7509587859996479,0.015652503439098055,-89.94371079783322,0.75,270.0
1779634225.0659962,15.2710862159729,0.7513319981734563,0.015613652586717515,-89.96058515685904,0.75,270.0
1779634225.33415,15.53924012184143,0.7510642968816521,0.01362137603446069,-90.86483319967319,0.75,270.0
1779634225.345411,15.550501108169556,0.7507029877670439,0.014252764921046799,-90.60659349165239,0.75,270.0
1779634225.3607476,15.565837621688843,0.750356929869973,0.014611440485108238,-90.4258747210593,0.75,270.0
1779634225.3927653,15.59785532951355,0.7487866545816626,0.01290910686065947,-91.17541857304674,0.75,270.0
1779634225.4122565,15.61734652519226,0.7495253326564475,0.01540198454779403,-89.95307159689553,0.75,270.0
1779634225.443015,15.648105144500732,0.748910185844549,0.013570716708433976,-90.84375764238379,0.75,270.0
1779634225.480034,15.685124158859253,0.748822500825463,0.01586179015442144,-89.71514887624564,0.75,270.0
1779634225.5212836,15.726373672485352,0.7491251527547892,0.015657899020064554,-89.79766147919374,0.75,270.0
1779634225.5642617,15.769351720809937,0.7499243355411592,0.01385555626386066,-90.74188789665456,0.75,270.0
1779634225.6143398,15.819429874420166,0.7498037004223386,0.01416659734874432,-90.51961815578245,0.75,270.0
1779634225.7037659,15.90885591506958,0.7505147794198056,0.01457319055161886,-90.36364200032156,0.75,270.0
1779634225.7302916,15.935381650924683,0.7510158034225981,0.014858529880297176,-90.25472407508508,0.75,270.0
1779634225.8001912,16.00528120994568,0.7515245666624953,0.013196586727235317,-91.07209100989216,0.75,270.0
1779634225.8141406,16.019230604171753,0.7510495937254943,0.013953854525698499,-90.75104370719033,0.75,270.0
1779634226.043135,16.24822497367859,0.7512866376617131,0.014425379521245412,-90.52489130129754,0.75,270.0
1779634226.0536857,16.25877571105957,0.7509140704447962,0.01481460673215869,-90.36834980921167,0.75,270.0
1779634226.0697396,16.274829626083374,0.75129493014036,0.015027266845514255,-90.2579019129159,0.75,270.0
1779634226.1353443,16.340434312820435,0.7501916784888739,0.011424930464951664,-91.92335518638521,0.75,270.0
1779634226.1476514,16.352741479873657,0.7500051759158987,0.012793631822841454,-91.3461376227989,0.75,270.0
1779634226.1899786,16.395068645477295,0.7496592355417346,0.01164554127200357,-91.82808243605308,0.75,270.0
1779634226.341979,16.54706907272339,0.7491074260872675,0.0108431131171899,-92.16482931670144,0.75,270.0
1779634226.4696286,16.674718618392944,0.7493618776555411,0.010381651899669955,-92.39916254793583,0.75,270.0
1779634226.4849973,16.69008731842041,0.7498798465012875,0.011994654971103337,-91.68108163192234,0.75,270.0
1779634226.4997284,16.70481848716736,0.7497812782813311,0.012863070276311112,-91.17673244101144,0.75,270.0
1779634226.5628536,16.767943620681763,0.748972611947111,0.013615216206182706,-90.82147119330116,0.75,270.0
1779634226.6132925,16.818382501602173,0.7492884127510538,0.012487734003611804,-91.45923093422833,0.75,270.0
1779634226.6284626,16.833552598953247,0.7493628680988731,0.013374881025057538,-91.02227057281337,0.75,270.0
1779634226.666157,16.871247053146362,0.7502147088750307,0.014019303270905366,-90.71561236105622,0.75,270.0
1779634226.8030953,17.008185386657715,0.7501230791570169,0.014531533048097789,-90.50227789581507,0.75,270.0
1779634226.8506124,17.055702447891235,0.7500442520827968,0.014728334007356939,-90.34935024848276,0.75,270.0
1779634226.895404,17.100494146347046,0.7499837304485975,0.01502803700572639,-90.24595997224394,0.75,270.0
1779634226.9426281,17.14771819114685,0.750350945602903,0.015245671646803707,-90.17281797523545,0.75,270.0
1779634227.0870893,17.292179346084595,0.7502147911542214,0.015389571335735933,-90.12212902342866,0.75,270.0
1779634227.0993564,17.30444645881653,0.7501053755647864,0.015290285829755198,-90.09823343702531,0.75,270.0
1779634227.1873147,17.392404794692993,0.7496468606412898,0.017227892160914183,-89.19685390080713,0.75,270.0
1779634227.2026465,17.4077365398407,0.7497045684435641,0.016777534078011674,-89.43917826450662,0.75,270.0
1779634227.2415664,17.446656465530396,0.7496698126289358,0.01654215486639707,-89.60768262169385,0.75,270.0
1779634227.2817502,17.48684024810791,0.7498909690381809,0.014432778233886438,-90.62113095211923,0.75,270.0
1779634227.3714478,17.57653784751892,0.7489441654309716,0.014714793503183346,-90.43246390722246,0.75,270.0
1779634227.419349,17.624439001083374,0.7492070843390133,0.014854707789221488,-90.29964477144041,0.75,270.0
1779634227.4680552,17.673145294189453,0.7493906123288367,0.014952733509316926,-90.20670372294728,0.75,270.0
1779634227.5165608,17.72165083885193,0.7495200951278339,0.01518583225237343,-90.146458490322,0.75,270.0
1779634227.7093816,17.91447162628174,0.7496106162177048,0.015348946984033269,-90.10426056030583,0.75,270.0
1779634227.7212787,17.926368713378906,0.7504185679164181,0.01540135478801448,-90.07309584103879,0.75,270.0
1779634227.7396846,17.944774627685547,0.7509654417163705,0.015438028450943758,-90.0512523389912,0.75,270.0
1779634227.8072639,18.012353897094727,0.7513390905542295,0.015463690575509038,-90.03594973834373,0.75,270.0
1779634227.8157175,18.02080750465393,0.7510570126252801,0.01367793403277686,-90.92105799082266,0.75,270.0
1779634227.8557801,18.06087017059326,0.7510850171838617,0.014141816089375838,-90.64351166681828,0.75,270.0
1779634227.9923701,18.197460174560547,0.7507371952021104,0.014617577380363102,-90.45195268793523,0.75,270.0
1779634228.0047796,18.209869623184204,0.751175842118696,0.0148890198690119,-90.31629329590517,0.75,270.0
1779634228.0219193,18.227009296417236,0.7507884263088058,0.014979071561482928,-90.21940467037285,0.75,270.0
1779634228.056321,18.26141095161438,0.7495928669821394,0.015097309217518548,-90.15139420689819,0.75,270.0
1779634228.09734,18.302430152893066,0.7505607494025784,0.01336318161915875,-90.99946387641903,0.75,270.0
1779634228.1351564,18.340246438980103,0.7510658359773071,0.014011547573151411,-90.69996082429482,0.75,270.0
1779634228.2424262,18.447516202926636,0.7514097915869581,0.01446529726514461,-90.49015963245043,0.75,270.0
1779634228.2579079,18.462997913360596,0.7508396526437293,0.014759034515369482,-90.34376151626944,0.75,270.0
1779634228.3277235,18.532813549041748,0.7496580424747554,0.014945428102751849,-90.23945473918867,0.75,270.0
1779634228.3412197,18.54630970954895,0.7497094912685699,0.0151803768620439,-90.16921343031213,0.75,270.0
1779634228.377141,18.582231044769287,0.7489611754798836,0.013375340740993056,-91.00994026827586,0.75,270.0
1779634228.5194464,18.724536418914795,0.7501203277369921,0.012157238836473409,-91.60041067021245,0.75,270.0
1779634228.5345454,18.739635467529297,0.7504686910861686,0.013078194008411636,-91.12008818347407,0.75,270.0
1779634228.6611736,18.86626362800598,0.7506474096158448,0.013721062721417238,-90.78229032810498,0.75,270.0
1779634228.676499,18.88158893585205,0.7439890672732199,0.013386593875081511,-90.63530874947722,0.75,270.0
1779634228.6915646,18.89665460586548,0.7464861432678671,0.01407869754323085,-90.4388321438905,0.75,270.0
1779634228.7225146,18.92760467529297,0.7482701416423756,0.014508269002528806,-90.30576177950535,0.75,270.0
1779634228.8512254,19.056315422058105,0.747783064959297,0.014769259622132968,-90.21249137673931,0.75,270.0
1779634228.8663714,19.07146143913269,0.7485605827087829,0.01302725161061918,-91.03897033036941,0.75,270.0
1779634228.90015,19.10524010658264,0.7497030611333766,0.013776070635315796,-90.72782309850649,0.75,270.0
1779634228.9171376,19.122227668762207,0.7493775387714873,0.016168069844615784,-89.63778062235399,0.75,270.0
1779634228.9562173,19.161307334899902,0.7495103673665625,0.01587235445910542,-89.74352406029784,0.75,270.0
1779634229.0397534,19.24484348297119,0.7497062064209996,0.013905524169656116,-90.70635829197185,0.75,270.0
1779634229.0521636,19.257253646850586,0.7504657864541227,0.014390817361035957,-90.49456700528215,0.75,270.0
1779634229.3434064,19.54849648475647,0.7493698409955918,0.01468596628729396,-90.34418107966384,0.75,270.0
1779634229.3579588,19.563048839569092,0.7503995680823684,0.013075075260219046,-91.13436913455187,0.75,270.0
1779634229.4265945,19.63168454170227,0.7510912797248654,0.011947961910793569,-91.68771940483487,0.75,270.0
1779634229.4369502,19.642040252685547,0.7514368358720961,0.013020649218647115,-91.18167019596397,0.75,270.0
1779634229.4560719,19.66116189956665,0.7500702358190212,0.013726106195613371,-90.82484374551153,0.75,270.0
1779634229.4950178,19.70010781288147,0.7507296746330087,0.014265673082841669,-90.57779474733415,0.75,270.0
1779634229.5647225,19.76981258392334,0.7508560807062489,0.01455421815440834,-90.40356294665602,0.75,270.0
1779634229.577849,19.782938957214355,0.7496857740123948,0.014801363694356938,-90.28102927901263,0.75,270.0
1779634229.6209347,19.826024770736694,0.7497308036733628,0.015079336528494976,-90.19822189434868,0.75,270.0
1779634229.6582475,19.863337516784668,0.7493828714460437,0.01526339463103279,-90.13742781968725,0.75,270.0
1779634229.7992263,20.004316329956055,0.7495325067307899,0.01520377192938535,-90.1097776099816,0.75,270.0
1779634229.812327,20.017416954040527,0.7487146379043585,0.01525329559271683,-90.07407051087459,0.75,270.0
1779634229.8284628,20.033552885055542,0.7481009391130763,0.015288005323625238,-90.04909096824761,0.75,270.0
1779634229.9058785,20.110968589782715,0.749379078462064,0.01535999737595073,-90.03506457479263,0.75,270.0
1779634229.9486098,20.15369987487793,0.749440073397179,0.015387889080956847,-90.0263606752506,0.75,270.0
1779634229.960189,20.165279150009155,0.7495599378001918,0.015490055589133729,-90.02003776666025,0.75,270.0
1779634229.9986455,20.20373558998108,0.7503649220102058,0.015499540835767378,-90.01383790934193,0.75,270.0
1779634230.042315,20.24740505218506,0.7509189823008944,0.015506464495537156,-90.00962611311084,0.75,270.0
1779634230.087757,20.292847156524658,0.7514665846528326,0.01364954383913148,-90.90025940895606,0.75,270.0
1779634230.135905,20.34099507331848,0.7518296705721463,0.01235019561639491,-91.52383810424712,0.75,270.0
1779634230.3280835,20.53317356109619,0.7512592660141257,0.01320116613188952,-91.06440394944413,0.75,270.0
1779634230.3424354,20.54752540588379,0.7501942101282864,0.01212662019245015,-91.61616620462954,0.75,270.0
1779634230.3602648,20.565354824066162,0.7508133419303158,0.013145064469535577,-91.13135126835544,0.75,270.0
1779634230.3999557,20.605045795440674,0.7512350472346354,0.013858349324245768,-90.79198174407853,0.75,270.0
1779634230.4166083,20.6216983795166,0.7519910114157341,0.014458504782792038,-90.55263994715884,0.75,270.0
1779634230.4762273,20.68131732940674,0.7505083876569199,0.014735580758954031,-90.38603174419603,0.75,270.0
1779634230.4866395,20.69172954559326,0.7503108740047941,0.015033277167984414,-90.27171188293,0.75,270.0
1779634230.5300963,20.735186338424683,0.7461734539233329,0.02914933628224673,-83.3045285799674,0.75,270.0
1779634230.5678275,20.77291750907898,0.7466567010774632,0.024946943698707987,-85.31518349254283,0.75,270.0
1779634230.6125972,20.817687273025513,0.747694293627063,0.022145570779481434,-86.73654562304348,0.75,270.0
1779634230.7135806,20.918670654296875,0.7491204171306556,0.020165662997449683,-87.7169836640841,0.75,270.0
1779634230.7224834,20.927573442459106,0.7495673865176004,0.016969541393305976,-89.29737600299596,0.75,270.0
1779634230.76493,20.970020055770874,0.7496468401301756,0.016596874333341408,-89.50961827674512,0.75,270.0
1779634230.8075407,21.012630701065063,0.7479674393051723,0.017568103857992127,-88.74967868919454,0.75,270.0
1779634230.8477573,21.052847385406494,0.7479660555343395,0.016903922766549985,-89.11756969564368,0.75,270.0
1779634230.904438,21.109528064727783,0.7486216951230144,0.014621914058610403,-90.26566832262546,0.75,270.0
1779634231.00891,21.21399998664856,0.749693187522308,0.014892081131116479,-90.18589396707173,0.75,270.0
1779634231.0520537,21.25714373588562,0.7497823021714183,0.014980943291683143,-90.12803364654154,0.75,270.0
1779634231.0881991,21.293289184570312,0.7501514295562185,0.015054771495585801,-90.08847744211414,0.75,270.0
1779634231.3329108,21.53800082206726,0.7507618517638364,0.015195370486930985,-90.06198587446573,0.75,270.0
1779634231.3416364,21.54672646522522,0.7505252500489838,0.015354024064597177,-90.04440176592469,0.75,270.0
1779634231.3604734,21.565563440322876,0.7508391670883591,0.013640378591898544,-90.91327672497005,0.75,270.0
1779634231.5832667,21.78835678100586,0.7508673408040647,0.015881917772450387,-89.75197889019942,0.75,270.0
1779634231.596334,21.801424026489258,0.751262362663857,0.01577440193273169,-89.82644770790091,0.75,270.0
1779634231.663309,21.868399143218994,0.7507365956529962,0.015509323308677074,-89.87857629636764,0.75,270.0
1779634231.705316,21.9104061126709,0.7492343400800539,0.01731410933845427,-89.02547037911953,0.75,270.0
1779634231.7175398,21.922629833221436,0.7496118198655081,0.014810770440021992,-90.20970648957629,0.75,270.0
1779634231.804636,22.00972604751587,0.7496771388549213,0.014922487894455777,-90.14396272444691,0.75,270.0
1779634231.818871,22.023961067199707,0.7490950326569467,0.013297450873798246,-90.98252554238087,0.75,270.0
1779634231.8583655,22.06345558166504,0.749316505669314,0.013862786973617394,-90.68475635977292,0.75,270.0
1779634231.9026453,22.10773539543152,0.7494690761371576,0.014258502512336582,-90.47631479367794,0.75,270.0
1779634231.9922507,22.197340726852417,0.749574669802719,0.01453548915440232,-90.33040455527639,0.75,270.0
1779634232.0096257,22.214715719223022,0.7496479946184584,0.014729371262347008,-90.2282669644834,0.75,270.0
1779634232.0858645,22.29095458984375,0.7497002966818144,0.015029237743504889,-90.16143743108009,0.75,270.0
1779634232.1333952,22.33848524093628,0.7504781316705824,0.015178651604905743,-90.1136357235218,0.75,270.0
1779634232.3807523,22.58584237098694,0.7518204886152763,0.01547467826051327,-90.07988210404386,0.75,270.0
1779634232.3907385,22.595828533172607,0.750314992699409,0.015443726710646498,-90.05351189660752,0.75,270.0
1779634232.4055653,22.610655307769775,0.7493776480078215,0.015340118112580401,-90.03912144310125,0.75,270.0
1779634232.4702222,22.675312280654907,0.7496685676049659,0.013592037325135746,-90.9230960475317,0.75,270.0
1779634232.4850576,22.690147638320923,0.7487686996681592,0.014126395541160486,-90.64380453026762,0.75,270.0
1779634232.523759,22.728848934173584,0.7482995241976029,0.014418485941421505,-90.45262757927834,0.75,270.0
1779634232.7075133,22.9126033782959,0.7492361694795902,0.014661368324834568,-90.31623963518209,0.75,270.0
1779634232.721128,22.926218032836914,0.7501300509077768,0.014919559366071668,-90.2212504608894,0.75,270.0
1779634232.739511,22.94460105895996,0.7500503516178104,0.01500005696059356,-90.15269343901846,0.75,270.0
1779634232.7729967,22.978086709976196,0.7507008302377205,0.015157255731575886,-90.10703632132204,0.75,270.0
1779634232.8146799,23.01976990699768,0.7504500961419941,0.015327996197534891,-90.07622440105887,0.75,270.0
1779634232.8570082,23.062098264694214,0.7502679114873454,0.01544797286607534,-90.0548669877885,0.75,270.0
1779634232.8982377,23.103327751159668,0.7485838290567468,0.013557610517927497,-90.92075791939482,0.75,270.0
1779634232.9488387,23.153928756713867,0.748957501102806,0.01404462096540423,-90.64144872558371,0.75,270.0
1779634233.0404863,23.24557638168335,0.7492184421876569,0.014550146318976711,-90.45078978381075,0.75,270.0
1779634233.0534792,23.25856924057007,0.7486832804192544,0.016722866883823788,-89.43240943515825,0.75,270.0
1779634233.186009,23.391098976135254,0.7490362353940144,0.01626172278706489,-89.60024661268189,0.75,270.0
1779634233.196744,23.40183401107788,0.7499931373212808,0.01604082801344013,-89.72044748955975,0.75,270.0
1779634233.2109268,23.416016817092896,0.75032493706722,0.01595635312171653,-89.80556967846533,0.75,270.0
1779634233.3609416,23.56603169441223,0.7503739495545767,0.014021652925696543,-90.75951549698637,0.75,270.0
1779634233.3664465,23.571536540985107,0.7509216927267294,0.014472326272656162,-90.53180461211619,0.75,270.0
1779634233.3854792,23.590569257736206,0.7514542741668168,0.012926130870252014,-91.26596178362766,0.75,270.0
1779634233.4404242,23.645514249801636,0.7501038431974697,0.013659764834012853,-90.8838873608158,0.75,270.0
1779634233.4794195,23.68450951576233,0.7500962069319627,0.012351891014834556,-91.50299173790522,0.75,270.0
1779634233.517696,23.72278594970703,0.7507392447009927,0.013303532001529785,-91.05240200542585,0.75,270.0
1779634233.6135108,23.81860089302063,0.7512849032257592,0.014058668173861408,-90.73410900711767,0.75,270.0
1779634233.6278744,23.832964420318604,0.7507645267314151,0.01430882992711559,-90.51425426326647,0.75,270.0
1779634233.6673954,23.872485399246216,0.7504962006610155,0.014733743500658631,-90.36109583142303,0.75,270.0
1779634233.849077,24.05416703224182,0.749379368476487,0.014925671130096126,-90.25059214600509,0.75,270.0
1779634233.8619137,24.06700372695923,0.7494528928676132,0.014915565882889437,-90.17571923433945,0.75,270.0
1779634233.8809552,24.086045265197754,0.7495668980947837,0.015159235548422429,-90.1244916107139,0.75,270.0
1779634234.146038,24.351128101348877,0.750368779444301,0.015265393667220685,-90.08585880990292,0.75,270.0
1779634234.1534007,24.358490705490112,0.74929129069095,0.015296652686789565,-90.05742909588731,0.75,270.0
1779634234.1726758,24.377765893936157,0.7498932054355945,0.015468869689587888,-90.02419904272735,0.75,270.0
1779634234.2085435,24.413633584976196,0.7498837673783966,0.015382840994159415,-90.01397256625552,0.75,270.0
1779634234.285184,24.49027395248413,0.7505845045413344,0.015426310260226185,-90.0104249013462,0.75,270.0
1779634234.2933576,24.49844765663147,0.7504386320283899,0.013588774433253195,-90.89171861992965,0.75,270.0
1779634234.4193146,24.624404668807983,0.7509674419893149,0.014169542839480905,-90.6244581183146,0.75,270.0
1779634234.432785,24.637875080108643,0.7506479927139639,0.014635680945154377,-90.43799742199528,0.75,270.0
1779634234.5258427,24.73093271255493,0.7503093531149301,0.014878753768861077,-90.30746471749477,0.75,270.0
1779634234.5630186,24.7681086063385,0.7508746897305636,0.015071909204142938,-90.21517145364197,0.75,270.0
1779634234.5754783,24.78056836128235,0.7505793854660754,0.015107187075829387,-90.14866637378694,0.75,270.0
1779634234.6154554,24.820545434951782,0.7494491759386501,0.015186984300890655,-90.10188437311476,0.75,270.0
1779634234.6606526,24.865742683410645,0.7497261021966647,0.013320898144584932,-90.96243992329391,0.75,270.0
1779634234.752087,24.95717716217041,0.7499029713921856,0.012014807936860798,-91.56475645619874,0.75,270.0
1779634234.765934,24.97102403640747,0.7498221451772764,0.013047175770526458,-91.09808220473825,0.75,270.0
1779634234.805428,25.010518074035645,0.7505504606520341,0.013790073309824156,-90.76889718835533,0.75,270.0
1779634234.850257,25.055346965789795,0.7487769105178113,0.014158278383674186,-90.53954906832132,0.75,270.0
1779634234.9445994,25.149689435958862,0.7483684847235019,0.012698273357050562,-91.2534685896027,0.75,270.0
1779634234.9600832,25.165173292160034,0.7495255071987904,0.013545284295786685,-90.87734526380186,0.75,270.0
1779634235.041236,25.246325969696045,0.7496329746806079,0.014038301513789112,-90.61205517971635,0.75,270.0
1779634235.052041,25.257131099700928,0.7496980198583781,0.01438237677968359,-90.42586814828879,0.75,270.0
1779634235.1842012,25.389291286468506,0.7504592024621782,0.014725238844434363,-90.29846887422383,0.75,270.0
1779634235.2024987,25.407588720321655,0.751141285148208,0.01310304038633068,-91.10259191316878,0.75,270.0
1779634235.2158408,25.420930862426758,0.7498614029077725,0.013783363420386987,-90.76928992253849,0.75,270.0
1779634235.3259635,25.53105354309082,0.7505835607989575,0.014305919396030129,-90.53897260851276,0.75,270.0
1779634235.341398,25.546488046646118,0.7494402854166613,0.01462561171511733,-90.37481244557755,0.75,270.0
1779634235.4680755,25.673165559768677,0.7487657676730136,0.014767571938498961,-90.26409589376937,0.75,270.0
1779634235.483983,25.689073085784912,0.7498255918527492,0.014994403445059841,-90.18503480156339,0.75,270.0
1779634235.4994996,25.70458960533142,0.7491996764899441,0.013181694274391429,-91.01588137833717,0.75,270.0
1779634235.5701163,25.775206327438354,0.7493906777860442,0.013782209737401883,-90.70830520460865,0.75,270.0
1779634235.583273,25.788362979888916,0.7485814277202333,0.014258832692712468,-90.49319047418531,0.75,270.0
1779634235.6308575,25.835947513580322,0.7483207536172407,0.012665922749335097,-91.22652157126433,0.75,270.0
1779634235.6657732,25.87086319923401,0.7495298767540608,0.013524392972190387,-90.85970674236374,0.75,270.0
1779634235.7607813,25.965871334075928,0.7496206267603753,0.01402186951274353,-90.5988773867395,0.75,270.0
1779634235.7723007,25.9773907661438,0.7496830696923147,0.014533728995540231,-90.42073206373335,0.75,270.0
1779634235.8504755,26.05556559562683,0.7496554677387492,0.014802916219341346,-90.29341183280341,0.75,270.0
1779634235.8641977,26.06928777694702,0.749709217898218,0.014916875675377304,-90.20249847630444,0.75,270.0
1779634235.9061682,26.111258268356323,0.7497441742069652,0.014996488776054905,-90.1387935361628,0.75,270.0
1779634236.090333,26.29542303085327,0.7504990204900167,0.015156170177815759,-90.09796869729824,0.75,270.0
1779634236.124216,26.32930612564087,0.7503009516229299,0.015164263789836922,-90.0657500014352,0.75,270.0
1779634236.156415,26.361505031585693,0.7501589986115398,0.015169713210325907,-90.04310036783956,0.75,270.0
1779634236.277664,26.48275399208069,0.750058012446791,0.015173421280885174,-90.02719861799025,0.75,270.0
1779634236.2900043,26.495094299316406,0.7499865289071157,0.015175964517977742,-90.01604446373007,0.75,270.0
1779634236.3087418,26.513831853866577,0.7506733966338442,0.015282126334782143,-90.01216728192439,0.75,270.0
1779634236.370869,26.575958967208862,0.7504214038412521,0.01525233227571159,-90.00564814015658,0.75,270.0
1779634236.3859637,26.59105372428894,0.7504024122007578,0.013529895783146045,-90.89952050660652,0.75,270.0
1779634236.4262018,26.63129186630249,0.7509631957088898,0.014128706235024623,-90.63026562686177,0.75,270.0
1779634236.5197752,26.724865198135376,0.749706396519332,0.014501267910319452,-90.43857005462682,0.75,270.0
1779634236.5312126,26.736302614212036,0.7487904103814222,0.014761892145924056,-90.30429481036475,0.75,270.0
1779634236.6124713,26.817561388015747,0.749481034542384,0.016830207742874567,-89.3252229083034,0.75,270.0
1779634236.6234913,26.8285813331604,0.7488083424076981,0.01468990428803217,-90.41808321479976,0.75,270.0
1779634236.6645045,26.86959457397461,0.7497566223749683,0.01301929268607166,-91.17515002624869,0.75,270.0
1779634236.7578778,26.96296787261963,0.7488671646537658,0.013724756471094912,-90.81997205832262,0.75,270.0
1779634236.7713847,26.97647476196289,0.7489876519388786,0.014237315818893518,-90.57899572465892,0.75,270.0
1779634236.8142745,27.019364595413208,0.7492408546230712,0.014519835896339595,-90.40197935392094,0.75,270.0
1779634236.9919121,27.197002172470093,0.7501747254634504,0.01482146209931684,-90.28187457799706,0.75,270.0
1779634237.0116448,27.216734886169434,0.7509599363476422,0.013170052216281973,-91.09080787299887,0.75,270.0
1779634237.0283148,27.233404874801636,0.7506290426434628,0.01393709552693315,-90.76489098747489,0.75,270.0
1779634237.064327,27.26941704750061,0.7502378795773663,0.014398767331227361,-90.52578442144336,0.75,270.0
1779634237.1006823,27.305772304534912,0.7501131631227402,0.014633543489582054,-90.36500050558612,0.75,270.0
1779634237.1425471,27.347637176513672,0.7500263577658034,0.01496248941646745,-90.25731349250027,0.75,270.0
1779634237.185961,27.391051054000854,0.7507119135460544,0.015131571671379837,-90.18062743181461,0.75,270.0
1779634237.279738,27.484827995300293,0.7503700236715694,0.015059734308530569,-90.12671369263067,0.75,270.0
1779634237.291783,27.496873140335083,0.7498251515393044,0.016904216408866655,-89.21331025714075,0.75,270.0
1779634237.3733768,27.57846689224243,0.7490409002787911,0.016361564052399562,-89.45060646971775,0.75,270.0
1779634237.3862464,27.591336488723755,0.749458660563499,0.014143235891368457,-90.5067861627238,0.75,270.0
1779634237.4283884,27.63347840309143,0.7487799934683234,0.014429449981992807,-90.35624929511292,0.75,270.0
1779634237.5160668,27.72115683555603,0.7483021933543462,0.01284826464300779,-91.14007019244956,0.75,270.0
1779634237.5305853,27.73567533493042,0.7495228207334372,0.013651620885684976,-90.7990305881826,0.75,270.0
1779634237.656031,27.86112093925476,0.7496877543839358,0.012350466862713919,-91.44510937776128,0.75,270.0
1779634237.67423,27.87932014465332,0.7489521092407485,0.01317450741680957,-91.0130578477444,0.75,270.0
1779634237.6943097,27.899399757385254,0.7491369100610337,0.013856253380908363,-90.7103113690477,0.75,270.0
1779634237.7276437,27.93273377418518,0.7493517821358033,0.014255822907805818,-90.49504726548477,0.75,270.0
1779634237.9957755,28.200865507125854,0.7487078681752175,0.01110093920104555,-92.09844597596702,0.75,270.0
1779634238.1883914,28.393481492996216,0.7497748673966889,0.01242691475445067,-91.46891454000561,0.75,270.0
1779634238.1985352,28.40362524986267,0.7490238429467118,0.013227852288293426,-91.02967042574701,0.75,270.0
1779634238.2172987,28.422388792037964,0.7486272359865934,0.011946386151627108,-91.60339474696595,0.75,270.0
1779634238.232888,28.4379780292511,0.7489986595891336,0.012917544307596038,-91.11959531133171,0.75,270.0
1779634238.2678297,28.472919702529907,0.7496079234401963,0.015543487624219842,-89.89893931672201,0.75,270.0
1779634238.2901807,28.49527072906494,0.7496798793465071,0.015598964895968272,-89.93084627543826,0.75,270.0
1779634238.516479,28.721569061279297,0.7504461891280672,0.015575779247064747,-89.95139150784985,0.75,270.0
1779634238.528871,28.73396110534668,0.747908609518573,0.004698963435567877,-95.19374965140895,0.75,270.0
1779634238.5456684,28.750758409500122,0.7475561399429275,0.004305216330110951,-95.35069683471441,0.75,270.0
1779634238.5797665,28.78485655784607,0.7475220416929842,0.007553108963229031,-93.77855135450494,0.75,270.0
1779634238.711432,28.91652202606201,0.748197466687791,0.008217257554803372,-93.5001010687111,0.75,270.0
1779634238.7203393,28.925429344177246,0.7489028030334779,0.008447184520370812,-93.34533704823983,0.75,270.0
1779634238.73614,28.941230058670044,0.7491295568892472,0.01037875056089626,-92.3417900899607,0.75,270.0
1779634238.7724495,28.977539539337158,0.7495102737576136,0.009958102516439027,-92.53225020063407,0.75,270.0
1779634238.9564674,29.16155743598938,0.7499963826489859,0.01169817661859765,-91.77444695869586,0.75,270.0
1779634238.9738743,29.178964376449585,0.7499998101785971,0.01274413422578526,-91.23976073380071,0.75,270.0
1779634239.1002545,29.305344581604004,0.7499742433651723,0.013637443635551602,-90.86851500252877,0.75,270.0
1779634239.116853,29.321943044662476,0.7500804552148272,0.012399563309640581,-91.50362439561594,0.75,270.0
1779634239.1526067,29.357696771621704,0.7501483707523966,0.011370884727600191,-91.94413321302905,0.75,270.0
1779634239.190062,29.39515209197998,0.7507923010741397,0.012617009315498624,-91.36157352240637,0.75,270.0
1779634239.4705555,29.67564558982849,0.7505156307060352,0.013387103535618373,-90.95035817064336,0.75,270.0
1779634239.487583,29.692672967910767,0.7510343021672589,0.014028751954226724,-90.66579171899659,0.75,270.0
1779634239.5003035,29.70539355278015,0.7443995461160979,-0.0014264792138218262,-98.09631815740977,0.75,270.0
1779634239.5657043,29.77079439163208,0.7462912698179143,0.0035386055755415695,-95.66552425384883,0.75,270.0
1779634239.5813243,29.78641438484192,0.7473984719420851,0.0070959908837138225,-93.96416023616067,0.75,270.0
1779634297.8636956,0.008983373641967773,0.7489789382733232,0.016394490694499997,-44.808676611121584,0.75,315.0
1779634297.9026663,0.04795408248901367,0.7492263511273558,0.016305992914773096,-44.84897758355949,0.75,315.0
1779634298.0440784,0.18936610221862793,0.7496657776674798,0.01631196552122545,-44.79358434086849,0.75,315.0
1779634298.181694,0.326981782913208,0.7497026563251142,0.016247386713717574,-44.83959698759436,0.75,315.0
1779634298.2098978,0.35518550872802734,0.7501370137998179,0.016121669940047365,-44.83909096426091,0.75,315.0
1779634298.246169,0.39145684242248535,0.7503070433485264,0.016183409239038965,-44.78557682197034,0.75,315.0
1779634298.2837434,0.4290311336517334,0.7555143031011391,0.014643123505937897,-45.410539472277144,0.75,315.0
1779634298.324938,0.47022581100463867,0.7495754719237055,0.01629792791925759,-44.681087260140316,0.75,315.0
1779634298.3722556,0.5175433158874512,0.7546442254596828,0.014802879125228707,-45.367390079959485,0.75,315.0
1779634298.522703,0.6679906845092773,0.7534681102751144,0.015262716437740867,-45.154236466805614,0.75,315.0
1779634298.6172361,0.762523889541626,0.7526382298544256,0.015582787748144755,-45.00657813387553,0.75,315.0
1779634298.6308992,0.7761869430541992,0.751784578336981,0.015737170378802304,-44.98836729783589,0.75,315.0
1779634298.750207,0.8954946994781494,0.7561528741151635,0.014409516993960175,-45.58368771971153,0.75,315.0
1779634298.7637794,0.9090671539306641,0.7497867867977303,0.016314447479190974,-44.756435565050786,0.75,315.0
1779634298.7801385,0.9254262447357178,0.7537316958374609,0.014987915272701269,-45.457349046186586,0.75,315.0
1779634298.8489861,0.9942739009857178,0.7527134816843942,0.015393641487266782,-45.26858286650401,0.75,315.0
1779634298.8625045,1.0077922344207764,0.7568085156653203,0.01416693720512062,-45.7774571367006,0.75,315.0
1779634298.9022691,1.0475568771362305,0.7551765863469373,0.015079550374875558,-45.3759009802911,0.75,315.0
1779634298.995537,1.140824794769287,0.7590367371192175,0.014005173328738324,-45.84324525257151,0.75,315.0
1779634299.0082119,1.1534996032714844,0.755496622739939,0.014916904284196009,-45.50174147827807,0.75,315.0
1779634299.0499258,1.1952135562896729,0.7542167317356677,0.015372237025020039,-45.30083045940684,0.75,315.0
1779634299.1825743,1.327862024307251,0.7571459925292127,0.014400103972014161,-45.746306369269085,0.75,315.0
1779634299.1948967,1.3401844501495361,0.7491919555361716,0.01625349478792258,-44.9596891133058,0.75,315.0
1779634299.208616,1.3539037704467773,0.7496474053909779,0.01627686545825302,-44.869781959119614,0.75,315.0
1779634299.2323914,1.3776791095733643,0.7489512138738844,0.016422567396427917,-44.86801792031271,0.75,315.0
1779634299.2655928,1.4108805656433105,0.7533659977463218,0.01511243162986757,-45.46570448998733,0.75,315.0
1779634299.3737652,1.5190529823303223,0.7583183871817065,0.014240773435509974,-45.70213849655469,0.75,315.0
1779634299.3840168,1.5293045043945312,0.7661851206150231,0.011791981893766804,-46.817142445672914,0.75,315.0
1779634299.4261773,1.571465015411377,0.7619586436697702,0.01326273900946491,-46.14336414763567,0.75,315.0
1779634299.5299134,1.675201177597046,0.7632900745558318,0.012663098448415691,-46.39325818706911,0.75,315.0
1779634299.707688,1.852975845336914,0.7642147324210944,0.012240673301986707,-46.569615787925656,0.75,315.0
1779634299.7209103,1.8661980628967285,0.7602999612950112,0.013500834367695266,-46.05543310885413,0.75,315.0
1779634299.7401655,1.885453224182129,0.7575335421109953,0.014198887293353418,-45.697206483793984,0.75,315.0
1779634299.7711198,1.916407585144043,0.7555026159132887,0.01484336635746411,-45.38237196600667,0.75,315.0
1779634299.8606298,2.005917549133301,0.7587736540183232,0.0137738620690262,-45.861072832812376,0.75,315.0
1779634299.9545226,2.0998103618621826,0.7563553316325418,0.014543744163916655,-45.50135639482977,0.75,315.0
1779634299.996056,2.141343832015991,0.7543873296524949,0.01501061302760806,-45.334708511225166,0.75,315.0
1779634300.0356436,2.180931329727173,0.781805353804137,0.006684800403945701,-48.83518329269012,0.75,315.0
1779634300.2828608,2.4281485080718994,0.7716803028319656,0.00990009826433702,-47.5278026632015,0.75,315.0
1779634300.2944388,2.4397265911102295,0.770086221311912,0.01030474635733375,-47.36374206893895,0.75,315.0
1779634300.3275483,2.4728360176086426,0.76938708939024,0.01073314348635887,-47.10665737988059,0.75,315.0
1779634300.38281,2.5280978679656982,0.7690264830343903,0.011219827384309558,-46.9176183322722,0.75,315.0
1779634300.4232893,2.5685770511627197,0.763716184285331,0.012801323775361279,-46.28889691289055,0.75,315.0
1779634300.4371614,2.582449197769165,0.7648891135012598,0.012264072817920177,-46.462952303340515,0.75,315.0
1779634300.5151007,2.660388469696045,0.7514701146899907,0.015823203540589234,-44.98866253213151,0.75,315.0
1779634300.5283673,2.6736550331115723,0.750986528509981,0.015909351901200033,-44.97071682223185,0.75,315.0
1779634300.5688908,2.7141785621643066,0.7461851041312071,0.01735117516322969,-44.328083354402644,0.75,315.0
1779634300.6110096,2.7562973499298096,0.7476601638657575,0.016892866826367384,-44.48525391558945,0.75,315.0
1779634300.6604939,2.805781602859497,0.748579834258082,0.016724278298879347,-44.536071312087955,0.75,315.0
1779634300.7550833,2.9003710746765137,0.744893192508745,0.018002039262947397,-44.002202104178664,0.75,315.0
1779634300.7652075,2.9104952812194824,0.7273225714350052,0.022177247653773935,-42.253064967902425,0.75,315.0
1779634300.8060822,2.9513700008392334,0.7332164125635449,0.020622509918650153,-43.00946347574273,0.75,315.0
1779634300.845271,2.9905588626861572,0.7384751830883494,0.019345722456880474,-43.504193516647845,0.75,315.0
1779634300.9433014,3.0885891914367676,0.7421464440934442,0.01844537862935247,-43.85180279265724,0.75,315.0
1779634300.9608407,3.106128454208374,0.7447114557558173,0.017811934776422525,-44.09576112741502,0.75,315.0
1779634300.9982061,3.143493890762329,0.7512282050143781,0.01586630054070272,-44.96224385247295,0.75,315.0
1779634301.0397487,3.1850364208221436,0.7562156391399966,0.014613187403957048,-45.52381826821881,0.75,315.0
1779634301.086683,3.23197078704834,0.7542911734699459,0.015059622585283636,-45.35003497922454,0.75,315.0
1779634301.3269286,3.4722163677215576,0.7529414596447996,0.015371257569978411,-45.22894159159109,0.75,315.0
1779634301.340563,3.4858508110046387,0.7475472347028722,0.01697526812816466,-44.51121503124404,0.75,315.0
1779634301.3530357,3.498323440551758,0.7482192605061405,0.01671194246273522,-44.642152820168775,0.75,315.0
1779634301.383924,3.5292117595672607,0.748958001273776,0.016595500783084943,-44.649522547209855,0.75,315.0
1779634301.424688,3.5699758529663086,0.7541908536867141,0.015006099059636957,-45.350374061854204,0.75,315.0
1779634301.5203133,3.6656010150909424,0.7531392496755572,0.015402708410983429,-45.145329354528776,0.75,315.0
1779634301.5281022,3.6733899116516113,0.7476702228392312,0.01700320467251848,-44.44978795645268,0.75,315.0
1779634301.6101575,3.7554452419281006,0.7485735356383846,0.016799500426535788,-44.51494996093256,0.75,315.0
1779634301.6236656,3.768953323364258,0.7539235172036591,0.015150703937007806,-45.256167998051076,0.75,315.0
1779634301.718723,3.864010810852051,0.7533610194358973,0.015426105801754575,-45.04431681033416,0.75,315.0
1779634301.7608676,3.9061553478240967,0.7576961337144155,0.01432723782376892,-45.480775399345845,0.75,315.0
1779634301.8001497,3.945437431335449,0.759904851893054,0.013358900155208422,-46.03752684270751,0.75,315.0
1779634301.8937776,4.039065361022949,0.7623051834430227,0.01278914105526717,-46.31576472359103,0.75,315.0
1779634301.950231,4.0955188274383545,0.7541426413127869,0.015197979893622732,-45.2586923360558,0.75,315.0
1779634301.988502,4.133789777755737,0.7483921418712177,0.016864259587940994,-44.52407179418826,0.75,315.0
1779634302.0386536,4.18394136428833,0.7488182250766348,0.016635932605281026,-44.649251860575234,0.75,315.0
1779634302.0882418,4.233529567718506,0.7491205522563995,0.01646858435517369,-44.741514593670225,0.75,315.0
1779634302.2288687,4.374156475067139,0.7497441311872444,0.016453464657897682,-44.773540498068805,0.75,315.0
1779634302.241749,4.3870368003845215,0.7444920718554047,0.01806764297238228,-44.08352325659617,0.75,315.0
1779634302.2591732,4.404460906982422,0.7465079230761104,0.01740322079380935,-44.30607117910265,0.75,315.0
1779634302.3238735,4.46916127204895,0.7474331214914585,0.01678661573276194,-44.620205148620556,0.75,315.0
1779634302.3394547,4.4847424030303955,0.7481517971487939,0.016581900691316168,-44.71505949366874,0.75,315.0
1779634302.4240575,4.569345235824585,0.7529072373780918,0.01524958776639622,-45.334878942147405,0.75,315.0
1779634302.5204005,4.6656882762908936,0.7561689235878262,0.014295659697495702,-45.783258910405,0.75,315.0
1779634302.627971,4.773258686065674,0.7549861728120816,0.01484231668099488,-45.401064261336195,0.75,315.0
1779634302.6438406,4.789128303527832,0.7537587029305005,0.015368964872861254,-45.121425810870576,0.75,315.0
1779634302.7685003,4.913788080215454,0.7528361716403275,0.015656432804822623,-44.98516668579937,0.75,315.0
1779634302.8071122,4.952399969100952,0.7519300658575682,0.015781024705222954,-44.97702577293734,0.75,315.0
1779634302.8473842,4.992671966552734,0.756267319905418,0.01443205030149737,-45.57962046492868,0.75,315.0
1779634302.9904504,5.135738134384155,0.7590083372190533,0.013158546575203739,-46.16409165358811,0.75,315.0
1779634303.0039878,5.149275541305542,0.7562656998462916,0.014047481984530402,-45.79393122465642,0.75,315.0
1779634303.181149,5.326436758041382,0.7543332174779227,0.01466578652818501,-45.537563163157344,0.75,315.0
1779634303.1950562,5.340343952178955,0.7529765768419091,0.015096795424837745,-45.35915548131313,0.75,315.0
1779634303.3746455,5.519933223724365,0.7522916866729994,0.015466732165006422,-45.15085427606397,0.75,315.0
1779634303.3915257,5.536813497543335,0.7518102970606361,0.01572474534690943,-45.00537799292386,0.75,315.0
1779634303.4172964,5.562584161758423,0.7617190635371008,0.013077368919493446,-46.20608475937128,0.75,315.0
1779634303.5139277,5.659215450286865,0.7536936249892687,0.015392563392911424,-45.192209005674734,0.75,315.0
1779634303.528964,5.6742517948150635,0.7527906796622157,0.015672760634926244,-45.03462474470877,0.75,315.0
1779634303.542004,5.687291860580444,0.7572693702736492,0.014285003269049412,-45.57938701651007,0.75,315.0
1779634303.6198282,5.765115976333618,0.7496594204276521,0.016205774351577107,-44.76913975043461,0.75,315.0
1779634303.7049096,5.8501973152160645,0.7455809033163604,0.017507018370579233,-44.140287294829854,0.75,315.0
1779634303.718115,5.863402843475342,0.7454920490211687,0.017052802119650698,-44.52486525537453,0.75,315.0
1779634303.7578726,5.903160333633423,0.747112785266515,0.016846363966285374,-44.55048060127576,0.75,315.0
1779634303.801312,5.946599721908569,0.7527194950681413,0.01496342047714562,-45.404678733686474,0.75,315.0
1779634303.8456059,5.990893602371216,0.7517811440964658,0.015329440014320059,-45.28872501927017,0.75,315.0
1779634303.8975077,6.042795419692993,0.7516533050334091,0.015600977550883535,-45.183922006205265,0.75,315.0
1779634303.9422753,6.0875630378723145,0.75116963777234,0.015767892291061847,-45.09418926929745,0.75,315.0
1779634303.9900517,6.1353394985198975,0.7599917069665146,0.013093736199268319,-46.31858291217236,0.75,315.0
1779634304.0411282,6.186415910720825,0.757336001218317,0.013918305670298184,-45.877033910492685,0.75,315.0
1779634304.084691,6.229978799819946,0.7509290712034836,0.01591447275808547,-44.92713718884722,0.75,315.0
1779634304.1797903,6.325078010559082,0.7506029719553571,0.015971259167096477,-44.928571258689395,0.75,315.0
1779634304.195171,6.340458869934082,0.7459138342431928,0.017392914511438373,-44.2989781851145,0.75,315.0
1779634304.3297904,6.475078105926514,0.7522259649901252,0.015396312991985517,-45.17195086237793,0.75,315.0
1779634304.3413706,6.486658334732056,0.751775668593015,0.015677228592906683,-45.01702214007758,0.75,315.0
1779634304.3775747,6.522862434387207,0.7511841100196204,0.015803720680674274,-44.99474282881805,0.75,315.0
1779634304.389399,6.534686803817749,0.7550093434737157,0.014697964581328937,-45.535025961848994,0.75,315.0
1779634304.4301708,6.575458526611328,0.7589651462588363,0.013751413564811577,-45.944542791581554,0.75,315.0
1779634304.5151768,6.660464525222778,0.7611856041650766,0.013003796273501553,-46.25646764928604,0.75,315.0
1779634304.6099727,6.755260467529297,0.7627371744289365,0.012478496520312757,-46.47502926444266,0.75,315.0
1779634304.6242065,6.769494295120239,0.769189065686421,0.01034604658821578,-47.365042258518905,0.75,315.0
1779634304.8464878,6.9917755126953125,0.7687229662584076,0.010726331194944455,-47.21951668209296,0.75,315.0
1779634304.859301,7.004588842391968,0.7630794458549958,0.012355452472156067,-46.532399871503834,0.75,315.0
1779634304.8771145,7.022402286529541,0.7591081487063127,0.013486631587770748,-46.05455216868427,0.75,315.0
1779634304.9430678,7.088355541229248,0.7565905689285641,0.014344264557109881,-45.6369653513589,0.75,315.0
1779634304.9550722,7.100359916687012,0.7545523125418052,0.014871540574706035,-45.42971681291089,0.75,315.0
1779634305.3351934,7.480481147766113,0.753393759434731,0.015309120737090329,-45.2005769110491,0.75,315.0
1779634305.3598433,7.505131006240845,0.7525812868230708,0.015614449666432537,-45.04034540293239,0.75,315.0
1779634305.3982058,7.5434935092926025,0.7509116142770118,0.016022756430463095,-44.954252295899074,0.75,315.0
1779634305.4300048,7.575292587280273,0.7512852300043777,0.016042299810294813,-44.824200624964284,0.75,315.0
1779634305.4700458,7.615333557128906,0.7501355572104778,0.01626709927891233,-44.82661837570957,0.75,315.0
1779634305.5263228,7.671610593795776,0.7494130388094209,0.016537458783413853,-44.729537425111836,0.75,315.0
1779634305.5646148,7.70990252494812,0.753690292648647,0.015193838550370209,-45.368760892942184,0.75,315.0
1779634305.7531881,7.898475885391235,0.7525466087066962,0.015472920665787468,-45.2362918726898,0.75,315.0
1779634305.7668824,7.912170171737671,0.7472838589960065,0.01704855922081404,-44.513005504956425,0.75,315.0
1779634305.7817967,7.927084445953369,0.7435699521958079,0.018150395010267634,-44.006142754071995,0.75,315.0
1779634305.816688,7.961975812911987,0.7509440281195775,0.01600802207192091,-44.86909725619028,0.75,315.0
1779634305.8560421,8.001329898834229,0.7510303917675717,0.016133327923187293,-44.86040381951501,0.75,315.0
1779634306.085496,8.230783700942993,0.7506656784151405,0.016124077494625633,-44.88440237239542,0.75,315.0
1779634306.0967767,8.242064476013184,0.7506750140554125,0.01618512423638742,-44.81798696624134,0.75,315.0
1779634306.1150994,8.260387182235718,0.7504098981199222,0.01615880151041267,-44.85649262394338,0.75,315.0
1779634306.1445293,8.289817094802856,0.7612307450008287,0.013275342120452283,-46.08036512648805,0.75,315.0
1779634306.1470196,8.292307376861572,0.7631394460362166,0.01259540228512529,-46.31991871039784,0.75,315.0
1779634306.1916635,8.33695125579834,0.7591250759443333,0.013688556905692095,-45.91889439079566,0.75,315.0
1779634306.2272217,8.372509479522705,0.7519295157641133,0.01582359590807636,-44.975276750952105,0.75,315.0
1779634306.3350976,8.480385303497314,0.7562927143424333,0.01446780734784342,-45.57215895149864,0.75,315.0
1779634306.3487406,8.494028329849243,0.7638865502385617,0.0123048067321197,-46.525253909712994,0.75,315.0
1779634306.420294,8.565581798553467,0.7603788113792159,0.013628537227529977,-45.931946888006586,0.75,315.0
1779634306.4364285,8.581716299057007,0.7621642600288353,0.012925559616936685,-46.243083526432805,0.75,315.0
1779634306.4731731,8.618460893630981,0.7584571335927006,0.01388175165871501,-45.854048225601225,0.75,315.0
1779634306.7098603,8.855148077011108,0.7514178588668399,0.01594222037946401,-44.9487846220914,0.75,315.0
1779634306.7268896,8.872177362442017,0.7510012058563188,0.01604210972482098,-44.93579900421606,0.75,315.0
1779634306.7478821,8.89316987991333,0.7511154175156044,0.016105459651652124,-44.9360808858533,0.75,315.0
1779634306.7721484,8.917436122894287,0.7507515318891601,0.01611136223791218,-44.93102145851183,0.75,315.0
1779634306.8951068,9.04039454460144,0.7506744691573602,0.016211498432292124,-44.862261814891184,0.75,315.0
1779634306.908934,9.054221868515015,0.7558853205499095,0.014900385188727425,-45.33846139893652,0.75,315.0
1779634307.0395932,9.18488097190857,0.7540782031537836,0.015262985465572157,-45.215135077566075,0.75,315.0
1779634307.0514326,9.196720361709595,0.752383533562852,0.01580698440158365,-45.00393665133946,0.75,315.0
1779634307.0672958,9.212583541870117,0.7565843605457587,0.014449864945221963,-45.59847136963417,0.75,315.0
1779634307.1849475,9.330235242843628,0.7500882173689707,0.016342805078927075,-44.76705279943168,0.75,315.0
1779634307.1964521,9.341739892959595,0.7590961386756834,0.013468714659988279,-46.12388486294558,0.75,315.0
1779634307.2483351,9.393622875213623,0.7563152825338355,0.014262872938153162,-45.76950045107179,0.75,315.0
1779634307.2869806,9.432268381118774,0.7593334974365012,0.013362833731724269,-46.133321210667056,0.75,315.0
1779634307.3246818,9.469969511032104,0.7520370610236524,0.015583334949307817,-45.1439669637381,0.75,315.0
1779634307.3692462,9.514533996582031,0.7518232190076634,0.015843457769328592,-45.04630143606888,0.75,315.0
1779634307.4670591,9.612346887588501,0.7505377909710342,0.0161363221456384,-44.976498253105326,0.75,315.0
1779634307.4815693,9.626857042312622,0.7557374625438732,0.01480418521889619,-45.53280275295725,0.75,315.0
1779634307.5679274,9.713215112686157,0.7594227938916478,0.013810888966735407,-45.95469031808169,0.75,315.0
1779634307.575597,9.720884799957275,0.7569185316135294,0.014415021135167613,-45.62670623818763,0.75,315.0
1779634307.863612,10.008899688720703,0.7550720549854619,0.0149946380630962,-45.3330284621325,0.75,315.0
1779634307.8804772,10.02576494216919,0.7527117870955816,0.015602120551854684,-45.145100456672694,0.75,315.0
1779634307.9402285,10.085516214370728,0.7518335549416232,0.015750305835576017,-45.086020869416515,0.75,315.0
1779634307.9559364,10.101224184036255,0.7505088625726645,0.0160612910211633,-45.01285623877731,0.75,315.0
1779634308.1826196,10.32790732383728,0.7505668773992084,0.016142444821110408,-44.9078102260683,0.75,315.0
1779634308.1990213,10.344309091567993,0.7557289768448051,0.014824161856492879,-45.38726483891017,0.75,315.0
1779634308.2129588,10.358246564865112,0.7542186760083637,0.015276870015103056,-45.17078854916369,0.75,315.0
1779634308.2760181,10.421305894851685,0.7533425684462088,0.015632254732693238,-45.06508609787209,0.75,315.0
1779634308.330652,10.475939750671387,0.7479108992558268,0.017032625508092453,-44.43754758466649,0.75,315.0
1779634308.385535,10.53082275390625,0.7440253125566687,0.0181306806563995,-43.95491860319802,0.75,315.0
1779634308.3927295,10.538017272949219,0.7417039658064355,0.01898349616857739,-43.59471945037078,0.75,315.0
1779634308.4654949,10.610782623291016,0.7444158604420723,0.01819212311313541,-43.912310051078826,0.75,315.0
1779634308.4838345,10.629122257232666,0.7514059803958344,0.016241843351874063,-44.80202432663337,0.75,315.0
1779634308.5251417,10.670429468154907,0.7515586306846277,0.016182026373917843,-44.73685201960086,0.75,315.0
1779634308.611129,10.75641679763794,0.7620019614159416,0.013288977613635192,-46.00614469594206,0.75,315.0
1779634308.6554787,10.800766468048096,0.758815062992336,0.014180053262900116,-45.686154953729606,0.75,315.0
1779634308.949835,11.095122814178467,0.7561523061155779,0.01476607122378383,-45.45383069675223,0.75,315.0
1779634308.9632652,11.108552932739258,0.7496770046829518,0.01640170104977673,-44.66487841113851,0.75,315.0
1779634308.982053,11.12734079360962,0.7456410896118105,0.01760725213588457,-44.089423916027776,0.75,315.0
1779634309.0194497,11.164737462997437,0.7468997281617639,0.01715829104082442,-44.343354362936616,0.75,315.0
1779634309.0844288,11.229716539382935,0.7477750089816895,0.016841817453194102,-44.52268128815666,0.75,315.0
1779634309.1025684,11.247856140136719,0.7439119520004289,0.01800391458007096,-44.01282507934481,0.75,315.0
1779634309.184177,11.329464673995972,0.7499216501915925,0.016249560252830364,-44.85031214983545,0.75,315.0
1779634309.196991,11.342278718948364,0.7498830763672033,0.016204270870172788,-44.879059703093276,0.75,315.0
1779634309.4682934,11.61358118057251,0.7485642224217571,0.01610017130774223,-44.996547334264,0.75,315.0
1779634309.4960947,11.641382455825806,0.753922400734113,0.014657913471461032,-45.590385042325515,0.75,315.0
1779634309.532049,11.677336692810059,0.7533977050689429,0.015090482108437997,-45.26930949089878,0.75,315.0
1779634309.574493,11.719780683517456,0.7572915522481747,0.013945462004703785,-45.78419543379193,0.75,315.0
1779634309.6151757,11.76046347618103,0.7604323964848733,0.013257514813117433,-46.10464033515622,0.75,315.0
1779634309.660104,11.805391788482666,0.7527994741416122,0.015517812138054254,-45.11872110067045,0.75,315.0
1779634309.7061546,11.851442337036133,0.756877588612879,0.014247095383032371,-45.678095410739395,0.75,315.0
1779634309.8021598,11.947447538375854,0.7502971375036777,0.016202302390783643,-44.82201350293009,0.75,315.0
1779634309.8153634,11.960651159286499,0.7504132324456552,0.01623899971874712,-44.775269449669544,0.75,315.0
1779634309.8938248,12.039112567901611,0.7457714096886405,0.017576905288956307,-44.19377147107959,0.75,315.0
1779634310.1843321,12.329619884490967,0.7473082148187113,0.01728239401210699,-44.27613424739311,0.75,315.0
1779634310.1986227,12.343910455703735,0.7483204111438577,0.016995319556633304,-44.39342249483646,0.75,315.0
1779634310.3321147,12.477402448654175,0.7443024177243136,0.018102196284388958,-43.92649378592891,0.75,315.0
1779634310.3419194,12.487207174301147,0.7451078411556318,0.01776121336798482,-44.17635623700494,0.75,315.0
1779634310.417904,12.563191652297974,0.746786590201255,0.017332794984930858,-44.322178639832586,0.75,315.0
1779634310.4312975,12.576585292816162,0.7476900439838603,0.016963823411884238,-44.509262475988336,0.75,315.0
1779634310.4482658,12.59355354309082,0.7485821677615502,0.01655545646285217,-44.665446552702974,0.75,315.0
1779634310.5649564,12.710244178771973,0.7489285602901276,0.016426450680506938,-44.74586184591055,0.75,315.0
1779634310.575989,12.721276760101318,0.7496154109924282,0.016422859200449266,-44.774377997608305,0.75,315.0
1779634310.5950775,12.740365266799927,0.7550279184369023,0.01498827301674277,-45.406417859067396,0.75,315.0
1779634310.6233945,12.76868224143982,0.7587951703019028,0.013974886274679466,-45.85275051703271,0.75,315.0
1779634310.663873,12.809160709381104,0.7508577915090038,0.016325954131657133,-44.85004962105346,0.75,315.0
1779634310.7072911,12.85257887840271,0.7508079224998625,0.016326272424567592,-44.794398427278736,0.75,315.0
1779634310.7578137,12.903101444244385,0.7507713638804896,0.016325994005073355,-44.75581882334432,0.75,315.0
1779634310.8498268,12.99511456489563,0.750872963793207,0.016176857958741672,-44.78100990771135,0.75,315.0
1779634310.9455242,13.090811967849731,0.7559157555938316,0.014819537638914054,-45.40977883659114,0.75,315.0
1779634310.9600122,13.105299949645996,0.7499206606991945,0.016536631290566137,-44.60184901505189,0.75,315.0
1779634311.0866234,13.231911182403564,0.750174210927148,0.0164771184765425,-44.614471597032825,0.75,315.0
1779634311.100424,13.24571180343628,0.750412238487554,0.016519048285708063,-44.565497237495485,0.75,315.0
1779634311.27641,13.421697854995728,0.7506220851676396,0.016311533053468982,-44.65088085591565,0.75,315.0
1779634311.2899463,13.435234069824219,0.7459145467839317,0.01763436330637276,-44.09987994937317,0.75,315.0
1779634311.3066487,13.451936483383179,0.7430045467344749,0.01846569579667595,-43.693400712845474,0.75,315.0
1779634311.3426456,13.48793339729309,0.7453224314870859,0.017827688026657004,-43.982031039755924,0.75,315.0
1779634311.4246924,13.569980144500732,0.7509342546394264,0.01613062357350488,-44.82204108068411,0.75,315.0
1779634311.4684553,13.61374306678772,0.7513063838355782,0.01629685286242477,-44.73778073671557,0.75,315.0
1779634311.4802983,13.625586032867432,0.756327710611627,0.014863191378048979,-45.39835813682942,0.75,315.0
1779634311.520578,13.665865659713745,0.7499282319390194,0.016646147397722355,-44.64226296294202,0.75,315.0
1779634311.5645955,13.709883213043213,0.7504038918740508,0.016820614601279982,-44.5692036396815,0.75,315.0
1779634311.6114137,13.756701469421387,0.7506068941711475,0.016689702750154148,-44.661220335474404,0.75,315.0
1779634311.6603136,13.805601358413696,0.7504025554480567,0.01651576234947845,-44.743217709808846,0.75,315.0
1779634311.7036533,13.848941087722778,0.7494651476230256,0.016671303725655312,-44.72631886998714,0.75,315.0
1779634311.7517211,13.897008895874023,0.7499209057397548,0.016633669187510733,-44.655759919047284,0.75,315.0
1779634311.8002348,13.945522546768188,0.7454115307797832,0.017859248639271977,-44.10719938162394,0.75,315.0
1779634311.846496,13.991783857345581,0.74699316796262,0.017399546024093743,-44.27516201475923,0.75,315.0
1779634311.8980675,14.043355226516724,0.7469899702532653,0.017268447645632568,-44.42059547401276,0.75,315.0
1779634311.992605,14.137892723083496,0.742178610707067,0.015528605133964507,-45.924116753277,0.75,315.0
1779634312.004706,14.149993658065796,0.744629302250007,0.01571997578395251,-45.583605230529095,0.75,315.0
1779634312.0494907,14.194778442382812,0.7554984371468831,0.013052815703798404,-46.632548359158974,0.75,315.0
1779634312.1833758,14.32866358757019,0.7540785489564301,0.014045322570704594,-46.038369145795166,0.75,315.0
1779634312.1955664,14.340854167938232,0.7534473274128628,0.01465403387323666,-45.599672720422014,0.75,315.0
1779634312.2758508,14.421138525009155,0.7572424739608818,0.013703776005460924,-46.01605940826091,0.75,315.0
1779634312.375878,14.52116584777832,0.7553345211661169,0.014503027923058812,-45.59615593162084,0.75,315.0
1779634312.388352,14.533639669418335,0.7538525269871101,0.014812479609510792,-45.446015914392405,0.75,315.0
1779634312.408095,14.553382635116577,0.7625392170873714,0.012114531291833,-46.65703955792508,0.75,315.0
1779634312.558574,14.703861713409424,0.7636999691476616,0.011858767529413075,-46.751560209894535,0.75,315.0
1779634312.5724463,14.717734098434448,0.7551135938492767,0.014545482030595872,-45.575084027172956,0.75,315.0
1779634312.658317,14.8036048412323,0.758867806206548,0.013488646487343367,-45.96425300965219,0.75,315.0
1779634312.7985651,14.94385290145874,0.75538082885066,0.014549927659217615,-45.583908345246506,0.75,315.0
1779634312.8130476,14.958335399627686,0.7536651836330251,0.014791623161863401,-45.50889191756185,0.75,315.0
1779634312.83188,14.977167844772339,0.757850930987806,0.013660686695254748,-45.91877800592474,0.75,315.0
1779634312.895405,15.040692806243896,0.7512863585278312,0.01573464105392447,-44.95755197231609,0.75,315.0
1779634312.9093142,15.054601907730103,0.7512156277348055,0.015758799286918437,-44.930134913757264,0.75,315.0
1779634312.947385,15.09267282485962,0.7561283109724104,0.014520695891163476,-45.52093274901814,0.75,315.0
1779634312.9928336,15.138121366500854,0.7498198010540964,0.01639168831212591,-44.70571773358642,0.75,315.0
1779634313.0380657,15.183353424072266,0.7454222390305583,0.017558199787012063,-44.19147875296274,0.75,315.0
1779634313.0849156,15.23020339012146,0.7467431005543479,0.0168471571226039,-44.5641535548983,0.75,315.0
1779634313.186857,15.332144737243652,0.7480412226145451,0.016787584587069415,-44.52326432658886,0.75,315.0
1779634313.196702,15.341989755630493,0.7184167772333853,0.025125584710085774,-40.789769808603246,0.75,315.0
1779634313.3290837,15.474371433258057,0.7281413888138373,0.022530863254638087,-41.95184431001797,0.75,315.0
1779634313.4493327,15.5946204662323,0.7400902082287715,0.019354249141501592,-43.31717184823307,0.75,315.0
1779634313.480971,15.626258850097656,0.7479921292769578,0.016968274489846932,-44.414179151722706,0.75,315.0
1779634313.5681858,15.713473558425903,0.7485306086297874,0.01670730122275088,-44.574333393334555,0.75,315.0
1779634313.576933,15.722220659255981,0.7544112786118305,0.015158621385380919,-45.27797450299372,0.75,315.0
1779634313.6177201,15.763007879257202,0.7478071937260324,0.017077898520847956,-44.492953422455464,0.75,315.0
1779634313.752349,15.897636651992798,0.7533735682216715,0.015354744365592476,-45.23745059683358,0.75,315.0
1779634313.7688758,15.914163589477539,0.7572751342593487,0.014130750708405318,-45.76182250692366,0.75,315.0
1779634313.782158,15.927445650100708,0.7557138962190894,0.01471513768800338,-45.39718332675428,0.75,315.0
1779634313.858262,16.003549814224243,0.7594073763580865,0.013749795914971677,-45.859802482548,0.75,315.0
1779634313.866161,16.011448860168457,0.7571676254865848,0.01444237929466817,-45.47629330737187,0.75,315.0
1779634314.138872,16.284159660339355,0.7552456441105653,0.015013056597903876,-45.22773988924443,0.75,315.0
1779634314.151907,16.297194719314575,0.7538879570061598,0.015409356616688949,-45.05669272751252,0.75,315.0
1779634314.227267,16.372554779052734,0.7529315640147404,0.0156851955055254,-44.93840105777175,0.75,315.0
1779634314.2406352,16.38592290878296,0.7522591483885152,0.015877507501701735,-44.85630336789719,0.75,315.0
1779634314.279723,16.425010681152344,0.7515199821382177,0.01594343154164181,-44.88330404245144,0.75,315.0
1779634314.3257482,16.471035957336426,0.7425565971057347,0.01861594645025827,-43.63575082572335,0.75,315.0
1779634314.3688,16.514087677001953,0.74473768029471,0.017865397765968863,-44.027447459938486,0.75,315.0
1779634314.417603,16.562890768051147,0.745444074556765,0.01760225207317677,-44.238867739051194,0.75,315.0
1779634314.4689126,16.614200353622437,0.7422894461945786,0.018526040778974143,-43.817856591686834,0.75,315.0
1779634314.5636153,16.708903074264526,0.7445421083876302,0.017801033009045175,-44.1568286719302,0.75,315.0
1779634314.5779576,16.72324538230896,0.7416561211096082,0.01866426194396499,-43.76075973511381,0.75,315.0
1779634314.6558998,16.80118751525879,0.7440015725300004,0.017706819562183757,-44.16031331065675,0.75,315.0
1779634314.673335,16.818622827529907,0.7463773946497185,0.017208382694201982,-44.28731507557821,0.75,315.0
1779634314.7124088,16.857696533203125,0.752752081236855,0.015543449190681652,-45.07014756912721,0.75,315.0
1779634314.7550035,16.900291204452515,0.7623033086698228,0.012780469059381086,-46.2437547438747,0.75,315.0
1779634314.84717,16.9924578666687,0.7639656029548112,0.012473629975966335,-46.31675934857144,0.75,315.0
1779634314.8991609,17.044448614120483,0.7599930126354052,0.013636307892590169,-45.82016675102918,0.75,315.0
1779634314.9438622,17.089149951934814,0.7576145330513223,0.014545778799574291,-45.44575388725413,0.75,315.0
1779634314.9923453,17.137633085250854,0.7508329528993027,0.016403208952077794,-44.660042039080345,0.75,315.0
1779634315.0455048,17.190792560577393,0.755394423697912,0.014691708438921022,-45.36300647077957,0.75,315.0
1779634315.0869956,17.232283353805542,0.7591909971845604,0.01373793976770639,-45.83505481438676,0.75,315.0
1779634315.1804152,17.325702905654907,0.7613534777755195,0.012996924408105834,-46.177584883265546,0.75,315.0
1779634315.1948872,17.340174913406372,0.7572261477890395,0.014150843754414194,-45.76535520938534,0.75,315.0
1779634315.2901456,17.435433387756348,0.7505542806180111,0.01612859576244058,-44.88673896868705,0.75,315.0
1779634315.4182646,17.563552379608154,0.7503233718237482,0.01611893140200936,-44.905173219909756,0.75,315.0
1779634315.4347355,17.580023288726807,0.7457097824227441,0.017494017816239243,-44.28469079530233,0.75,315.0
1779634315.4468222,17.59210991859436,0.7473829780906343,0.017179366711680008,-44.44765492199138,0.75,315.0
1779634315.4834602,17.628747940063477,0.7481061563144307,0.016899696460934546,-44.59777993761059,0.75,315.0
1779634315.5211737,17.66646146774292,0.7489858247399466,0.016573692099802112,-44.67927292612684,0.75,315.0
1779634315.6103988,17.75568652153015,0.7498600005370483,0.016414124788847212,-44.65233939218206,0.75,315.0
1779634315.624024,17.769311666488647,0.7551755474942218,0.014803478681094148,-45.32517634399006,0.75,315.0
1779634315.6618297,17.807117462158203,0.7493833928782364,0.016657934905091584,-44.48399378537256,0.75,315.0
1779634315.7055242,17.85081195831299,0.7497945511683765,0.01656083109051122,-44.53274816935123,0.75,315.0
1779634315.9042504,18.049538135528564,0.7500711780671017,0.016491242667619727,-44.57001259169873,0.75,315.0
1779634315.9142811,18.059568881988525,0.749990472747848,0.016373671909208562,-44.68204314018975,0.75,315.0
1779634315.9278872,18.073174953460693,0.7554120870186984,0.014919236409212472,-45.35829841717322,0.75,315.0
1779634316.0365,18.181787729263306,0.7537374002094751,0.015276006893522334,-45.232054804849454,0.75,315.0
1779634316.050478,18.195765733718872,0.7528280154146103,0.015592917667020756,-45.06090431569012,0.75,315.0
1779634316.0691683,18.21445608139038,0.7523351918293268,0.01583799749534333,-44.997702196065546,0.75,315.0
1779634316.142746,18.288033723831177,0.7519682568045082,0.01600385216316913,-44.958735943339256,0.75,315.0
1779634316.1827545,18.32804226875305,0.7512526530514496,0.016060203259610745,-44.97091518850842,0.75,315.0
1779634316.2279015,18.373189210891724,0.7558574808565701,0.014644142394186141,-45.560151398716,0.75,315.0
1779634316.275653,18.4209406375885,0.749624075439766,0.01647890305343261,-44.735474781199514,0.75,315.0
1779634316.3256235,18.470911264419556,0.7551009451008173,0.01507322205585844,-45.26087443481911,0.75,315.0
1779634316.3726246,18.5179123878479,0.7541763968302876,0.01554573843497098,-45.05667844800139,0.75,315.0
1779634316.418103,18.563390731811523,0.7582082714434031,0.014371133418597762,-45.60698885672165,0.75,315.0
1779634316.4651475,18.610435247421265,0.7606853065299788,0.01344609217900529,-46.0136019032537,0.75,315.0
1779634316.5603776,18.705665349960327,0.7533590688373253,0.015556681612890325,-45.035618686923385,0.75,315.0
1779634316.5742228,18.719510555267334,0.7525774765967209,0.01579103544311676,-44.91928117131776,0.75,315.0
1779634316.6594622,18.804749965667725,0.7516480742724847,0.015756302742629513,-45.04739623420309,0.75,315.0
1779634316.6699512,18.81523895263672,0.7511403622276548,0.015871669245030084,-45.005301096197684,0.75,315.0
1779634316.8042946,18.94958233833313,0.719949405211872,0.02433628990424433,-41.28286907049941,0.75,315.0
1779634316.8355732,18.980860948562622,0.7289215257372732,0.02191112485839966,-42.37792295249189,0.75,315.0
1779634316.866496,19.011783838272095,0.7351995378137899,0.0201855811286253,-43.148642091749515,0.75,315.0
1779634316.9498546,19.095142364501953,0.7395843736571043,0.018967879660313477,-43.68832463665931,0.75,315.0
1779634316.9967368,19.142024517059326,0.74307194476921,0.018210483833121682,-44.03383504734219,0.75,315.0
1779634317.0849807,19.230268478393555,0.7454808645922277,0.017669370248347832,-44.282902822270025,0.75,315.0
1779634317.1959813,19.34126901626587,0.7521212460207136,0.015686459587430174,-45.06435956515531,0.75,315.0
1779634317.2763712,19.421658992767334,0.7514478561570408,0.015814750133324368,-45.02227645123179,0.75,315.0
1779634317.2914546,19.436742305755615,0.7512319600367919,0.015970519274019795,-44.91205776270936,0.75,315.0
1779634317.4380991,19.58338689804077,0.7514646279660077,0.01617017102872613,-44.81241601248101,0.75,315.0
1779634317.4508553,19.596143007278442,0.7559610353694208,0.014711240132116513,-45.4604085436753,0.75,315.0
1779634317.516838,19.662125825881958,0.7590926976579759,0.013680637108376928,-45.91604560540889,0.75,315.0
1779634317.5282254,19.673513174057007,0.7521006882500163,0.015634390128979075,-45.03169566244387,0.75,315.0
1779634317.6588247,19.804112434387207,0.7514208687584397,0.01577657830334482,-45.002938747650504,0.75,315.0
1779634317.6699758,19.815263509750366,0.756367278302888,0.014318427063831823,-45.58145930150994,0.75,315.0
1779634317.6898608,19.835148572921753,0.754790114794719,0.014941667232267392,-45.36806998618167,0.75,315.0
1779634317.7200437,19.865331411361694,0.7587075181791535,0.013727945613653661,-45.84089782984967,0.75,315.0
1779634317.8042147,19.94950246810913,0.7560658873648075,0.014447796124906945,-45.56478576954572,0.75,315.0
1779634317.8171518,19.96243953704834,0.7542061579169418,0.014941267330272484,-45.37986798298552,0.75,315.0
1779634317.8578918,20.0031795501709,0.7500962570144315,0.015532776049018412,-45.31660422059581,0.75,315.0
1779634318.0860705,20.231358289718628,0.7509268359681589,0.015965712285348724,-45.00751158345914,0.75,315.0
1779634318.1010597,20.246347427368164,0.7555646035667414,0.014560882336861647,-45.60097002784471,0.75,315.0
1779634318.1210332,20.266320943832397,0.7541019334960235,0.015092209425429493,-45.32078398179374,0.75,315.0
1779634318.1839666,20.329254388809204,0.7483464012130486,0.016788269539632777,-44.57264615086802,0.75,315.0
1779634318.194576,20.339863777160645,0.7529955370051378,0.015384465958352939,-45.247380857315285,0.75,315.0
1779634318.2754133,20.420701026916504,0.7475764201268178,0.016993760826747237,-44.52020270496162,0.75,315.0
1779634318.2921417,20.437429428100586,0.753639608131456,0.015424040816781143,-45.11594349885144,0.75,315.0
1779634318.3727787,20.51806640625,0.7566693829344978,0.014415606793752908,-45.63315637341784,0.75,315.0
1779634318.3868148,20.532102584838867,0.7506773192479621,0.016430797184407514,-44.7453188148879,0.75,315.0
1779634318.5148058,20.660093545913696,0.7595068392475469,0.013530641366284027,-46.1092916700529,0.75,315.0
1779634318.527526,20.672813653945923,0.7566011788845318,0.01430574367767852,-45.759260795639655,0.75,315.0
1779634318.6154683,20.760756015777588,0.750105580519902,0.016245406428902306,-44.87902461614322,0.75,315.0
1779634318.6275835,20.772871255874634,0.7502800606903748,0.016269466201649083,-44.81498029094114,0.75,315.0
1779634318.672162,20.817449808120728,0.7501322033608484,0.016217582238065992,-44.854698663380645,0.75,315.0
1779634318.710455,20.855742692947388,0.7549965702993262,0.014747933046478937,-45.49064229499285,0.75,315.0
1779634318.8472285,20.99251627922058,0.7525868240099484,0.015414433613965689,-45.27392551615012,0.75,315.0
1779634318.8751354,21.02042317390442,0.7512392864114921,0.01583339856706735,-44.99760805113186,0.75,315.0
1779634318.9103944,21.05568218231201,0.7508338488018806,0.015907841052574034,-44.979677067677855,0.75,315.0
1779634318.9480257,21.093313455581665,0.7509898940351574,0.015897100867139954,-44.92160165801688,0.75,315.0
1779634318.992168,21.137455701828003,0.7452110973685047,0.017313052317403516,-44.319141335708515,0.75,315.0
1779634319.1021829,21.24747061729431,0.7473013942065557,0.016949802385699944,-44.3786187029889,0.75,315.0
1779634319.1428618,21.28814959526062,0.7472110688323238,0.016952590400221998,-44.49093987299964,0.75,315.0
1779634319.3269799,21.472267627716064,0.737799673181309,0.01934343559307923,-43.561482204309684,0.75,315.0
1779634319.3362057,21.48149347305298,0.7457372358797025,0.017212371546562258,-44.511835011400144,0.75,315.0
1779634319.3541765,21.49946427345276,0.7469548823221535,0.016878002948557985,-44.64215528322117,0.75,315.0
1779634319.385851,21.53113865852356,0.7520330206296799,0.015447926389875327,-45.292566868860085,0.75,315.0
1779634319.424696,21.56998372077942,0.747176592880439,0.017176415299950648,-44.41714730832135,0.75,315.0
1779634319.6089993,21.754287004470825,0.7482315670825398,0.016922821213172345,-44.491588232745535,0.75,315.0
1779634319.6256015,21.770889282226562,0.750979831899701,0.015671953485914256,-45.29247910588565,0.75,315.0
1779634319.6392155,21.78450322151184,0.7462095854526893,0.017194234720443125,-44.54722165078849,0.75,315.0
1779634319.7057781,21.85106587409973,0.7478146894267167,0.016992080327075665,-44.61203372698554,0.75,315.0
1779634319.7172792,21.86256694793701,0.7439506132224121,0.018102017726781258,-44.07947565778859,0.75,315.0
1779634319.7591174,21.904405117034912,0.7461260536301755,0.017425590714657213,-44.303631590331456,0.75,315.0
1779634319.8031352,21.94842290878296,0.7474962221988581,0.01709558971688005,-44.411603434283194,0.75,315.0
1779634319.8458107,21.991098403930664,0.7481848881679534,0.01679649039035036,-44.57209684383348,0.75,315.0
1779634319.9400241,22.085311889648438,0.7441965757602836,0.01797220501027076,-44.04819622211507,0.75,315.0
1779634319.9964123,22.14170002937317,0.75138039005076,0.01605095858362493,-44.91082004343489,0.75,315.0
1779634320.0433002,22.18858790397644,0.7501191213963883,0.016341577968966667,-44.85221523240729,0.75,315.0
1779634320.3896523,22.534940004348755,0.7500208558659398,0.016268133084899286,-44.88075234672174,0.75,315.0
1779634320.404931,22.5502188205719,0.7499498621239922,0.016216390452891527,-44.90094910599162,0.75,315.0
1779634320.5624835,22.70777130126953,0.7548820763493931,0.014737543922524673,-45.526321269301974,0.75,315.0
1779634320.5788884,22.724176168441772,0.7536237866860138,0.015215486360522612,-45.268526727570276,0.75,315.0
1779634320.5951285,22.740416288375854,0.7524511122091784,0.015255247580427234,-45.285690839381424,0.75,315.0
1779634320.7045774,22.849865198135376,0.7520502284710132,0.015600325897904707,-45.15789829843963,0.75,315.0
1779634320.7203794,22.86566710472107,0.7513878694092697,0.015753592142026998,-45.09081313711568,0.75,315.0
1779634320.7329347,22.878222465515137,0.7514037777911091,0.015908104009036125,-45.040338575221114,0.75,315.0
1779634320.9486127,23.093900442123413,0.7464751811907093,0.017361119935030228,-44.37107437916443,0.75,315.0
1779634320.9592383,23.104526042938232,0.747746823028172,0.01705325596292223,-44.45767804193945,0.75,315.0
1779634320.9760218,23.121309518814087,0.7530246732084328,0.015273425840914095,-45.29604911666974,0.75,315.0
1779634321.0396907,23.184978485107422,0.757031941342998,0.014074334207894834,-45.80271537793807,0.75,315.0
1779634321.055898,23.201185703277588,0.7507332161617715,0.016023810703406846,-44.869625354831825,0.75,315.0
1779634321.2291143,23.374402046203613,0.7609748673665592,0.013290428555701617,-46.109251269143,0.75,315.0
1779634321.2440937,23.389381408691406,0.7580208552524056,0.014054503177955785,-45.73106123050278,0.75,315.0
1779634321.2921674,23.43745517730713,0.755527246592506,0.014630228207980614,-45.60009877330985,0.75,315.0
1779634321.4203706,23.56565833091736,0.7581041432016727,0.013882834718474082,-45.943609176149515,0.75,315.0
1779634321.4330409,23.578328609466553,0.7511582692294083,0.01595144740209145,-45.008435820623916,0.75,315.0
1779634321.4483373,23.59362506866455,0.755364803589154,0.014401500008330473,-45.77652144255144,0.75,315.0
1779634321.4830863,23.628374099731445,0.7493143560363709,0.016178370503602435,-44.94200016487101,0.75,315.0
1779634321.5631304,23.708418130874634,0.7489944451178527,0.01651334728893214,-44.77163206387042,0.75,315.0
1779634321.6071606,23.752448320388794,0.7484178174194729,0.016654117499380117,-44.761295081324036,0.75,315.0
1779634321.6196582,23.76494598388672,0.7482183338778909,0.016811163123950257,-44.68219278081911,0.75,315.0
1779634321.657133,23.80242085456848,0.7528584272973414,0.015387436272430735,-45.33488886481369,0.75,315.0
1779634321.7536414,23.898929119110107,0.7560878135629139,0.01438131969494473,-45.7945103837375,0.75,315.0
1779634321.765923,23.911210775375366,0.7549958782037081,0.014916413606320178,-45.39220353239368,0.75,315.0
1779634321.8460674,23.991355180740356,0.7534376449665713,0.015272705216908739,-45.25810564147606,0.75,315.0
1779634321.894759,24.04004669189453,0.74836327743402,0.01701216732993338,-44.493396086261846,0.75,315.0
1779634321.9905388,24.135826587677002,0.7490604589968322,0.01680603034487782,-44.544977510642525,0.75,315.0
1779634322.0029714,24.148259162902832,0.7295936560938203,0.021176803319444895,-42.94013758228604,0.75,315.0
1779634322.2772257,24.422513484954834,0.7350493739342898,0.019984759603960886,-43.42938973161096,0.75,315.0
1779634322.2883673,24.43365502357483,0.7397581875520131,0.018894750622941922,-43.796939813463624,0.75,315.0
1779634322.3377347,24.483022451400757,0.7385380054816141,0.01925886213835032,-43.5492814838469,0.75,315.0
1779634322.4299796,24.57526731491089,0.7469318833747095,0.016894251396535664,-44.57649765901306,0.75,315.0
1779634322.514524,24.6598117351532,0.7480659128780606,0.01672546150603567,-44.60135876195404,0.75,315.0
1779634322.5274498,24.67273759841919,0.7490346279631448,0.016873661515344057,-44.548648251630375,0.75,315.0
1779634322.5466022,24.691890001296997,0.7496511743607331,0.016558617652330784,-44.637424599834375,0.75,315.0
1779634322.7591567,24.904444456100464,0.7497081074609122,0.016416029309489252,-44.73228012198184,0.75,315.0
1779634322.7637053,24.908993005752563,0.7551426165497452,0.015023462862051376,-45.26227651472186,0.75,315.0
1779634322.7802114,24.925499200820923,0.7538062301503383,0.015414434470612179,-45.083273113421484,0.75,315.0
1779634322.8459933,24.991281032562256,0.7526000860694556,0.015618781492943185,-45.04255655105013,0.75,315.0
1779634322.8637033,25.0089910030365,0.7520249835580469,0.015830641962852277,-44.92978578031175,0.75,315.0
1779634323.0413883,25.186676025390625,0.7426581983998416,0.018363789847496856,-43.8248578526835,0.75,315.0
1779634323.0545447,25.199832439422607,0.7503388648106573,0.01658137801038856,-44.61952445387524,0.75,315.0
1779634323.0737374,25.219025135040283,0.750444956765734,0.016504709649932323,-44.63282369564686,0.75,315.0
1779634323.2356157,25.380903482437134,0.7457932841718058,0.01776176386415164,-44.09378755575513,0.75,315.0
1779634323.288178,25.433465719223022,0.7568977044111771,0.01420830438881257,-45.71968352343626,0.75,315.0
1779634323.3045468,25.44983458518982,0.7550700498813898,0.014903217684661435,-45.39218287863414,0.75,315.0
1779634323.3707836,25.516071319580078,0.7492520865588583,0.016474758312901155,-44.67063724835473,0.75,315.0
1779634323.3844838,25.52977156639099,0.7495907232012367,0.016189843626256195,-44.79857711999735,0.75,315.0
1779634323.424349,25.569636821746826,0.7552046417809053,0.015063407390174283,-45.28733604805184,0.75,315.0
1779634323.611576,25.756863832473755,0.7491221440228077,0.016513957613981195,-44.679534880491104,0.75,315.0
1779634323.6221433,25.767431020736694,0.7499618141741955,0.016542244704340167,-44.655420247480436,0.75,315.0
1779634323.6403565,25.78564429283142,0.7458344886729399,0.01786578370578837,-44.09163494327258,0.75,315.0
1779634323.6764176,25.82170534133911,0.7470712161388267,0.017350180895420675,-44.33692353401703,0.75,315.0
1779634323.7146037,25.859891414642334,0.7477925685737971,0.01681172711175591,-44.520224116032296,0.75,315.0
1779634323.800945,25.946232795715332,0.7533717337969082,0.015168409459654725,-45.25392088316849,0.75,315.0
1779634323.811379,25.956666707992554,0.7572769357050039,0.014001412009524108,-45.772771185677904,0.75,315.0
1779634323.855137,26.00042486190796,0.7557146072080807,0.014798878623938319,-45.41133687209615,0.75,315.0
1779634323.8968992,26.042186975479126,0.7588389727535594,0.013801060801013926,-45.87978673010089,0.75,315.0
1779634323.9396644,26.084952116012573,0.7666727526567616,0.011723323744625633,-46.80532136784788,0.75,315.0
1779634324.036795,26.182082653045654,0.7666001447378931,0.011586501837602209,-46.853791270821745,0.75,315.0
1779634324.0531647,26.198452472686768,0.7665246140821954,0.011494567115315352,-46.88616428837692,0.75,315.0
1779634324.1963234,26.34161114692688,0.7605475354434698,0.012900018088564155,-46.30243194651268,0.75,315.0
1779634324.2761035,26.421391248703003,0.7575956406530113,0.013934710070713563,-45.811695943168665,0.75,315.0
1779634324.2907166,26.436004400253296,0.755586890089067,0.014540036369933632,-45.50029986475213,0.75,315.0
1779634324.480825,26.626112699508667,0.754119989976799,0.01507723971740936,-45.24937902349592,0.75,315.0
1779634324.5011714,26.646459102630615,0.7482404328752982,0.016884717270231803,-44.490102814316785,0.75,315.0
1779634324.613581,26.75886869430542,0.7537170635117589,0.015215978683099943,-45.23209065400184,0.75,315.0
1779634324.6283662,26.773653984069824,0.7579897869876989,0.01409656062963785,-45.74929624004376,0.75,315.0
1779634324.644215,26.7895028591156,0.7605272432642265,0.01325228195054022,-46.11433156948439,0.75,315.0
1779634324.7557085,26.900996208190918,0.7576939496252106,0.014025652590413426,-45.738262189588674,0.75,315.0
1779634324.7699516,26.915239334106445,0.7557012642420614,0.01473729695900991,-45.480085861851684,0.75,315.0
1779634324.8064146,26.9517023563385,0.7495017802808518,0.016548141812652878,-44.675049402062086,0.75,315.0
1779634324.897552,27.042839765548706,0.7498711035058679,0.016484419941314943,-44.66870203279269,0.75,315.0
1779634324.908611,27.053898811340332,0.7490579523820067,0.016642105555497985,-44.68326053438201,0.75,315.0
1779634324.954527,27.099814653396606,0.754793570659076,0.015115799188343298,-45.35092732422279,0.75,315.0
1779634325.041142,27.186429738998413,0.7523183198189133,0.015424322606708424,-45.22957240555844,0.75,315.0
1779634325.2359042,27.381191968917847,0.756537490032199,0.01417967152575482,-45.75603167735704,0.75,315.0
1779634325.247033,27.39232087135315,0.7594857978881577,0.013303962286680016,-46.124743566960205,0.75,315.0
1779634325.2603092,27.40559697151184,0.7619572815642629,0.012621450999902514,-46.34053810366913,0.75,315.0
1779634325.2983942,27.443681955337524,0.7538665185855308,0.015076073522126893,-45.285162086750006,0.75,315.0
1779634325.4199498,27.565237522125244,0.7580430603700277,0.014078846656075283,-45.65047510052459,0.75,315.0
1779634325.4341762,27.579463958740234,0.7559932539652641,0.014788628528851544,-45.40789819209287,0.75,315.0
1779634325.448639,27.593926668167114,0.7591142180295204,0.013734480306076643,-45.8795097690013,0.75,315.0
1779634325.6121857,27.757473468780518,0.7555163337275927,0.01471497095988318,-45.53417680103033,0.75,315.0
1779634325.6255374,27.770825147628784,0.7540688944833714,0.015200168483258503,-45.273834764181125,0.75,315.0
1779634325.674645,27.81993269920349,0.7527937879839465,0.015461809504553725,-45.17888964523009,0.75,315.0
1779634325.7558548,27.901142597198486,0.7510442798306827,0.015910339314801403,-45.054655902443045,0.75,315.0
1779634325.8058233,27.95111107826233,0.7527192430162675,0.01468848456977108,-45.76125502751524,0.75,315.0
1779634325.844673,27.98996067047119,0.7526621824011427,0.015137221988205066,-45.362967115807685,0.75,315.0
1779634325.9888744,28.134162187576294,0.7572284377544096,0.013921115118446667,-45.79719160550197,0.75,315.0
1779634326.0048344,28.15012216567993,0.7552677719753786,0.014645528215699338,-45.458145242473144,0.75,315.0
1779634326.0195858,28.164873600006104,0.7539567813828172,0.015231794563753731,-45.161256809374905,0.75,315.0
1779634326.2318802,28.37716794013977,0.7533910482844113,0.015486992196881946,-44.97701336282124,0.75,315.0
1779634326.2460823,28.391370058059692,0.7523116902370707,0.015669450094816545,-44.967412024609544,0.75,315.0
1779634326.2606435,28.40593123435974,0.7557884531373822,0.014599345933841823,-45.51763433334134,0.75,315.0
1779634326.3099878,28.455275535583496,0.7495321106233775,0.016447504474040364,-44.7102348685205,0.75,315.0
1779634326.3231792,28.468466997146606,0.7358109722676581,0.01916917036175403,-43.7538200024952,0.75,315.0
1779634326.3803153,28.52560305595398,0.7403470219479509,0.018324592876633017,-44.00593667657755,0.75,315.0
1779634326.430989,28.576276779174805,0.7432158838171056,0.017661555965224715,-44.278074971188204,0.75,315.0
1779634326.5141726,28.659460306167603,0.7454733773714344,0.017262073638457123,-44.389467522329895,0.75,315.0
1779634326.526761,28.672048807144165,0.746775824036963,0.01691370112918622,-44.55456714521977,0.75,315.0
1779634326.7558966,28.90118432044983,0.7498955208115432,0.01543279447482325,-45.37245826012028,0.75,315.0
1779634326.765836,28.911123752593994,0.7503810097665307,0.01575583804071712,-45.19374551199942,0.75,315.0
1779634326.7864006,28.93168830871582,0.7555838067725436,0.014344124841480663,-45.69073679938408,0.75,315.0
1779634326.818998,28.964285850524902,0.7538499750174252,0.014871371864317987,-45.46655543764254,0.75,315.0
1779634326.9438922,29.08917999267578,0.7568671127886878,0.014038592446380421,-45.8658176525959,0.75,315.0
1779634326.9567978,29.10208559036255,0.7502922197486398,0.016060219992901373,-44.95404306189483,0.75,315.0
1779634326.9746192,29.119906902313232,0.7504100780147622,0.016139947312065778,-44.86773544445596,0.75,315.0
1779634327.1000059,29.245293617248535,0.7552052942339026,0.014684615369474005,-45.50289644839899,0.75,315.0
1779634327.1165051,29.2617928981781,0.7494688962639491,0.01645042069934767,-44.65484277354262,0.75,315.0
1779634327.2440243,29.389312028884888,0.7545505192497693,0.014904629245565279,-45.35351079319561,0.75,315.0
1779634327.2709322,29.41621994972229,0.7486996221221947,0.016416333078148923,-44.71864923689915,0.75,315.0
1779634327.4799802,29.62526798248291,0.7492683060593428,0.01635261735695777,-44.80664789262491,0.75,315.0
1779634327.5297954,29.67508316040039,0.7548757730703259,0.014894765740185112,-45.45226037354435,0.75,315.0
1779634327.5681949,29.71348261833191,0.7582066582458561,0.013859461888131197,-45.91995895810456,0.75,315.0
1779634327.578554,29.723841667175293,0.7513144264571059,0.01594384818775725,-44.977125583081914,0.75,315.0
1779634327.6203294,29.76561713218689,0.7558713061117088,0.014554201046402426,-45.57123348612198,0.75,315.0
1779634327.8012738,29.946561574935913,0.745370376486057,0.017700113556577135,-44.16365684113833,0.75,315.0
1779634327.8144026,29.95969033241272,0.7426194969285151,0.01851092827752171,-43.7391689805372,0.75,315.0
1779634327.8311794,29.97646713256836,0.7450560205437352,0.017860001959097968,-44.013247844712154,0.75,315.0
